image_id,source_uri,source_filename,image_sha256,width,height,source_label,canonical_label,patient_id,slide_id,group_evidence,duplicate_cluster_id,dataset_version,included,exclusion_reason
Case-3-A10-10547-25283,http://pathdb.cancerimagingarchive.net/system/files/wsi/ross/Osteosarcoma-UT/converted/Osteosarcoma-UT/Training-Set-2/set1/Case-3-A10-10547-25283.tiff,Case 3 A10-10547-25283,PENDING-IMAGES,PENDING-IMAGES,PENDING-IMAGES,Non-Tumor,NON_TUMOR,,,Case-3,,TCIA Osteosarcoma-Tumor-Assessment DOI 10.7937/tcia.2019.bvhjhdas; PathDB collectionId 18 (updated 2023-12-01),PENDING-G2,
Case-3-A10-10566-40206,http://pathdb.cancerimagingarchive.net/system/files/wsi/ross/Osteosarcoma-UT/converted/Osteosarcoma-UT/Training-Set-2/set1/Case-3-A10-10566-40206.tiff,Case 3 A10-10566-40206,PENDING-IMAGES,PENDING-IMAGES,PENDING-IMAGES,Non-Tumor,NON_TUMOR,,,Case-3,,TCIA Osteosarcoma-Tumor-Assessment DOI 10.7937/tcia.2019.bvhjhdas; PathDB collectionId 18 (updated 2023-12-01),PENDING-G2,
Case-3-A10-13444-20223,http://pathdb.cancerimagingarchive.net/system/files/wsi/ross/Osteosarcoma-UT/converted/Osteosarcoma-UT/Training-Set-2/set1/Case-3-A10-13444-20223.tiff,Case 3 A10-13444-20223,PENDING-IMAGES,PENDING-IMAGES,PENDING-IMAGES,Non-Tumor,NON_TUMOR,,,Case-3,,TCIA Osteosarcoma-Tumor-Assessment DOI 10.7937/tcia.2019.bvhjhdas; PathDB collectionId 18 (updated 2023-12-01),PENDING-G2,
Case-3-A10-14507-37285,http://pathdb.cancerimagingarchive.net/system/files/wsi/ross/Osteosarcoma-UT/converted/Osteosarcoma-UT/Training-Set-2/set1/Case-3-A10-14507-37285.tiff,Case 3 A10-14507-37285,PENDING-IMAGES,PENDING-IMAGES,PENDING-IMAGES,Non-Tumor,NON_TUMOR,,,Case-3,,TCIA Osteosarcoma-Tumor-Assessment DOI 10.7937/tcia.2019.bvhjhdas; PathDB collectionId 18 (updated 2023-12-01),PENDING-G2,
Case-3-A10-14726-26052,http://pathdb.cancerimagingarchive.net/system/files/wsi/ross/Osteosarcoma-UT/converted/Osteosarcoma-UT/Training-Set-2/set1/Case-3-A10-14726-26052.tiff,Case 3 A10-14726-26052,PENDING-IMAGES,PENDING-IMAGES,PENDING-IMAGES,Non-Tumor,NON_TUMOR,,,Case-3,,TCIA Osteosarcoma-Tumor-Assessment DOI 10.7937/tcia.2019.bvhjhdas; PathDB collectionId 18 (updated 2023-12-01),PENDING-G2,
Case-3-A10-14813-24100,http://pathdb.cancerimagingarchive.net/system/files/wsi/ross/Osteosarcoma-UT/converted/Osteosarcoma-UT/Training-Set-2/set1/Case-3-A10-14813-24100.tiff,Case 3 A10-14813-24100,PENDING-IMAGES,PENDING-IMAGES,PENDING-IMAGES,Non-Viable-Tumor,,,,Case-3,,TCIA Osteosarcoma-Tumor-Assessment DOI 10.7937/tcia.2019.bvhjhdas; PathDB collectionId 18 (updated 2023-12-01),FALSE,UNRESOLVED_LABEL:Non-Viable-Tumor
Case-3-A10-16082-41283,http://pathdb.cancerimagingarchive.net/system/files/wsi/ross/Osteosarcoma-UT/converted/Osteosarcoma-UT/Training-Set-2/set1/Case-3-A10-16082-41283.tiff,Case 3 A10-16082-41283,PENDING-IMAGES,PENDING-IMAGES,PENDING-IMAGES,Non-Tumor,NON_TUMOR,,,Case-3,,TCIA Osteosarcoma-Tumor-Assessment DOI 10.7937/tcia.2019.bvhjhdas; PathDB collectionId 18 (updated 2023-12-01),PENDING-G2,
Case-3-A10-17206-19249,http://pathdb.cancerimagingarchive.net/system/files/wsi/ross/Osteosarcoma-UT/converted/Osteosarcoma-UT/Training-Set-1/set1/Case-3-A10-17206-19249.tiff,Case 3 A10-17206-19249,PENDING-IMAGES,PENDING-IMAGES,PENDING-IMAGES,Non-Viable-Tumor,,,,Case-3,,TCIA Osteosarcoma-Tumor-Assessment DOI 10.7937/tcia.2019.bvhjhdas; PathDB collectionId 18 (updated 2023-12-01),FALSE,UNRESOLVED_LABEL:Non-Viable-Tumor
Case-3-A10-19799-5772,http://pathdb.cancerimagingarchive.net/system/files/wsi/ross/Osteosarcoma-UT/converted/Osteosarcoma-UT/Training-Set-1/set1/Case-3-A10-19799-5772.tiff,Case 3 A10-19799-5772,PENDING-IMAGES,PENDING-IMAGES,PENDING-IMAGES,Non-Viable-Tumor,,,,Case-3,,TCIA Osteosarcoma-Tumor-Assessment DOI 10.7937/tcia.2019.bvhjhdas; PathDB collectionId 18 (updated 2023-12-01),FALSE,UNRESOLVED_LABEL:Non-Viable-Tumor
Case-3-A10-25071-24159,http://pathdb.cancerimagingarchive.net/system/files/wsi/ross/Osteosarcoma-UT/converted/Osteosarcoma-UT/Training-Set-1/set1/Case-3-A10-25071-24159.tiff,Case 3 A10-25071-24159,PENDING-IMAGES,PENDING-IMAGES,PENDING-IMAGES,Non-Viable-Tumor,,,,Case-3,,TCIA Osteosarcoma-Tumor-Assessment DOI 10.7937/tcia.2019.bvhjhdas; PathDB collectionId 18 (updated 2023-12-01),FALSE,UNRESOLVED_LABEL:Non-Viable-Tumor
Case-3-A10-26546-21577,http://pathdb.cancerimagingarchive.net/system/files/wsi/ross/Osteosarcoma-UT/converted/Osteosarcoma-UT/Training-Set-1/set1/Case-3-A10-26546-21577.tiff,Case 3 A10-26546-21577,PENDING-IMAGES,PENDING-IMAGES,PENDING-IMAGES,Non-Viable-Tumor,,,,Case-3,,TCIA Osteosarcoma-Tumor-Assessment DOI 10.7937/tcia.2019.bvhjhdas; PathDB collectionId 18 (updated 2023-12-01),FALSE,UNRESOLVED_LABEL:Non-Viable-Tumor
Case-3-A10-26935-6593,http://pathdb.cancerimagingarchive.net/system/files/wsi/ross/Osteosarcoma-UT/converted/Osteosarcoma-UT/Training-Set-1/set1/Case-3-A10-26935-6593.tiff,Case 3 A10-26935-6593,PENDING-IMAGES,PENDING-IMAGES,PENDING-IMAGES,Non-Viable-Tumor,,,,Case-3,,TCIA Osteosarcoma-Tumor-Assessment DOI 10.7937/tcia.2019.bvhjhdas; PathDB collectionId 18 (updated 2023-12-01),FALSE,UNRESOLVED_LABEL:Non-Viable-Tumor
Case-3-A10-28110-17616,http://pathdb.cancerimagingarchive.net/system/files/wsi/ross/Osteosarcoma-UT/converted/Osteosarcoma-UT/Training-Set-1/set1/Case-3-A10-28110-17616.tiff,Case 3 A10-28110-17616,PENDING-IMAGES,PENDING-IMAGES,PENDING-IMAGES,Non-Viable-Tumor,,,,Case-3,,TCIA Osteosarcoma-Tumor-Assessment DOI 10.7937/tcia.2019.bvhjhdas; PathDB collectionId 18 (updated 2023-12-01),FALSE,UNRESOLVED_LABEL:Non-Viable-Tumor
Case-3-A10-28463-9497,http://pathdb.cancerimagingarchive.net/system/files/wsi/ross/Osteosarcoma-UT/converted/Osteosarcoma-UT/Training-Set-1/set1/Case-3-A10-28463-9497.tiff,Case 3 A10-28463-9497,PENDING-IMAGES,PENDING-IMAGES,PENDING-IMAGES,Non-Viable-Tumor,,,,Case-3,,TCIA Osteosarcoma-Tumor-Assessment DOI 10.7937/tcia.2019.bvhjhdas; PathDB collectionId 18 (updated 2023-12-01),FALSE,UNRESOLVED_LABEL:Non-Viable-Tumor
Case-3-A10-32184-17317,http://pathdb.cancerimagingarchive.net/system/files/wsi/ross/Osteosarcoma-UT/converted/Osteosarcoma-UT/Training-Set-1/set1/Case-3-A10-32184-17317.tiff,Case 3 A10-32184-17317,PENDING-IMAGES,PENDING-IMAGES,PENDING-IMAGES,Non-Viable-Tumor,,,,Case-3,,TCIA Osteosarcoma-Tumor-Assessment DOI 10.7937/tcia.2019.bvhjhdas; PathDB collectionId 18 (updated 2023-12-01),FALSE,UNRESOLVED_LABEL:Non-Viable-Tumor
Case-3-A10-33239-2811,http://pathdb.cancerimagingarchive.net/system/files/wsi/ross/Osteosarcoma-UT/converted/Osteosarcoma-UT/Training-Set-1/set1/Case-3-A10-33239-2811.tiff,Case 3 A10-33239-2811,PENDING-IMAGES,PENDING-IMAGES,PENDING-IMAGES,Non-Viable-Tumor,,,,Case-3,,TCIA Osteosarcoma-Tumor-Assessment DOI 10.7937/tcia.2019.bvhjhdas; PathDB collectionId 18 (updated 2023-12-01),FALSE,UNRESOLVED_LABEL:Non-Viable-Tumor
Case-3-A10-3671-14840,http://pathdb.cancerimagingarchive.net/system/files/wsi/ross/Osteosarcoma-UT/converted/Osteosarcoma-UT/Training-Set-2/set1/Case-3-A10-3671-14840.tiff,Case 3 A10-3671-14840,PENDING-IMAGES,PENDING-IMAGES,PENDING-IMAGES,Non-Tumor,NON_TUMOR,,,Case-3,,TCIA Osteosarcoma-Tumor-Assessment DOI 10.7937/tcia.2019.bvhjhdas; PathDB collectionId 18 (updated 2023-12-01),PENDING-G2,
Case-3-A10-37695-6276,http://pathdb.cancerimagingarchive.net/system/files/wsi/ross/Osteosarcoma-UT/converted/Osteosarcoma-UT/Training-Set-1/set1/Case-3-A10-37695-6276.tiff,Case 3 A10-37695-6276,PENDING-IMAGES,PENDING-IMAGES,PENDING-IMAGES,Non-Viable-Tumor,,,,Case-3,,TCIA Osteosarcoma-Tumor-Assessment DOI 10.7937/tcia.2019.bvhjhdas; PathDB collectionId 18 (updated 2023-12-01),FALSE,UNRESOLVED_LABEL:Non-Viable-Tumor
Case-3-A10-42682-16878,http://pathdb.cancerimagingarchive.net/system/files/wsi/ross/Osteosarcoma-UT/converted/Osteosarcoma-UT/Training-Set-1/set1/Case-3-A10-42682-16878.tiff,Case 3 A10-42682-16878,PENDING-IMAGES,PENDING-IMAGES,PENDING-IMAGES,Non-Viable-Tumor,,,,Case-3,,TCIA Osteosarcoma-Tumor-Assessment DOI 10.7937/tcia.2019.bvhjhdas; PathDB collectionId 18 (updated 2023-12-01),FALSE,UNRESOLVED_LABEL:Non-Viable-Tumor
Case-3-A10-43205-4260,http://pathdb.cancerimagingarchive.net/system/files/wsi/ross/Osteosarcoma-UT/converted/Osteosarcoma-UT/Training-Set-1/set1/Case-3-A10-43205-4260.tiff,Case 3 A10-43205-4260,PENDING-IMAGES,PENDING-IMAGES,PENDING-IMAGES,Non-Viable-Tumor,,,,Case-3,,TCIA Osteosarcoma-Tumor-Assessment DOI 10.7937/tcia.2019.bvhjhdas; PathDB collectionId 18 (updated 2023-12-01),FALSE,UNRESOLVED_LABEL:Non-Viable-Tumor
Case-3-A10-43279-17240,http://pathdb.cancerimagingarchive.net/system/files/wsi/ross/Osteosarcoma-UT/converted/Osteosarcoma-UT/Training-Set-1/set1/Case-3-A10-43279-17240.tiff,Case 3 A10-43279-17240,PENDING-IMAGES,PENDING-IMAGES,PENDING-IMAGES,Non-Viable-Tumor,,,,Case-3,,TCIA Osteosarcoma-Tumor-Assessment DOI 10.7937/tcia.2019.bvhjhdas; PathDB collectionId 18 (updated 2023-12-01),FALSE,UNRESOLVED_LABEL:Non-Viable-Tumor
Case-3-A10-43563-32168,http://pathdb.cancerimagingarchive.net/system/files/wsi/ross/Osteosarcoma-UT/converted/Osteosarcoma-UT/Training-Set-1/set1/Case-3-A10-43563-32168.tiff,Case 3 A10-43563-32168,PENDING-IMAGES,PENDING-IMAGES,PENDING-IMAGES,Non-Tumor,NON_TUMOR,,,Case-3,,TCIA Osteosarcoma-Tumor-Assessment DOI 10.7937/tcia.2019.bvhjhdas; PathDB collectionId 18 (updated 2023-12-01),PENDING-G2,
Case-3-A10-6162-33852,http://pathdb.cancerimagingarchive.net/system/files/wsi/ross/Osteosarcoma-UT/converted/Osteosarcoma-UT/Training-Set-2/set1/Case-3-A10-6162-33852.tiff,Case 3 A10-6162-33852,PENDING-IMAGES,PENDING-IMAGES,PENDING-IMAGES,Non-Tumor,NON_TUMOR,,,Case-3,,TCIA Osteosarcoma-Tumor-Assessment DOI 10.7937/tcia.2019.bvhjhdas; PathDB collectionId 18 (updated 2023-12-01),PENDING-G2,
Case-3-A10-6747-12959,http://pathdb.cancerimagingarchive.net/system/files/wsi/ross/Osteosarcoma-UT/converted/Osteosarcoma-UT/Training-Set-2/set1/Case-3-A10-6747-12959.tiff,Case 3 A10-6747-12959,PENDING-IMAGES,PENDING-IMAGES,PENDING-IMAGES,Non-Tumor,NON_TUMOR,,,Case-3,,TCIA Osteosarcoma-Tumor-Assessment DOI 10.7937/tcia.2019.bvhjhdas; PathDB collectionId 18 (updated 2023-12-01),PENDING-G2,
Case-3-A10-6935-14250,http://pathdb.cancerimagingarchive.net/system/files/wsi/ross/Osteosarcoma-UT/converted/Osteosarcoma-UT/Training-Set-2/set1/Case-3-A10-6935-14250.tiff,Case 3 A10-6935-14250,PENDING-IMAGES,PENDING-IMAGES,PENDING-IMAGES,Non-Tumor,NON_TUMOR,,,Case-3,,TCIA Osteosarcoma-Tumor-Assessment DOI 10.7937/tcia.2019.bvhjhdas; PathDB collectionId 18 (updated 2023-12-01),PENDING-G2,
Case-3-A10-7101-7481,http://pathdb.cancerimagingarchive.net/system/files/wsi/ross/Osteosarcoma-UT/converted/Osteosarcoma-UT/Training-Set-2/set1/Case-3-A10-7101-7481.tiff,Case 3 A10-7101-7481,PENDING-IMAGES,PENDING-IMAGES,PENDING-IMAGES,Non-Viable-Tumor,,,,Case-3,,TCIA Osteosarcoma-Tumor-Assessment DOI 10.7937/tcia.2019.bvhjhdas; PathDB collectionId 18 (updated 2023-12-01),FALSE,UNRESOLVED_LABEL:Non-Viable-Tumor
Case-3-A10-9695-39638,http://pathdb.cancerimagingarchive.net/system/files/wsi/ross/Osteosarcoma-UT/converted/Osteosarcoma-UT/Training-Set-2/set1/Case-3-A10-9695-39638.tiff,Case 3 A10-9695-39638,PENDING-IMAGES,PENDING-IMAGES,PENDING-IMAGES,Non-Tumor,NON_TUMOR,,,Case-3,,TCIA Osteosarcoma-Tumor-Assessment DOI 10.7937/tcia.2019.bvhjhdas; PathDB collectionId 18 (updated 2023-12-01),PENDING-G2,
Case-3-A12-12706-7126,http://pathdb.cancerimagingarchive.net/system/files/wsi/ross/Osteosarcoma-UT/converted/Osteosarcoma-UT/Training-Set-2/set1/Case-3-A12-12706-7126.tiff,Case 3 A12-12706-7126,PENDING-IMAGES,PENDING-IMAGES,PENDING-IMAGES,Non-Viable-Tumor,,,,Case-3,,TCIA Osteosarcoma-Tumor-Assessment DOI 10.7937/tcia.2019.bvhjhdas; PathDB collectionId 18 (updated 2023-12-01),FALSE,UNRESOLVED_LABEL:Non-Viable-Tumor
Case-3-A12-14795-35402,http://pathdb.cancerimagingarchive.net/system/files/wsi/ross/Osteosarcoma-UT/converted/Osteosarcoma-UT/Training-Set-2/set1/Case-3-A12-14795-35402.tiff,Case 3 A12-14795-35402,PENDING-IMAGES,PENDING-IMAGES,PENDING-IMAGES,Non-Tumor,NON_TUMOR,,,Case-3,,TCIA Osteosarcoma-Tumor-Assessment DOI 10.7937/tcia.2019.bvhjhdas; PathDB collectionId 18 (updated 2023-12-01),PENDING-G2,
Case-3-A12-16067-9053,http://pathdb.cancerimagingarchive.net/system/files/wsi/ross/Osteosarcoma-UT/converted/Osteosarcoma-UT/Training-Set-2/set1/Case-3-A12-16067-9053.tiff,Case 3 A12-16067-9053,PENDING-IMAGES,PENDING-IMAGES,PENDING-IMAGES,Non-Viable-Tumor,,,,Case-3,,TCIA Osteosarcoma-Tumor-Assessment DOI 10.7937/tcia.2019.bvhjhdas; PathDB collectionId 18 (updated 2023-12-01),FALSE,UNRESOLVED_LABEL:Non-Viable-Tumor
Case-3-A12-17700-32032,http://pathdb.cancerimagingarchive.net/system/files/wsi/ross/Osteosarcoma-UT/converted/Osteosarcoma-UT/Training-Set-2/set1/Case-3-A12-17700-32032.tiff,Case 3 A12-17700-32032,PENDING-IMAGES,PENDING-IMAGES,PENDING-IMAGES,Non-Tumor,NON_TUMOR,,,Case-3,,TCIA Osteosarcoma-Tumor-Assessment DOI 10.7937/tcia.2019.bvhjhdas; PathDB collectionId 18 (updated 2023-12-01),PENDING-G2,
Case-3-A12-18156-14343,http://pathdb.cancerimagingarchive.net/system/files/wsi/ross/Osteosarcoma-UT/converted/Osteosarcoma-UT/Training-Set-2/set1/Case-3-A12-18156-14343.tiff,Case 3 A12-18156-14343,PENDING-IMAGES,PENDING-IMAGES,PENDING-IMAGES,Non-Viable-Tumor,,,,Case-3,,TCIA Osteosarcoma-Tumor-Assessment DOI 10.7937/tcia.2019.bvhjhdas; PathDB collectionId 18 (updated 2023-12-01),FALSE,UNRESOLVED_LABEL:Non-Viable-Tumor
Case-3-A12-1902-25383,http://pathdb.cancerimagingarchive.net/system/files/wsi/ross/Osteosarcoma-UT/converted/Osteosarcoma-UT/Training-Set-2/set1/Case-3-A12-1902-25383.tiff,Case 3 A12-1902-25383,PENDING-IMAGES,PENDING-IMAGES,PENDING-IMAGES,Non-Tumor,NON_TUMOR,,,Case-3,,TCIA Osteosarcoma-Tumor-Assessment DOI 10.7937/tcia.2019.bvhjhdas; PathDB collectionId 18 (updated 2023-12-01),PENDING-G2,
Case-3-A12-19907-12559,http://pathdb.cancerimagingarchive.net/system/files/wsi/ross/Osteosarcoma-UT/converted/Osteosarcoma-UT/Training-Set-2/set1/Case-3-A12-19907-12559.tiff,Case 3 A12-19907-12559,PENDING-IMAGES,PENDING-IMAGES,PENDING-IMAGES,Non-Viable-Tumor,,,,Case-3,,TCIA Osteosarcoma-Tumor-Assessment DOI 10.7937/tcia.2019.bvhjhdas; PathDB collectionId 18 (updated 2023-12-01),FALSE,UNRESOLVED_LABEL:Non-Viable-Tumor
Case-3-A12-20939-18996,http://pathdb.cancerimagingarchive.net/system/files/wsi/ross/Osteosarcoma-UT/converted/Osteosarcoma-UT/Training-Set-2/set1/Case-3-A12-20939-18996.tiff,Case 3 A12-20939-18996,PENDING-IMAGES,PENDING-IMAGES,PENDING-IMAGES,Non-Viable-Tumor,,,,Case-3,,TCIA Osteosarcoma-Tumor-Assessment DOI 10.7937/tcia.2019.bvhjhdas; PathDB collectionId 18 (updated 2023-12-01),FALSE,UNRESOLVED_LABEL:Non-Viable-Tumor
Case-3-A12-24008-4724,http://pathdb.cancerimagingarchive.net/system/files/wsi/ross/Osteosarcoma-UT/converted/Osteosarcoma-UT/Training-Set-2/set1/Case-3-A12-24008-4724.tiff,Case 3 A12-24008-4724,PENDING-IMAGES,PENDING-IMAGES,PENDING-IMAGES,Non-Viable-Tumor,,,,Case-3,,TCIA Osteosarcoma-Tumor-Assessment DOI 10.7937/tcia.2019.bvhjhdas; PathDB collectionId 18 (updated 2023-12-01),FALSE,UNRESOLVED_LABEL:Non-Viable-Tumor
Case-3-A12-24626-4413,http://pathdb.cancerimagingarchive.net/system/files/wsi/ross/Osteosarcoma-UT/converted/Osteosarcoma-UT/Training-Set-2/set1/Case-3-A12-24626-4413.tiff,Case 3 A12-24626-4413,PENDING-IMAGES,PENDING-IMAGES,PENDING-IMAGES,Non-Viable-Tumor,,,,Case-3,,TCIA Osteosarcoma-Tumor-Assessment DOI 10.7937/tcia.2019.bvhjhdas; PathDB collectionId 18 (updated 2023-12-01),FALSE,UNRESOLVED_LABEL:Non-Viable-Tumor
Case-3-A12-26266-6931,http://pathdb.cancerimagingarchive.net/system/files/wsi/ross/Osteosarcoma-UT/converted/Osteosarcoma-UT/Training-Set-2/set1/Case-3-A12-26266-6931.tiff,Case 3 A12-26266-6931,PENDING-IMAGES,PENDING-IMAGES,PENDING-IMAGES,Non-Viable-Tumor,,,,Case-3,,TCIA Osteosarcoma-Tumor-Assessment DOI 10.7937/tcia.2019.bvhjhdas; PathDB collectionId 18 (updated 2023-12-01),FALSE,UNRESOLVED_LABEL:Non-Viable-Tumor
Case-3-A12-27307-29117,http://pathdb.cancerimagingarchive.net/system/files/wsi/ross/Osteosarcoma-UT/converted/Osteosarcoma-UT/Training-Set-1/set1/Case-3-A12-27307-29117.tiff,Case 3 A12-27307-29117,PENDING-IMAGES,PENDING-IMAGES,PENDING-IMAGES,Non-Viable-Tumor,,,,Case-3,,TCIA Osteosarcoma-Tumor-Assessment DOI 10.7937/tcia.2019.bvhjhdas; PathDB collectionId 18 (updated 2023-12-01),FALSE,UNRESOLVED_LABEL:Non-Viable-Tumor
Case-3-A12-28029-11197,http://pathdb.cancerimagingarchive.net/system/files/wsi/ross/Osteosarcoma-UT/converted/Osteosarcoma-UT/Training-Set-1/set1/Case-3-A12-28029-11197.tiff,Case 3 A12-28029-11197,PENDING-IMAGES,PENDING-IMAGES,PENDING-IMAGES,Non-Viable-Tumor,,,,Case-3,,TCIA Osteosarcoma-Tumor-Assessment DOI 10.7937/tcia.2019.bvhjhdas; PathDB collectionId 18 (updated 2023-12-01),FALSE,UNRESOLVED_LABEL:Non-Viable-Tumor
Case-3-A12-29223-26617,http://pathdb.cancerimagingarchive.net/system/files/wsi/ross/Osteosarcoma-UT/converted/Osteosarcoma-UT/Training-Set-1/set1/Case-3-A12-29223-26617.tiff,Case 3 A12-29223-26617,PENDING-IMAGES,PENDING-IMAGES,PENDING-IMAGES,Non-Viable-Tumor,,,,Case-3,,TCIA Osteosarcoma-Tumor-Assessment DOI 10.7937/tcia.2019.bvhjhdas; PathDB collectionId 18 (updated 2023-12-01),FALSE,UNRESOLVED_LABEL:Non-Viable-Tumor
Case-3-A12-29860-25889,http://pathdb.cancerimagingarchive.net/system/files/wsi/ross/Osteosarcoma-UT/converted/Osteosarcoma-UT/Training-Set-1/set1/Case-3-A12-29860-25889.tiff,Case 3 A12-29860-25889,PENDING-IMAGES,PENDING-IMAGES,PENDING-IMAGES,Non-Viable-Tumor,,,,Case-3,,TCIA Osteosarcoma-Tumor-Assessment DOI 10.7937/tcia.2019.bvhjhdas; PathDB collectionId 18 (updated 2023-12-01),FALSE,UNRESOLVED_LABEL:Non-Viable-Tumor
Case-3-A12-30696-5036,http://pathdb.cancerimagingarchive.net/system/files/wsi/ross/Osteosarcoma-UT/converted/Osteosarcoma-UT/Training-Set-1/set1/Case-3-A12-30696-5036.tiff,Case 3 A12-30696-5036,PENDING-IMAGES,PENDING-IMAGES,PENDING-IMAGES,Non-Viable-Tumor,,,,Case-3,,TCIA Osteosarcoma-Tumor-Assessment DOI 10.7937/tcia.2019.bvhjhdas; PathDB collectionId 18 (updated 2023-12-01),FALSE,UNRESOLVED_LABEL:Non-Viable-Tumor
Case-3-A12-3094-27426,http://pathdb.cancerimagingarchive.net/system/files/wsi/ross/Osteosarcoma-UT/converted/Osteosarcoma-UT/Training-Set-2/set1/Case-3-A12-3094-27426.tiff,Case 3 A12-3094-27426,PENDING-IMAGES,PENDING-IMAGES,PENDING-IMAGES,Non-Tumor,NON_TUMOR,,,Case-3,,TCIA Osteosarcoma-Tumor-Assessment DOI 10.7937/tcia.2019.bvhjhdas; PathDB collectionId 18 (updated 2023-12-01),PENDING-G2,
Case-3-A12-3218-15469,http://pathdb.cancerimagingarchive.net/system/files/wsi/ross/Osteosarcoma-UT/converted/Osteosarcoma-UT/Training-Set-2/set1/Case-3-A12-3218-15469.tiff,Case 3 A12-3218-15469,PENDING-IMAGES,PENDING-IMAGES,PENDING-IMAGES,Non-Tumor,NON_TUMOR,,,Case-3,,TCIA Osteosarcoma-Tumor-Assessment DOI 10.7937/tcia.2019.bvhjhdas; PathDB collectionId 18 (updated 2023-12-01),PENDING-G2,
Case-3-A12-32422-16245,http://pathdb.cancerimagingarchive.net/system/files/wsi/ross/Osteosarcoma-UT/converted/Osteosarcoma-UT/Training-Set-1/set1/Case-3-A12-32422-16245.tiff,Case 3 A12-32422-16245,PENDING-IMAGES,PENDING-IMAGES,PENDING-IMAGES,Non-Viable-Tumor,,,,Case-3,,TCIA Osteosarcoma-Tumor-Assessment DOI 10.7937/tcia.2019.bvhjhdas; PathDB collectionId 18 (updated 2023-12-01),FALSE,UNRESOLVED_LABEL:Non-Viable-Tumor
Case-3-A12-32477-34353,http://pathdb.cancerimagingarchive.net/system/files/wsi/ross/Osteosarcoma-UT/converted/Osteosarcoma-UT/Training-Set-1/set1/Case-3-A12-32477-34353.tiff,Case 3 A12-32477-34353,PENDING-IMAGES,PENDING-IMAGES,PENDING-IMAGES,Non-Tumor,NON_TUMOR,,,Case-3,,TCIA Osteosarcoma-Tumor-Assessment DOI 10.7937/tcia.2019.bvhjhdas; PathDB collectionId 18 (updated 2023-12-01),PENDING-G2,
Case-3-A12-33164-13699,http://pathdb.cancerimagingarchive.net/system/files/wsi/ross/Osteosarcoma-UT/converted/Osteosarcoma-UT/Training-Set-1/set1/Case-3-A12-33164-13699.tiff,Case 3 A12-33164-13699,PENDING-IMAGES,PENDING-IMAGES,PENDING-IMAGES,Non-Viable-Tumor,,,,Case-3,,TCIA Osteosarcoma-Tumor-Assessment DOI 10.7937/tcia.2019.bvhjhdas; PathDB collectionId 18 (updated 2023-12-01),FALSE,UNRESOLVED_LABEL:Non-Viable-Tumor
Case-3-A12-34294-35557,http://pathdb.cancerimagingarchive.net/system/files/wsi/ross/Osteosarcoma-UT/converted/Osteosarcoma-UT/Training-Set-1/set1/Case-3-A12-34294-35557.tiff,Case 3 A12-34294-35557,PENDING-IMAGES,PENDING-IMAGES,PENDING-IMAGES,Non-Tumor,NON_TUMOR,,,Case-3,,TCIA Osteosarcoma-Tumor-Assessment DOI 10.7937/tcia.2019.bvhjhdas; PathDB collectionId 18 (updated 2023-12-01),PENDING-G2,
Case-3-A12-37374-17669,http://pathdb.cancerimagingarchive.net/system/files/wsi/ross/Osteosarcoma-UT/converted/Osteosarcoma-UT/Training-Set-1/set1/Case-3-A12-37374-17669.tiff,Case 3 A12-37374-17669,PENDING-IMAGES,PENDING-IMAGES,PENDING-IMAGES,Viable,VIABLE_TUMOR,,,Case-3,,TCIA Osteosarcoma-Tumor-Assessment DOI 10.7937/tcia.2019.bvhjhdas; PathDB collectionId 18 (updated 2023-12-01),PENDING-G2,
Case-3-A12-37793-17155,http://pathdb.cancerimagingarchive.net/system/files/wsi/ross/Osteosarcoma-UT/converted/Osteosarcoma-UT/Training-Set-1/set1/Case-3-A12-37793-17155.tiff,Case 3 A12-37793-17155,PENDING-IMAGES,PENDING-IMAGES,PENDING-IMAGES,Viable,VIABLE_TUMOR,,,Case-3,,TCIA Osteosarcoma-Tumor-Assessment DOI 10.7937/tcia.2019.bvhjhdas; PathDB collectionId 18 (updated 2023-12-01),PENDING-G2,
Case-3-A12-38883-35759,http://pathdb.cancerimagingarchive.net/system/files/wsi/ross/Osteosarcoma-UT/converted/Osteosarcoma-UT/Training-Set-1/set1/Case-3-A12-38883-35759.tiff,Case 3 A12-38883-35759,PENDING-IMAGES,PENDING-IMAGES,PENDING-IMAGES,Non-Tumor,NON_TUMOR,,,Case-3,,TCIA Osteosarcoma-Tumor-Assessment DOI 10.7937/tcia.2019.bvhjhdas; PathDB collectionId 18 (updated 2023-12-01),PENDING-G2,
Case-3-A12-39264-6515,http://pathdb.cancerimagingarchive.net/system/files/wsi/ross/Osteosarcoma-UT/converted/Osteosarcoma-UT/Training-Set-1/set1/Case-3-A12-39264-6515.tiff,Case 3 A12-39264-6515,PENDING-IMAGES,PENDING-IMAGES,PENDING-IMAGES,Non-Viable-Tumor,,,,Case-3,,TCIA Osteosarcoma-Tumor-Assessment DOI 10.7937/tcia.2019.bvhjhdas; PathDB collectionId 18 (updated 2023-12-01),FALSE,UNRESOLVED_LABEL:Non-Viable-Tumor
Case-3-A12-42160-4982,http://pathdb.cancerimagingarchive.net/system/files/wsi/ross/Osteosarcoma-UT/converted/Osteosarcoma-UT/Training-Set-1/set1/Case-3-A12-42160-4982.tiff,Case 3 A12-42160-4982,PENDING-IMAGES,PENDING-IMAGES,PENDING-IMAGES,Non-Viable-Tumor,,,,Case-3,,TCIA Osteosarcoma-Tumor-Assessment DOI 10.7937/tcia.2019.bvhjhdas; PathDB collectionId 18 (updated 2023-12-01),FALSE,UNRESOLVED_LABEL:Non-Viable-Tumor
Case-3-A12-43202-17223,http://pathdb.cancerimagingarchive.net/system/files/wsi/ross/Osteosarcoma-UT/converted/Osteosarcoma-UT/Training-Set-1/set1/Case-3-A12-43202-17223.tiff,Case 3 A12-43202-17223,PENDING-IMAGES,PENDING-IMAGES,PENDING-IMAGES,Non-Viable-Tumor,,,,Case-3,,TCIA Osteosarcoma-Tumor-Assessment DOI 10.7937/tcia.2019.bvhjhdas; PathDB collectionId 18 (updated 2023-12-01),FALSE,UNRESOLVED_LABEL:Non-Viable-Tumor
Case-3-A12-4590-32528,http://pathdb.cancerimagingarchive.net/system/files/wsi/ross/Osteosarcoma-UT/converted/Osteosarcoma-UT/Training-Set-2/set1/Case-3-A12-4590-32528.tiff,Case 3 A12-4590-32528,PENDING-IMAGES,PENDING-IMAGES,PENDING-IMAGES,Non-Tumor,NON_TUMOR,,,Case-3,,TCIA Osteosarcoma-Tumor-Assessment DOI 10.7937/tcia.2019.bvhjhdas; PathDB collectionId 18 (updated 2023-12-01),PENDING-G2,
Case-3-A12-8900-9585,http://pathdb.cancerimagingarchive.net/system/files/wsi/ross/Osteosarcoma-UT/converted/Osteosarcoma-UT/Training-Set-2/set1/Case-3-A12-8900-9585.tiff,Case 3 A12-8900-9585,PENDING-IMAGES,PENDING-IMAGES,PENDING-IMAGES,Non-Viable-Tumor,,,,Case-3,,TCIA Osteosarcoma-Tumor-Assessment DOI 10.7937/tcia.2019.bvhjhdas; PathDB collectionId 18 (updated 2023-12-01),FALSE,UNRESOLVED_LABEL:Non-Viable-Tumor
Case-3-A13-11064-6880,http://pathdb.cancerimagingarchive.net/system/files/wsi/ross/Osteosarcoma-UT/converted/Osteosarcoma-UT/Training-Set-2/set1/Case-3-A13-11064-6880.tiff,Case 3 A13-11064-6880,PENDING-IMAGES,PENDING-IMAGES,PENDING-IMAGES,Non-Viable-Tumor,,,,Case-3,,TCIA Osteosarcoma-Tumor-Assessment DOI 10.7937/tcia.2019.bvhjhdas; PathDB collectionId 18 (updated 2023-12-01),FALSE,UNRESOLVED_LABEL:Non-Viable-Tumor
Case-3-A13-12886-26466,http://pathdb.cancerimagingarchive.net/system/files/wsi/ross/Osteosarcoma-UT/converted/Osteosarcoma-UT/Training-Set-2/set1/Case-3-A13-12886-26466.tiff,Case 3 A13-12886-26466,PENDING-IMAGES,PENDING-IMAGES,PENDING-IMAGES,Non-Viable-Tumor,,,,Case-3,,TCIA Osteosarcoma-Tumor-Assessment DOI 10.7937/tcia.2019.bvhjhdas; PathDB collectionId 18 (updated 2023-12-01),FALSE,UNRESOLVED_LABEL:Non-Viable-Tumor
Case-3-A13-14922-4693,http://pathdb.cancerimagingarchive.net/system/files/wsi/ross/Osteosarcoma-UT/converted/Osteosarcoma-UT/Training-Set-2/set1/Case-3-A13-14922-4693.tiff,Case 3 A13-14922-4693,PENDING-IMAGES,PENDING-IMAGES,PENDING-IMAGES,Non-Viable-Tumor,,,,Case-3,,TCIA Osteosarcoma-Tumor-Assessment DOI 10.7937/tcia.2019.bvhjhdas; PathDB collectionId 18 (updated 2023-12-01),FALSE,UNRESOLVED_LABEL:Non-Viable-Tumor
Case-3-A13-18067-22685,http://pathdb.cancerimagingarchive.net/system/files/wsi/ross/Osteosarcoma-UT/converted/Osteosarcoma-UT/Training-Set-2/set1/Case-3-A13-18067-22685.tiff,Case 3 A13-18067-22685,PENDING-IMAGES,PENDING-IMAGES,PENDING-IMAGES,Non-Tumor,NON_TUMOR,,,Case-3,,TCIA Osteosarcoma-Tumor-Assessment DOI 10.7937/tcia.2019.bvhjhdas; PathDB collectionId 18 (updated 2023-12-01),PENDING-G2,
Case-3-A13-18373-28000,http://pathdb.cancerimagingarchive.net/system/files/wsi/ross/Osteosarcoma-UT/converted/Osteosarcoma-UT/Training-Set-2/set1/Case-3-A13-18373-28000.tiff,Case 3 A13-18373-28000,PENDING-IMAGES,PENDING-IMAGES,PENDING-IMAGES,Non-Tumor,NON_TUMOR,,,Case-3,,TCIA Osteosarcoma-Tumor-Assessment DOI 10.7937/tcia.2019.bvhjhdas; PathDB collectionId 18 (updated 2023-12-01),PENDING-G2,
Case-3-A13-20812-5829,http://pathdb.cancerimagingarchive.net/system/files/wsi/ross/Osteosarcoma-UT/converted/Osteosarcoma-UT/Training-Set-2/set1/Case-3-A13-20812-5829.tiff,Case 3 A13-20812-5829,PENDING-IMAGES,PENDING-IMAGES,PENDING-IMAGES,Non-Viable-Tumor,,,,Case-3,,TCIA Osteosarcoma-Tumor-Assessment DOI 10.7937/tcia.2019.bvhjhdas; PathDB collectionId 18 (updated 2023-12-01),FALSE,UNRESOLVED_LABEL:Non-Viable-Tumor
Case-3-A13-23909-10851,http://pathdb.cancerimagingarchive.net/system/files/wsi/ross/Osteosarcoma-UT/converted/Osteosarcoma-UT/Training-Set-2/set1/Case-3-A13-23909-10851.tiff,Case 3 A13-23909-10851,PENDING-IMAGES,PENDING-IMAGES,PENDING-IMAGES,Non-Viable-Tumor,,,,Case-3,,TCIA Osteosarcoma-Tumor-Assessment DOI 10.7937/tcia.2019.bvhjhdas; PathDB collectionId 18 (updated 2023-12-01),FALSE,UNRESOLVED_LABEL:Non-Viable-Tumor
Case-3-A13-25714-32133,http://pathdb.cancerimagingarchive.net/system/files/wsi/ross/Osteosarcoma-UT/converted/Osteosarcoma-UT/Training-Set-1/set1/Case-3-A13-25714-32133.tiff,Case 3 A13-25714-32133,PENDING-IMAGES,PENDING-IMAGES,PENDING-IMAGES,Non-Tumor,NON_TUMOR,,,Case-3,,TCIA Osteosarcoma-Tumor-Assessment DOI 10.7937/tcia.2019.bvhjhdas; PathDB collectionId 18 (updated 2023-12-01),PENDING-G2,
Case-3-A13-25994-9457,http://pathdb.cancerimagingarchive.net/system/files/wsi/ross/Osteosarcoma-UT/converted/Osteosarcoma-UT/Training-Set-1/set1/Case-3-A13-25994-9457.tiff,Case 3 A13-25994-9457,PENDING-IMAGES,PENDING-IMAGES,PENDING-IMAGES,Non-Viable-Tumor,,,,Case-3,,TCIA Osteosarcoma-Tumor-Assessment DOI 10.7937/tcia.2019.bvhjhdas; PathDB collectionId 18 (updated 2023-12-01),FALSE,UNRESOLVED_LABEL:Non-Viable-Tumor
Case-3-A13-26025-19725,http://pathdb.cancerimagingarchive.net/system/files/wsi/ross/Osteosarcoma-UT/converted/Osteosarcoma-UT/Training-Set-1/set1/Case-3-A13-26025-19725.tiff,Case 3 A13-26025-19725,PENDING-IMAGES,PENDING-IMAGES,PENDING-IMAGES,Non-Viable-Tumor,,,,Case-3,,TCIA Osteosarcoma-Tumor-Assessment DOI 10.7937/tcia.2019.bvhjhdas; PathDB collectionId 18 (updated 2023-12-01),FALSE,UNRESOLVED_LABEL:Non-Viable-Tumor
Case-3-A13-26388-12521,http://pathdb.cancerimagingarchive.net/system/files/wsi/ross/Osteosarcoma-UT/converted/Osteosarcoma-UT/Training-Set-1/set1/Case-3-A13-26388-12521.tiff,Case 3 A13-26388-12521,PENDING-IMAGES,PENDING-IMAGES,PENDING-IMAGES,Non-Viable-Tumor,,,,Case-3,,TCIA Osteosarcoma-Tumor-Assessment DOI 10.7937/tcia.2019.bvhjhdas; PathDB collectionId 18 (updated 2023-12-01),FALSE,UNRESOLVED_LABEL:Non-Viable-Tumor
Case-3-A13-29731-5963,http://pathdb.cancerimagingarchive.net/system/files/wsi/ross/Osteosarcoma-UT/converted/Osteosarcoma-UT/Training-Set-1/set1/Case-3-A13-29731-5963.tiff,Case 3 A13-29731-5963,PENDING-IMAGES,PENDING-IMAGES,PENDING-IMAGES,Non-Viable-Tumor,,,,Case-3,,TCIA Osteosarcoma-Tumor-Assessment DOI 10.7937/tcia.2019.bvhjhdas; PathDB collectionId 18 (updated 2023-12-01),FALSE,UNRESOLVED_LABEL:Non-Viable-Tumor
Case-3-A13-30465-16520,http://pathdb.cancerimagingarchive.net/system/files/wsi/ross/Osteosarcoma-UT/converted/Osteosarcoma-UT/Training-Set-1/set1/Case-3-A13-30465-16520.tiff,Case 3 A13-30465-16520,PENDING-IMAGES,PENDING-IMAGES,PENDING-IMAGES,Non-Viable-Tumor,,,,Case-3,,TCIA Osteosarcoma-Tumor-Assessment DOI 10.7937/tcia.2019.bvhjhdas; PathDB collectionId 18 (updated 2023-12-01),FALSE,UNRESOLVED_LABEL:Non-Viable-Tumor
Case-3-A13-30624-3328,http://pathdb.cancerimagingarchive.net/system/files/wsi/ross/Osteosarcoma-UT/converted/Osteosarcoma-UT/Training-Set-1/set1/Case-3-A13-30624-3328.tiff,Case 3 A13-30624-3328,PENDING-IMAGES,PENDING-IMAGES,PENDING-IMAGES,Non-Viable-Tumor,,,,Case-3,,TCIA Osteosarcoma-Tumor-Assessment DOI 10.7937/tcia.2019.bvhjhdas; PathDB collectionId 18 (updated 2023-12-01),FALSE,UNRESOLVED_LABEL:Non-Viable-Tumor
Case-3-A13-32860-19573,http://pathdb.cancerimagingarchive.net/system/files/wsi/ross/Osteosarcoma-UT/converted/Osteosarcoma-UT/Training-Set-1/set1/Case-3-A13-32860-19573.tiff,Case 3 A13-32860-19573,PENDING-IMAGES,PENDING-IMAGES,PENDING-IMAGES,Non-Viable-Tumor,,,,Case-3,,TCIA Osteosarcoma-Tumor-Assessment DOI 10.7937/tcia.2019.bvhjhdas; PathDB collectionId 18 (updated 2023-12-01),FALSE,UNRESOLVED_LABEL:Non-Viable-Tumor
Case-3-A13-33512-19541,http://pathdb.cancerimagingarchive.net/system/files/wsi/ross/Osteosarcoma-UT/converted/Osteosarcoma-UT/Training-Set-1/set1/Case-3-A13-33512-19541.tiff,Case 3 A13-33512-19541,PENDING-IMAGES,PENDING-IMAGES,PENDING-IMAGES,Non-Viable-Tumor,,,,Case-3,,TCIA Osteosarcoma-Tumor-Assessment DOI 10.7937/tcia.2019.bvhjhdas; PathDB collectionId 18 (updated 2023-12-01),FALSE,UNRESOLVED_LABEL:Non-Viable-Tumor
Case-3-A13-35123-3915,http://pathdb.cancerimagingarchive.net/system/files/wsi/ross/Osteosarcoma-UT/converted/Osteosarcoma-UT/Training-Set-1/set1/Case-3-A13-35123-3915.tiff,Case 3 A13-35123-3915,PENDING-IMAGES,PENDING-IMAGES,PENDING-IMAGES,Non-Viable-Tumor,,,,Case-3,,TCIA Osteosarcoma-Tumor-Assessment DOI 10.7937/tcia.2019.bvhjhdas; PathDB collectionId 18 (updated 2023-12-01),FALSE,UNRESOLVED_LABEL:Non-Viable-Tumor
Case-3-A13-3967-28506,http://pathdb.cancerimagingarchive.net/system/files/wsi/ross/Osteosarcoma-UT/converted/Osteosarcoma-UT/Training-Set-2/set1/Case-3-A13-3967-28506.tiff,Case 3 A13-3967-28506,PENDING-IMAGES,PENDING-IMAGES,PENDING-IMAGES,Non-Tumor,NON_TUMOR,,,Case-3,,TCIA Osteosarcoma-Tumor-Assessment DOI 10.7937/tcia.2019.bvhjhdas; PathDB collectionId 18 (updated 2023-12-01),PENDING-G2,
Case-3-A13-40883-4236,http://pathdb.cancerimagingarchive.net/system/files/wsi/ross/Osteosarcoma-UT/converted/Osteosarcoma-UT/Training-Set-1/set1/Case-3-A13-40883-4236.tiff,Case 3 A13-40883-4236,PENDING-IMAGES,PENDING-IMAGES,PENDING-IMAGES,Non-Viable-Tumor,,,,Case-3,,TCIA Osteosarcoma-Tumor-Assessment DOI 10.7937/tcia.2019.bvhjhdas; PathDB collectionId 18 (updated 2023-12-01),FALSE,UNRESOLVED_LABEL:Non-Viable-Tumor
Case-3-A13-41207-24818,http://pathdb.cancerimagingarchive.net/system/files/wsi/ross/Osteosarcoma-UT/converted/Osteosarcoma-UT/Training-Set-1/set1/Case-3-A13-41207-24818.tiff,Case 3 A13-41207-24818,PENDING-IMAGES,PENDING-IMAGES,PENDING-IMAGES,Non-Viable-Tumor,,,,Case-3,,TCIA Osteosarcoma-Tumor-Assessment DOI 10.7937/tcia.2019.bvhjhdas; PathDB collectionId 18 (updated 2023-12-01),FALSE,UNRESOLVED_LABEL:Non-Viable-Tumor
Case-3-A13-5020-19174,http://pathdb.cancerimagingarchive.net/system/files/wsi/ross/Osteosarcoma-UT/converted/Osteosarcoma-UT/Training-Set-2/set1/Case-3-A13-5020-19174.tiff,Case 3 A13-5020-19174,PENDING-IMAGES,PENDING-IMAGES,PENDING-IMAGES,Non-Tumor,NON_TUMOR,,,Case-3,,TCIA Osteosarcoma-Tumor-Assessment DOI 10.7937/tcia.2019.bvhjhdas; PathDB collectionId 18 (updated 2023-12-01),PENDING-G2,
Case-3-A13-6266-11957,http://pathdb.cancerimagingarchive.net/system/files/wsi/ross/Osteosarcoma-UT/converted/Osteosarcoma-UT/Training-Set-2/set1/Case-3-A13-6266-11957.tiff,Case 3 A13-6266-11957,PENDING-IMAGES,PENDING-IMAGES,PENDING-IMAGES,Non-Tumor,NON_TUMOR,,,Case-3,,TCIA Osteosarcoma-Tumor-Assessment DOI 10.7937/tcia.2019.bvhjhdas; PathDB collectionId 18 (updated 2023-12-01),PENDING-G2,
Case-3-A13-6749-8498,http://pathdb.cancerimagingarchive.net/system/files/wsi/ross/Osteosarcoma-UT/converted/Osteosarcoma-UT/Training-Set-2/set1/Case-3-A13-6749-8498.tiff,Case 3 A13-6749-8498,PENDING-IMAGES,PENDING-IMAGES,PENDING-IMAGES,Non-Tumor,NON_TUMOR,,,Case-3,,TCIA Osteosarcoma-Tumor-Assessment DOI 10.7937/tcia.2019.bvhjhdas; PathDB collectionId 18 (updated 2023-12-01),PENDING-G2,
Case-3-A13-8917-22529,http://pathdb.cancerimagingarchive.net/system/files/wsi/ross/Osteosarcoma-UT/converted/Osteosarcoma-UT/Training-Set-2/set1/Case-3-A13-8917-22529.tiff,Case 3 A13-8917-22529,PENDING-IMAGES,PENDING-IMAGES,PENDING-IMAGES,Non-Tumor,NON_TUMOR,,,Case-3,,TCIA Osteosarcoma-Tumor-Assessment DOI 10.7937/tcia.2019.bvhjhdas; PathDB collectionId 18 (updated 2023-12-01),PENDING-G2,
Case-3-A13-9953-21807,http://pathdb.cancerimagingarchive.net/system/files/wsi/ross/Osteosarcoma-UT/converted/Osteosarcoma-UT/Training-Set-2/set1/Case-3-A13-9953-21807.tiff,Case 3 A13-9953-21807,PENDING-IMAGES,PENDING-IMAGES,PENDING-IMAGES,Non-Tumor,NON_TUMOR,,,Case-3,,TCIA Osteosarcoma-Tumor-Assessment DOI 10.7937/tcia.2019.bvhjhdas; PathDB collectionId 18 (updated 2023-12-01),PENDING-G2,
Case-3-A14-10618-25632,http://pathdb.cancerimagingarchive.net/system/files/wsi/ross/Osteosarcoma-UT/converted/Osteosarcoma-UT/Training-Set-2/set1/Case-3-A14-10618-25632.tiff,Case 3 A14-10618-25632,PENDING-IMAGES,PENDING-IMAGES,PENDING-IMAGES,Non-Tumor,NON_TUMOR,,,Case-3,,TCIA Osteosarcoma-Tumor-Assessment DOI 10.7937/tcia.2019.bvhjhdas; PathDB collectionId 18 (updated 2023-12-01),PENDING-G2,
Case-3-A14-1106-28928,http://pathdb.cancerimagingarchive.net/system/files/wsi/ross/Osteosarcoma-UT/converted/Osteosarcoma-UT/Training-Set-2/set1/Case-3-A14-1106-28928.tiff,Case 3 A14-1106-28928,PENDING-IMAGES,PENDING-IMAGES,PENDING-IMAGES,Non-Tumor,NON_TUMOR,,,Case-3,,TCIA Osteosarcoma-Tumor-Assessment DOI 10.7937/tcia.2019.bvhjhdas; PathDB collectionId 18 (updated 2023-12-01),PENDING-G2,
Case-3-A14-12561-9880,http://pathdb.cancerimagingarchive.net/system/files/wsi/ross/Osteosarcoma-UT/converted/Osteosarcoma-UT/Training-Set-2/set1/Case-3-A14-12561-9880.tiff,Case 3 A14-12561-9880,PENDING-IMAGES,PENDING-IMAGES,PENDING-IMAGES,Non-Viable-Tumor,,,,Case-3,,TCIA Osteosarcoma-Tumor-Assessment DOI 10.7937/tcia.2019.bvhjhdas; PathDB collectionId 18 (updated 2023-12-01),FALSE,UNRESOLVED_LABEL:Non-Viable-Tumor
Case-3-A14-16152-29957,http://pathdb.cancerimagingarchive.net/system/files/wsi/ross/Osteosarcoma-UT/converted/Osteosarcoma-UT/Training-Set-2/set1/Case-3-A14-16152-29957.tiff,Case 3 A14-16152-29957,PENDING-IMAGES,PENDING-IMAGES,PENDING-IMAGES,Non-Tumor,NON_TUMOR,,,Case-3,,TCIA Osteosarcoma-Tumor-Assessment DOI 10.7937/tcia.2019.bvhjhdas; PathDB collectionId 18 (updated 2023-12-01),PENDING-G2,
Case-3-A14-16417-3901,http://pathdb.cancerimagingarchive.net/system/files/wsi/ross/Osteosarcoma-UT/converted/Osteosarcoma-UT/Training-Set-2/set1/Case-3-A14-16417-3901.tiff,Case 3 A14-16417-3901,PENDING-IMAGES,PENDING-IMAGES,PENDING-IMAGES,Non-Viable-Tumor,,,,Case-3,,TCIA Osteosarcoma-Tumor-Assessment DOI 10.7937/tcia.2019.bvhjhdas; PathDB collectionId 18 (updated 2023-12-01),FALSE,UNRESOLVED_LABEL:Non-Viable-Tumor
Case-3-A14-17915-18084,http://pathdb.cancerimagingarchive.net/system/files/wsi/ross/Osteosarcoma-UT/converted/Osteosarcoma-UT/Training-Set-2/set1/Case-3-A14-17915-18084.tiff,Case 3 A14-17915-18084,PENDING-IMAGES,PENDING-IMAGES,PENDING-IMAGES,Non-Viable-Tumor,,,,Case-3,,TCIA Osteosarcoma-Tumor-Assessment DOI 10.7937/tcia.2019.bvhjhdas; PathDB collectionId 18 (updated 2023-12-01),FALSE,UNRESOLVED_LABEL:Non-Viable-Tumor
Case-3-A14-18021-13552,http://pathdb.cancerimagingarchive.net/system/files/wsi/ross/Osteosarcoma-UT/converted/Osteosarcoma-UT/Training-Set-2/set1/Case-3-A14-18021-13552.tiff,Case 3 A14-18021-13552,PENDING-IMAGES,PENDING-IMAGES,PENDING-IMAGES,Non-Viable-Tumor,,,,Case-3,,TCIA Osteosarcoma-Tumor-Assessment DOI 10.7937/tcia.2019.bvhjhdas; PathDB collectionId 18 (updated 2023-12-01),FALSE,UNRESOLVED_LABEL:Non-Viable-Tumor
Case-3-A14-18644-6337,http://pathdb.cancerimagingarchive.net/system/files/wsi/ross/Osteosarcoma-UT/converted/Osteosarcoma-UT/Training-Set-2/set1/Case-3-A14-18644-6337.tiff,Case 3 A14-18644-6337,PENDING-IMAGES,PENDING-IMAGES,PENDING-IMAGES,Non-Viable-Tumor,,,,Case-3,,TCIA Osteosarcoma-Tumor-Assessment DOI 10.7937/tcia.2019.bvhjhdas; PathDB collectionId 18 (updated 2023-12-01),FALSE,UNRESOLVED_LABEL:Non-Viable-Tumor
Case-3-A14-20876-5533,http://pathdb.cancerimagingarchive.net/system/files/wsi/ross/Osteosarcoma-UT/converted/Osteosarcoma-UT/Training-Set-2/set2/Case-3-A14-20876-5533.tiff,Case 3 A14-20876-5533,PENDING-IMAGES,PENDING-IMAGES,PENDING-IMAGES,Non-Viable-Tumor,,,,Case-3,,TCIA Osteosarcoma-Tumor-Assessment DOI 10.7937/tcia.2019.bvhjhdas; PathDB collectionId 18 (updated 2023-12-01),FALSE,UNRESOLVED_LABEL:Non-Viable-Tumor
Case-3-A14-25077-2887,http://pathdb.cancerimagingarchive.net/system/files/wsi/ross/Osteosarcoma-UT/converted/Osteosarcoma-UT/Training-Set-2/set2/Case-3-A14-25077-2887.tiff,Case 3 A14-25077-2887,PENDING-IMAGES,PENDING-IMAGES,PENDING-IMAGES,Non-Viable-Tumor,,,,Case-3,,TCIA Osteosarcoma-Tumor-Assessment DOI 10.7937/tcia.2019.bvhjhdas; PathDB collectionId 18 (updated 2023-12-01),FALSE,UNRESOLVED_LABEL:Non-Viable-Tumor
Case-3-A14-25376-17951,http://pathdb.cancerimagingarchive.net/system/files/wsi/ross/Osteosarcoma-UT/converted/Osteosarcoma-UT/Training-Set-1/set1/Case-3-A14-25376-17951.tiff,Case 3 A14-25376-17951,PENDING-IMAGES,PENDING-IMAGES,PENDING-IMAGES,Non-Viable-Tumor,,,,Case-3,,TCIA Osteosarcoma-Tumor-Assessment DOI 10.7937/tcia.2019.bvhjhdas; PathDB collectionId 18 (updated 2023-12-01),FALSE,UNRESOLVED_LABEL:Non-Viable-Tumor
Case-3-A14-26126-3286,http://pathdb.cancerimagingarchive.net/system/files/wsi/ross/Osteosarcoma-UT/converted/Osteosarcoma-UT/Training-Set-1/set1/Case-3-A14-26126-3286.tiff,Case 3 A14-26126-3286,PENDING-IMAGES,PENDING-IMAGES,PENDING-IMAGES,Non-Viable-Tumor,,,,Case-3,,TCIA Osteosarcoma-Tumor-Assessment DOI 10.7937/tcia.2019.bvhjhdas; PathDB collectionId 18 (updated 2023-12-01),FALSE,UNRESOLVED_LABEL:Non-Viable-Tumor
Case-3-A14-27770-6278,http://pathdb.cancerimagingarchive.net/system/files/wsi/ross/Osteosarcoma-UT/converted/Osteosarcoma-UT/Training-Set-1/set1/Case-3-A14-27770-6278.tiff,Case 3 A14-27770-6278,PENDING-IMAGES,PENDING-IMAGES,PENDING-IMAGES,Non-Viable-Tumor,,,,Case-3,,TCIA Osteosarcoma-Tumor-Assessment DOI 10.7937/tcia.2019.bvhjhdas; PathDB collectionId 18 (updated 2023-12-01),FALSE,UNRESOLVED_LABEL:Non-Viable-Tumor
Case-3-A14-2833-14298,http://pathdb.cancerimagingarchive.net/system/files/wsi/ross/Osteosarcoma-UT/converted/Osteosarcoma-UT/Training-Set-2/set2/Case-3-A14-2833-14298.tiff,Case 3 A14-2833-14298,PENDING-IMAGES,PENDING-IMAGES,PENDING-IMAGES,Non-Tumor,NON_TUMOR,,,Case-3,,TCIA Osteosarcoma-Tumor-Assessment DOI 10.7937/tcia.2019.bvhjhdas; PathDB collectionId 18 (updated 2023-12-01),PENDING-G2,
Case-3-A14-31044-35995,http://pathdb.cancerimagingarchive.net/system/files/wsi/ross/Osteosarcoma-UT/converted/Osteosarcoma-UT/Training-Set-1/set1/Case-3-A14-31044-35995.tiff,Case 3 A14-31044-35995,PENDING-IMAGES,PENDING-IMAGES,PENDING-IMAGES,Non-Tumor,NON_TUMOR,,,Case-3,,TCIA Osteosarcoma-Tumor-Assessment DOI 10.7937/tcia.2019.bvhjhdas; PathDB collectionId 18 (updated 2023-12-01),PENDING-G2,
Case-3-A14-32589-6663,http://pathdb.cancerimagingarchive.net/system/files/wsi/ross/Osteosarcoma-UT/converted/Osteosarcoma-UT/Training-Set-1/set1/Case-3-A14-32589-6663.tiff,Case 3 A14-32589-6663,PENDING-IMAGES,PENDING-IMAGES,PENDING-IMAGES,Non-Viable-Tumor,,,,Case-3,,TCIA Osteosarcoma-Tumor-Assessment DOI 10.7937/tcia.2019.bvhjhdas; PathDB collectionId 18 (updated 2023-12-01),FALSE,UNRESOLVED_LABEL:Non-Viable-Tumor
Case-3-A14-34515-24089,http://pathdb.cancerimagingarchive.net/system/files/wsi/ross/Osteosarcoma-UT/converted/Osteosarcoma-UT/Training-Set-1/set1/Case-3-A14-34515-24089.tiff,Case 3 A14-34515-24089,PENDING-IMAGES,PENDING-IMAGES,PENDING-IMAGES,Non-Viable-Tumor,,,,Case-3,,TCIA Osteosarcoma-Tumor-Assessment DOI 10.7937/tcia.2019.bvhjhdas; PathDB collectionId 18 (updated 2023-12-01),FALSE,UNRESOLVED_LABEL:Non-Viable-Tumor
Case-3-A14-34677-35228,http://pathdb.cancerimagingarchive.net/system/files/wsi/ross/Osteosarcoma-UT/converted/Osteosarcoma-UT/Training-Set-1/set1/Case-3-A14-34677-35228.tiff,Case 3 A14-34677-35228,PENDING-IMAGES,PENDING-IMAGES,PENDING-IMAGES,Non-Tumor,NON_TUMOR,,,Case-3,,TCIA Osteosarcoma-Tumor-Assessment DOI 10.7937/tcia.2019.bvhjhdas; PathDB collectionId 18 (updated 2023-12-01),PENDING-G2,
Case-3-A14-35691-34445,http://pathdb.cancerimagingarchive.net/system/files/wsi/ross/Osteosarcoma-UT/converted/Osteosarcoma-UT/Training-Set-1/set1/Case-3-A14-35691-34445.tiff,Case 3 A14-35691-34445,PENDING-IMAGES,PENDING-IMAGES,PENDING-IMAGES,Non-Tumor,NON_TUMOR,,,Case-3,,TCIA Osteosarcoma-Tumor-Assessment DOI 10.7937/tcia.2019.bvhjhdas; PathDB collectionId 18 (updated 2023-12-01),PENDING-G2,
Case-3-A14-37149-17859,http://pathdb.cancerimagingarchive.net/system/files/wsi/ross/Osteosarcoma-UT/converted/Osteosarcoma-UT/Training-Set-1/set2/Case-3-A14-37149-17859.tiff,Case 3 A14-37149-17859,PENDING-IMAGES,PENDING-IMAGES,PENDING-IMAGES,Viable,VIABLE_TUMOR,,,Case-3,,TCIA Osteosarcoma-Tumor-Assessment DOI 10.7937/tcia.2019.bvhjhdas; PathDB collectionId 18 (updated 2023-12-01),PENDING-G2,
Case-3-A14-39214-1868,http://pathdb.cancerimagingarchive.net/system/files/wsi/ross/Osteosarcoma-UT/converted/Osteosarcoma-UT/Training-Set-1/set2/Case-3-A14-39214-1868.tiff,Case 3 A14-39214-1868,PENDING-IMAGES,PENDING-IMAGES,PENDING-IMAGES,Non-Viable-Tumor,,,,Case-3,,TCIA Osteosarcoma-Tumor-Assessment DOI 10.7937/tcia.2019.bvhjhdas; PathDB collectionId 18 (updated 2023-12-01),FALSE,UNRESOLVED_LABEL:Non-Viable-Tumor
Case-3-A14-39989-31599,http://pathdb.cancerimagingarchive.net/system/files/wsi/ross/Osteosarcoma-UT/converted/Osteosarcoma-UT/Training-Set-1/set2/Case-3-A14-39989-31599.tiff,Case 3 A14-39989-31599,PENDING-IMAGES,PENDING-IMAGES,PENDING-IMAGES,Non-Tumor,NON_TUMOR,,,Case-3,,TCIA Osteosarcoma-Tumor-Assessment DOI 10.7937/tcia.2019.bvhjhdas; PathDB collectionId 18 (updated 2023-12-01),PENDING-G2,
Case-3-A14-40672-19680,http://pathdb.cancerimagingarchive.net/system/files/wsi/ross/Osteosarcoma-UT/converted/Osteosarcoma-UT/Training-Set-1/set2/Case-3-A14-40672-19680.tiff,Case 3 A14-40672-19680,PENDING-IMAGES,PENDING-IMAGES,PENDING-IMAGES,Non-Viable-Tumor,,,,Case-3,,TCIA Osteosarcoma-Tumor-Assessment DOI 10.7937/tcia.2019.bvhjhdas; PathDB collectionId 18 (updated 2023-12-01),FALSE,UNRESOLVED_LABEL:Non-Viable-Tumor
Case-3-A14-43856-28803,http://pathdb.cancerimagingarchive.net/system/files/wsi/ross/Osteosarcoma-UT/converted/Osteosarcoma-UT/Training-Set-1/set2/Case-3-A14-43856-28803.tiff,Case 3 A14-43856-28803,PENDING-IMAGES,PENDING-IMAGES,PENDING-IMAGES,Non-Tumor,NON_TUMOR,,,Case-3,,TCIA Osteosarcoma-Tumor-Assessment DOI 10.7937/tcia.2019.bvhjhdas; PathDB collectionId 18 (updated 2023-12-01),PENDING-G2,
Case-3-A14-44682-31013,http://pathdb.cancerimagingarchive.net/system/files/wsi/ross/Osteosarcoma-UT/converted/Osteosarcoma-UT/Training-Set-1/set2/Case-3-A14-44682-31013.tiff,Case 3 A14-44682-31013,PENDING-IMAGES,PENDING-IMAGES,PENDING-IMAGES,Non-Tumor,NON_TUMOR,,,Case-3,,TCIA Osteosarcoma-Tumor-Assessment DOI 10.7937/tcia.2019.bvhjhdas; PathDB collectionId 18 (updated 2023-12-01),PENDING-G2,
Case-3-A14-4535-11753,http://pathdb.cancerimagingarchive.net/system/files/wsi/ross/Osteosarcoma-UT/converted/Osteosarcoma-UT/Training-Set-2/set2/Case-3-A14-4535-11753.tiff,Case 3 A14-4535-11753,PENDING-IMAGES,PENDING-IMAGES,PENDING-IMAGES,Non-Viable-Tumor,,,,Case-3,,TCIA Osteosarcoma-Tumor-Assessment DOI 10.7937/tcia.2019.bvhjhdas; PathDB collectionId 18 (updated 2023-12-01),FALSE,UNRESOLVED_LABEL:Non-Viable-Tumor
Case-3-A14-7460-21553,http://pathdb.cancerimagingarchive.net/system/files/wsi/ross/Osteosarcoma-UT/converted/Osteosarcoma-UT/Training-Set-2/set2/Case-3-A14-7460-21553.tiff,Case 3 A14-7460-21553,PENDING-IMAGES,PENDING-IMAGES,PENDING-IMAGES,Non-Tumor,NON_TUMOR,,,Case-3,,TCIA Osteosarcoma-Tumor-Assessment DOI 10.7937/tcia.2019.bvhjhdas; PathDB collectionId 18 (updated 2023-12-01),PENDING-G2,
Case-3-A15-10555-31474,http://pathdb.cancerimagingarchive.net/system/files/wsi/ross/Osteosarcoma-UT/converted/Osteosarcoma-UT/Training-Set-2/set2/Case-3-A15-10555-31474.tiff,Case 3 A15-10555-31474,PENDING-IMAGES,PENDING-IMAGES,PENDING-IMAGES,Non-Tumor,NON_TUMOR,,,Case-3,,TCIA Osteosarcoma-Tumor-Assessment DOI 10.7937/tcia.2019.bvhjhdas; PathDB collectionId 18 (updated 2023-12-01),PENDING-G2,
Case-3-A15-11584-17031,http://pathdb.cancerimagingarchive.net/system/files/wsi/ross/Osteosarcoma-UT/converted/Osteosarcoma-UT/Training-Set-2/set2/Case-3-A15-11584-17031.tiff,Case 3 A15-11584-17031,PENDING-IMAGES,PENDING-IMAGES,PENDING-IMAGES,Non-Tumor,NON_TUMOR,,,Case-3,,TCIA Osteosarcoma-Tumor-Assessment DOI 10.7937/tcia.2019.bvhjhdas; PathDB collectionId 18 (updated 2023-12-01),PENDING-G2,
Case-3-A15-12529-2824,http://pathdb.cancerimagingarchive.net/system/files/wsi/ross/Osteosarcoma-UT/converted/Osteosarcoma-UT/Training-Set-2/set2/Case-3-A15-12529-2824.tiff,Case 3 A15-12529-2824,PENDING-IMAGES,PENDING-IMAGES,PENDING-IMAGES,Non-Viable-Tumor,,,,Case-3,,TCIA Osteosarcoma-Tumor-Assessment DOI 10.7937/tcia.2019.bvhjhdas; PathDB collectionId 18 (updated 2023-12-01),FALSE,UNRESOLVED_LABEL:Non-Viable-Tumor
Case-3-A15-13769-20416,http://pathdb.cancerimagingarchive.net/system/files/wsi/ross/Osteosarcoma-UT/converted/Osteosarcoma-UT/Training-Set-2/set2/Case-3-A15-13769-20416.tiff,Case 3 A15-13769-20416,PENDING-IMAGES,PENDING-IMAGES,PENDING-IMAGES,Non-Tumor,NON_TUMOR,,,Case-3,,TCIA Osteosarcoma-Tumor-Assessment DOI 10.7937/tcia.2019.bvhjhdas; PathDB collectionId 18 (updated 2023-12-01),PENDING-G2,
Case-3-A15-16783-7651,http://pathdb.cancerimagingarchive.net/system/files/wsi/ross/Osteosarcoma-UT/converted/Osteosarcoma-UT/Training-Set-2/set2/Case-3-A15-16783-7651.tiff,Case 3 A15-16783-7651,PENDING-IMAGES,PENDING-IMAGES,PENDING-IMAGES,Non-Viable-Tumor,,,,Case-3,,TCIA Osteosarcoma-Tumor-Assessment DOI 10.7937/tcia.2019.bvhjhdas; PathDB collectionId 18 (updated 2023-12-01),FALSE,UNRESOLVED_LABEL:Non-Viable-Tumor
Case-3-A15-17017-30243,http://pathdb.cancerimagingarchive.net/system/files/wsi/ross/Osteosarcoma-UT/converted/Osteosarcoma-UT/Training-Set-2/set2/Case-3-A15-17017-30243.tiff,Case 3 A15-17017-30243,PENDING-IMAGES,PENDING-IMAGES,PENDING-IMAGES,Non-Tumor,NON_TUMOR,,,Case-3,,TCIA Osteosarcoma-Tumor-Assessment DOI 10.7937/tcia.2019.bvhjhdas; PathDB collectionId 18 (updated 2023-12-01),PENDING-G2,
Case-3-A15-18345-32676,http://pathdb.cancerimagingarchive.net/system/files/wsi/ross/Osteosarcoma-UT/converted/Osteosarcoma-UT/Training-Set-2/set2/Case-3-A15-18345-32676.tiff,Case 3 A15-18345-32676,PENDING-IMAGES,PENDING-IMAGES,PENDING-IMAGES,Non-Tumor,NON_TUMOR,,,Case-3,,TCIA Osteosarcoma-Tumor-Assessment DOI 10.7937/tcia.2019.bvhjhdas; PathDB collectionId 18 (updated 2023-12-01),PENDING-G2,
Case-3-A15-19473-25342,http://pathdb.cancerimagingarchive.net/system/files/wsi/ross/Osteosarcoma-UT/converted/Osteosarcoma-UT/Training-Set-2/set2/Case-3-A15-19473-25342.tiff,Case 3 A15-19473-25342,PENDING-IMAGES,PENDING-IMAGES,PENDING-IMAGES,Non-Tumor,NON_TUMOR,,,Case-3,,TCIA Osteosarcoma-Tumor-Assessment DOI 10.7937/tcia.2019.bvhjhdas; PathDB collectionId 18 (updated 2023-12-01),PENDING-G2,
Case-3-A15-19602-20751,http://pathdb.cancerimagingarchive.net/system/files/wsi/ross/Osteosarcoma-UT/converted/Osteosarcoma-UT/Training-Set-1/set2/Case-3-A15-19602-20751.tiff,Case 3 A15-19602-20751,PENDING-IMAGES,PENDING-IMAGES,PENDING-IMAGES,Non-Viable-Tumor,,,,Case-3,,TCIA Osteosarcoma-Tumor-Assessment DOI 10.7937/tcia.2019.bvhjhdas; PathDB collectionId 18 (updated 2023-12-01),FALSE,UNRESOLVED_LABEL:Non-Viable-Tumor
Case-3-A15-25441-4885,http://pathdb.cancerimagingarchive.net/system/files/wsi/ross/Osteosarcoma-UT/converted/Osteosarcoma-UT/Training-Set-1/set2/Case-3-A15-25441-4885.tiff,Case 3 A15-25441-4885,PENDING-IMAGES,PENDING-IMAGES,PENDING-IMAGES,Non-Viable-Tumor,,,,Case-3,,TCIA Osteosarcoma-Tumor-Assessment DOI 10.7937/tcia.2019.bvhjhdas; PathDB collectionId 18 (updated 2023-12-01),FALSE,UNRESOLVED_LABEL:Non-Viable-Tumor
Case-3-A15-2767-11665,http://pathdb.cancerimagingarchive.net/system/files/wsi/ross/Osteosarcoma-UT/converted/Osteosarcoma-UT/Training-Set-2/set2/Case-3-A15-2767-11665.tiff,Case 3 A15-2767-11665,PENDING-IMAGES,PENDING-IMAGES,PENDING-IMAGES,Non-Tumor,NON_TUMOR,,,Case-3,,TCIA Osteosarcoma-Tumor-Assessment DOI 10.7937/tcia.2019.bvhjhdas; PathDB collectionId 18 (updated 2023-12-01),PENDING-G2,
Case-3-A15-27719-34322,http://pathdb.cancerimagingarchive.net/system/files/wsi/ross/Osteosarcoma-UT/converted/Osteosarcoma-UT/Training-Set-1/set2/Case-3-A15-27719-34322.tiff,Case 3 A15-27719-34322,PENDING-IMAGES,PENDING-IMAGES,PENDING-IMAGES,Non-Tumor,NON_TUMOR,,,Case-3,,TCIA Osteosarcoma-Tumor-Assessment DOI 10.7937/tcia.2019.bvhjhdas; PathDB collectionId 18 (updated 2023-12-01),PENDING-G2,
Case-3-A15-28616-30170,http://pathdb.cancerimagingarchive.net/system/files/wsi/ross/Osteosarcoma-UT/converted/Osteosarcoma-UT/Training-Set-1/set2/Case-3-A15-28616-30170.tiff,Case 3 A15-28616-30170,PENDING-IMAGES,PENDING-IMAGES,PENDING-IMAGES,Non-Tumor,NON_TUMOR,,,Case-3,,TCIA Osteosarcoma-Tumor-Assessment DOI 10.7937/tcia.2019.bvhjhdas; PathDB collectionId 18 (updated 2023-12-01),PENDING-G2,
Case-3-A15-2939-11262,http://pathdb.cancerimagingarchive.net/system/files/wsi/ross/Osteosarcoma-UT/converted/Osteosarcoma-UT/Training-Set-2/set2/Case-3-A15-2939-11262.tiff,Case 3 A15-2939-11262,PENDING-IMAGES,PENDING-IMAGES,PENDING-IMAGES,Non-Tumor,NON_TUMOR,,,Case-3,,TCIA Osteosarcoma-Tumor-Assessment DOI 10.7937/tcia.2019.bvhjhdas; PathDB collectionId 18 (updated 2023-12-01),PENDING-G2,
Case-3-A15-29596-14862,http://pathdb.cancerimagingarchive.net/system/files/wsi/ross/Osteosarcoma-UT/converted/Osteosarcoma-UT/Training-Set-1/set2/Case-3-A15-29596-14862.tiff,Case 3 A15-29596-14862,PENDING-IMAGES,PENDING-IMAGES,PENDING-IMAGES,Non-Viable-Tumor,,,,Case-3,,TCIA Osteosarcoma-Tumor-Assessment DOI 10.7937/tcia.2019.bvhjhdas; PathDB collectionId 18 (updated 2023-12-01),FALSE,UNRESOLVED_LABEL:Non-Viable-Tumor
Case-3-A15-31956-20390,http://pathdb.cancerimagingarchive.net/system/files/wsi/ross/Osteosarcoma-UT/converted/Osteosarcoma-UT/Training-Set-1/set2/Case-3-A15-31956-20390.tiff,Case 3 A15-31956-20390,PENDING-IMAGES,PENDING-IMAGES,PENDING-IMAGES,Non-Viable-Tumor,,,,Case-3,,TCIA Osteosarcoma-Tumor-Assessment DOI 10.7937/tcia.2019.bvhjhdas; PathDB collectionId 18 (updated 2023-12-01),FALSE,UNRESOLVED_LABEL:Non-Viable-Tumor
Case-3-A15-32427-21534,http://pathdb.cancerimagingarchive.net/system/files/wsi/ross/Osteosarcoma-UT/converted/Osteosarcoma-UT/Training-Set-1/set2/Case-3-A15-32427-21534.tiff,Case 3 A15-32427-21534,PENDING-IMAGES,PENDING-IMAGES,PENDING-IMAGES,Non-Viable-Tumor,,,,Case-3,,TCIA Osteosarcoma-Tumor-Assessment DOI 10.7937/tcia.2019.bvhjhdas; PathDB collectionId 18 (updated 2023-12-01),FALSE,UNRESOLVED_LABEL:Non-Viable-Tumor
Case-3-A15-32664-16876,http://pathdb.cancerimagingarchive.net/system/files/wsi/ross/Osteosarcoma-UT/converted/Osteosarcoma-UT/Training-Set-1/set2/Case-3-A15-32664-16876.tiff,Case 3 A15-32664-16876,PENDING-IMAGES,PENDING-IMAGES,PENDING-IMAGES,Non-Viable-Tumor,,,,Case-3,,TCIA Osteosarcoma-Tumor-Assessment DOI 10.7937/tcia.2019.bvhjhdas; PathDB collectionId 18 (updated 2023-12-01),FALSE,UNRESOLVED_LABEL:Non-Viable-Tumor
Case-3-A15-34291-15707,http://pathdb.cancerimagingarchive.net/system/files/wsi/ross/Osteosarcoma-UT/converted/Osteosarcoma-UT/Training-Set-1/set2/Case-3-A15-34291-15707.tiff,Case 3 A15-34291-15707,PENDING-IMAGES,PENDING-IMAGES,PENDING-IMAGES,Non-Viable-Tumor,,,,Case-3,,TCIA Osteosarcoma-Tumor-Assessment DOI 10.7937/tcia.2019.bvhjhdas; PathDB collectionId 18 (updated 2023-12-01),FALSE,UNRESOLVED_LABEL:Non-Viable-Tumor
Case-3-A15-34793-16511,http://pathdb.cancerimagingarchive.net/system/files/wsi/ross/Osteosarcoma-UT/converted/Osteosarcoma-UT/Training-Set-1/set2/Case-3-A15-34793-16511.tiff,Case 3 A15-34793-16511,PENDING-IMAGES,PENDING-IMAGES,PENDING-IMAGES,Non-Viable-Tumor,,,,Case-3,,TCIA Osteosarcoma-Tumor-Assessment DOI 10.7937/tcia.2019.bvhjhdas; PathDB collectionId 18 (updated 2023-12-01),FALSE,UNRESOLVED_LABEL:Non-Viable-Tumor
Case-3-A15-37036-30140,http://pathdb.cancerimagingarchive.net/system/files/wsi/ross/Osteosarcoma-UT/converted/Osteosarcoma-UT/Training-Set-1/set2/Case-3-A15-37036-30140.tiff,Case 3 A15-37036-30140,PENDING-IMAGES,PENDING-IMAGES,PENDING-IMAGES,Non-Tumor,NON_TUMOR,,,Case-3,,TCIA Osteosarcoma-Tumor-Assessment DOI 10.7937/tcia.2019.bvhjhdas; PathDB collectionId 18 (updated 2023-12-01),PENDING-G2,
Case-3-A15-3785-32371,http://pathdb.cancerimagingarchive.net/system/files/wsi/ross/Osteosarcoma-UT/converted/Osteosarcoma-UT/Training-Set-2/set2/Case-3-A15-3785-32371.tiff,Case 3 A15-3785-32371,PENDING-IMAGES,PENDING-IMAGES,PENDING-IMAGES,Non-Tumor,NON_TUMOR,,,Case-3,,TCIA Osteosarcoma-Tumor-Assessment DOI 10.7937/tcia.2019.bvhjhdas; PathDB collectionId 18 (updated 2023-12-01),PENDING-G2,
Case-3-A15-38074-15813,http://pathdb.cancerimagingarchive.net/system/files/wsi/ross/Osteosarcoma-UT/converted/Osteosarcoma-UT/Training-Set-1/set2/Case-3-A15-38074-15813.tiff,Case 3 A15-38074-15813,PENDING-IMAGES,PENDING-IMAGES,PENDING-IMAGES,viable: non-viable,,,,Case-3,,TCIA Osteosarcoma-Tumor-Assessment DOI 10.7937/tcia.2019.bvhjhdas; PathDB collectionId 18 (updated 2023-12-01),FALSE,UNRESOLVED_LABEL:viable: non-viable
Case-3-A15-38347-25444,http://pathdb.cancerimagingarchive.net/system/files/wsi/ross/Osteosarcoma-UT/converted/Osteosarcoma-UT/Training-Set-1/set2/Case-3-A15-38347-25444.tiff,Case 3 A15-38347-25444,PENDING-IMAGES,PENDING-IMAGES,PENDING-IMAGES,Non-Viable-Tumor,,,,Case-3,,TCIA Osteosarcoma-Tumor-Assessment DOI 10.7937/tcia.2019.bvhjhdas; PathDB collectionId 18 (updated 2023-12-01),FALSE,UNRESOLVED_LABEL:Non-Viable-Tumor
Case-3-A15-41229-4171,http://pathdb.cancerimagingarchive.net/system/files/wsi/ross/Osteosarcoma-UT/converted/Osteosarcoma-UT/Training-Set-1/set2/Case-3-A15-41229-4171.tiff,Case 3 A15-41229-4171,PENDING-IMAGES,PENDING-IMAGES,PENDING-IMAGES,Non-Viable-Tumor,,,,Case-3,,TCIA Osteosarcoma-Tumor-Assessment DOI 10.7937/tcia.2019.bvhjhdas; PathDB collectionId 18 (updated 2023-12-01),FALSE,UNRESOLVED_LABEL:Non-Viable-Tumor
Case-3-A15-4922-2530,http://pathdb.cancerimagingarchive.net/system/files/wsi/ross/Osteosarcoma-UT/converted/Osteosarcoma-UT/Training-Set-2/set2/Case-3-A15-4922-2530.tiff,Case 3 A15-4922-2530,PENDING-IMAGES,PENDING-IMAGES,PENDING-IMAGES,Non-Viable-Tumor,,,,Case-3,,TCIA Osteosarcoma-Tumor-Assessment DOI 10.7937/tcia.2019.bvhjhdas; PathDB collectionId 18 (updated 2023-12-01),FALSE,UNRESOLVED_LABEL:Non-Viable-Tumor
Case-3-A15-5365-37554,http://pathdb.cancerimagingarchive.net/system/files/wsi/ross/Osteosarcoma-UT/converted/Osteosarcoma-UT/Training-Set-2/set2/Case-3-A15-5365-37554.tiff,Case 3 A15-5365-37554,PENDING-IMAGES,PENDING-IMAGES,PENDING-IMAGES,Non-Tumor,NON_TUMOR,,,Case-3,,TCIA Osteosarcoma-Tumor-Assessment DOI 10.7937/tcia.2019.bvhjhdas; PathDB collectionId 18 (updated 2023-12-01),PENDING-G2,
Case-3-A15-6063-36714,http://pathdb.cancerimagingarchive.net/system/files/wsi/ross/Osteosarcoma-UT/converted/Osteosarcoma-UT/Training-Set-2/set2/Case-3-A15-6063-36714.tiff,Case 3 A15-6063-36714,PENDING-IMAGES,PENDING-IMAGES,PENDING-IMAGES,Non-Tumor,NON_TUMOR,,,Case-3,,TCIA Osteosarcoma-Tumor-Assessment DOI 10.7937/tcia.2019.bvhjhdas; PathDB collectionId 18 (updated 2023-12-01),PENDING-G2,
Case-3-A15-6568-18811,http://pathdb.cancerimagingarchive.net/system/files/wsi/ross/Osteosarcoma-UT/converted/Osteosarcoma-UT/Training-Set-2/set2/Case-3-A15-6568-18811.tiff,Case 3 A15-6568-18811,PENDING-IMAGES,PENDING-IMAGES,PENDING-IMAGES,Non-Tumor,NON_TUMOR,,,Case-3,,TCIA Osteosarcoma-Tumor-Assessment DOI 10.7937/tcia.2019.bvhjhdas; PathDB collectionId 18 (updated 2023-12-01),PENDING-G2,
Case-3-A16-12207-22669,http://pathdb.cancerimagingarchive.net/system/files/wsi/ross/Osteosarcoma-UT/converted/Osteosarcoma-UT/Training-Set-2/set2/Case-3-A16-12207-22669.tiff,Case 3 A16-12207-22669,PENDING-IMAGES,PENDING-IMAGES,PENDING-IMAGES,Non-Tumor,NON_TUMOR,,,Case-3,,TCIA Osteosarcoma-Tumor-Assessment DOI 10.7937/tcia.2019.bvhjhdas; PathDB collectionId 18 (updated 2023-12-01),PENDING-G2,
Case-3-A16-12753-7173,http://pathdb.cancerimagingarchive.net/system/files/wsi/ross/Osteosarcoma-UT/converted/Osteosarcoma-UT/Training-Set-2/set2/Case-3-A16-12753-7173.tiff,Case 3 A16-12753-7173,PENDING-IMAGES,PENDING-IMAGES,PENDING-IMAGES,Non-Viable-Tumor,,,,Case-3,,TCIA Osteosarcoma-Tumor-Assessment DOI 10.7937/tcia.2019.bvhjhdas; PathDB collectionId 18 (updated 2023-12-01),FALSE,UNRESOLVED_LABEL:Non-Viable-Tumor
Case-3-A16-12872-19040,http://pathdb.cancerimagingarchive.net/system/files/wsi/ross/Osteosarcoma-UT/converted/Osteosarcoma-UT/Training-Set-2/set2/Case-3-A16-12872-19040.tiff,Case 3 A16-12872-19040,PENDING-IMAGES,PENDING-IMAGES,PENDING-IMAGES,Non-Tumor,NON_TUMOR,,,Case-3,,TCIA Osteosarcoma-Tumor-Assessment DOI 10.7937/tcia.2019.bvhjhdas; PathDB collectionId 18 (updated 2023-12-01),PENDING-G2,
Case-3-A16-15703-4602,http://pathdb.cancerimagingarchive.net/system/files/wsi/ross/Osteosarcoma-UT/converted/Osteosarcoma-UT/Training-Set-2/set2/Case-3-A16-15703-4602.tiff,Case 3 A16-15703-4602,PENDING-IMAGES,PENDING-IMAGES,PENDING-IMAGES,Non-Viable-Tumor,,,,Case-3,,TCIA Osteosarcoma-Tumor-Assessment DOI 10.7937/tcia.2019.bvhjhdas; PathDB collectionId 18 (updated 2023-12-01),FALSE,UNRESOLVED_LABEL:Non-Viable-Tumor
Case-3-A16-16526-13063,http://pathdb.cancerimagingarchive.net/system/files/wsi/ross/Osteosarcoma-UT/converted/Osteosarcoma-UT/Training-Set-2/set2/Case-3-A16-16526-13063.tiff,Case 3 A16-16526-13063,PENDING-IMAGES,PENDING-IMAGES,PENDING-IMAGES,Non-Viable-Tumor,,,,Case-3,,TCIA Osteosarcoma-Tumor-Assessment DOI 10.7937/tcia.2019.bvhjhdas; PathDB collectionId 18 (updated 2023-12-01),FALSE,UNRESOLVED_LABEL:Non-Viable-Tumor
Case-3-A16-17478-7786,http://pathdb.cancerimagingarchive.net/system/files/wsi/ross/Osteosarcoma-UT/converted/Osteosarcoma-UT/Training-Set-2/set2/Case-3-A16-17478-7786.tiff,Case 3 A16-17478-7786,PENDING-IMAGES,PENDING-IMAGES,PENDING-IMAGES,Non-Viable-Tumor,,,,Case-3,,TCIA Osteosarcoma-Tumor-Assessment DOI 10.7937/tcia.2019.bvhjhdas; PathDB collectionId 18 (updated 2023-12-01),FALSE,UNRESOLVED_LABEL:Non-Viable-Tumor
Case-3-A16-18494-17234,http://pathdb.cancerimagingarchive.net/system/files/wsi/ross/Osteosarcoma-UT/converted/Osteosarcoma-UT/Training-Set-2/set2/Case-3-A16-18494-17234.tiff,Case 3 A16-18494-17234,PENDING-IMAGES,PENDING-IMAGES,PENDING-IMAGES,Non-Viable-Tumor,,,,Case-3,,TCIA Osteosarcoma-Tumor-Assessment DOI 10.7937/tcia.2019.bvhjhdas; PathDB collectionId 18 (updated 2023-12-01),FALSE,UNRESOLVED_LABEL:Non-Viable-Tumor
Case-3-A16-18579-5543,http://pathdb.cancerimagingarchive.net/system/files/wsi/ross/Osteosarcoma-UT/converted/Osteosarcoma-UT/Training-Set-2/set2/Case-3-A16-18579-5543.tiff,Case 3 A16-18579-5543,PENDING-IMAGES,PENDING-IMAGES,PENDING-IMAGES,Non-Viable-Tumor,,,,Case-3,,TCIA Osteosarcoma-Tumor-Assessment DOI 10.7937/tcia.2019.bvhjhdas; PathDB collectionId 18 (updated 2023-12-01),FALSE,UNRESOLVED_LABEL:Non-Viable-Tumor
Case-3-A16-20932-16777,http://pathdb.cancerimagingarchive.net/system/files/wsi/ross/Osteosarcoma-UT/converted/Osteosarcoma-UT/Training-Set-2/set2/Case-3-A16-20932-16777.tiff,Case 3 A16-20932-16777,PENDING-IMAGES,PENDING-IMAGES,PENDING-IMAGES,Non-Viable-Tumor,,,,Case-3,,TCIA Osteosarcoma-Tumor-Assessment DOI 10.7937/tcia.2019.bvhjhdas; PathDB collectionId 18 (updated 2023-12-01),FALSE,UNRESOLVED_LABEL:Non-Viable-Tumor
Case-3-A16-21084-22389,http://pathdb.cancerimagingarchive.net/system/files/wsi/ross/Osteosarcoma-UT/converted/Osteosarcoma-UT/Training-Set-2/set2/Case-3-A16-21084-22389.tiff,Case 3 A16-21084-22389,PENDING-IMAGES,PENDING-IMAGES,PENDING-IMAGES,Non-Viable-Tumor,,,,Case-3,,TCIA Osteosarcoma-Tumor-Assessment DOI 10.7937/tcia.2019.bvhjhdas; PathDB collectionId 18 (updated 2023-12-01),FALSE,UNRESOLVED_LABEL:Non-Viable-Tumor
Case-3-A16-21555-14170,http://pathdb.cancerimagingarchive.net/system/files/wsi/ross/Osteosarcoma-UT/converted/Osteosarcoma-UT/Training-Set-1/set2/Case-3-A16-21555-14170.tiff,Case 3 A16-21555-14170,PENDING-IMAGES,PENDING-IMAGES,PENDING-IMAGES,Non-Viable-Tumor,,,,Case-3,,TCIA Osteosarcoma-Tumor-Assessment DOI 10.7937/tcia.2019.bvhjhdas; PathDB collectionId 18 (updated 2023-12-01),FALSE,UNRESOLVED_LABEL:Non-Viable-Tumor
Case-3-A16-22513-3757,http://pathdb.cancerimagingarchive.net/system/files/wsi/ross/Osteosarcoma-UT/converted/Osteosarcoma-UT/Training-Set-1/set2/Case-3-A16-22513-3757.tiff,Case 3 A16-22513-3757,PENDING-IMAGES,PENDING-IMAGES,PENDING-IMAGES,Non-Viable-Tumor,,,,Case-3,,TCIA Osteosarcoma-Tumor-Assessment DOI 10.7937/tcia.2019.bvhjhdas; PathDB collectionId 18 (updated 2023-12-01),FALSE,UNRESOLVED_LABEL:Non-Viable-Tumor
Case-3-A16-23455-14529,http://pathdb.cancerimagingarchive.net/system/files/wsi/ross/Osteosarcoma-UT/converted/Osteosarcoma-UT/Training-Set-1/set2/Case-3-A16-23455-14529.tiff,Case 3 A16-23455-14529,PENDING-IMAGES,PENDING-IMAGES,PENDING-IMAGES,Non-Viable-Tumor,,,,Case-3,,TCIA Osteosarcoma-Tumor-Assessment DOI 10.7937/tcia.2019.bvhjhdas; PathDB collectionId 18 (updated 2023-12-01),FALSE,UNRESOLVED_LABEL:Non-Viable-Tumor
Case-3-A16-23679-14549,http://pathdb.cancerimagingarchive.net/system/files/wsi/ross/Osteosarcoma-UT/converted/Osteosarcoma-UT/Training-Set-1/set2/Case-3-A16-23679-14549.tiff,Case 3 A16-23679-14549,PENDING-IMAGES,PENDING-IMAGES,PENDING-IMAGES,Non-Viable-Tumor,,,,Case-3,,TCIA Osteosarcoma-Tumor-Assessment DOI 10.7937/tcia.2019.bvhjhdas; PathDB collectionId 18 (updated 2023-12-01),FALSE,UNRESOLVED_LABEL:Non-Viable-Tumor
Case-3-A16-24669-5556,http://pathdb.cancerimagingarchive.net/system/files/wsi/ross/Osteosarcoma-UT/converted/Osteosarcoma-UT/Training-Set-1/set2/Case-3-A16-24669-5556.tiff,Case 3 A16-24669-5556,PENDING-IMAGES,PENDING-IMAGES,PENDING-IMAGES,Non-Viable-Tumor,,,,Case-3,,TCIA Osteosarcoma-Tumor-Assessment DOI 10.7937/tcia.2019.bvhjhdas; PathDB collectionId 18 (updated 2023-12-01),FALSE,UNRESOLVED_LABEL:Non-Viable-Tumor
Case-3-A16-25344-6555,http://pathdb.cancerimagingarchive.net/system/files/wsi/ross/Osteosarcoma-UT/converted/Osteosarcoma-UT/Training-Set-1/set2/Case-3-A16-25344-6555.tiff,Case 3 A16-25344-6555,PENDING-IMAGES,PENDING-IMAGES,PENDING-IMAGES,Non-Viable-Tumor,,,,Case-3,,TCIA Osteosarcoma-Tumor-Assessment DOI 10.7937/tcia.2019.bvhjhdas; PathDB collectionId 18 (updated 2023-12-01),FALSE,UNRESOLVED_LABEL:Non-Viable-Tumor
Case-3-A16-29058-10941,http://pathdb.cancerimagingarchive.net/system/files/wsi/ross/Osteosarcoma-UT/converted/Osteosarcoma-UT/Training-Set-1/set2/Case-3-A16-29058-10941.tiff,Case 3 A16-29058-10941,PENDING-IMAGES,PENDING-IMAGES,PENDING-IMAGES,Non-Viable-Tumor,,,,Case-3,,TCIA Osteosarcoma-Tumor-Assessment DOI 10.7937/tcia.2019.bvhjhdas; PathDB collectionId 18 (updated 2023-12-01),FALSE,UNRESOLVED_LABEL:Non-Viable-Tumor
Case-3-A16-30229-10876,http://pathdb.cancerimagingarchive.net/system/files/wsi/ross/Osteosarcoma-UT/converted/Osteosarcoma-UT/Training-Set-1/set2/Case-3-A16-30229-10876.tiff,Case 3 A16-30229-10876,PENDING-IMAGES,PENDING-IMAGES,PENDING-IMAGES,Non-Viable-Tumor,,,,Case-3,,TCIA Osteosarcoma-Tumor-Assessment DOI 10.7937/tcia.2019.bvhjhdas; PathDB collectionId 18 (updated 2023-12-01),FALSE,UNRESOLVED_LABEL:Non-Viable-Tumor
Case-3-A16-31398-22850,http://pathdb.cancerimagingarchive.net/system/files/wsi/ross/Osteosarcoma-UT/converted/Osteosarcoma-UT/Training-Set-1/set2/Case-3-A16-31398-22850.tiff,Case 3 A16-31398-22850,PENDING-IMAGES,PENDING-IMAGES,PENDING-IMAGES,Non-Viable-Tumor,,,,Case-3,,TCIA Osteosarcoma-Tumor-Assessment DOI 10.7937/tcia.2019.bvhjhdas; PathDB collectionId 18 (updated 2023-12-01),FALSE,UNRESOLVED_LABEL:Non-Viable-Tumor
Case-3-A16-32696-21122,http://pathdb.cancerimagingarchive.net/system/files/wsi/ross/Osteosarcoma-UT/converted/Osteosarcoma-UT/Training-Set-1/set2/Case-3-A16-32696-21122.tiff,Case 3 A16-32696-21122,PENDING-IMAGES,PENDING-IMAGES,PENDING-IMAGES,Non-Viable-Tumor,,,,Case-3,,TCIA Osteosarcoma-Tumor-Assessment DOI 10.7937/tcia.2019.bvhjhdas; PathDB collectionId 18 (updated 2023-12-01),FALSE,UNRESOLVED_LABEL:Non-Viable-Tumor
Case-3-A16-35442-28193,http://pathdb.cancerimagingarchive.net/system/files/wsi/ross/Osteosarcoma-UT/converted/Osteosarcoma-UT/Training-Set-1/set2/Case-3-A16-35442-28193.tiff,Case 3 A16-35442-28193,PENDING-IMAGES,PENDING-IMAGES,PENDING-IMAGES,Non-Viable-Tumor,,,,Case-3,,TCIA Osteosarcoma-Tumor-Assessment DOI 10.7937/tcia.2019.bvhjhdas; PathDB collectionId 18 (updated 2023-12-01),FALSE,UNRESOLVED_LABEL:Non-Viable-Tumor
Case-3-A16-35584-14421,http://pathdb.cancerimagingarchive.net/system/files/wsi/ross/Osteosarcoma-UT/converted/Osteosarcoma-UT/Training-Set-1/set2/Case-3-A16-35584-14421.tiff,Case 3 A16-35584-14421,PENDING-IMAGES,PENDING-IMAGES,PENDING-IMAGES,Non-Viable-Tumor,,,,Case-3,,TCIA Osteosarcoma-Tumor-Assessment DOI 10.7937/tcia.2019.bvhjhdas; PathDB collectionId 18 (updated 2023-12-01),FALSE,UNRESOLVED_LABEL:Non-Viable-Tumor
Case-3-A16-35991-7626,http://pathdb.cancerimagingarchive.net/system/files/wsi/ross/Osteosarcoma-UT/converted/Osteosarcoma-UT/Training-Set-1/set2/Case-3-A16-35991-7626.tiff,Case 3 A16-35991-7626,PENDING-IMAGES,PENDING-IMAGES,PENDING-IMAGES,Non-Viable-Tumor,,,,Case-3,,TCIA Osteosarcoma-Tumor-Assessment DOI 10.7937/tcia.2019.bvhjhdas; PathDB collectionId 18 (updated 2023-12-01),FALSE,UNRESOLVED_LABEL:Non-Viable-Tumor
Case-3-A16-36233-10925,http://pathdb.cancerimagingarchive.net/system/files/wsi/ross/Osteosarcoma-UT/converted/Osteosarcoma-UT/Training-Set-1/set2/Case-3-A16-36233-10925.tiff,Case 3 A16-36233-10925,PENDING-IMAGES,PENDING-IMAGES,PENDING-IMAGES,Non-Viable-Tumor,,,,Case-3,,TCIA Osteosarcoma-Tumor-Assessment DOI 10.7937/tcia.2019.bvhjhdas; PathDB collectionId 18 (updated 2023-12-01),FALSE,UNRESOLVED_LABEL:Non-Viable-Tumor
Case-3-A16-3833-2415,http://pathdb.cancerimagingarchive.net/system/files/wsi/ross/Osteosarcoma-UT/converted/Osteosarcoma-UT/Training-Set-2/set2/Case-3-A16-3833-2415.tiff,Case 3 A16-3833-2415,PENDING-IMAGES,PENDING-IMAGES,PENDING-IMAGES,Non-Viable-Tumor,,,,Case-3,,TCIA Osteosarcoma-Tumor-Assessment DOI 10.7937/tcia.2019.bvhjhdas; PathDB collectionId 18 (updated 2023-12-01),FALSE,UNRESOLVED_LABEL:Non-Viable-Tumor
Case-3-A16-40231-27051,http://pathdb.cancerimagingarchive.net/system/files/wsi/ross/Osteosarcoma-UT/converted/Osteosarcoma-UT/Training-Set-1/set2/Case-3-A16-40231-27051.tiff,Case 3 A16-40231-27051,PENDING-IMAGES,PENDING-IMAGES,PENDING-IMAGES,Non-Viable-Tumor,,,,Case-3,,TCIA Osteosarcoma-Tumor-Assessment DOI 10.7937/tcia.2019.bvhjhdas; PathDB collectionId 18 (updated 2023-12-01),FALSE,UNRESOLVED_LABEL:Non-Viable-Tumor
Case-3-A16-5621-4126,http://pathdb.cancerimagingarchive.net/system/files/wsi/ross/Osteosarcoma-UT/converted/Osteosarcoma-UT/Training-Set-2/set2/Case-3-A16-5621-4126.tiff,Case 3 A16-5621-4126,PENDING-IMAGES,PENDING-IMAGES,PENDING-IMAGES,Non-Viable-Tumor,,,,Case-3,,TCIA Osteosarcoma-Tumor-Assessment DOI 10.7937/tcia.2019.bvhjhdas; PathDB collectionId 18 (updated 2023-12-01),FALSE,UNRESOLVED_LABEL:Non-Viable-Tumor
Case-3-A16-6244-27384,http://pathdb.cancerimagingarchive.net/system/files/wsi/ross/Osteosarcoma-UT/converted/Osteosarcoma-UT/Training-Set-2/set2/Case-3-A16-6244-27384.tiff,Case 3 A16-6244-27384,PENDING-IMAGES,PENDING-IMAGES,PENDING-IMAGES,Non-Viable-Tumor,,,,Case-3,,TCIA Osteosarcoma-Tumor-Assessment DOI 10.7937/tcia.2019.bvhjhdas; PathDB collectionId 18 (updated 2023-12-01),FALSE,UNRESOLVED_LABEL:Non-Viable-Tumor
Case-3-A16-6841-16910,http://pathdb.cancerimagingarchive.net/system/files/wsi/ross/Osteosarcoma-UT/converted/Osteosarcoma-UT/Training-Set-2/set2/Case-3-A16-6841-16910.tiff,Case 3 A16-6841-16910,PENDING-IMAGES,PENDING-IMAGES,PENDING-IMAGES,Non-Tumor,NON_TUMOR,,,Case-3,,TCIA Osteosarcoma-Tumor-Assessment DOI 10.7937/tcia.2019.bvhjhdas; PathDB collectionId 18 (updated 2023-12-01),PENDING-G2,
Case-3-A16-7295-31391,http://pathdb.cancerimagingarchive.net/system/files/wsi/ross/Osteosarcoma-UT/converted/Osteosarcoma-UT/Training-Set-2/set2/Case-3-A16-7295-31391.tiff,Case 3 A16-7295-31391,PENDING-IMAGES,PENDING-IMAGES,PENDING-IMAGES,Non-Tumor,NON_TUMOR,,,Case-3,,TCIA Osteosarcoma-Tumor-Assessment DOI 10.7937/tcia.2019.bvhjhdas; PathDB collectionId 18 (updated 2023-12-01),PENDING-G2,
Case-3-A16-9134-12603,http://pathdb.cancerimagingarchive.net/system/files/wsi/ross/Osteosarcoma-UT/converted/Osteosarcoma-UT/Training-Set-2/set2/Case-3-A16-9134-12603.tiff,Case 3 A16-9134-12603,PENDING-IMAGES,PENDING-IMAGES,PENDING-IMAGES,Non-Tumor,NON_TUMOR,,,Case-3,,TCIA Osteosarcoma-Tumor-Assessment DOI 10.7937/tcia.2019.bvhjhdas; PathDB collectionId 18 (updated 2023-12-01),PENDING-G2,
Case-3-A17-12112-17050,http://pathdb.cancerimagingarchive.net/system/files/wsi/ross/Osteosarcoma-UT/converted/Osteosarcoma-UT/Training-Set-2/set2/Case-3-A17-12112-17050.tiff,Case 3 A17-12112-17050,PENDING-IMAGES,PENDING-IMAGES,PENDING-IMAGES,Non-Viable-Tumor,,,,Case-3,,TCIA Osteosarcoma-Tumor-Assessment DOI 10.7937/tcia.2019.bvhjhdas; PathDB collectionId 18 (updated 2023-12-01),FALSE,UNRESOLVED_LABEL:Non-Viable-Tumor
Case-3-A17-12247-30984,http://pathdb.cancerimagingarchive.net/system/files/wsi/ross/Osteosarcoma-UT/converted/Osteosarcoma-UT/Training-Set-2/set2/Case-3-A17-12247-30984.tiff,Case 3 A17-12247-30984,PENDING-IMAGES,PENDING-IMAGES,PENDING-IMAGES,Non-Tumor,NON_TUMOR,,,Case-3,,TCIA Osteosarcoma-Tumor-Assessment DOI 10.7937/tcia.2019.bvhjhdas; PathDB collectionId 18 (updated 2023-12-01),PENDING-G2,
Case-3-A17-12545-27848,http://pathdb.cancerimagingarchive.net/system/files/wsi/ross/Osteosarcoma-UT/converted/Osteosarcoma-UT/Training-Set-2/set2/Case-3-A17-12545-27848.tiff,Case 3 A17-12545-27848,PENDING-IMAGES,PENDING-IMAGES,PENDING-IMAGES,Non-Tumor,NON_TUMOR,,,Case-3,,TCIA Osteosarcoma-Tumor-Assessment DOI 10.7937/tcia.2019.bvhjhdas; PathDB collectionId 18 (updated 2023-12-01),PENDING-G2,
Case-3-A17-13333-19421,http://pathdb.cancerimagingarchive.net/system/files/wsi/ross/Osteosarcoma-UT/converted/Osteosarcoma-UT/Training-Set-2/set2/Case-3-A17-13333-19421.tiff,Case 3 A17-13333-19421,PENDING-IMAGES,PENDING-IMAGES,PENDING-IMAGES,Non-Tumor,NON_TUMOR,,,Case-3,,TCIA Osteosarcoma-Tumor-Assessment DOI 10.7937/tcia.2019.bvhjhdas; PathDB collectionId 18 (updated 2023-12-01),PENDING-G2,
Case-3-A17-14482-34987,http://pathdb.cancerimagingarchive.net/system/files/wsi/ross/Osteosarcoma-UT/converted/Osteosarcoma-UT/Training-Set-2/set2/Case-3-A17-14482-34987.tiff,Case 3 A17-14482-34987,PENDING-IMAGES,PENDING-IMAGES,PENDING-IMAGES,Non-Tumor,NON_TUMOR,,,Case-3,,TCIA Osteosarcoma-Tumor-Assessment DOI 10.7937/tcia.2019.bvhjhdas; PathDB collectionId 18 (updated 2023-12-01),PENDING-G2,
Case-3-A17-15765-20926,http://pathdb.cancerimagingarchive.net/system/files/wsi/ross/Osteosarcoma-UT/converted/Osteosarcoma-UT/Training-Set-2/set2/Case-3-A17-15765-20926.tiff,Case 3 A17-15765-20926,PENDING-IMAGES,PENDING-IMAGES,PENDING-IMAGES,Non-Tumor,NON_TUMOR,,,Case-3,,TCIA Osteosarcoma-Tumor-Assessment DOI 10.7937/tcia.2019.bvhjhdas; PathDB collectionId 18 (updated 2023-12-01),PENDING-G2,
Case-3-A17-16570-4475,http://pathdb.cancerimagingarchive.net/system/files/wsi/ross/Osteosarcoma-UT/converted/Osteosarcoma-UT/Training-Set-2/set2/Case-3-A17-16570-4475.tiff,Case 3 A17-16570-4475,PENDING-IMAGES,PENDING-IMAGES,PENDING-IMAGES,Non-Viable-Tumor,,,,Case-3,,TCIA Osteosarcoma-Tumor-Assessment DOI 10.7937/tcia.2019.bvhjhdas; PathDB collectionId 18 (updated 2023-12-01),FALSE,UNRESOLVED_LABEL:Non-Viable-Tumor
Case-3-A17-18662-24877,http://pathdb.cancerimagingarchive.net/system/files/wsi/ross/Osteosarcoma-UT/converted/Osteosarcoma-UT/Training-Set-2/set2/Case-3-A17-18662-24877.tiff,Case 3 A17-18662-24877,PENDING-IMAGES,PENDING-IMAGES,PENDING-IMAGES,Non-Tumor,NON_TUMOR,,,Case-3,,TCIA Osteosarcoma-Tumor-Assessment DOI 10.7937/tcia.2019.bvhjhdas; PathDB collectionId 18 (updated 2023-12-01),PENDING-G2,
Case-3-A17-18676-13247,http://pathdb.cancerimagingarchive.net/system/files/wsi/ross/Osteosarcoma-UT/converted/Osteosarcoma-UT/Training-Set-1/set2/Case-3-A17-18676-13247.tiff,Case 3 A17-18676-13247,PENDING-IMAGES,PENDING-IMAGES,PENDING-IMAGES,Non-Viable-Tumor,,,,Case-3,,TCIA Osteosarcoma-Tumor-Assessment DOI 10.7937/tcia.2019.bvhjhdas; PathDB collectionId 18 (updated 2023-12-01),FALSE,UNRESOLVED_LABEL:Non-Viable-Tumor
Case-3-A17-2310-19149,http://pathdb.cancerimagingarchive.net/system/files/wsi/ross/Osteosarcoma-UT/converted/Osteosarcoma-UT/Training-Set-2/set2/Case-3-A17-2310-19149.tiff,Case 3 A17-2310-19149,PENDING-IMAGES,PENDING-IMAGES,PENDING-IMAGES,Non-Tumor,NON_TUMOR,,,Case-3,,TCIA Osteosarcoma-Tumor-Assessment DOI 10.7937/tcia.2019.bvhjhdas; PathDB collectionId 18 (updated 2023-12-01),PENDING-G2,
Case-3-A17-25048-1930,http://pathdb.cancerimagingarchive.net/system/files/wsi/ross/Osteosarcoma-UT/converted/Osteosarcoma-UT/Training-Set-1/set2/Case-3-A17-25048-1930.tiff,Case 3 A17-25048-1930,PENDING-IMAGES,PENDING-IMAGES,PENDING-IMAGES,Non-Viable-Tumor,,,,Case-3,,TCIA Osteosarcoma-Tumor-Assessment DOI 10.7937/tcia.2019.bvhjhdas; PathDB collectionId 18 (updated 2023-12-01),FALSE,UNRESOLVED_LABEL:Non-Viable-Tumor
Case-3-A17-26576-11618,http://pathdb.cancerimagingarchive.net/system/files/wsi/ross/Osteosarcoma-UT/converted/Osteosarcoma-UT/Training-Set-1/set2/Case-3-A17-26576-11618.tiff,Case 3 A17-26576-11618,PENDING-IMAGES,PENDING-IMAGES,PENDING-IMAGES,Non-Viable-Tumor,,,,Case-3,,TCIA Osteosarcoma-Tumor-Assessment DOI 10.7937/tcia.2019.bvhjhdas; PathDB collectionId 18 (updated 2023-12-01),FALSE,UNRESOLVED_LABEL:Non-Viable-Tumor
Case-3-A17-27172-22922,http://pathdb.cancerimagingarchive.net/system/files/wsi/ross/Osteosarcoma-UT/converted/Osteosarcoma-UT/Training-Set-1/set2/Case-3-A17-27172-22922.tiff,Case 3 A17-27172-22922,PENDING-IMAGES,PENDING-IMAGES,PENDING-IMAGES,Non-Viable-Tumor,,,,Case-3,,TCIA Osteosarcoma-Tumor-Assessment DOI 10.7937/tcia.2019.bvhjhdas; PathDB collectionId 18 (updated 2023-12-01),FALSE,UNRESOLVED_LABEL:Non-Viable-Tumor
Case-3-A17-27836-33168,http://pathdb.cancerimagingarchive.net/system/files/wsi/ross/Osteosarcoma-UT/converted/Osteosarcoma-UT/Training-Set-1/set2/Case-3-A17-27836-33168.tiff,Case 3 A17-27836-33168,PENDING-IMAGES,PENDING-IMAGES,PENDING-IMAGES,Non-Tumor,NON_TUMOR,,,Case-3,,TCIA Osteosarcoma-Tumor-Assessment DOI 10.7937/tcia.2019.bvhjhdas; PathDB collectionId 18 (updated 2023-12-01),PENDING-G2,
Case-3-A17-29372-19206,http://pathdb.cancerimagingarchive.net/system/files/wsi/ross/Osteosarcoma-UT/converted/Osteosarcoma-UT/Training-Set-1/set2/Case-3-A17-29372-19206.tiff,Case 3 A17-29372-19206,PENDING-IMAGES,PENDING-IMAGES,PENDING-IMAGES,Non-Viable-Tumor,,,,Case-3,,TCIA Osteosarcoma-Tumor-Assessment DOI 10.7937/tcia.2019.bvhjhdas; PathDB collectionId 18 (updated 2023-12-01),FALSE,UNRESOLVED_LABEL:Non-Viable-Tumor
Case-3-A17-2937-33559,http://pathdb.cancerimagingarchive.net/system/files/wsi/ross/Osteosarcoma-UT/converted/Osteosarcoma-UT/Training-Set-2/set2/Case-3-A17-2937-33559.tiff,Case 3 A17-2937-33559,PENDING-IMAGES,PENDING-IMAGES,PENDING-IMAGES,Non-Tumor,NON_TUMOR,,,Case-3,,TCIA Osteosarcoma-Tumor-Assessment DOI 10.7937/tcia.2019.bvhjhdas; PathDB collectionId 18 (updated 2023-12-01),PENDING-G2,
Case-3-A17-32230-20244,http://pathdb.cancerimagingarchive.net/system/files/wsi/ross/Osteosarcoma-UT/converted/Osteosarcoma-UT/Training-Set-1/set2/Case-3-A17-32230-20244.tiff,Case 3 A17-32230-20244,PENDING-IMAGES,PENDING-IMAGES,PENDING-IMAGES,Non-Viable-Tumor,,,,Case-3,,TCIA Osteosarcoma-Tumor-Assessment DOI 10.7937/tcia.2019.bvhjhdas; PathDB collectionId 18 (updated 2023-12-01),FALSE,UNRESOLVED_LABEL:Non-Viable-Tumor
Case-3-A17-38169-7823,http://pathdb.cancerimagingarchive.net/system/files/wsi/ross/Osteosarcoma-UT/converted/Osteosarcoma-UT/Training-Set-1/set2/Case-3-A17-38169-7823.tiff,Case 3 A17-38169-7823,PENDING-IMAGES,PENDING-IMAGES,PENDING-IMAGES,Non-Viable-Tumor,,,,Case-3,,TCIA Osteosarcoma-Tumor-Assessment DOI 10.7937/tcia.2019.bvhjhdas; PathDB collectionId 18 (updated 2023-12-01),FALSE,UNRESOLVED_LABEL:Non-Viable-Tumor
Case-3-A17-38558-18797,http://pathdb.cancerimagingarchive.net/system/files/wsi/ross/Osteosarcoma-UT/converted/Osteosarcoma-UT/Training-Set-1/set2/Case-3-A17-38558-18797.tiff,Case 3 A17-38558-18797,PENDING-IMAGES,PENDING-IMAGES,PENDING-IMAGES,Non-Viable-Tumor,,,,Case-3,,TCIA Osteosarcoma-Tumor-Assessment DOI 10.7937/tcia.2019.bvhjhdas; PathDB collectionId 18 (updated 2023-12-01),FALSE,UNRESOLVED_LABEL:Non-Viable-Tumor
Case-3-A17-39258-10719,http://pathdb.cancerimagingarchive.net/system/files/wsi/ross/Osteosarcoma-UT/converted/Osteosarcoma-UT/Training-Set-1/set2/Case-3-A17-39258-10719.tiff,Case 3 A17-39258-10719,PENDING-IMAGES,PENDING-IMAGES,PENDING-IMAGES,Non-Viable-Tumor,,,,Case-3,,TCIA Osteosarcoma-Tumor-Assessment DOI 10.7937/tcia.2019.bvhjhdas; PathDB collectionId 18 (updated 2023-12-01),FALSE,UNRESOLVED_LABEL:Non-Viable-Tumor
Case-3-A17-39482-17002,http://pathdb.cancerimagingarchive.net/system/files/wsi/ross/Osteosarcoma-UT/converted/Osteosarcoma-UT/Training-Set-1/set2/Case-3-A17-39482-17002.tiff,Case 3 A17-39482-17002,PENDING-IMAGES,PENDING-IMAGES,PENDING-IMAGES,Non-Viable-Tumor,,,,Case-3,,TCIA Osteosarcoma-Tumor-Assessment DOI 10.7937/tcia.2019.bvhjhdas; PathDB collectionId 18 (updated 2023-12-01),FALSE,UNRESOLVED_LABEL:Non-Viable-Tumor
Case-3-A17-4064-3304,http://pathdb.cancerimagingarchive.net/system/files/wsi/ross/Osteosarcoma-UT/converted/Osteosarcoma-UT/Training-Set-2/set2/Case-3-A17-4064-3304.tiff,Case 3 A17-4064-3304,PENDING-IMAGES,PENDING-IMAGES,PENDING-IMAGES,Non-Viable-Tumor,,,,Case-3,,TCIA Osteosarcoma-Tumor-Assessment DOI 10.7937/tcia.2019.bvhjhdas; PathDB collectionId 18 (updated 2023-12-01),FALSE,UNRESOLVED_LABEL:Non-Viable-Tumor
Case-3-A17-42739-1928,http://pathdb.cancerimagingarchive.net/system/files/wsi/ross/Osteosarcoma-UT/converted/Osteosarcoma-UT/Training-Set-1/set2/Case-3-A17-42739-1928.tiff,Case 3 A17-42739-1928,PENDING-IMAGES,PENDING-IMAGES,PENDING-IMAGES,Non-Viable-Tumor,,,,Case-3,,TCIA Osteosarcoma-Tumor-Assessment DOI 10.7937/tcia.2019.bvhjhdas; PathDB collectionId 18 (updated 2023-12-01),FALSE,UNRESOLVED_LABEL:Non-Viable-Tumor
Case-3-A17-44121-29500,http://pathdb.cancerimagingarchive.net/system/files/wsi/ross/Osteosarcoma-UT/converted/Osteosarcoma-UT/Training-Set-1/set2/Case-3-A17-44121-29500.tiff,Case 3 A17-44121-29500,PENDING-IMAGES,PENDING-IMAGES,PENDING-IMAGES,Non-Tumor,NON_TUMOR,,,Case-3,,TCIA Osteosarcoma-Tumor-Assessment DOI 10.7937/tcia.2019.bvhjhdas; PathDB collectionId 18 (updated 2023-12-01),PENDING-G2,
Case-3-A17-45279-32496,http://pathdb.cancerimagingarchive.net/system/files/wsi/ross/Osteosarcoma-UT/converted/Osteosarcoma-UT/Training-Set-1/set2/Case-3-A17-45279-32496.tiff,Case 3 A17-45279-32496,PENDING-IMAGES,PENDING-IMAGES,PENDING-IMAGES,Non-Tumor,NON_TUMOR,,,Case-3,,TCIA Osteosarcoma-Tumor-Assessment DOI 10.7937/tcia.2019.bvhjhdas; PathDB collectionId 18 (updated 2023-12-01),PENDING-G2,
Case-3-A17-5652-20182,http://pathdb.cancerimagingarchive.net/system/files/wsi/ross/Osteosarcoma-UT/converted/Osteosarcoma-UT/Training-Set-2/set2/Case-3-A17-5652-20182.tiff,Case 3 A17-5652-20182,PENDING-IMAGES,PENDING-IMAGES,PENDING-IMAGES,Non-Tumor,NON_TUMOR,,,Case-3,,TCIA Osteosarcoma-Tumor-Assessment DOI 10.7937/tcia.2019.bvhjhdas; PathDB collectionId 18 (updated 2023-12-01),PENDING-G2,
Case-3-A17-6827-25257,http://pathdb.cancerimagingarchive.net/system/files/wsi/ross/Osteosarcoma-UT/converted/Osteosarcoma-UT/Training-Set-2/set2/Case-3-A17-6827-25257.tiff,Case 3 A17-6827-25257,PENDING-IMAGES,PENDING-IMAGES,PENDING-IMAGES,Non-Viable-Tumor,,,,Case-3,,TCIA Osteosarcoma-Tumor-Assessment DOI 10.7937/tcia.2019.bvhjhdas; PathDB collectionId 18 (updated 2023-12-01),FALSE,UNRESOLVED_LABEL:Non-Viable-Tumor
Case-3-A17-7799-34542,http://pathdb.cancerimagingarchive.net/system/files/wsi/ross/Osteosarcoma-UT/converted/Osteosarcoma-UT/Training-Set-2/set2/Case-3-A17-7799-34542.tiff,Case 3 A17-7799-34542,PENDING-IMAGES,PENDING-IMAGES,PENDING-IMAGES,Non-Tumor,NON_TUMOR,,,Case-3,,TCIA Osteosarcoma-Tumor-Assessment DOI 10.7937/tcia.2019.bvhjhdas; PathDB collectionId 18 (updated 2023-12-01),PENDING-G2,
Case-3-A17-8146-19462,http://pathdb.cancerimagingarchive.net/system/files/wsi/ross/Osteosarcoma-UT/converted/Osteosarcoma-UT/Training-Set-2/set3/Case-3-A17-8146-19462.tiff,Case 3 A17-8146-19462,PENDING-IMAGES,PENDING-IMAGES,PENDING-IMAGES,Non-Tumor,NON_TUMOR,,,Case-3,,TCIA Osteosarcoma-Tumor-Assessment DOI 10.7937/tcia.2019.bvhjhdas; PathDB collectionId 18 (updated 2023-12-01),PENDING-G2,
Case-3-A18-10642-28016,http://pathdb.cancerimagingarchive.net/system/files/wsi/ross/Osteosarcoma-UT/converted/Osteosarcoma-UT/Training-Set-2/set3/Case-3-A18-10642-28016.tiff,Case 3 A18-10642-28016,PENDING-IMAGES,PENDING-IMAGES,PENDING-IMAGES,Non-Tumor,NON_TUMOR,,,Case-3,,TCIA Osteosarcoma-Tumor-Assessment DOI 10.7937/tcia.2019.bvhjhdas; PathDB collectionId 18 (updated 2023-12-01),PENDING-G2,
Case-3-A18-11012-16647,http://pathdb.cancerimagingarchive.net/system/files/wsi/ross/Osteosarcoma-UT/converted/Osteosarcoma-UT/Training-Set-2/set3/Case-3-A18-11012-16647.tiff,Case 3 A18-11012-16647,PENDING-IMAGES,PENDING-IMAGES,PENDING-IMAGES,Non-Tumor,NON_TUMOR,,,Case-3,,TCIA Osteosarcoma-Tumor-Assessment DOI 10.7937/tcia.2019.bvhjhdas; PathDB collectionId 18 (updated 2023-12-01),PENDING-G2,
Case-3-A18-11113-4790,http://pathdb.cancerimagingarchive.net/system/files/wsi/ross/Osteosarcoma-UT/converted/Osteosarcoma-UT/Training-Set-2/set3/Case-3-A18-11113-4790.tiff,Case 3 A18-11113-4790,PENDING-IMAGES,PENDING-IMAGES,PENDING-IMAGES,Non-Viable-Tumor,,,,Case-3,,TCIA Osteosarcoma-Tumor-Assessment DOI 10.7937/tcia.2019.bvhjhdas; PathDB collectionId 18 (updated 2023-12-01),FALSE,UNRESOLVED_LABEL:Non-Viable-Tumor
Case-3-A18-13866-37377,http://pathdb.cancerimagingarchive.net/system/files/wsi/ross/Osteosarcoma-UT/converted/Osteosarcoma-UT/Training-Set-2/set3/Case-3-A18-13866-37377.tiff,Case 3 A18-13866-37377,PENDING-IMAGES,PENDING-IMAGES,PENDING-IMAGES,Non-Tumor,NON_TUMOR,,,Case-3,,TCIA Osteosarcoma-Tumor-Assessment DOI 10.7937/tcia.2019.bvhjhdas; PathDB collectionId 18 (updated 2023-12-01),PENDING-G2,
Case-3-A18-14183-14592,http://pathdb.cancerimagingarchive.net/system/files/wsi/ross/Osteosarcoma-UT/converted/Osteosarcoma-UT/Training-Set-2/set3/Case-3-A18-14183-14592.tiff,Case 3 A18-14183-14592,PENDING-IMAGES,PENDING-IMAGES,PENDING-IMAGES,Non-Viable-Tumor,,,,Case-3,,TCIA Osteosarcoma-Tumor-Assessment DOI 10.7937/tcia.2019.bvhjhdas; PathDB collectionId 18 (updated 2023-12-01),FALSE,UNRESOLVED_LABEL:Non-Viable-Tumor
Case-3-A18-16291-27049,http://pathdb.cancerimagingarchive.net/system/files/wsi/ross/Osteosarcoma-UT/converted/Osteosarcoma-UT/Training-Set-2/set3/Case-3-A18-16291-27049.tiff,Case 3 A18-16291-27049,PENDING-IMAGES,PENDING-IMAGES,PENDING-IMAGES,Non-Viable-Tumor,,,,Case-3,,TCIA Osteosarcoma-Tumor-Assessment DOI 10.7937/tcia.2019.bvhjhdas; PathDB collectionId 18 (updated 2023-12-01),FALSE,UNRESOLVED_LABEL:Non-Viable-Tumor
Case-3-A18-19765-24396,http://pathdb.cancerimagingarchive.net/system/files/wsi/ross/Osteosarcoma-UT/converted/Osteosarcoma-UT/Training-Set-2/set3/Case-3-A18-19765-24396.tiff,Case 3 A18-19765-24396,PENDING-IMAGES,PENDING-IMAGES,PENDING-IMAGES,Non-Tumor,NON_TUMOR,,,Case-3,,TCIA Osteosarcoma-Tumor-Assessment DOI 10.7937/tcia.2019.bvhjhdas; PathDB collectionId 18 (updated 2023-12-01),PENDING-G2,
Case-3-A18-19927-30678,http://pathdb.cancerimagingarchive.net/system/files/wsi/ross/Osteosarcoma-UT/converted/Osteosarcoma-UT/Training-Set-1/set2/Case-3-A18-19927-30678.tiff,Case 3 A18-19927-30678,PENDING-IMAGES,PENDING-IMAGES,PENDING-IMAGES,Non-Tumor,NON_TUMOR,,,Case-3,,TCIA Osteosarcoma-Tumor-Assessment DOI 10.7937/tcia.2019.bvhjhdas; PathDB collectionId 18 (updated 2023-12-01),PENDING-G2,
Case-3-A18-21774-29686,http://pathdb.cancerimagingarchive.net/system/files/wsi/ross/Osteosarcoma-UT/converted/Osteosarcoma-UT/Training-Set-1/set3/Case-3-A18-21774-29686.tiff,Case 3 A18-21774-29686,PENDING-IMAGES,PENDING-IMAGES,PENDING-IMAGES,Non-Viable-Tumor,,,,Case-3,,TCIA Osteosarcoma-Tumor-Assessment DOI 10.7937/tcia.2019.bvhjhdas; PathDB collectionId 18 (updated 2023-12-01),FALSE,UNRESOLVED_LABEL:Non-Viable-Tumor
Case-3-A18-22725-7679,http://pathdb.cancerimagingarchive.net/system/files/wsi/ross/Osteosarcoma-UT/converted/Osteosarcoma-UT/Training-Set-1/set3/Case-3-A18-22725-7679.tiff,Case 3 A18-22725-7679,PENDING-IMAGES,PENDING-IMAGES,PENDING-IMAGES,Non-Viable-Tumor,,,,Case-3,,TCIA Osteosarcoma-Tumor-Assessment DOI 10.7937/tcia.2019.bvhjhdas; PathDB collectionId 18 (updated 2023-12-01),FALSE,UNRESOLVED_LABEL:Non-Viable-Tumor
Case-3-A18-26671-8353,http://pathdb.cancerimagingarchive.net/system/files/wsi/ross/Osteosarcoma-UT/converted/Osteosarcoma-UT/Training-Set-1/set3/Case-3-A18-26671-8353.tiff,Case 3 A18-26671-8353,PENDING-IMAGES,PENDING-IMAGES,PENDING-IMAGES,Non-Viable-Tumor,,,,Case-3,,TCIA Osteosarcoma-Tumor-Assessment DOI 10.7937/tcia.2019.bvhjhdas; PathDB collectionId 18 (updated 2023-12-01),FALSE,UNRESOLVED_LABEL:Non-Viable-Tumor
Case-3-A18-28050-10869,http://pathdb.cancerimagingarchive.net/system/files/wsi/ross/Osteosarcoma-UT/converted/Osteosarcoma-UT/Training-Set-1/set3/Case-3-A18-28050-10869.tiff,Case 3 A18-28050-10869,PENDING-IMAGES,PENDING-IMAGES,PENDING-IMAGES,Non-Viable-Tumor,,,,Case-3,,TCIA Osteosarcoma-Tumor-Assessment DOI 10.7937/tcia.2019.bvhjhdas; PathDB collectionId 18 (updated 2023-12-01),FALSE,UNRESOLVED_LABEL:Non-Viable-Tumor
Case-3-A18-29907-24273,http://pathdb.cancerimagingarchive.net/system/files/wsi/ross/Osteosarcoma-UT/converted/Osteosarcoma-UT/Training-Set-1/set3/Case-3-A18-29907-24273.tiff,Case 3 A18-29907-24273,PENDING-IMAGES,PENDING-IMAGES,PENDING-IMAGES,Non-Viable-Tumor,,,,Case-3,,TCIA Osteosarcoma-Tumor-Assessment DOI 10.7937/tcia.2019.bvhjhdas; PathDB collectionId 18 (updated 2023-12-01),FALSE,UNRESOLVED_LABEL:Non-Viable-Tumor
Case-3-A18-30239-1991,http://pathdb.cancerimagingarchive.net/system/files/wsi/ross/Osteosarcoma-UT/converted/Osteosarcoma-UT/Training-Set-1/set3/Case-3-A18-30239-1991.tiff,Case 3 A18-30239-1991,PENDING-IMAGES,PENDING-IMAGES,PENDING-IMAGES,Non-Viable-Tumor,,,,Case-3,,TCIA Osteosarcoma-Tumor-Assessment DOI 10.7937/tcia.2019.bvhjhdas; PathDB collectionId 18 (updated 2023-12-01),FALSE,UNRESOLVED_LABEL:Non-Viable-Tumor
Case-3-A18-37523-16456,http://pathdb.cancerimagingarchive.net/system/files/wsi/ross/Osteosarcoma-UT/converted/Osteosarcoma-UT/Training-Set-1/set3/Case-3-A18-37523-16456.tiff,Case 3 A18-37523-16456,PENDING-IMAGES,PENDING-IMAGES,PENDING-IMAGES,Non-Viable-Tumor,,,,Case-3,,TCIA Osteosarcoma-Tumor-Assessment DOI 10.7937/tcia.2019.bvhjhdas; PathDB collectionId 18 (updated 2023-12-01),FALSE,UNRESOLVED_LABEL:Non-Viable-Tumor
Case-3-A18-37940-12063,http://pathdb.cancerimagingarchive.net/system/files/wsi/ross/Osteosarcoma-UT/converted/Osteosarcoma-UT/Training-Set-1/set3/Case-3-A18-37940-12063.tiff,Case 3 A18-37940-12063,PENDING-IMAGES,PENDING-IMAGES,PENDING-IMAGES,Non-Viable-Tumor,,,,Case-3,,TCIA Osteosarcoma-Tumor-Assessment DOI 10.7937/tcia.2019.bvhjhdas; PathDB collectionId 18 (updated 2023-12-01),FALSE,UNRESOLVED_LABEL:Non-Viable-Tumor
Case-3-A18-3816-24060,http://pathdb.cancerimagingarchive.net/system/files/wsi/ross/Osteosarcoma-UT/converted/Osteosarcoma-UT/Training-Set-2/set3/Case-3-A18-3816-24060.tiff,Case 3 A18-3816-24060,PENDING-IMAGES,PENDING-IMAGES,PENDING-IMAGES,Non-Tumor,NON_TUMOR,,,Case-3,,TCIA Osteosarcoma-Tumor-Assessment DOI 10.7937/tcia.2019.bvhjhdas; PathDB collectionId 18 (updated 2023-12-01),PENDING-G2,
Case-3-A18-39897-25655,http://pathdb.cancerimagingarchive.net/system/files/wsi/ross/Osteosarcoma-UT/converted/Osteosarcoma-UT/Training-Set-1/set3/Case-3-A18-39897-25655.tiff,Case 3 A18-39897-25655,PENDING-IMAGES,PENDING-IMAGES,PENDING-IMAGES,Non-Viable-Tumor,,,,Case-3,,TCIA Osteosarcoma-Tumor-Assessment DOI 10.7937/tcia.2019.bvhjhdas; PathDB collectionId 18 (updated 2023-12-01),FALSE,UNRESOLVED_LABEL:Non-Viable-Tumor
Case-3-A18-41302-32324,http://pathdb.cancerimagingarchive.net/system/files/wsi/ross/Osteosarcoma-UT/converted/Osteosarcoma-UT/Training-Set-1/set3/Case-3-A18-41302-32324.tiff,Case 3 A18-41302-32324,PENDING-IMAGES,PENDING-IMAGES,PENDING-IMAGES,Non-Tumor,NON_TUMOR,,,Case-3,,TCIA Osteosarcoma-Tumor-Assessment DOI 10.7937/tcia.2019.bvhjhdas; PathDB collectionId 18 (updated 2023-12-01),PENDING-G2,
Case-3-A18-41611-21066,http://pathdb.cancerimagingarchive.net/system/files/wsi/ross/Osteosarcoma-UT/converted/Osteosarcoma-UT/Training-Set-1/set3/Case-3-A18-41611-21066.tiff,Case 3 A18-41611-21066,PENDING-IMAGES,PENDING-IMAGES,PENDING-IMAGES,Non-Viable-Tumor,,,,Case-3,,TCIA Osteosarcoma-Tumor-Assessment DOI 10.7937/tcia.2019.bvhjhdas; PathDB collectionId 18 (updated 2023-12-01),FALSE,UNRESOLVED_LABEL:Non-Viable-Tumor
Case-3-A18-41817-26873,http://pathdb.cancerimagingarchive.net/system/files/wsi/ross/Osteosarcoma-UT/converted/Osteosarcoma-UT/Training-Set-1/set3/Case-3-A18-41817-26873.tiff,Case 3 A18-41817-26873,PENDING-IMAGES,PENDING-IMAGES,PENDING-IMAGES,Non-Viable-Tumor,,,,Case-3,,TCIA Osteosarcoma-Tumor-Assessment DOI 10.7937/tcia.2019.bvhjhdas; PathDB collectionId 18 (updated 2023-12-01),FALSE,UNRESOLVED_LABEL:Non-Viable-Tumor
Case-3-A18-42378-16271,http://pathdb.cancerimagingarchive.net/system/files/wsi/ross/Osteosarcoma-UT/converted/Osteosarcoma-UT/Training-Set-1/set3/Case-3-A18-42378-16271.tiff,Case 3 A18-42378-16271,PENDING-IMAGES,PENDING-IMAGES,PENDING-IMAGES,Non-Viable-Tumor,,,,Case-3,,TCIA Osteosarcoma-Tumor-Assessment DOI 10.7937/tcia.2019.bvhjhdas; PathDB collectionId 18 (updated 2023-12-01),FALSE,UNRESOLVED_LABEL:Non-Viable-Tumor
Case-3-A18-6464-3819,http://pathdb.cancerimagingarchive.net/system/files/wsi/ross/Osteosarcoma-UT/converted/Osteosarcoma-UT/Training-Set-2/set3/Case-3-A18-6464-3819.tiff,Case 3 A18-6464-3819,PENDING-IMAGES,PENDING-IMAGES,PENDING-IMAGES,Non-Viable-Tumor,,,,Case-3,,TCIA Osteosarcoma-Tumor-Assessment DOI 10.7937/tcia.2019.bvhjhdas; PathDB collectionId 18 (updated 2023-12-01),FALSE,UNRESOLVED_LABEL:Non-Viable-Tumor
Case-3-A18-6551-37204,http://pathdb.cancerimagingarchive.net/system/files/wsi/ross/Osteosarcoma-UT/converted/Osteosarcoma-UT/Training-Set-2/set3/Case-3-A18-6551-37204.tiff,Case 3 A18-6551-37204,PENDING-IMAGES,PENDING-IMAGES,PENDING-IMAGES,Non-Tumor,NON_TUMOR,,,Case-3,,TCIA Osteosarcoma-Tumor-Assessment DOI 10.7937/tcia.2019.bvhjhdas; PathDB collectionId 18 (updated 2023-12-01),PENDING-G2,
Case-3-A18-9303-23566,http://pathdb.cancerimagingarchive.net/system/files/wsi/ross/Osteosarcoma-UT/converted/Osteosarcoma-UT/Training-Set-2/set3/Case-3-A18-9303-23566.tiff,Case 3 A18-9303-23566,PENDING-IMAGES,PENDING-IMAGES,PENDING-IMAGES,Non-Tumor,NON_TUMOR,,,Case-3,,TCIA Osteosarcoma-Tumor-Assessment DOI 10.7937/tcia.2019.bvhjhdas; PathDB collectionId 18 (updated 2023-12-01),PENDING-G2,
Case-3-A18-9485-39729,http://pathdb.cancerimagingarchive.net/system/files/wsi/ross/Osteosarcoma-UT/converted/Osteosarcoma-UT/Training-Set-2/set3/Case-3-A18-9485-39729.tiff,Case 3 A18-9485-39729,PENDING-IMAGES,PENDING-IMAGES,PENDING-IMAGES,Non-Tumor,NON_TUMOR,,,Case-3,,TCIA Osteosarcoma-Tumor-Assessment DOI 10.7937/tcia.2019.bvhjhdas; PathDB collectionId 18 (updated 2023-12-01),PENDING-G2,
Case-3-A18-9709-20966,http://pathdb.cancerimagingarchive.net/system/files/wsi/ross/Osteosarcoma-UT/converted/Osteosarcoma-UT/Training-Set-2/set3/Case-3-A18-9709-20966.tiff,Case 3 A18-9709-20966,PENDING-IMAGES,PENDING-IMAGES,PENDING-IMAGES,Non-Tumor,NON_TUMOR,,,Case-3,,TCIA Osteosarcoma-Tumor-Assessment DOI 10.7937/tcia.2019.bvhjhdas; PathDB collectionId 18 (updated 2023-12-01),PENDING-G2,
Case-3-A18-9712-32113,http://pathdb.cancerimagingarchive.net/system/files/wsi/ross/Osteosarcoma-UT/converted/Osteosarcoma-UT/Training-Set-2/set3/Case-3-A18-9712-32113.tiff,Case 3 A18-9712-32113,PENDING-IMAGES,PENDING-IMAGES,PENDING-IMAGES,Non-Tumor,NON_TUMOR,,,Case-3,,TCIA Osteosarcoma-Tumor-Assessment DOI 10.7937/tcia.2019.bvhjhdas; PathDB collectionId 18 (updated 2023-12-01),PENDING-G2,
Case-3-A7-10464-40567,http://pathdb.cancerimagingarchive.net/system/files/wsi/ross/Osteosarcoma-UT/converted/Osteosarcoma-UT/Training-Set-2/set3/Case-3-A7-10464-40567.tiff,Case 3 A7-10464-40567,PENDING-IMAGES,PENDING-IMAGES,PENDING-IMAGES,Non-Tumor,NON_TUMOR,,,Case-3,,TCIA Osteosarcoma-Tumor-Assessment DOI 10.7937/tcia.2019.bvhjhdas; PathDB collectionId 18 (updated 2023-12-01),PENDING-G2,
Case-3-A7-11686-7821,http://pathdb.cancerimagingarchive.net/system/files/wsi/ross/Osteosarcoma-UT/converted/Osteosarcoma-UT/Training-Set-2/set3/Case-3-A7-11686-7821.tiff,Case 3 A7-11686-7821,PENDING-IMAGES,PENDING-IMAGES,PENDING-IMAGES,Non-Viable-Tumor,,,,Case-3,,TCIA Osteosarcoma-Tumor-Assessment DOI 10.7937/tcia.2019.bvhjhdas; PathDB collectionId 18 (updated 2023-12-01),FALSE,UNRESOLVED_LABEL:Non-Viable-Tumor
Case-3-A7-12689-31503,http://pathdb.cancerimagingarchive.net/system/files/wsi/ross/Osteosarcoma-UT/converted/Osteosarcoma-UT/Training-Set-2/set3/Case-3-A7-12689-31503.tiff,Case 3 A7-12689-31503,PENDING-IMAGES,PENDING-IMAGES,PENDING-IMAGES,Non-Tumor,NON_TUMOR,,,Case-3,,TCIA Osteosarcoma-Tumor-Assessment DOI 10.7937/tcia.2019.bvhjhdas; PathDB collectionId 18 (updated 2023-12-01),PENDING-G2,
Case-3-A7-12921-34202,http://pathdb.cancerimagingarchive.net/system/files/wsi/ross/Osteosarcoma-UT/converted/Osteosarcoma-UT/Training-Set-2/set3/Case-3-A7-12921-34202.tiff,Case 3 A7-12921-34202,PENDING-IMAGES,PENDING-IMAGES,PENDING-IMAGES,Non-Tumor,NON_TUMOR,,,Case-3,,TCIA Osteosarcoma-Tumor-Assessment DOI 10.7937/tcia.2019.bvhjhdas; PathDB collectionId 18 (updated 2023-12-01),PENDING-G2,
Case-3-A7-13231-25695,http://pathdb.cancerimagingarchive.net/system/files/wsi/ross/Osteosarcoma-UT/converted/Osteosarcoma-UT/Training-Set-2/set3/Case-3-A7-13231-25695.tiff,Case 3 A7-13231-25695,PENDING-IMAGES,PENDING-IMAGES,PENDING-IMAGES,Non-Viable-Tumor,,,,Case-3,,TCIA Osteosarcoma-Tumor-Assessment DOI 10.7937/tcia.2019.bvhjhdas; PathDB collectionId 18 (updated 2023-12-01),FALSE,UNRESOLVED_LABEL:Non-Viable-Tumor
Case-3-A7-13363-2996,http://pathdb.cancerimagingarchive.net/system/files/wsi/ross/Osteosarcoma-UT/converted/Osteosarcoma-UT/Training-Set-2/set3/Case-3-A7-13363-2996.tiff,Case 3 A7-13363-2996,PENDING-IMAGES,PENDING-IMAGES,PENDING-IMAGES,Non-Viable-Tumor,,,,Case-3,,TCIA Osteosarcoma-Tumor-Assessment DOI 10.7937/tcia.2019.bvhjhdas; PathDB collectionId 18 (updated 2023-12-01),FALSE,UNRESOLVED_LABEL:Non-Viable-Tumor
Case-3-A7-13460-33035,http://pathdb.cancerimagingarchive.net/system/files/wsi/ross/Osteosarcoma-UT/converted/Osteosarcoma-UT/Training-Set-2/set3/Case-3-A7-13460-33035.tiff,Case 3 A7-13460-33035,PENDING-IMAGES,PENDING-IMAGES,PENDING-IMAGES,Non-Tumor,NON_TUMOR,,,Case-3,,TCIA Osteosarcoma-Tumor-Assessment DOI 10.7937/tcia.2019.bvhjhdas; PathDB collectionId 18 (updated 2023-12-01),PENDING-G2,
Case-3-A7-14113-31320,http://pathdb.cancerimagingarchive.net/system/files/wsi/ross/Osteosarcoma-UT/converted/Osteosarcoma-UT/Training-Set-2/set3/Case-3-A7-14113-31320.tiff,Case 3 A7-14113-31320,PENDING-IMAGES,PENDING-IMAGES,PENDING-IMAGES,Non-Tumor,NON_TUMOR,,,Case-3,,TCIA Osteosarcoma-Tumor-Assessment DOI 10.7937/tcia.2019.bvhjhdas; PathDB collectionId 18 (updated 2023-12-01),PENDING-G2,
Case-3-A7-14703-16558,http://pathdb.cancerimagingarchive.net/system/files/wsi/ross/Osteosarcoma-UT/converted/Osteosarcoma-UT/Training-Set-2/set3/Case-3-A7-14703-16558.tiff,Case 3 A7-14703-16558,PENDING-IMAGES,PENDING-IMAGES,PENDING-IMAGES,Non-Viable-Tumor,,,,Case-3,,TCIA Osteosarcoma-Tumor-Assessment DOI 10.7937/tcia.2019.bvhjhdas; PathDB collectionId 18 (updated 2023-12-01),FALSE,UNRESOLVED_LABEL:Non-Viable-Tumor
Case-3-A7-16948-19208,http://pathdb.cancerimagingarchive.net/system/files/wsi/ross/Osteosarcoma-UT/converted/Osteosarcoma-UT/Training-Set-2/set3/Case-3-A7-16948-19208.tiff,Case 3 A7-16948-19208,PENDING-IMAGES,PENDING-IMAGES,PENDING-IMAGES,Non-Tumor,NON_TUMOR,,,Case-3,,TCIA Osteosarcoma-Tumor-Assessment DOI 10.7937/tcia.2019.bvhjhdas; PathDB collectionId 18 (updated 2023-12-01),PENDING-G2,
Case-3-A7-18669-5101,http://pathdb.cancerimagingarchive.net/system/files/wsi/ross/Osteosarcoma-UT/converted/Osteosarcoma-UT/Training-Set-2/set3/Case-3-A7-18669-5101.tiff,Case 3 A7-18669-5101,PENDING-IMAGES,PENDING-IMAGES,PENDING-IMAGES,Non-Viable-Tumor,,,,Case-3,,TCIA Osteosarcoma-Tumor-Assessment DOI 10.7937/tcia.2019.bvhjhdas; PathDB collectionId 18 (updated 2023-12-01),FALSE,UNRESOLVED_LABEL:Non-Viable-Tumor
Case-3-A7-19592-19096,http://pathdb.cancerimagingarchive.net/system/files/wsi/ross/Osteosarcoma-UT/converted/Osteosarcoma-UT/Training-Set-2/set3/Case-3-A7-19592-19096.tiff,Case 3 A7-19592-19096,PENDING-IMAGES,PENDING-IMAGES,PENDING-IMAGES,Non-Viable-Tumor,,,,Case-3,,TCIA Osteosarcoma-Tumor-Assessment DOI 10.7937/tcia.2019.bvhjhdas; PathDB collectionId 18 (updated 2023-12-01),FALSE,UNRESOLVED_LABEL:Non-Viable-Tumor
Case-3-A7-22533-27072,http://pathdb.cancerimagingarchive.net/system/files/wsi/ross/Osteosarcoma-UT/converted/Osteosarcoma-UT/Training-Set-1/set3/Case-3-A7-22533-27072.tiff,Case 3 A7-22533-27072,PENDING-IMAGES,PENDING-IMAGES,PENDING-IMAGES,Non-Viable-Tumor,,,,Case-3,,TCIA Osteosarcoma-Tumor-Assessment DOI 10.7937/tcia.2019.bvhjhdas; PathDB collectionId 18 (updated 2023-12-01),FALSE,UNRESOLVED_LABEL:Non-Viable-Tumor
Case-3-A7-25131-12730,http://pathdb.cancerimagingarchive.net/system/files/wsi/ross/Osteosarcoma-UT/converted/Osteosarcoma-UT/Training-Set-1/set3/Case-3-A7-25131-12730.tiff,Case 3 A7-25131-12730,PENDING-IMAGES,PENDING-IMAGES,PENDING-IMAGES,Non-Viable-Tumor,,,,Case-3,,TCIA Osteosarcoma-Tumor-Assessment DOI 10.7937/tcia.2019.bvhjhdas; PathDB collectionId 18 (updated 2023-12-01),FALSE,UNRESOLVED_LABEL:Non-Viable-Tumor
Case-3-A7-25309-2061,http://pathdb.cancerimagingarchive.net/system/files/wsi/ross/Osteosarcoma-UT/converted/Osteosarcoma-UT/Training-Set-1/set3/Case-3-A7-25309-2061.tiff,Case 3 A7-25309-2061,PENDING-IMAGES,PENDING-IMAGES,PENDING-IMAGES,Non-Viable-Tumor,,,,Case-3,,TCIA Osteosarcoma-Tumor-Assessment DOI 10.7937/tcia.2019.bvhjhdas; PathDB collectionId 18 (updated 2023-12-01),FALSE,UNRESOLVED_LABEL:Non-Viable-Tumor
Case-3-A7-27102-7995,http://pathdb.cancerimagingarchive.net/system/files/wsi/ross/Osteosarcoma-UT/converted/Osteosarcoma-UT/Training-Set-1/set3/Case-3-A7-27102-7995.tiff,Case 3 A7-27102-7995,PENDING-IMAGES,PENDING-IMAGES,PENDING-IMAGES,Non-Viable-Tumor,,,,Case-3,,TCIA Osteosarcoma-Tumor-Assessment DOI 10.7937/tcia.2019.bvhjhdas; PathDB collectionId 18 (updated 2023-12-01),FALSE,UNRESOLVED_LABEL:Non-Viable-Tumor
Case-3-A7-29290-29183,http://pathdb.cancerimagingarchive.net/system/files/wsi/ross/Osteosarcoma-UT/converted/Osteosarcoma-UT/Training-Set-1/set3/Case-3-A7-29290-29183.tiff,Case 3 A7-29290-29183,PENDING-IMAGES,PENDING-IMAGES,PENDING-IMAGES,Non-Tumor,NON_TUMOR,,,Case-3,,TCIA Osteosarcoma-Tumor-Assessment DOI 10.7937/tcia.2019.bvhjhdas; PathDB collectionId 18 (updated 2023-12-01),PENDING-G2,
Case-3-A7-29420-19979,http://pathdb.cancerimagingarchive.net/system/files/wsi/ross/Osteosarcoma-UT/converted/Osteosarcoma-UT/Training-Set-1/set3/Case-3-A7-29420-19979.tiff,Case 3 A7-29420-19979,PENDING-IMAGES,PENDING-IMAGES,PENDING-IMAGES,Non-Viable-Tumor,,,,Case-3,,TCIA Osteosarcoma-Tumor-Assessment DOI 10.7937/tcia.2019.bvhjhdas; PathDB collectionId 18 (updated 2023-12-01),FALSE,UNRESOLVED_LABEL:Non-Viable-Tumor
Case-3-A7-31694-7282,http://pathdb.cancerimagingarchive.net/system/files/wsi/ross/Osteosarcoma-UT/converted/Osteosarcoma-UT/Training-Set-1/set3/Case-3-A7-31694-7282.tiff,Case 3 A7-31694-7282,PENDING-IMAGES,PENDING-IMAGES,PENDING-IMAGES,Non-Viable-Tumor,,,,Case-3,,TCIA Osteosarcoma-Tumor-Assessment DOI 10.7937/tcia.2019.bvhjhdas; PathDB collectionId 18 (updated 2023-12-01),FALSE,UNRESOLVED_LABEL:Non-Viable-Tumor
Case-3-A7-31801-6579,http://pathdb.cancerimagingarchive.net/system/files/wsi/ross/Osteosarcoma-UT/converted/Osteosarcoma-UT/Training-Set-1/set3/Case-3-A7-31801-6579.tiff,Case 3 A7-31801-6579,PENDING-IMAGES,PENDING-IMAGES,PENDING-IMAGES,Non-Viable-Tumor,,,,Case-3,,TCIA Osteosarcoma-Tumor-Assessment DOI 10.7937/tcia.2019.bvhjhdas; PathDB collectionId 18 (updated 2023-12-01),FALSE,UNRESOLVED_LABEL:Non-Viable-Tumor
Case-3-A7-32878-13552,http://pathdb.cancerimagingarchive.net/system/files/wsi/ross/Osteosarcoma-UT/converted/Osteosarcoma-UT/Training-Set-1/set3/Case-3-A7-32878-13552.tiff,Case 3 A7-32878-13552,PENDING-IMAGES,PENDING-IMAGES,PENDING-IMAGES,Non-Viable-Tumor,,,,Case-3,,TCIA Osteosarcoma-Tumor-Assessment DOI 10.7937/tcia.2019.bvhjhdas; PathDB collectionId 18 (updated 2023-12-01),FALSE,UNRESOLVED_LABEL:Non-Viable-Tumor
Case-3-A7-34476-34669,http://pathdb.cancerimagingarchive.net/system/files/wsi/ross/Osteosarcoma-UT/converted/Osteosarcoma-UT/Training-Set-1/set3/Case-3-A7-34476-34669.tiff,Case 3 A7-34476-34669,PENDING-IMAGES,PENDING-IMAGES,PENDING-IMAGES,Non-Tumor,NON_TUMOR,,,Case-3,,TCIA Osteosarcoma-Tumor-Assessment DOI 10.7937/tcia.2019.bvhjhdas; PathDB collectionId 18 (updated 2023-12-01),PENDING-G2,
Case-3-A7-35188-7457,http://pathdb.cancerimagingarchive.net/system/files/wsi/ross/Osteosarcoma-UT/converted/Osteosarcoma-UT/Training-Set-1/set3/Case-3-A7-35188-7457.tiff,Case 3 A7-35188-7457,PENDING-IMAGES,PENDING-IMAGES,PENDING-IMAGES,Non-Viable-Tumor,,,,Case-3,,TCIA Osteosarcoma-Tumor-Assessment DOI 10.7937/tcia.2019.bvhjhdas; PathDB collectionId 18 (updated 2023-12-01),FALSE,UNRESOLVED_LABEL:Non-Viable-Tumor
Case-3-A7-36617-26705,http://pathdb.cancerimagingarchive.net/system/files/wsi/ross/Osteosarcoma-UT/converted/Osteosarcoma-UT/Training-Set-1/set3/Case-3-A7-36617-26705.tiff,Case 3 A7-36617-26705,PENDING-IMAGES,PENDING-IMAGES,PENDING-IMAGES,Non-Viable-Tumor,,,,Case-3,,TCIA Osteosarcoma-Tumor-Assessment DOI 10.7937/tcia.2019.bvhjhdas; PathDB collectionId 18 (updated 2023-12-01),FALSE,UNRESOLVED_LABEL:Non-Viable-Tumor
Case-3-A7-36958-32140,http://pathdb.cancerimagingarchive.net/system/files/wsi/ross/Osteosarcoma-UT/converted/Osteosarcoma-UT/Training-Set-1/set3/Case-3-A7-36958-32140.tiff,Case 3 A7-36958-32140,PENDING-IMAGES,PENDING-IMAGES,PENDING-IMAGES,Non-Tumor,NON_TUMOR,,,Case-3,,TCIA Osteosarcoma-Tumor-Assessment DOI 10.7937/tcia.2019.bvhjhdas; PathDB collectionId 18 (updated 2023-12-01),PENDING-G2,
Case-3-A7-3774-28397,http://pathdb.cancerimagingarchive.net/system/files/wsi/ross/Osteosarcoma-UT/converted/Osteosarcoma-UT/Training-Set-2/set3/Case-3-A7-3774-28397.tiff,Case 3 A7-3774-28397,PENDING-IMAGES,PENDING-IMAGES,PENDING-IMAGES,Non-Tumor,NON_TUMOR,,,Case-3,,TCIA Osteosarcoma-Tumor-Assessment DOI 10.7937/tcia.2019.bvhjhdas; PathDB collectionId 18 (updated 2023-12-01),PENDING-G2,
Case-3-A7-39090-2995,http://pathdb.cancerimagingarchive.net/system/files/wsi/ross/Osteosarcoma-UT/converted/Osteosarcoma-UT/Training-Set-1/set3/Case-3-A7-39090-2995.tiff,Case 3 A7-39090-2995,PENDING-IMAGES,PENDING-IMAGES,PENDING-IMAGES,Non-Viable-Tumor,,,,Case-3,,TCIA Osteosarcoma-Tumor-Assessment DOI 10.7937/tcia.2019.bvhjhdas; PathDB collectionId 18 (updated 2023-12-01),FALSE,UNRESOLVED_LABEL:Non-Viable-Tumor
Case-3-A7-40281-28771,http://pathdb.cancerimagingarchive.net/system/files/wsi/ross/Osteosarcoma-UT/converted/Osteosarcoma-UT/Training-Set-1/set3/Case-3-A7-40281-28771.tiff,Case 3 A7-40281-28771,PENDING-IMAGES,PENDING-IMAGES,PENDING-IMAGES,Non-Tumor,NON_TUMOR,,,Case-3,,TCIA Osteosarcoma-Tumor-Assessment DOI 10.7937/tcia.2019.bvhjhdas; PathDB collectionId 18 (updated 2023-12-01),PENDING-G2,
Case-3-A7-5014-31757,http://pathdb.cancerimagingarchive.net/system/files/wsi/ross/Osteosarcoma-UT/converted/Osteosarcoma-UT/Training-Set-2/set3/Case-3-A7-5014-31757.tiff,Case 3 A7-5014-31757,PENDING-IMAGES,PENDING-IMAGES,PENDING-IMAGES,Non-Tumor,NON_TUMOR,,,Case-3,,TCIA Osteosarcoma-Tumor-Assessment DOI 10.7937/tcia.2019.bvhjhdas; PathDB collectionId 18 (updated 2023-12-01),PENDING-G2,
Case-3-A7-7717-26653,http://pathdb.cancerimagingarchive.net/system/files/wsi/ross/Osteosarcoma-UT/converted/Osteosarcoma-UT/Training-Set-2/set3/Case-3-A7-7717-26653.tiff,Case 3 A7-7717-26653,PENDING-IMAGES,PENDING-IMAGES,PENDING-IMAGES,Non-Viable-Tumor,,,,Case-3,,TCIA Osteosarcoma-Tumor-Assessment DOI 10.7937/tcia.2019.bvhjhdas; PathDB collectionId 18 (updated 2023-12-01),FALSE,UNRESOLVED_LABEL:Non-Viable-Tumor
Case-3-A7-8126-12734,http://pathdb.cancerimagingarchive.net/system/files/wsi/ross/Osteosarcoma-UT/converted/Osteosarcoma-UT/Training-Set-2/set3/Case-3-A7-8126-12734.tiff,Case 3 A7-8126-12734,PENDING-IMAGES,PENDING-IMAGES,PENDING-IMAGES,Non-Tumor,NON_TUMOR,,,Case-3,,TCIA Osteosarcoma-Tumor-Assessment DOI 10.7937/tcia.2019.bvhjhdas; PathDB collectionId 18 (updated 2023-12-01),PENDING-G2,
Case-3-A8-10396-34864,http://pathdb.cancerimagingarchive.net/system/files/wsi/ross/Osteosarcoma-UT/converted/Osteosarcoma-UT/Training-Set-2/set3/Case-3-A8-10396-34864.tiff,Case 3 A8-10396-34864,PENDING-IMAGES,PENDING-IMAGES,PENDING-IMAGES,Non-Tumor,NON_TUMOR,,,Case-3,,TCIA Osteosarcoma-Tumor-Assessment DOI 10.7937/tcia.2019.bvhjhdas; PathDB collectionId 18 (updated 2023-12-01),PENDING-G2,
Case-3-A8-11491-21160,http://pathdb.cancerimagingarchive.net/system/files/wsi/ross/Osteosarcoma-UT/converted/Osteosarcoma-UT/Training-Set-2/set3/Case-3-A8-11491-21160.tiff,Case 3 A8-11491-21160,PENDING-IMAGES,PENDING-IMAGES,PENDING-IMAGES,Non-Tumor,NON_TUMOR,,,Case-3,,TCIA Osteosarcoma-Tumor-Assessment DOI 10.7937/tcia.2019.bvhjhdas; PathDB collectionId 18 (updated 2023-12-01),PENDING-G2,
Case-3-A8-14916-20753,http://pathdb.cancerimagingarchive.net/system/files/wsi/ross/Osteosarcoma-UT/converted/Osteosarcoma-UT/Training-Set-2/set3/Case-3-A8-14916-20753.tiff,Case 3 A8-14916-20753,PENDING-IMAGES,PENDING-IMAGES,PENDING-IMAGES,Non-Tumor,NON_TUMOR,,,Case-3,,TCIA Osteosarcoma-Tumor-Assessment DOI 10.7937/tcia.2019.bvhjhdas; PathDB collectionId 18 (updated 2023-12-01),PENDING-G2,
Case-3-A8-17308-25507,http://pathdb.cancerimagingarchive.net/system/files/wsi/ross/Osteosarcoma-UT/converted/Osteosarcoma-UT/Training-Set-2/set3/Case-3-A8-17308-25507.tiff,Case 3 A8-17308-25507,PENDING-IMAGES,PENDING-IMAGES,PENDING-IMAGES,Non-Tumor,NON_TUMOR,,,Case-3,,TCIA Osteosarcoma-Tumor-Assessment DOI 10.7937/tcia.2019.bvhjhdas; PathDB collectionId 18 (updated 2023-12-01),PENDING-G2,
Case-3-A8-17525-23399,http://pathdb.cancerimagingarchive.net/system/files/wsi/ross/Osteosarcoma-UT/converted/Osteosarcoma-UT/Training-Set-2/set3/Case-3-A8-17525-23399.tiff,Case 3 A8-17525-23399,PENDING-IMAGES,PENDING-IMAGES,PENDING-IMAGES,Non-Tumor,NON_TUMOR,,,Case-3,,TCIA Osteosarcoma-Tumor-Assessment DOI 10.7937/tcia.2019.bvhjhdas; PathDB collectionId 18 (updated 2023-12-01),PENDING-G2,
Case-3-A8-17777-30759,http://pathdb.cancerimagingarchive.net/system/files/wsi/ross/Osteosarcoma-UT/converted/Osteosarcoma-UT/Training-Set-2/set3/Case-3-A8-17777-30759.tiff,Case 3 A8-17777-30759,PENDING-IMAGES,PENDING-IMAGES,PENDING-IMAGES,Non-Tumor,NON_TUMOR,,,Case-3,,TCIA Osteosarcoma-Tumor-Assessment DOI 10.7937/tcia.2019.bvhjhdas; PathDB collectionId 18 (updated 2023-12-01),PENDING-G2,
Case-3-A8-19213-13280,http://pathdb.cancerimagingarchive.net/system/files/wsi/ross/Osteosarcoma-UT/converted/Osteosarcoma-UT/Training-Set-2/set3/Case-3-A8-19213-13280.tiff,Case 3 A8-19213-13280,PENDING-IMAGES,PENDING-IMAGES,PENDING-IMAGES,Non-Viable-Tumor,,,,Case-3,,TCIA Osteosarcoma-Tumor-Assessment DOI 10.7937/tcia.2019.bvhjhdas; PathDB collectionId 18 (updated 2023-12-01),FALSE,UNRESOLVED_LABEL:Non-Viable-Tumor
Case-3-A8-20541-20421,http://pathdb.cancerimagingarchive.net/system/files/wsi/ross/Osteosarcoma-UT/converted/Osteosarcoma-UT/Training-Set-2/set3/Case-3-A8-20541-20421.tiff,Case 3 A8-20541-20421,PENDING-IMAGES,PENDING-IMAGES,PENDING-IMAGES,Non-Viable-Tumor,,,,Case-3,,TCIA Osteosarcoma-Tumor-Assessment DOI 10.7937/tcia.2019.bvhjhdas; PathDB collectionId 18 (updated 2023-12-01),FALSE,UNRESOLVED_LABEL:Non-Viable-Tumor
Case-3-A8-20812-18023,http://pathdb.cancerimagingarchive.net/system/files/wsi/ross/Osteosarcoma-UT/converted/Osteosarcoma-UT/Training-Set-2/set3/Case-3-A8-20812-18023.tiff,Case 3 A8-20812-18023,PENDING-IMAGES,PENDING-IMAGES,PENDING-IMAGES,Non-Viable-Tumor,,,,Case-3,,TCIA Osteosarcoma-Tumor-Assessment DOI 10.7937/tcia.2019.bvhjhdas; PathDB collectionId 18 (updated 2023-12-01),FALSE,UNRESOLVED_LABEL:Non-Viable-Tumor
Case-3-A8-21347-28454,http://pathdb.cancerimagingarchive.net/system/files/wsi/ross/Osteosarcoma-UT/converted/Osteosarcoma-UT/Training-Set-2/set3/Case-3-A8-21347-28454.tiff,Case 3 A8-21347-28454,PENDING-IMAGES,PENDING-IMAGES,PENDING-IMAGES,Non-Tumor,NON_TUMOR,,,Case-3,,TCIA Osteosarcoma-Tumor-Assessment DOI 10.7937/tcia.2019.bvhjhdas; PathDB collectionId 18 (updated 2023-12-01),PENDING-G2,
Case-3-A8-23069-11985,http://pathdb.cancerimagingarchive.net/system/files/wsi/ross/Osteosarcoma-UT/converted/Osteosarcoma-UT/Training-Set-1/set3/Case-3-A8-23069-11985.tiff,Case 3 A8-23069-11985,PENDING-IMAGES,PENDING-IMAGES,PENDING-IMAGES,Non-Viable-Tumor,,,,Case-3,,TCIA Osteosarcoma-Tumor-Assessment DOI 10.7937/tcia.2019.bvhjhdas; PathDB collectionId 18 (updated 2023-12-01),FALSE,UNRESOLVED_LABEL:Non-Viable-Tumor
Case-3-A8-25825-20639,http://pathdb.cancerimagingarchive.net/system/files/wsi/ross/Osteosarcoma-UT/converted/Osteosarcoma-UT/Training-Set-1/set3/Case-3-A8-25825-20639.tiff,Case 3 A8-25825-20639,PENDING-IMAGES,PENDING-IMAGES,PENDING-IMAGES,Non-Viable-Tumor,,,,Case-3,,TCIA Osteosarcoma-Tumor-Assessment DOI 10.7937/tcia.2019.bvhjhdas; PathDB collectionId 18 (updated 2023-12-01),FALSE,UNRESOLVED_LABEL:Non-Viable-Tumor
Case-3-A8-27422-14386,http://pathdb.cancerimagingarchive.net/system/files/wsi/ross/Osteosarcoma-UT/converted/Osteosarcoma-UT/Training-Set-1/set3/Case-3-A8-27422-14386.tiff,Case 3 A8-27422-14386,PENDING-IMAGES,PENDING-IMAGES,PENDING-IMAGES,Non-Viable-Tumor,,,,Case-3,,TCIA Osteosarcoma-Tumor-Assessment DOI 10.7937/tcia.2019.bvhjhdas; PathDB collectionId 18 (updated 2023-12-01),FALSE,UNRESOLVED_LABEL:Non-Viable-Tumor
Case-3-A8-28656-29882,http://pathdb.cancerimagingarchive.net/system/files/wsi/ross/Osteosarcoma-UT/converted/Osteosarcoma-UT/Training-Set-1/set3/Case-3-A8-28656-29882.tiff,Case 3 A8-28656-29882,PENDING-IMAGES,PENDING-IMAGES,PENDING-IMAGES,Non-Tumor,NON_TUMOR,,,Case-3,,TCIA Osteosarcoma-Tumor-Assessment DOI 10.7937/tcia.2019.bvhjhdas; PathDB collectionId 18 (updated 2023-12-01),PENDING-G2,
Case-3-A8-34597-15691,http://pathdb.cancerimagingarchive.net/system/files/wsi/ross/Osteosarcoma-UT/converted/Osteosarcoma-UT/Training-Set-1/set3/Case-3-A8-34597-15691.tiff,Case 3 A8-34597-15691,PENDING-IMAGES,PENDING-IMAGES,PENDING-IMAGES,Non-Viable-Tumor,,,,Case-3,,TCIA Osteosarcoma-Tumor-Assessment DOI 10.7937/tcia.2019.bvhjhdas; PathDB collectionId 18 (updated 2023-12-01),FALSE,UNRESOLVED_LABEL:Non-Viable-Tumor
Case-3-A8-35052-27260,http://pathdb.cancerimagingarchive.net/system/files/wsi/ross/Osteosarcoma-UT/converted/Osteosarcoma-UT/Training-Set-1/set3/Case-3-A8-35052-27260.tiff,Case 3 A8-35052-27260,PENDING-IMAGES,PENDING-IMAGES,PENDING-IMAGES,Non-Viable-Tumor,,,,Case-3,,TCIA Osteosarcoma-Tumor-Assessment DOI 10.7937/tcia.2019.bvhjhdas; PathDB collectionId 18 (updated 2023-12-01),FALSE,UNRESOLVED_LABEL:Non-Viable-Tumor
Case-3-A8-3678-6946,http://pathdb.cancerimagingarchive.net/system/files/wsi/ross/Osteosarcoma-UT/converted/Osteosarcoma-UT/Training-Set-2/set3/Case-3-A8-3678-6946.tiff,Case 3 A8-3678-6946,PENDING-IMAGES,PENDING-IMAGES,PENDING-IMAGES,Non-Viable-Tumor,,,,Case-3,,TCIA Osteosarcoma-Tumor-Assessment DOI 10.7937/tcia.2019.bvhjhdas; PathDB collectionId 18 (updated 2023-12-01),FALSE,UNRESOLVED_LABEL:Non-Viable-Tumor
Case-3-A8-38100-23063,http://pathdb.cancerimagingarchive.net/system/files/wsi/ross/Osteosarcoma-UT/converted/Osteosarcoma-UT/Training-Set-1/set3/Case-3-A8-38100-23063.tiff,Case 3 A8-38100-23063,PENDING-IMAGES,PENDING-IMAGES,PENDING-IMAGES,Non-Viable-Tumor,,,,Case-3,,TCIA Osteosarcoma-Tumor-Assessment DOI 10.7937/tcia.2019.bvhjhdas; PathDB collectionId 18 (updated 2023-12-01),FALSE,UNRESOLVED_LABEL:Non-Viable-Tumor
Case-3-A8-38575-19060,http://pathdb.cancerimagingarchive.net/system/files/wsi/ross/Osteosarcoma-UT/converted/Osteosarcoma-UT/Training-Set-1/set3/Case-3-A8-38575-19060.tiff,Case 3 A8-38575-19060,PENDING-IMAGES,PENDING-IMAGES,PENDING-IMAGES,Non-Viable-Tumor,,,,Case-3,,TCIA Osteosarcoma-Tumor-Assessment DOI 10.7937/tcia.2019.bvhjhdas; PathDB collectionId 18 (updated 2023-12-01),FALSE,UNRESOLVED_LABEL:Non-Viable-Tumor
Case-3-A8-38576-12372,http://pathdb.cancerimagingarchive.net/system/files/wsi/ross/Osteosarcoma-UT/converted/Osteosarcoma-UT/Training-Set-1/set3/Case-3-A8-38576-12372.tiff,Case 3 A8-38576-12372,PENDING-IMAGES,PENDING-IMAGES,PENDING-IMAGES,Non-Viable-Tumor,,,,Case-3,,TCIA Osteosarcoma-Tumor-Assessment DOI 10.7937/tcia.2019.bvhjhdas; PathDB collectionId 18 (updated 2023-12-01),FALSE,UNRESOLVED_LABEL:Non-Viable-Tumor
Case-3-A8-40090-34133,http://pathdb.cancerimagingarchive.net/system/files/wsi/ross/Osteosarcoma-UT/converted/Osteosarcoma-UT/Training-Set-1/set3/Case-3-A8-40090-34133.tiff,Case 3 A8-40090-34133,PENDING-IMAGES,PENDING-IMAGES,PENDING-IMAGES,Non-Tumor,NON_TUMOR,,,Case-3,,TCIA Osteosarcoma-Tumor-Assessment DOI 10.7937/tcia.2019.bvhjhdas; PathDB collectionId 18 (updated 2023-12-01),PENDING-G2,
Case-3-A8-40327-2954,http://pathdb.cancerimagingarchive.net/system/files/wsi/ross/Osteosarcoma-UT/converted/Osteosarcoma-UT/Training-Set-1/set3/Case-3-A8-40327-2954.tiff,Case 3 A8-40327-2954,PENDING-IMAGES,PENDING-IMAGES,PENDING-IMAGES,Non-Viable-Tumor,,,,Case-3,,TCIA Osteosarcoma-Tumor-Assessment DOI 10.7937/tcia.2019.bvhjhdas; PathDB collectionId 18 (updated 2023-12-01),FALSE,UNRESOLVED_LABEL:Non-Viable-Tumor
Case-3-A8-42144-11358,http://pathdb.cancerimagingarchive.net/system/files/wsi/ross/Osteosarcoma-UT/converted/Osteosarcoma-UT/Training-Set-1/set3/Case-3-A8-42144-11358.tiff,Case 3 A8-42144-11358,PENDING-IMAGES,PENDING-IMAGES,PENDING-IMAGES,Non-Viable-Tumor,,,,Case-3,,TCIA Osteosarcoma-Tumor-Assessment DOI 10.7937/tcia.2019.bvhjhdas; PathDB collectionId 18 (updated 2023-12-01),FALSE,UNRESOLVED_LABEL:Non-Viable-Tumor
Case-3-A8-42275-18820,http://pathdb.cancerimagingarchive.net/system/files/wsi/ross/Osteosarcoma-UT/converted/Osteosarcoma-UT/Training-Set-1/set3/Case-3-A8-42275-18820.tiff,Case 3 A8-42275-18820,PENDING-IMAGES,PENDING-IMAGES,PENDING-IMAGES,Non-Viable-Tumor,,,,Case-3,,TCIA Osteosarcoma-Tumor-Assessment DOI 10.7937/tcia.2019.bvhjhdas; PathDB collectionId 18 (updated 2023-12-01),FALSE,UNRESOLVED_LABEL:Non-Viable-Tumor
Case-3-A8-6596-2373,http://pathdb.cancerimagingarchive.net/system/files/wsi/ross/Osteosarcoma-UT/converted/Osteosarcoma-UT/Training-Set-2/set3/Case-3-A8-6596-2373.tiff,Case 3 A8-6596-2373,PENDING-IMAGES,PENDING-IMAGES,PENDING-IMAGES,Non-Viable-Tumor,,,,Case-3,,TCIA Osteosarcoma-Tumor-Assessment DOI 10.7937/tcia.2019.bvhjhdas; PathDB collectionId 18 (updated 2023-12-01),FALSE,UNRESOLVED_LABEL:Non-Viable-Tumor
Case-3-A8-8347-14021,http://pathdb.cancerimagingarchive.net/system/files/wsi/ross/Osteosarcoma-UT/converted/Osteosarcoma-UT/Training-Set-2/set3/Case-3-A8-8347-14021.tiff,Case 3 A8-8347-14021,PENDING-IMAGES,PENDING-IMAGES,PENDING-IMAGES,Non-Tumor,NON_TUMOR,,,Case-3,,TCIA Osteosarcoma-Tumor-Assessment DOI 10.7937/tcia.2019.bvhjhdas; PathDB collectionId 18 (updated 2023-12-01),PENDING-G2,
Case-3-A8-8708-9689,http://pathdb.cancerimagingarchive.net/system/files/wsi/ross/Osteosarcoma-UT/converted/Osteosarcoma-UT/Training-Set-2/set3/Case-3-A8-8708-9689.tiff,Case 3 A8-8708-9689,PENDING-IMAGES,PENDING-IMAGES,PENDING-IMAGES,Non-Viable-Tumor,,,,Case-3,,TCIA Osteosarcoma-Tumor-Assessment DOI 10.7937/tcia.2019.bvhjhdas; PathDB collectionId 18 (updated 2023-12-01),FALSE,UNRESOLVED_LABEL:Non-Viable-Tumor
Case-3-A8-9677-9114,http://pathdb.cancerimagingarchive.net/system/files/wsi/ross/Osteosarcoma-UT/converted/Osteosarcoma-UT/Training-Set-2/set3/Case-3-A8-9677-9114.tiff,Case 3 A8-9677-9114,PENDING-IMAGES,PENDING-IMAGES,PENDING-IMAGES,Non-Viable-Tumor,,,,Case-3,,TCIA Osteosarcoma-Tumor-Assessment DOI 10.7937/tcia.2019.bvhjhdas; PathDB collectionId 18 (updated 2023-12-01),FALSE,UNRESOLVED_LABEL:Non-Viable-Tumor
Case-4-C21-11229-17093,http://pathdb.cancerimagingarchive.net/system/files/wsi/ross/Osteosarcoma-UT/converted/Osteosarcoma-UT/Training-Set-2/set3/Case-4-C21-11229-17093.tiff,Case 4 C21-11229-17093,PENDING-IMAGES,PENDING-IMAGES,PENDING-IMAGES,Non-Viable-Tumor,,,,Case-4,,TCIA Osteosarcoma-Tumor-Assessment DOI 10.7937/tcia.2019.bvhjhdas; PathDB collectionId 18 (updated 2023-12-01),FALSE,UNRESOLVED_LABEL:Non-Viable-Tumor
Case-4-C21-13339-24727,http://pathdb.cancerimagingarchive.net/system/files/wsi/ross/Osteosarcoma-UT/converted/Osteosarcoma-UT/Training-Set-2/set3/Case-4-C21-13339-24727.tiff,Case 4 C21-13339-24727,PENDING-IMAGES,PENDING-IMAGES,PENDING-IMAGES,Non-Viable-Tumor,,,,Case-4,,TCIA Osteosarcoma-Tumor-Assessment DOI 10.7937/tcia.2019.bvhjhdas; PathDB collectionId 18 (updated 2023-12-01),FALSE,UNRESOLVED_LABEL:Non-Viable-Tumor
Case-4-C21-14246-18799,http://pathdb.cancerimagingarchive.net/system/files/wsi/ross/Osteosarcoma-UT/converted/Osteosarcoma-UT/Training-Set-2/set3/Case-4-C21-14246-18799.tiff,Case 4 C21-14246-18799,PENDING-IMAGES,PENDING-IMAGES,PENDING-IMAGES,Non-Viable-Tumor,,,,Case-4,,TCIA Osteosarcoma-Tumor-Assessment DOI 10.7937/tcia.2019.bvhjhdas; PathDB collectionId 18 (updated 2023-12-01),FALSE,UNRESOLVED_LABEL:Non-Viable-Tumor
Case-4-C21-17996-22366,http://pathdb.cancerimagingarchive.net/system/files/wsi/ross/Osteosarcoma-UT/converted/Osteosarcoma-UT/Training-Set-2/set3/Case-4-C21-17996-22366.tiff,Case 4 C21-17996-22366,PENDING-IMAGES,PENDING-IMAGES,PENDING-IMAGES,Non-Viable-Tumor,,,,Case-4,,TCIA Osteosarcoma-Tumor-Assessment DOI 10.7937/tcia.2019.bvhjhdas; PathDB collectionId 18 (updated 2023-12-01),FALSE,UNRESOLVED_LABEL:Non-Viable-Tumor
Case-4-C21-20675-9095,http://pathdb.cancerimagingarchive.net/system/files/wsi/ross/Osteosarcoma-UT/converted/Osteosarcoma-UT/Training-Set-2/set4/Case-4-C21-20675-9095.tiff,Case 4 C21-20675-9095,PENDING-IMAGES,PENDING-IMAGES,PENDING-IMAGES,Viable,VIABLE_TUMOR,,,Case-4,,TCIA Osteosarcoma-Tumor-Assessment DOI 10.7937/tcia.2019.bvhjhdas; PathDB collectionId 18 (updated 2023-12-01),PENDING-G2,
Case-4-C21-22035-24818,http://pathdb.cancerimagingarchive.net/system/files/wsi/ross/Osteosarcoma-UT/converted/Osteosarcoma-UT/Training-Set-2/set4/Case-4-C21-22035-24818.tiff,Case 4 C21-22035-24818,PENDING-IMAGES,PENDING-IMAGES,PENDING-IMAGES,Non-Viable-Tumor,,,,Case-4,,TCIA Osteosarcoma-Tumor-Assessment DOI 10.7937/tcia.2019.bvhjhdas; PathDB collectionId 18 (updated 2023-12-01),FALSE,UNRESOLVED_LABEL:Non-Viable-Tumor
Case-4-C21-22607-7946,http://pathdb.cancerimagingarchive.net/system/files/wsi/ross/Osteosarcoma-UT/converted/Osteosarcoma-UT/Training-Set-2/set4/Case-4-C21-22607-7946.tiff,Case 4 C21-22607-7946,PENDING-IMAGES,PENDING-IMAGES,PENDING-IMAGES,Viable,VIABLE_TUMOR,,,Case-4,,TCIA Osteosarcoma-Tumor-Assessment DOI 10.7937/tcia.2019.bvhjhdas; PathDB collectionId 18 (updated 2023-12-01),PENDING-G2,
Case-4-C21-23743-36254,http://pathdb.cancerimagingarchive.net/system/files/wsi/ross/Osteosarcoma-UT/converted/Osteosarcoma-UT/Training-Set-2/set4/Case-4-C21-23743-36254.tiff,Case 4 C21-23743-36254,PENDING-IMAGES,PENDING-IMAGES,PENDING-IMAGES,Non-Viable-Tumor,,,,Case-4,,TCIA Osteosarcoma-Tumor-Assessment DOI 10.7937/tcia.2019.bvhjhdas; PathDB collectionId 18 (updated 2023-12-01),FALSE,UNRESOLVED_LABEL:Non-Viable-Tumor
Case-4-C21-25306-21689,http://pathdb.cancerimagingarchive.net/system/files/wsi/ross/Osteosarcoma-UT/converted/Osteosarcoma-UT/Training-Set-2/set4/Case-4-C21-25306-21689.tiff,Case 4 C21-25306-21689,PENDING-IMAGES,PENDING-IMAGES,PENDING-IMAGES,Viable,VIABLE_TUMOR,,,Case-4,,TCIA Osteosarcoma-Tumor-Assessment DOI 10.7937/tcia.2019.bvhjhdas; PathDB collectionId 18 (updated 2023-12-01),PENDING-G2,
Case-4-C21-25396-25798,http://pathdb.cancerimagingarchive.net/system/files/wsi/ross/Osteosarcoma-UT/converted/Osteosarcoma-UT/Training-Set-2/set4/Case-4-C21-25396-25798.tiff,Case 4 C21-25396-25798,PENDING-IMAGES,PENDING-IMAGES,PENDING-IMAGES,Non-Viable-Tumor,,,,Case-4,,TCIA Osteosarcoma-Tumor-Assessment DOI 10.7937/tcia.2019.bvhjhdas; PathDB collectionId 18 (updated 2023-12-01),FALSE,UNRESOLVED_LABEL:Non-Viable-Tumor
Case-4-C21-26326-8633,http://pathdb.cancerimagingarchive.net/system/files/wsi/ross/Osteosarcoma-UT/converted/Osteosarcoma-UT/Training-Set-2/set4/Case-4-C21-26326-8633.tiff,Case 4 C21-26326-8633,PENDING-IMAGES,PENDING-IMAGES,PENDING-IMAGES,Viable,VIABLE_TUMOR,,,Case-4,,TCIA Osteosarcoma-Tumor-Assessment DOI 10.7937/tcia.2019.bvhjhdas; PathDB collectionId 18 (updated 2023-12-01),PENDING-G2,
Case-4-C21-27726-37043,http://pathdb.cancerimagingarchive.net/system/files/wsi/ross/Osteosarcoma-UT/converted/Osteosarcoma-UT/Training-Set-2/set4/Case-4-C21-27726-37043.tiff,Case 4 C21-27726-37043,PENDING-IMAGES,PENDING-IMAGES,PENDING-IMAGES,Non-Viable-Tumor,,,,Case-4,,TCIA Osteosarcoma-Tumor-Assessment DOI 10.7937/tcia.2019.bvhjhdas; PathDB collectionId 18 (updated 2023-12-01),FALSE,UNRESOLVED_LABEL:Non-Viable-Tumor
Case-4-C21-28314-22979,http://pathdb.cancerimagingarchive.net/system/files/wsi/ross/Osteosarcoma-UT/converted/Osteosarcoma-UT/Training-Set-2/set4/Case-4-C21-28314-22979.tiff,Case 4 C21-28314-22979,PENDING-IMAGES,PENDING-IMAGES,PENDING-IMAGES,Viable,VIABLE_TUMOR,,,Case-4,,TCIA Osteosarcoma-Tumor-Assessment DOI 10.7937/tcia.2019.bvhjhdas; PathDB collectionId 18 (updated 2023-12-01),PENDING-G2,
Case-4-C21-29101-18901,http://pathdb.cancerimagingarchive.net/system/files/wsi/ross/Osteosarcoma-UT/converted/Osteosarcoma-UT/Training-Set-2/set4/Case-4-C21-29101-18901.tiff,Case 4 C21-29101-18901,PENDING-IMAGES,PENDING-IMAGES,PENDING-IMAGES,Viable,VIABLE_TUMOR,,,Case-4,,TCIA Osteosarcoma-Tumor-Assessment DOI 10.7937/tcia.2019.bvhjhdas; PathDB collectionId 18 (updated 2023-12-01),PENDING-G2,
Case-4-C21-29849-33988,http://pathdb.cancerimagingarchive.net/system/files/wsi/ross/Osteosarcoma-UT/converted/Osteosarcoma-UT/Training-Set-1/set3/Case-4-C21-29849-33988.tiff,Case 4 C21-29849-33988,PENDING-IMAGES,PENDING-IMAGES,PENDING-IMAGES,Non-Viable-Tumor,,,,Case-4,,TCIA Osteosarcoma-Tumor-Assessment DOI 10.7937/tcia.2019.bvhjhdas; PathDB collectionId 18 (updated 2023-12-01),FALSE,UNRESOLVED_LABEL:Non-Viable-Tumor
Case-4-C21-30599-31986,http://pathdb.cancerimagingarchive.net/system/files/wsi/ross/Osteosarcoma-UT/converted/Osteosarcoma-UT/Training-Set-1/set3/Case-4-C21-30599-31986.tiff,Case 4 C21-30599-31986,PENDING-IMAGES,PENDING-IMAGES,PENDING-IMAGES,Non-Viable-Tumor,,,,Case-4,,TCIA Osteosarcoma-Tumor-Assessment DOI 10.7937/tcia.2019.bvhjhdas; PathDB collectionId 18 (updated 2023-12-01),FALSE,UNRESOLVED_LABEL:Non-Viable-Tumor
Case-4-C21-34438-19627,http://pathdb.cancerimagingarchive.net/system/files/wsi/ross/Osteosarcoma-UT/converted/Osteosarcoma-UT/Training-Set-1/set3/Case-4-C21-34438-19627.tiff,Case 4 C21-34438-19627,PENDING-IMAGES,PENDING-IMAGES,PENDING-IMAGES,Viable,VIABLE_TUMOR,,,Case-4,,TCIA Osteosarcoma-Tumor-Assessment DOI 10.7937/tcia.2019.bvhjhdas; PathDB collectionId 18 (updated 2023-12-01),PENDING-G2,
Case-4-C21-34899-31136,http://pathdb.cancerimagingarchive.net/system/files/wsi/ross/Osteosarcoma-UT/converted/Osteosarcoma-UT/Training-Set-1/set3/Case-4-C21-34899-31136.tiff,Case 4 C21-34899-31136,PENDING-IMAGES,PENDING-IMAGES,PENDING-IMAGES,Non-Viable-Tumor,,,,Case-4,,TCIA Osteosarcoma-Tumor-Assessment DOI 10.7937/tcia.2019.bvhjhdas; PathDB collectionId 18 (updated 2023-12-01),FALSE,UNRESOLVED_LABEL:Non-Viable-Tumor
Case-4-C21-35538-25356,http://pathdb.cancerimagingarchive.net/system/files/wsi/ross/Osteosarcoma-UT/converted/Osteosarcoma-UT/Training-Set-1/set3/Case-4-C21-35538-25356.tiff,Case 4 C21-35538-25356,PENDING-IMAGES,PENDING-IMAGES,PENDING-IMAGES,Viable,VIABLE_TUMOR,,,Case-4,,TCIA Osteosarcoma-Tumor-Assessment DOI 10.7937/tcia.2019.bvhjhdas; PathDB collectionId 18 (updated 2023-12-01),PENDING-G2,
Case-4-C21-37411-12734,http://pathdb.cancerimagingarchive.net/system/files/wsi/ross/Osteosarcoma-UT/converted/Osteosarcoma-UT/Training-Set-1/set3/Case-4-C21-37411-12734.tiff,Case 4 C21-37411-12734,PENDING-IMAGES,PENDING-IMAGES,PENDING-IMAGES,Viable,VIABLE_TUMOR,,,Case-4,,TCIA Osteosarcoma-Tumor-Assessment DOI 10.7937/tcia.2019.bvhjhdas; PathDB collectionId 18 (updated 2023-12-01),PENDING-G2,
Case-4-C21-38458-18002,http://pathdb.cancerimagingarchive.net/system/files/wsi/ross/Osteosarcoma-UT/converted/Osteosarcoma-UT/Training-Set-1/set3/Case-4-C21-38458-18002.tiff,Case 4 C21-38458-18002,PENDING-IMAGES,PENDING-IMAGES,PENDING-IMAGES,Viable,VIABLE_TUMOR,,,Case-4,,TCIA Osteosarcoma-Tumor-Assessment DOI 10.7937/tcia.2019.bvhjhdas; PathDB collectionId 18 (updated 2023-12-01),PENDING-G2,
Case-4-C21-39931-19569,http://pathdb.cancerimagingarchive.net/system/files/wsi/ross/Osteosarcoma-UT/converted/Osteosarcoma-UT/Training-Set-1/set3/Case-4-C21-39931-19569.tiff,Case 4 C21-39931-19569,PENDING-IMAGES,PENDING-IMAGES,PENDING-IMAGES,Viable,VIABLE_TUMOR,,,Case-4,,TCIA Osteosarcoma-Tumor-Assessment DOI 10.7937/tcia.2019.bvhjhdas; PathDB collectionId 18 (updated 2023-12-01),PENDING-G2,
Case-4-C21-40652-23162,http://pathdb.cancerimagingarchive.net/system/files/wsi/ross/Osteosarcoma-UT/converted/Osteosarcoma-UT/Training-Set-1/set3/Case-4-C21-40652-23162.tiff,Case 4 C21-40652-23162,PENDING-IMAGES,PENDING-IMAGES,PENDING-IMAGES,Viable,VIABLE_TUMOR,,,Case-4,,TCIA Osteosarcoma-Tumor-Assessment DOI 10.7937/tcia.2019.bvhjhdas; PathDB collectionId 18 (updated 2023-12-01),PENDING-G2,
Case-4-C21-42043-16377,http://pathdb.cancerimagingarchive.net/system/files/wsi/ross/Osteosarcoma-UT/converted/Osteosarcoma-UT/Training-Set-1/set4/Case-4-C21-42043-16377.tiff,Case 4 C21-42043-16377,PENDING-IMAGES,PENDING-IMAGES,PENDING-IMAGES,Viable,VIABLE_TUMOR,,,Case-4,,TCIA Osteosarcoma-Tumor-Assessment DOI 10.7937/tcia.2019.bvhjhdas; PathDB collectionId 18 (updated 2023-12-01),PENDING-G2,
Case-4-C21-43834-23094,http://pathdb.cancerimagingarchive.net/system/files/wsi/ross/Osteosarcoma-UT/converted/Osteosarcoma-UT/Training-Set-1/set4/Case-4-C21-43834-23094.tiff,Case 4 C21-43834-23094,PENDING-IMAGES,PENDING-IMAGES,PENDING-IMAGES,Non-Tumor,NON_TUMOR,,,Case-4,,TCIA Osteosarcoma-Tumor-Assessment DOI 10.7937/tcia.2019.bvhjhdas; PathDB collectionId 18 (updated 2023-12-01),PENDING-G2,
Case-4-C21-44291-25760,http://pathdb.cancerimagingarchive.net/system/files/wsi/ross/Osteosarcoma-UT/converted/Osteosarcoma-UT/Training-Set-1/set4/Case-4-C21-44291-25760.tiff,Case 4 C21-44291-25760,PENDING-IMAGES,PENDING-IMAGES,PENDING-IMAGES,Non-Tumor,NON_TUMOR,,,Case-4,,TCIA Osteosarcoma-Tumor-Assessment DOI 10.7937/tcia.2019.bvhjhdas; PathDB collectionId 18 (updated 2023-12-01),PENDING-G2,
Case-4-C21-45309-20604,http://pathdb.cancerimagingarchive.net/system/files/wsi/ross/Osteosarcoma-UT/converted/Osteosarcoma-UT/Training-Set-1/set4/Case-4-C21-45309-20604.tiff,Case 4 C21-45309-20604,PENDING-IMAGES,PENDING-IMAGES,PENDING-IMAGES,Non-Tumor,NON_TUMOR,,,Case-4,,TCIA Osteosarcoma-Tumor-Assessment DOI 10.7937/tcia.2019.bvhjhdas; PathDB collectionId 18 (updated 2023-12-01),PENDING-G2,
Case-4-C22-12113-23584,http://pathdb.cancerimagingarchive.net/system/files/wsi/ross/Osteosarcoma-UT/converted/Osteosarcoma-UT/Training-Set-2/set4/Case-4-C22-12113-23584.tiff,Case 4 C22-12113-23584,PENDING-IMAGES,PENDING-IMAGES,PENDING-IMAGES,Non-Viable-Tumor,,,,Case-4,,TCIA Osteosarcoma-Tumor-Assessment DOI 10.7937/tcia.2019.bvhjhdas; PathDB collectionId 18 (updated 2023-12-01),FALSE,UNRESOLVED_LABEL:Non-Viable-Tumor
Case-4-C22-13293-17406,http://pathdb.cancerimagingarchive.net/system/files/wsi/ross/Osteosarcoma-UT/converted/Osteosarcoma-UT/Training-Set-2/set4/Case-4-C22-13293-17406.tiff,Case 4 C22-13293-17406,PENDING-IMAGES,PENDING-IMAGES,PENDING-IMAGES,Non-Viable-Tumor,,,,Case-4,,TCIA Osteosarcoma-Tumor-Assessment DOI 10.7937/tcia.2019.bvhjhdas; PathDB collectionId 18 (updated 2023-12-01),FALSE,UNRESOLVED_LABEL:Non-Viable-Tumor
Case-4-C22-14193-24204,http://pathdb.cancerimagingarchive.net/system/files/wsi/ross/Osteosarcoma-UT/converted/Osteosarcoma-UT/Training-Set-2/set4/Case-4-C22-14193-24204.tiff,Case 4 C22-14193-24204,PENDING-IMAGES,PENDING-IMAGES,PENDING-IMAGES,Non-Viable-Tumor,,,,Case-4,,TCIA Osteosarcoma-Tumor-Assessment DOI 10.7937/tcia.2019.bvhjhdas; PathDB collectionId 18 (updated 2023-12-01),FALSE,UNRESOLVED_LABEL:Non-Viable-Tumor
Case-4-C22-14852-25038,http://pathdb.cancerimagingarchive.net/system/files/wsi/ross/Osteosarcoma-UT/converted/Osteosarcoma-UT/Training-Set-2/set4/Case-4-C22-14852-25038.tiff,Case 4 C22-14852-25038,PENDING-IMAGES,PENDING-IMAGES,PENDING-IMAGES,Non-Viable-Tumor,,,,Case-4,,TCIA Osteosarcoma-Tumor-Assessment DOI 10.7937/tcia.2019.bvhjhdas; PathDB collectionId 18 (updated 2023-12-01),FALSE,UNRESOLVED_LABEL:Non-Viable-Tumor
Case-4-C22-18690-17829,http://pathdb.cancerimagingarchive.net/system/files/wsi/ross/Osteosarcoma-UT/converted/Osteosarcoma-UT/Training-Set-2/set4/Case-4-C22-18690-17829.tiff,Case 4 C22-18690-17829,PENDING-IMAGES,PENDING-IMAGES,PENDING-IMAGES,viable: non-viable,,,,Case-4,,TCIA Osteosarcoma-Tumor-Assessment DOI 10.7937/tcia.2019.bvhjhdas; PathDB collectionId 18 (updated 2023-12-01),FALSE,UNRESOLVED_LABEL:viable: non-viable
Case-4-C22-19399-25392,http://pathdb.cancerimagingarchive.net/system/files/wsi/ross/Osteosarcoma-UT/converted/Osteosarcoma-UT/Training-Set-2/set4/Case-4-C22-19399-25392.tiff,Case 4 C22-19399-25392,PENDING-IMAGES,PENDING-IMAGES,PENDING-IMAGES,Non-Viable-Tumor,,,,Case-4,,TCIA Osteosarcoma-Tumor-Assessment DOI 10.7937/tcia.2019.bvhjhdas; PathDB collectionId 18 (updated 2023-12-01),FALSE,UNRESOLVED_LABEL:Non-Viable-Tumor
Case-4-C22-19841-14408,http://pathdb.cancerimagingarchive.net/system/files/wsi/ross/Osteosarcoma-UT/converted/Osteosarcoma-UT/Training-Set-2/set4/Case-4-C22-19841-14408.tiff,Case 4 C22-19841-14408,PENDING-IMAGES,PENDING-IMAGES,PENDING-IMAGES,viable: non-viable,,,,Case-4,,TCIA Osteosarcoma-Tumor-Assessment DOI 10.7937/tcia.2019.bvhjhdas; PathDB collectionId 18 (updated 2023-12-01),FALSE,UNRESOLVED_LABEL:viable: non-viable
Case-4-C22-20288-31102,http://pathdb.cancerimagingarchive.net/system/files/wsi/ross/Osteosarcoma-UT/converted/Osteosarcoma-UT/Training-Set-2/set4/Case-4-C22-20288-31102.tiff,Case 4 C22-20288-31102,PENDING-IMAGES,PENDING-IMAGES,PENDING-IMAGES,viable: non-viable,,,,Case-4,,TCIA Osteosarcoma-Tumor-Assessment DOI 10.7937/tcia.2019.bvhjhdas; PathDB collectionId 18 (updated 2023-12-01),FALSE,UNRESOLVED_LABEL:viable: non-viable
Case-4-C22-20420-19004,http://pathdb.cancerimagingarchive.net/system/files/wsi/ross/Osteosarcoma-UT/converted/Osteosarcoma-UT/Training-Set-2/set4/Case-4-C22-20420-19004.tiff,Case 4 C22-20420-19004,PENDING-IMAGES,PENDING-IMAGES,PENDING-IMAGES,Viable,VIABLE_TUMOR,,,Case-4,,TCIA Osteosarcoma-Tumor-Assessment DOI 10.7937/tcia.2019.bvhjhdas; PathDB collectionId 18 (updated 2023-12-01),PENDING-G2,
Case-4-C22-21902-8062,http://pathdb.cancerimagingarchive.net/system/files/wsi/ross/Osteosarcoma-UT/converted/Osteosarcoma-UT/Training-Set-2/set4/Case-4-C22-21902-8062.tiff,Case 4 C22-21902-8062,PENDING-IMAGES,PENDING-IMAGES,PENDING-IMAGES,Viable,VIABLE_TUMOR,,,Case-4,,TCIA Osteosarcoma-Tumor-Assessment DOI 10.7937/tcia.2019.bvhjhdas; PathDB collectionId 18 (updated 2023-12-01),PENDING-G2,
Case-4-C22-22350-18241,http://pathdb.cancerimagingarchive.net/system/files/wsi/ross/Osteosarcoma-UT/converted/Osteosarcoma-UT/Training-Set-2/set4/Case-4-C22-22350-18241.tiff,Case 4 C22-22350-18241,PENDING-IMAGES,PENDING-IMAGES,PENDING-IMAGES,Viable,VIABLE_TUMOR,,,Case-4,,TCIA Osteosarcoma-Tumor-Assessment DOI 10.7937/tcia.2019.bvhjhdas; PathDB collectionId 18 (updated 2023-12-01),PENDING-G2,
Case-4-C22-25017-13207,http://pathdb.cancerimagingarchive.net/system/files/wsi/ross/Osteosarcoma-UT/converted/Osteosarcoma-UT/Training-Set-2/set4/Case-4-C22-25017-13207.tiff,Case 4 C22-25017-13207,PENDING-IMAGES,PENDING-IMAGES,PENDING-IMAGES,Viable,VIABLE_TUMOR,,,Case-4,,TCIA Osteosarcoma-Tumor-Assessment DOI 10.7937/tcia.2019.bvhjhdas; PathDB collectionId 18 (updated 2023-12-01),PENDING-G2,
Case-4-C22-25541-21407,http://pathdb.cancerimagingarchive.net/system/files/wsi/ross/Osteosarcoma-UT/converted/Osteosarcoma-UT/Training-Set-2/set4/Case-4-C22-25541-21407.tiff,Case 4 C22-25541-21407,PENDING-IMAGES,PENDING-IMAGES,PENDING-IMAGES,Viable,VIABLE_TUMOR,,,Case-4,,TCIA Osteosarcoma-Tumor-Assessment DOI 10.7937/tcia.2019.bvhjhdas; PathDB collectionId 18 (updated 2023-12-01),PENDING-G2,
Case-4-C22-25642-6919,http://pathdb.cancerimagingarchive.net/system/files/wsi/ross/Osteosarcoma-UT/converted/Osteosarcoma-UT/Training-Set-2/set4/Case-4-C22-25642-6919.tiff,Case 4 C22-25642-6919,PENDING-IMAGES,PENDING-IMAGES,PENDING-IMAGES,Viable,VIABLE_TUMOR,,,Case-4,,TCIA Osteosarcoma-Tumor-Assessment DOI 10.7937/tcia.2019.bvhjhdas; PathDB collectionId 18 (updated 2023-12-01),PENDING-G2,
Case-4-C22-26476-28003,http://pathdb.cancerimagingarchive.net/system/files/wsi/ross/Osteosarcoma-UT/converted/Osteosarcoma-UT/Training-Set-1/set4/Case-4-C22-26476-28003.tiff,Case 4 C22-26476-28003,PENDING-IMAGES,PENDING-IMAGES,PENDING-IMAGES,Non-Tumor,NON_TUMOR,,,Case-4,,TCIA Osteosarcoma-Tumor-Assessment DOI 10.7937/tcia.2019.bvhjhdas; PathDB collectionId 18 (updated 2023-12-01),PENDING-G2,
Case-4-C22-29668-36352,http://pathdb.cancerimagingarchive.net/system/files/wsi/ross/Osteosarcoma-UT/converted/Osteosarcoma-UT/Training-Set-1/set4/Case-4-C22-29668-36352.tiff,Case 4 C22-29668-36352,PENDING-IMAGES,PENDING-IMAGES,PENDING-IMAGES,Non-Tumor,NON_TUMOR,,,Case-4,,TCIA Osteosarcoma-Tumor-Assessment DOI 10.7937/tcia.2019.bvhjhdas; PathDB collectionId 18 (updated 2023-12-01),PENDING-G2,
Case-4-C22-29696-31650,http://pathdb.cancerimagingarchive.net/system/files/wsi/ross/Osteosarcoma-UT/converted/Osteosarcoma-UT/Training-Set-1/set4/Case-4-C22-29696-31650.tiff,Case 4 C22-29696-31650,PENDING-IMAGES,PENDING-IMAGES,PENDING-IMAGES,Non-Tumor,NON_TUMOR,,,Case-4,,TCIA Osteosarcoma-Tumor-Assessment DOI 10.7937/tcia.2019.bvhjhdas; PathDB collectionId 18 (updated 2023-12-01),PENDING-G2,
Case-4-C22-30748-20982,http://pathdb.cancerimagingarchive.net/system/files/wsi/ross/Osteosarcoma-UT/converted/Osteosarcoma-UT/Training-Set-1/set4/Case-4-C22-30748-20982.tiff,Case 4 C22-30748-20982,PENDING-IMAGES,PENDING-IMAGES,PENDING-IMAGES,Viable,VIABLE_TUMOR,,,Case-4,,TCIA Osteosarcoma-Tumor-Assessment DOI 10.7937/tcia.2019.bvhjhdas; PathDB collectionId 18 (updated 2023-12-01),PENDING-G2,
Case-4-C22-36438-11846,http://pathdb.cancerimagingarchive.net/system/files/wsi/ross/Osteosarcoma-UT/converted/Osteosarcoma-UT/Training-Set-1/set4/Case-4-C22-36438-11846.tiff,Case 4 C22-36438-11846,PENDING-IMAGES,PENDING-IMAGES,PENDING-IMAGES,Viable,VIABLE_TUMOR,,,Case-4,,TCIA Osteosarcoma-Tumor-Assessment DOI 10.7937/tcia.2019.bvhjhdas; PathDB collectionId 18 (updated 2023-12-01),PENDING-G2,
Case-4-C22-38307-25291,http://pathdb.cancerimagingarchive.net/system/files/wsi/ross/Osteosarcoma-UT/converted/Osteosarcoma-UT/Training-Set-1/set4/Case-4-C22-38307-25291.tiff,Case 4 C22-38307-25291,PENDING-IMAGES,PENDING-IMAGES,PENDING-IMAGES,Viable,VIABLE_TUMOR,,,Case-4,,TCIA Osteosarcoma-Tumor-Assessment DOI 10.7937/tcia.2019.bvhjhdas; PathDB collectionId 18 (updated 2023-12-01),PENDING-G2,
Case-4-C22-39386-26786,http://pathdb.cancerimagingarchive.net/system/files/wsi/ross/Osteosarcoma-UT/converted/Osteosarcoma-UT/Training-Set-1/set4/Case-4-C22-39386-26786.tiff,Case 4 C22-39386-26786,PENDING-IMAGES,PENDING-IMAGES,PENDING-IMAGES,Viable,VIABLE_TUMOR,,,Case-4,,TCIA Osteosarcoma-Tumor-Assessment DOI 10.7937/tcia.2019.bvhjhdas; PathDB collectionId 18 (updated 2023-12-01),PENDING-G2,
Case-4-C22-39913-22780,http://pathdb.cancerimagingarchive.net/system/files/wsi/ross/Osteosarcoma-UT/converted/Osteosarcoma-UT/Training-Set-1/set4/Case-4-C22-39913-22780.tiff,Case 4 C22-39913-22780,PENDING-IMAGES,PENDING-IMAGES,PENDING-IMAGES,Viable,VIABLE_TUMOR,,,Case-4,,TCIA Osteosarcoma-Tumor-Assessment DOI 10.7937/tcia.2019.bvhjhdas; PathDB collectionId 18 (updated 2023-12-01),PENDING-G2,
Case-4-C22-42649-20389,http://pathdb.cancerimagingarchive.net/system/files/wsi/ross/Osteosarcoma-UT/converted/Osteosarcoma-UT/Training-Set-1/set4/Case-4-C22-42649-20389.tiff,Case 4 C22-42649-20389,PENDING-IMAGES,PENDING-IMAGES,PENDING-IMAGES,Non-Tumor,NON_TUMOR,,,Case-4,,TCIA Osteosarcoma-Tumor-Assessment DOI 10.7937/tcia.2019.bvhjhdas; PathDB collectionId 18 (updated 2023-12-01),PENDING-G2,
Case-4-C22-43141-24748,http://pathdb.cancerimagingarchive.net/system/files/wsi/ross/Osteosarcoma-UT/converted/Osteosarcoma-UT/Training-Set-1/set4/Case-4-C22-43141-24748.tiff,Case 4 C22-43141-24748,PENDING-IMAGES,PENDING-IMAGES,PENDING-IMAGES,Non-Viable-Tumor,,,,Case-4,,TCIA Osteosarcoma-Tumor-Assessment DOI 10.7937/tcia.2019.bvhjhdas; PathDB collectionId 18 (updated 2023-12-01),FALSE,UNRESOLVED_LABEL:Non-Viable-Tumor
Case-4-C22-43370-22832,http://pathdb.cancerimagingarchive.net/system/files/wsi/ross/Osteosarcoma-UT/converted/Osteosarcoma-UT/Training-Set-1/set4/Case-4-C22-43370-22832.tiff,Case 4 C22-43370-22832,PENDING-IMAGES,PENDING-IMAGES,PENDING-IMAGES,Non-Tumor,NON_TUMOR,,,Case-4,,TCIA Osteosarcoma-Tumor-Assessment DOI 10.7937/tcia.2019.bvhjhdas; PathDB collectionId 18 (updated 2023-12-01),PENDING-G2,
Case-4-C22-44617-22886,http://pathdb.cancerimagingarchive.net/system/files/wsi/ross/Osteosarcoma-UT/converted/Osteosarcoma-UT/Training-Set-1/set4/Case-4-C22-44617-22886.tiff,Case 4 C22-44617-22886,PENDING-IMAGES,PENDING-IMAGES,PENDING-IMAGES,Non-Tumor,NON_TUMOR,,,Case-4,,TCIA Osteosarcoma-Tumor-Assessment DOI 10.7937/tcia.2019.bvhjhdas; PathDB collectionId 18 (updated 2023-12-01),PENDING-G2,
Case-4-C22-45017-21723,http://pathdb.cancerimagingarchive.net/system/files/wsi/ross/Osteosarcoma-UT/converted/Osteosarcoma-UT/Training-Set-1/set4/Case-4-C22-45017-21723.tiff,Case 4 C22-45017-21723,PENDING-IMAGES,PENDING-IMAGES,PENDING-IMAGES,Non-Tumor,NON_TUMOR,,,Case-4,,TCIA Osteosarcoma-Tumor-Assessment DOI 10.7937/tcia.2019.bvhjhdas; PathDB collectionId 18 (updated 2023-12-01),PENDING-G2,
Case-4-C24-13844-15938,http://pathdb.cancerimagingarchive.net/system/files/wsi/ross/Osteosarcoma-UT/converted/Osteosarcoma-UT/Training-Set-2/set4/Case-4-C24-13844-15938.tiff,Case 4 C24-13844-15938,PENDING-IMAGES,PENDING-IMAGES,PENDING-IMAGES,Non-Viable-Tumor,,,,Case-4,,TCIA Osteosarcoma-Tumor-Assessment DOI 10.7937/tcia.2019.bvhjhdas; PathDB collectionId 18 (updated 2023-12-01),FALSE,UNRESOLVED_LABEL:Non-Viable-Tumor
Case-4-C24-16355-22492,http://pathdb.cancerimagingarchive.net/system/files/wsi/ross/Osteosarcoma-UT/converted/Osteosarcoma-UT/Training-Set-2/set4/Case-4-C24-16355-22492.tiff,Case 4 C24-16355-22492,PENDING-IMAGES,PENDING-IMAGES,PENDING-IMAGES,Non-Viable-Tumor,,,,Case-4,,TCIA Osteosarcoma-Tumor-Assessment DOI 10.7937/tcia.2019.bvhjhdas; PathDB collectionId 18 (updated 2023-12-01),FALSE,UNRESOLVED_LABEL:Non-Viable-Tumor
Case-4-C24-20641-21743,http://pathdb.cancerimagingarchive.net/system/files/wsi/ross/Osteosarcoma-UT/converted/Osteosarcoma-UT/Training-Set-2/set4/Case-4-C24-20641-21743.tiff,Case 4 C24-20641-21743,PENDING-IMAGES,PENDING-IMAGES,PENDING-IMAGES,Non-Viable-Tumor,,,,Case-4,,TCIA Osteosarcoma-Tumor-Assessment DOI 10.7937/tcia.2019.bvhjhdas; PathDB collectionId 18 (updated 2023-12-01),FALSE,UNRESOLVED_LABEL:Non-Viable-Tumor
Case-4-C24-21495-20987,http://pathdb.cancerimagingarchive.net/system/files/wsi/ross/Osteosarcoma-UT/converted/Osteosarcoma-UT/Training-Set-2/set4/Case-4-C24-21495-20987.tiff,Case 4 C24-21495-20987,PENDING-IMAGES,PENDING-IMAGES,PENDING-IMAGES,Viable,VIABLE_TUMOR,,,Case-4,,TCIA Osteosarcoma-Tumor-Assessment DOI 10.7937/tcia.2019.bvhjhdas; PathDB collectionId 18 (updated 2023-12-01),PENDING-G2,
Case-4-C24-21905-23241,http://pathdb.cancerimagingarchive.net/system/files/wsi/ross/Osteosarcoma-UT/converted/Osteosarcoma-UT/Training-Set-2/set4/Case-4-C24-21905-23241.tiff,Case 4 C24-21905-23241,PENDING-IMAGES,PENDING-IMAGES,PENDING-IMAGES,Non-Viable-Tumor,,,,Case-4,,TCIA Osteosarcoma-Tumor-Assessment DOI 10.7937/tcia.2019.bvhjhdas; PathDB collectionId 18 (updated 2023-12-01),FALSE,UNRESOLVED_LABEL:Non-Viable-Tumor
Case-4-C24-22210-6774,http://pathdb.cancerimagingarchive.net/system/files/wsi/ross/Osteosarcoma-UT/converted/Osteosarcoma-UT/Training-Set-2/set4/Case-4-C24-22210-6774.tiff,Case 4 C24-22210-6774,PENDING-IMAGES,PENDING-IMAGES,PENDING-IMAGES,Non-Tumor,NON_TUMOR,,,Case-4,,TCIA Osteosarcoma-Tumor-Assessment DOI 10.7937/tcia.2019.bvhjhdas; PathDB collectionId 18 (updated 2023-12-01),PENDING-G2,
Case-4-C24-23753-20581,http://pathdb.cancerimagingarchive.net/system/files/wsi/ross/Osteosarcoma-UT/converted/Osteosarcoma-UT/Training-Set-2/set4/Case-4-C24-23753-20581.tiff,Case 4 C24-23753-20581,PENDING-IMAGES,PENDING-IMAGES,PENDING-IMAGES,Viable,VIABLE_TUMOR,,,Case-4,,TCIA Osteosarcoma-Tumor-Assessment DOI 10.7937/tcia.2019.bvhjhdas; PathDB collectionId 18 (updated 2023-12-01),PENDING-G2,
Case-4-C24-25985-25656,http://pathdb.cancerimagingarchive.net/system/files/wsi/ross/Osteosarcoma-UT/converted/Osteosarcoma-UT/Training-Set-2/set4/Case-4-C24-25985-25656.tiff,Case 4 C24-25985-25656,PENDING-IMAGES,PENDING-IMAGES,PENDING-IMAGES,Non-Viable-Tumor,,,,Case-4,,TCIA Osteosarcoma-Tumor-Assessment DOI 10.7937/tcia.2019.bvhjhdas; PathDB collectionId 18 (updated 2023-12-01),FALSE,UNRESOLVED_LABEL:Non-Viable-Tumor
Case-4-C24-26202-34731,http://pathdb.cancerimagingarchive.net/system/files/wsi/ross/Osteosarcoma-UT/converted/Osteosarcoma-UT/Training-Set-2/set4/Case-4-C24-26202-34731.tiff,Case 4 C24-26202-34731,PENDING-IMAGES,PENDING-IMAGES,PENDING-IMAGES,Non-Viable-Tumor,,,,Case-4,,TCIA Osteosarcoma-Tumor-Assessment DOI 10.7937/tcia.2019.bvhjhdas; PathDB collectionId 18 (updated 2023-12-01),FALSE,UNRESOLVED_LABEL:Non-Viable-Tumor
Case-4-C24-26502-13028,http://pathdb.cancerimagingarchive.net/system/files/wsi/ross/Osteosarcoma-UT/converted/Osteosarcoma-UT/Training-Set-2/set4/Case-4-C24-26502-13028.tiff,Case 4 C24-26502-13028,PENDING-IMAGES,PENDING-IMAGES,PENDING-IMAGES,Viable,VIABLE_TUMOR,,,Case-4,,TCIA Osteosarcoma-Tumor-Assessment DOI 10.7937/tcia.2019.bvhjhdas; PathDB collectionId 18 (updated 2023-12-01),PENDING-G2,
Case-4-C24-27750-16066,http://pathdb.cancerimagingarchive.net/system/files/wsi/ross/Osteosarcoma-UT/converted/Osteosarcoma-UT/Training-Set-2/set4/Case-4-C24-27750-16066.tiff,Case 4 C24-27750-16066,PENDING-IMAGES,PENDING-IMAGES,PENDING-IMAGES,Viable,VIABLE_TUMOR,,,Case-4,,TCIA Osteosarcoma-Tumor-Assessment DOI 10.7937/tcia.2019.bvhjhdas; PathDB collectionId 18 (updated 2023-12-01),PENDING-G2,
Case-4-C24-28082-3132,http://pathdb.cancerimagingarchive.net/system/files/wsi/ross/Osteosarcoma-UT/converted/Osteosarcoma-UT/Training-Set-2/set4/Case-4-C24-28082-3132.tiff,Case 4 C24-28082-3132,PENDING-IMAGES,PENDING-IMAGES,PENDING-IMAGES,Non-Viable-Tumor,,,,Case-4,,TCIA Osteosarcoma-Tumor-Assessment DOI 10.7937/tcia.2019.bvhjhdas; PathDB collectionId 18 (updated 2023-12-01),FALSE,UNRESOLVED_LABEL:Non-Viable-Tumor
Case-4-C24-28865-8586,http://pathdb.cancerimagingarchive.net/system/files/wsi/ross/Osteosarcoma-UT/converted/Osteosarcoma-UT/Training-Set-2/set4/Case-4-C24-28865-8586.tiff,Case 4 C24-28865-8586,PENDING-IMAGES,PENDING-IMAGES,PENDING-IMAGES,viable: non-viable,,,,Case-4,,TCIA Osteosarcoma-Tumor-Assessment DOI 10.7937/tcia.2019.bvhjhdas; PathDB collectionId 18 (updated 2023-12-01),FALSE,UNRESOLVED_LABEL:viable: non-viable
Case-4-C24-30007-11532,http://pathdb.cancerimagingarchive.net/system/files/wsi/ross/Osteosarcoma-UT/converted/Osteosarcoma-UT/Training-Set-2/set4/Case-4-C24-30007-11532.tiff,Case 4 C24-30007-11532,PENDING-IMAGES,PENDING-IMAGES,PENDING-IMAGES,Viable,VIABLE_TUMOR,,,Case-4,,TCIA Osteosarcoma-Tumor-Assessment DOI 10.7937/tcia.2019.bvhjhdas; PathDB collectionId 18 (updated 2023-12-01),PENDING-G2,
Case-4-C24-30709-15038,http://pathdb.cancerimagingarchive.net/system/files/wsi/ross/Osteosarcoma-UT/converted/Osteosarcoma-UT/Training-Set-1/set4/Case-4-C24-30709-15038.tiff,Case 4 C24-30709-15038,PENDING-IMAGES,PENDING-IMAGES,PENDING-IMAGES,Viable,VIABLE_TUMOR,,,Case-4,,TCIA Osteosarcoma-Tumor-Assessment DOI 10.7937/tcia.2019.bvhjhdas; PathDB collectionId 18 (updated 2023-12-01),PENDING-G2,
Case-4-C24-30822-32457,http://pathdb.cancerimagingarchive.net/system/files/wsi/ross/Osteosarcoma-UT/converted/Osteosarcoma-UT/Training-Set-1/set4/Case-4-C24-30822-32457.tiff,Case 4 C24-30822-32457,PENDING-IMAGES,PENDING-IMAGES,PENDING-IMAGES,Non-Viable-Tumor,,,,Case-4,,TCIA Osteosarcoma-Tumor-Assessment DOI 10.7937/tcia.2019.bvhjhdas; PathDB collectionId 18 (updated 2023-12-01),FALSE,UNRESOLVED_LABEL:Non-Viable-Tumor
Case-4-C24-31203-32244,http://pathdb.cancerimagingarchive.net/system/files/wsi/ross/Osteosarcoma-UT/converted/Osteosarcoma-UT/Training-Set-1/set4/Case-4-C24-31203-32244.tiff,Case 4 C24-31203-32244,PENDING-IMAGES,PENDING-IMAGES,PENDING-IMAGES,Non-Viable-Tumor,,,,Case-4,,TCIA Osteosarcoma-Tumor-Assessment DOI 10.7937/tcia.2019.bvhjhdas; PathDB collectionId 18 (updated 2023-12-01),FALSE,UNRESOLVED_LABEL:Non-Viable-Tumor
Case-4-C24-31951-18510,http://pathdb.cancerimagingarchive.net/system/files/wsi/ross/Osteosarcoma-UT/converted/Osteosarcoma-UT/Training-Set-1/set4/Case-4-C24-31951-18510.tiff,Case 4 C24-31951-18510,PENDING-IMAGES,PENDING-IMAGES,PENDING-IMAGES,Viable,VIABLE_TUMOR,,,Case-4,,TCIA Osteosarcoma-Tumor-Assessment DOI 10.7937/tcia.2019.bvhjhdas; PathDB collectionId 18 (updated 2023-12-01),PENDING-G2,
Case-4-C24-32113-11600,http://pathdb.cancerimagingarchive.net/system/files/wsi/ross/Osteosarcoma-UT/converted/Osteosarcoma-UT/Training-Set-1/set4/Case-4-C24-32113-11600.tiff,Case 4 C24-32113-11600,PENDING-IMAGES,PENDING-IMAGES,PENDING-IMAGES,Viable,VIABLE_TUMOR,,,Case-4,,TCIA Osteosarcoma-Tumor-Assessment DOI 10.7937/tcia.2019.bvhjhdas; PathDB collectionId 18 (updated 2023-12-01),PENDING-G2,
Case-4-C24-32721-26127,http://pathdb.cancerimagingarchive.net/system/files/wsi/ross/Osteosarcoma-UT/converted/Osteosarcoma-UT/Training-Set-1/set4/Case-4-C24-32721-26127.tiff,Case 4 C24-32721-26127,PENDING-IMAGES,PENDING-IMAGES,PENDING-IMAGES,Non-Viable-Tumor,,,,Case-4,,TCIA Osteosarcoma-Tumor-Assessment DOI 10.7937/tcia.2019.bvhjhdas; PathDB collectionId 18 (updated 2023-12-01),FALSE,UNRESOLVED_LABEL:Non-Viable-Tumor
Case-4-C24-36024-13005,http://pathdb.cancerimagingarchive.net/system/files/wsi/ross/Osteosarcoma-UT/converted/Osteosarcoma-UT/Training-Set-1/set4/Case-4-C24-36024-13005.tiff,Case 4 C24-36024-13005,PENDING-IMAGES,PENDING-IMAGES,PENDING-IMAGES,viable: non-viable,,,,Case-4,,TCIA Osteosarcoma-Tumor-Assessment DOI 10.7937/tcia.2019.bvhjhdas; PathDB collectionId 18 (updated 2023-12-01),FALSE,UNRESOLVED_LABEL:viable: non-viable
Case-4-C24-36061-11151,http://pathdb.cancerimagingarchive.net/system/files/wsi/ross/Osteosarcoma-UT/converted/Osteosarcoma-UT/Training-Set-1/set4/Case-4-C24-36061-11151.tiff,Case 4 C24-36061-11151,PENDING-IMAGES,PENDING-IMAGES,PENDING-IMAGES,Viable,VIABLE_TUMOR,,,Case-4,,TCIA Osteosarcoma-Tumor-Assessment DOI 10.7937/tcia.2019.bvhjhdas; PathDB collectionId 18 (updated 2023-12-01),PENDING-G2,
Case-4-C24-37205-16940,http://pathdb.cancerimagingarchive.net/system/files/wsi/ross/Osteosarcoma-UT/converted/Osteosarcoma-UT/Training-Set-1/set4/Case-4-C24-37205-16940.tiff,Case 4 C24-37205-16940,PENDING-IMAGES,PENDING-IMAGES,PENDING-IMAGES,Viable,VIABLE_TUMOR,,,Case-4,,TCIA Osteosarcoma-Tumor-Assessment DOI 10.7937/tcia.2019.bvhjhdas; PathDB collectionId 18 (updated 2023-12-01),PENDING-G2,
Case-4-C24-37783-13734,http://pathdb.cancerimagingarchive.net/system/files/wsi/ross/Osteosarcoma-UT/converted/Osteosarcoma-UT/Training-Set-1/set4/Case-4-C24-37783-13734.tiff,Case 4 C24-37783-13734,PENDING-IMAGES,PENDING-IMAGES,PENDING-IMAGES,Viable,VIABLE_TUMOR,,,Case-4,,TCIA Osteosarcoma-Tumor-Assessment DOI 10.7937/tcia.2019.bvhjhdas; PathDB collectionId 18 (updated 2023-12-01),PENDING-G2,
Case-4-C24-37864-31739,http://pathdb.cancerimagingarchive.net/system/files/wsi/ross/Osteosarcoma-UT/converted/Osteosarcoma-UT/Training-Set-1/set4/Case-4-C24-37864-31739.tiff,Case 4 C24-37864-31739,PENDING-IMAGES,PENDING-IMAGES,PENDING-IMAGES,Non-Viable-Tumor,,,,Case-4,,TCIA Osteosarcoma-Tumor-Assessment DOI 10.7937/tcia.2019.bvhjhdas; PathDB collectionId 18 (updated 2023-12-01),FALSE,UNRESOLVED_LABEL:Non-Viable-Tumor
Case-4-C24-38186-21797,http://pathdb.cancerimagingarchive.net/system/files/wsi/ross/Osteosarcoma-UT/converted/Osteosarcoma-UT/Training-Set-1/set4/Case-4-C24-38186-21797.tiff,Case 4 C24-38186-21797,PENDING-IMAGES,PENDING-IMAGES,PENDING-IMAGES,Viable,VIABLE_TUMOR,,,Case-4,,TCIA Osteosarcoma-Tumor-Assessment DOI 10.7937/tcia.2019.bvhjhdas; PathDB collectionId 18 (updated 2023-12-01),PENDING-G2,
Case-4-C24-41653-14996,http://pathdb.cancerimagingarchive.net/system/files/wsi/ross/Osteosarcoma-UT/converted/Osteosarcoma-UT/Training-Set-1/set4/Case-4-C24-41653-14996.tiff,Case 4 C24-41653-14996,PENDING-IMAGES,PENDING-IMAGES,PENDING-IMAGES,Non-Tumor,NON_TUMOR,,,Case-4,,TCIA Osteosarcoma-Tumor-Assessment DOI 10.7937/tcia.2019.bvhjhdas; PathDB collectionId 18 (updated 2023-12-01),PENDING-G2,
Case-4-C27-11262-18851,http://pathdb.cancerimagingarchive.net/system/files/wsi/ross/Osteosarcoma-UT/converted/Osteosarcoma-UT/Training-Set-2/set4/Case-4-C27-11262-18851.tiff,Case 4 C27-11262-18851,PENDING-IMAGES,PENDING-IMAGES,PENDING-IMAGES,Non-Viable-Tumor,,,,Case-4,,TCIA Osteosarcoma-Tumor-Assessment DOI 10.7937/tcia.2019.bvhjhdas; PathDB collectionId 18 (updated 2023-12-01),FALSE,UNRESOLVED_LABEL:Non-Viable-Tumor
Case-4-C27-12292-22142,http://pathdb.cancerimagingarchive.net/system/files/wsi/ross/Osteosarcoma-UT/converted/Osteosarcoma-UT/Training-Set-2/set4/Case-4-C27-12292-22142.tiff,Case 4 C27-12292-22142,PENDING-IMAGES,PENDING-IMAGES,PENDING-IMAGES,Non-Viable-Tumor,,,,Case-4,,TCIA Osteosarcoma-Tumor-Assessment DOI 10.7937/tcia.2019.bvhjhdas; PathDB collectionId 18 (updated 2023-12-01),FALSE,UNRESOLVED_LABEL:Non-Viable-Tumor
Case-4-C27-12979-14786,http://pathdb.cancerimagingarchive.net/system/files/wsi/ross/Osteosarcoma-UT/converted/Osteosarcoma-UT/Training-Set-2/set4/Case-4-C27-12979-14786.tiff,Case 4 C27-12979-14786,PENDING-IMAGES,PENDING-IMAGES,PENDING-IMAGES,Non-Viable-Tumor,,,,Case-4,,TCIA Osteosarcoma-Tumor-Assessment DOI 10.7937/tcia.2019.bvhjhdas; PathDB collectionId 18 (updated 2023-12-01),FALSE,UNRESOLVED_LABEL:Non-Viable-Tumor
Case-4-C27-16245-18671,http://pathdb.cancerimagingarchive.net/system/files/wsi/ross/Osteosarcoma-UT/converted/Osteosarcoma-UT/Training-Set-2/set4/Case-4-C27-16245-18671.tiff,Case 4 C27-16245-18671,PENDING-IMAGES,PENDING-IMAGES,PENDING-IMAGES,Non-Viable-Tumor,,,,Case-4,,TCIA Osteosarcoma-Tumor-Assessment DOI 10.7937/tcia.2019.bvhjhdas; PathDB collectionId 18 (updated 2023-12-01),FALSE,UNRESOLVED_LABEL:Non-Viable-Tumor
Case-4-C27-16512-14137,http://pathdb.cancerimagingarchive.net/system/files/wsi/ross/Osteosarcoma-UT/converted/Osteosarcoma-UT/Training-Set-2/set4/Case-4-C27-16512-14137.tiff,Case 4 C27-16512-14137,PENDING-IMAGES,PENDING-IMAGES,PENDING-IMAGES,Viable,VIABLE_TUMOR,,,Case-4,,TCIA Osteosarcoma-Tumor-Assessment DOI 10.7937/tcia.2019.bvhjhdas; PathDB collectionId 18 (updated 2023-12-01),PENDING-G2,
Case-4-C27-18794-30075,http://pathdb.cancerimagingarchive.net/system/files/wsi/ross/Osteosarcoma-UT/converted/Osteosarcoma-UT/Training-Set-2/set4/Case-4-C27-18794-30075.tiff,Case 4 C27-18794-30075,PENDING-IMAGES,PENDING-IMAGES,PENDING-IMAGES,Non-Viable-Tumor,,,,Case-4,,TCIA Osteosarcoma-Tumor-Assessment DOI 10.7937/tcia.2019.bvhjhdas; PathDB collectionId 18 (updated 2023-12-01),FALSE,UNRESOLVED_LABEL:Non-Viable-Tumor
Case-4-C27-23395-17702,http://pathdb.cancerimagingarchive.net/system/files/wsi/ross/Osteosarcoma-UT/converted/Osteosarcoma-UT/Training-Set-2/set4/Case-4-C27-23395-17702.tiff,Case 4 C27-23395-17702,PENDING-IMAGES,PENDING-IMAGES,PENDING-IMAGES,Viable,VIABLE_TUMOR,,,Case-4,,TCIA Osteosarcoma-Tumor-Assessment DOI 10.7937/tcia.2019.bvhjhdas; PathDB collectionId 18 (updated 2023-12-01),PENDING-G2,
Case-4-C27-25232-22735,http://pathdb.cancerimagingarchive.net/system/files/wsi/ross/Osteosarcoma-UT/converted/Osteosarcoma-UT/Training-Set-2/set4/Case-4-C27-25232-22735.tiff,Case 4 C27-25232-22735,PENDING-IMAGES,PENDING-IMAGES,PENDING-IMAGES,Viable,VIABLE_TUMOR,,,Case-4,,TCIA Osteosarcoma-Tumor-Assessment DOI 10.7937/tcia.2019.bvhjhdas; PathDB collectionId 18 (updated 2023-12-01),PENDING-G2,
Case-4-C27-26950-6071,http://pathdb.cancerimagingarchive.net/system/files/wsi/ross/Osteosarcoma-UT/converted/Osteosarcoma-UT/Training-Set-2/set4/Case-4-C27-26950-6071.tiff,Case 4 C27-26950-6071,PENDING-IMAGES,PENDING-IMAGES,PENDING-IMAGES,viable: non-viable,,,,Case-4,,TCIA Osteosarcoma-Tumor-Assessment DOI 10.7937/tcia.2019.bvhjhdas; PathDB collectionId 18 (updated 2023-12-01),FALSE,UNRESOLVED_LABEL:viable: non-viable
Case-4-C27-26960-35733,http://pathdb.cancerimagingarchive.net/system/files/wsi/ross/Osteosarcoma-UT/converted/Osteosarcoma-UT/Training-Set-2/set4/Case-4-C27-26960-35733.tiff,Case 4 C27-26960-35733,PENDING-IMAGES,PENDING-IMAGES,PENDING-IMAGES,viable: non-viable,,,,Case-4,,TCIA Osteosarcoma-Tumor-Assessment DOI 10.7937/tcia.2019.bvhjhdas; PathDB collectionId 18 (updated 2023-12-01),FALSE,UNRESOLVED_LABEL:viable: non-viable
Case-4-C27-27433-14234,http://pathdb.cancerimagingarchive.net/system/files/wsi/ross/Osteosarcoma-UT/converted/Osteosarcoma-UT/Training-Set-2/set4/Case-4-C27-27433-14234.tiff,Case 4 C27-27433-14234,PENDING-IMAGES,PENDING-IMAGES,PENDING-IMAGES,Viable,VIABLE_TUMOR,,,Case-4,,TCIA Osteosarcoma-Tumor-Assessment DOI 10.7937/tcia.2019.bvhjhdas; PathDB collectionId 18 (updated 2023-12-01),PENDING-G2,
Case-4-C27-27896-8735,http://pathdb.cancerimagingarchive.net/system/files/wsi/ross/Osteosarcoma-UT/converted/Osteosarcoma-UT/Training-Set-2/set4/Case-4-C27-27896-8735.tiff,Case 4 C27-27896-8735,PENDING-IMAGES,PENDING-IMAGES,PENDING-IMAGES,Non-Viable-Tumor,,,,Case-4,,TCIA Osteosarcoma-Tumor-Assessment DOI 10.7937/tcia.2019.bvhjhdas; PathDB collectionId 18 (updated 2023-12-01),FALSE,UNRESOLVED_LABEL:Non-Viable-Tumor
Case-4-C27-28136-19724,http://pathdb.cancerimagingarchive.net/system/files/wsi/ross/Osteosarcoma-UT/converted/Osteosarcoma-UT/Training-Set-2/set5/Case-4-C27-28136-19724.tiff,Case 4 C27-28136-19724,PENDING-IMAGES,PENDING-IMAGES,PENDING-IMAGES,Viable,VIABLE_TUMOR,,,Case-4,,TCIA Osteosarcoma-Tumor-Assessment DOI 10.7937/tcia.2019.bvhjhdas; PathDB collectionId 18 (updated 2023-12-01),PENDING-G2,
Case-4-C27-28549-7066,http://pathdb.cancerimagingarchive.net/system/files/wsi/ross/Osteosarcoma-UT/converted/Osteosarcoma-UT/Training-Set-2/set5/Case-4-C27-28549-7066.tiff,Case 4 C27-28549-7066,PENDING-IMAGES,PENDING-IMAGES,PENDING-IMAGES,viable: non-viable,,,,Case-4,,TCIA Osteosarcoma-Tumor-Assessment DOI 10.7937/tcia.2019.bvhjhdas; PathDB collectionId 18 (updated 2023-12-01),FALSE,UNRESOLVED_LABEL:viable: non-viable
Case-4-C27-29294-5191,http://pathdb.cancerimagingarchive.net/system/files/wsi/ross/Osteosarcoma-UT/converted/Osteosarcoma-UT/Training-Set-2/set5/Case-4-C27-29294-5191.tiff,Case 4 C27-29294-5191,PENDING-IMAGES,PENDING-IMAGES,PENDING-IMAGES,Non-Tumor,NON_TUMOR,,,Case-4,,TCIA Osteosarcoma-Tumor-Assessment DOI 10.7937/tcia.2019.bvhjhdas; PathDB collectionId 18 (updated 2023-12-01),PENDING-G2,
Case-4-C27-29439-7838,http://pathdb.cancerimagingarchive.net/system/files/wsi/ross/Osteosarcoma-UT/converted/Osteosarcoma-UT/Training-Set-2/set5/Case-4-C27-29439-7838.tiff,Case 4 C27-29439-7838,PENDING-IMAGES,PENDING-IMAGES,PENDING-IMAGES,Viable,VIABLE_TUMOR,,,Case-4,,TCIA Osteosarcoma-Tumor-Assessment DOI 10.7937/tcia.2019.bvhjhdas; PathDB collectionId 18 (updated 2023-12-01),PENDING-G2,
Case-4-C27-30307-29497,http://pathdb.cancerimagingarchive.net/system/files/wsi/ross/Osteosarcoma-UT/converted/Osteosarcoma-UT/Training-Set-1/set4/Case-4-C27-30307-29497.tiff,Case 4 C27-30307-29497,PENDING-IMAGES,PENDING-IMAGES,PENDING-IMAGES,Non-Viable-Tumor,,,,Case-4,,TCIA Osteosarcoma-Tumor-Assessment DOI 10.7937/tcia.2019.bvhjhdas; PathDB collectionId 18 (updated 2023-12-01),FALSE,UNRESOLVED_LABEL:Non-Viable-Tumor
Case-4-C27-32061-22260,http://pathdb.cancerimagingarchive.net/system/files/wsi/ross/Osteosarcoma-UT/converted/Osteosarcoma-UT/Training-Set-1/set4/Case-4-C27-32061-22260.tiff,Case 4 C27-32061-22260,PENDING-IMAGES,PENDING-IMAGES,PENDING-IMAGES,Viable,VIABLE_TUMOR,,,Case-4,,TCIA Osteosarcoma-Tumor-Assessment DOI 10.7937/tcia.2019.bvhjhdas; PathDB collectionId 18 (updated 2023-12-01),PENDING-G2,
Case-4-C27-32431-19828,http://pathdb.cancerimagingarchive.net/system/files/wsi/ross/Osteosarcoma-UT/converted/Osteosarcoma-UT/Training-Set-1/set4/Case-4-C27-32431-19828.tiff,Case 4 C27-32431-19828,PENDING-IMAGES,PENDING-IMAGES,PENDING-IMAGES,Viable,VIABLE_TUMOR,,,Case-4,,TCIA Osteosarcoma-Tumor-Assessment DOI 10.7937/tcia.2019.bvhjhdas; PathDB collectionId 18 (updated 2023-12-01),PENDING-G2,
Case-4-C27-33498-10849,http://pathdb.cancerimagingarchive.net/system/files/wsi/ross/Osteosarcoma-UT/converted/Osteosarcoma-UT/Training-Set-1/set4/Case-4-C27-33498-10849.tiff,Case 4 C27-33498-10849,PENDING-IMAGES,PENDING-IMAGES,PENDING-IMAGES,viable: non-viable,,,,Case-4,,TCIA Osteosarcoma-Tumor-Assessment DOI 10.7937/tcia.2019.bvhjhdas; PathDB collectionId 18 (updated 2023-12-01),FALSE,UNRESOLVED_LABEL:viable: non-viable
Case-4-C27-34169-23534,http://pathdb.cancerimagingarchive.net/system/files/wsi/ross/Osteosarcoma-UT/converted/Osteosarcoma-UT/Training-Set-1/set4/Case-4-C27-34169-23534.tiff,Case 4 C27-34169-23534,PENDING-IMAGES,PENDING-IMAGES,PENDING-IMAGES,Viable,VIABLE_TUMOR,,,Case-4,,TCIA Osteosarcoma-Tumor-Assessment DOI 10.7937/tcia.2019.bvhjhdas; PathDB collectionId 18 (updated 2023-12-01),PENDING-G2,
Case-4-C27-36865-22443,http://pathdb.cancerimagingarchive.net/system/files/wsi/ross/Osteosarcoma-UT/converted/Osteosarcoma-UT/Training-Set-1/set4/Case-4-C27-36865-22443.tiff,Case 4 C27-36865-22443,PENDING-IMAGES,PENDING-IMAGES,PENDING-IMAGES,viable: non-viable,,,,Case-4,,TCIA Osteosarcoma-Tumor-Assessment DOI 10.7937/tcia.2019.bvhjhdas; PathDB collectionId 18 (updated 2023-12-01),FALSE,UNRESOLVED_LABEL:viable: non-viable
Case-4-C27-37395-26388,http://pathdb.cancerimagingarchive.net/system/files/wsi/ross/Osteosarcoma-UT/converted/Osteosarcoma-UT/Training-Set-1/set4/Case-4-C27-37395-26388.tiff,Case 4 C27-37395-26388,PENDING-IMAGES,PENDING-IMAGES,PENDING-IMAGES,Viable,VIABLE_TUMOR,,,Case-4,,TCIA Osteosarcoma-Tumor-Assessment DOI 10.7937/tcia.2019.bvhjhdas; PathDB collectionId 18 (updated 2023-12-01),PENDING-G2,
Case-4-C27-37440-28310,http://pathdb.cancerimagingarchive.net/system/files/wsi/ross/Osteosarcoma-UT/converted/Osteosarcoma-UT/Training-Set-1/set4/Case-4-C27-37440-28310.tiff,Case 4 C27-37440-28310,PENDING-IMAGES,PENDING-IMAGES,PENDING-IMAGES,Viable,VIABLE_TUMOR,,,Case-4,,TCIA Osteosarcoma-Tumor-Assessment DOI 10.7937/tcia.2019.bvhjhdas; PathDB collectionId 18 (updated 2023-12-01),PENDING-G2,
Case-4-C27-37658-29791,http://pathdb.cancerimagingarchive.net/system/files/wsi/ross/Osteosarcoma-UT/converted/Osteosarcoma-UT/Training-Set-1/set4/Case-4-C27-37658-29791.tiff,Case 4 C27-37658-29791,PENDING-IMAGES,PENDING-IMAGES,PENDING-IMAGES,Non-Viable-Tumor,,,,Case-4,,TCIA Osteosarcoma-Tumor-Assessment DOI 10.7937/tcia.2019.bvhjhdas; PathDB collectionId 18 (updated 2023-12-01),FALSE,UNRESOLVED_LABEL:Non-Viable-Tumor
Case-4-C27-40436-21740,http://pathdb.cancerimagingarchive.net/system/files/wsi/ross/Osteosarcoma-UT/converted/Osteosarcoma-UT/Training-Set-1/set4/Case-4-C27-40436-21740.tiff,Case 4 C27-40436-21740,PENDING-IMAGES,PENDING-IMAGES,PENDING-IMAGES,Non-Viable-Tumor,,,,Case-4,,TCIA Osteosarcoma-Tumor-Assessment DOI 10.7937/tcia.2019.bvhjhdas; PathDB collectionId 18 (updated 2023-12-01),FALSE,UNRESOLVED_LABEL:Non-Viable-Tumor
Case-4-C27-42354-19379,http://pathdb.cancerimagingarchive.net/system/files/wsi/ross/Osteosarcoma-UT/converted/Osteosarcoma-UT/Training-Set-1/set4/Case-4-C27-42354-19379.tiff,Case 4 C27-42354-19379,PENDING-IMAGES,PENDING-IMAGES,PENDING-IMAGES,Viable,VIABLE_TUMOR,,,Case-4,,TCIA Osteosarcoma-Tumor-Assessment DOI 10.7937/tcia.2019.bvhjhdas; PathDB collectionId 18 (updated 2023-12-01),PENDING-G2,
Case-4-C27-45200-21938,http://pathdb.cancerimagingarchive.net/system/files/wsi/ross/Osteosarcoma-UT/converted/Osteosarcoma-UT/Training-Set-1/set4/Case-4-C27-45200-21938.tiff,Case 4 C27-45200-21938,PENDING-IMAGES,PENDING-IMAGES,PENDING-IMAGES,Non-Tumor,NON_TUMOR,,,Case-4,,TCIA Osteosarcoma-Tumor-Assessment DOI 10.7937/tcia.2019.bvhjhdas; PathDB collectionId 18 (updated 2023-12-01),PENDING-G2,
Case-4-C27-45262-20988,http://pathdb.cancerimagingarchive.net/system/files/wsi/ross/Osteosarcoma-UT/converted/Osteosarcoma-UT/Training-Set-1/set4/Case-4-C27-45262-20988.tiff,Case 4 C27-45262-20988,PENDING-IMAGES,PENDING-IMAGES,PENDING-IMAGES,Non-Tumor,NON_TUMOR,,,Case-4,,TCIA Osteosarcoma-Tumor-Assessment DOI 10.7937/tcia.2019.bvhjhdas; PathDB collectionId 18 (updated 2023-12-01),PENDING-G2,
Case-4-C28-10217-20283,http://pathdb.cancerimagingarchive.net/system/files/wsi/ross/Osteosarcoma-UT/converted/Osteosarcoma-UT/Training-Set-2/set5/Case-4-C28-10217-20283.tiff,Case 4 C28-10217-20283,PENDING-IMAGES,PENDING-IMAGES,PENDING-IMAGES,Non-Viable-Tumor,,,,Case-4,,TCIA Osteosarcoma-Tumor-Assessment DOI 10.7937/tcia.2019.bvhjhdas; PathDB collectionId 18 (updated 2023-12-01),FALSE,UNRESOLVED_LABEL:Non-Viable-Tumor
Case-4-C28-13005-20274,http://pathdb.cancerimagingarchive.net/system/files/wsi/ross/Osteosarcoma-UT/converted/Osteosarcoma-UT/Training-Set-2/set5/Case-4-C28-13005-20274.tiff,Case 4 C28-13005-20274,PENDING-IMAGES,PENDING-IMAGES,PENDING-IMAGES,Non-Viable-Tumor,,,,Case-4,,TCIA Osteosarcoma-Tumor-Assessment DOI 10.7937/tcia.2019.bvhjhdas; PathDB collectionId 18 (updated 2023-12-01),FALSE,UNRESOLVED_LABEL:Non-Viable-Tumor
Case-4-C28-17086-17351,http://pathdb.cancerimagingarchive.net/system/files/wsi/ross/Osteosarcoma-UT/converted/Osteosarcoma-UT/Training-Set-2/set5/Case-4-C28-17086-17351.tiff,Case 4 C28-17086-17351,PENDING-IMAGES,PENDING-IMAGES,PENDING-IMAGES,viable: non-viable,,,,Case-4,,TCIA Osteosarcoma-Tumor-Assessment DOI 10.7937/tcia.2019.bvhjhdas; PathDB collectionId 18 (updated 2023-12-01),FALSE,UNRESOLVED_LABEL:viable: non-viable
Case-4-C28-17394-10525,http://pathdb.cancerimagingarchive.net/system/files/wsi/ross/Osteosarcoma-UT/converted/Osteosarcoma-UT/Training-Set-2/set5/Case-4-C28-17394-10525.tiff,Case 4 C28-17394-10525,PENDING-IMAGES,PENDING-IMAGES,PENDING-IMAGES,Viable,VIABLE_TUMOR,,,Case-4,,TCIA Osteosarcoma-Tumor-Assessment DOI 10.7937/tcia.2019.bvhjhdas; PathDB collectionId 18 (updated 2023-12-01),PENDING-G2,
Case-4-C28-17483-12238,http://pathdb.cancerimagingarchive.net/system/files/wsi/ross/Osteosarcoma-UT/converted/Osteosarcoma-UT/Training-Set-2/set5/Case-4-C28-17483-12238.tiff,Case 4 C28-17483-12238,PENDING-IMAGES,PENDING-IMAGES,PENDING-IMAGES,Viable,VIABLE_TUMOR,,,Case-4,,TCIA Osteosarcoma-Tumor-Assessment DOI 10.7937/tcia.2019.bvhjhdas; PathDB collectionId 18 (updated 2023-12-01),PENDING-G2,
Case-4-C28-19739-14492,http://pathdb.cancerimagingarchive.net/system/files/wsi/ross/Osteosarcoma-UT/converted/Osteosarcoma-UT/Training-Set-2/set5/Case-4-C28-19739-14492.tiff,Case 4 C28-19739-14492,PENDING-IMAGES,PENDING-IMAGES,PENDING-IMAGES,viable: non-viable,,,,Case-4,,TCIA Osteosarcoma-Tumor-Assessment DOI 10.7937/tcia.2019.bvhjhdas; PathDB collectionId 18 (updated 2023-12-01),FALSE,UNRESOLVED_LABEL:viable: non-viable
Case-4-C28-22588-34168,http://pathdb.cancerimagingarchive.net/system/files/wsi/ross/Osteosarcoma-UT/converted/Osteosarcoma-UT/Training-Set-2/set5/Case-4-C28-22588-34168.tiff,Case 4 C28-22588-34168,PENDING-IMAGES,PENDING-IMAGES,PENDING-IMAGES,Non-Viable-Tumor,,,,Case-4,,TCIA Osteosarcoma-Tumor-Assessment DOI 10.7937/tcia.2019.bvhjhdas; PathDB collectionId 18 (updated 2023-12-01),FALSE,UNRESOLVED_LABEL:Non-Viable-Tumor
Case-4-C28-25473-14283,http://pathdb.cancerimagingarchive.net/system/files/wsi/ross/Osteosarcoma-UT/converted/Osteosarcoma-UT/Training-Set-2/set5/Case-4-C28-25473-14283.tiff,Case 4 C28-25473-14283,PENDING-IMAGES,PENDING-IMAGES,PENDING-IMAGES,Viable,VIABLE_TUMOR,,,Case-4,,TCIA Osteosarcoma-Tumor-Assessment DOI 10.7937/tcia.2019.bvhjhdas; PathDB collectionId 18 (updated 2023-12-01),PENDING-G2,
Case-4-C28-26851-15411,http://pathdb.cancerimagingarchive.net/system/files/wsi/ross/Osteosarcoma-UT/converted/Osteosarcoma-UT/Training-Set-2/set5/Case-4-C28-26851-15411.tiff,Case 4 C28-26851-15411,PENDING-IMAGES,PENDING-IMAGES,PENDING-IMAGES,Viable,VIABLE_TUMOR,,,Case-4,,TCIA Osteosarcoma-Tumor-Assessment DOI 10.7937/tcia.2019.bvhjhdas; PathDB collectionId 18 (updated 2023-12-01),PENDING-G2,
Case-4-C28-27016-13463,http://pathdb.cancerimagingarchive.net/system/files/wsi/ross/Osteosarcoma-UT/converted/Osteosarcoma-UT/Training-Set-2/set5/Case-4-C28-27016-13463.tiff,Case 4 C28-27016-13463,PENDING-IMAGES,PENDING-IMAGES,PENDING-IMAGES,Viable,VIABLE_TUMOR,,,Case-4,,TCIA Osteosarcoma-Tumor-Assessment DOI 10.7937/tcia.2019.bvhjhdas; PathDB collectionId 18 (updated 2023-12-01),PENDING-G2,
Case-4-C28-27602-26398,http://pathdb.cancerimagingarchive.net/system/files/wsi/ross/Osteosarcoma-UT/converted/Osteosarcoma-UT/Training-Set-2/set5/Case-4-C28-27602-26398.tiff,Case 4 C28-27602-26398,PENDING-IMAGES,PENDING-IMAGES,PENDING-IMAGES,Non-Viable-Tumor,,,,Case-4,,TCIA Osteosarcoma-Tumor-Assessment DOI 10.7937/tcia.2019.bvhjhdas; PathDB collectionId 18 (updated 2023-12-01),FALSE,UNRESOLVED_LABEL:Non-Viable-Tumor
Case-4-C28-28569-15469,http://pathdb.cancerimagingarchive.net/system/files/wsi/ross/Osteosarcoma-UT/converted/Osteosarcoma-UT/Training-Set-2/set5/Case-4-C28-28569-15469.tiff,Case 4 C28-28569-15469,PENDING-IMAGES,PENDING-IMAGES,PENDING-IMAGES,Viable,VIABLE_TUMOR,,,Case-4,,TCIA Osteosarcoma-Tumor-Assessment DOI 10.7937/tcia.2019.bvhjhdas; PathDB collectionId 18 (updated 2023-12-01),PENDING-G2,
Case-4-C28-30588-18732,http://pathdb.cancerimagingarchive.net/system/files/wsi/ross/Osteosarcoma-UT/converted/Osteosarcoma-UT/Training-Set-2/set5/Case-4-C28-30588-18732.tiff,Case 4 C28-30588-18732,PENDING-IMAGES,PENDING-IMAGES,PENDING-IMAGES,Viable,VIABLE_TUMOR,,,Case-4,,TCIA Osteosarcoma-Tumor-Assessment DOI 10.7937/tcia.2019.bvhjhdas; PathDB collectionId 18 (updated 2023-12-01),PENDING-G2,
Case-4-C28-30914-19280,http://pathdb.cancerimagingarchive.net/system/files/wsi/ross/Osteosarcoma-UT/converted/Osteosarcoma-UT/Training-Set-2/set5/Case-4-C28-30914-19280.tiff,Case 4 C28-30914-19280,PENDING-IMAGES,PENDING-IMAGES,PENDING-IMAGES,Viable,VIABLE_TUMOR,,,Case-4,,TCIA Osteosarcoma-Tumor-Assessment DOI 10.7937/tcia.2019.bvhjhdas; PathDB collectionId 18 (updated 2023-12-01),PENDING-G2,
Case-4-C28-31042-23166,http://pathdb.cancerimagingarchive.net/system/files/wsi/ross/Osteosarcoma-UT/converted/Osteosarcoma-UT/Training-Set-1/set4/Case-4-C28-31042-23166.tiff,Case 4 C28-31042-23166,PENDING-IMAGES,PENDING-IMAGES,PENDING-IMAGES,Non-Tumor,NON_TUMOR,,,Case-4,,TCIA Osteosarcoma-Tumor-Assessment DOI 10.7937/tcia.2019.bvhjhdas; PathDB collectionId 18 (updated 2023-12-01),PENDING-G2,
Case-4-C28-33944-22211,http://pathdb.cancerimagingarchive.net/system/files/wsi/ross/Osteosarcoma-UT/converted/Osteosarcoma-UT/Training-Set-1/set4/Case-4-C28-33944-22211.tiff,Case 4 C28-33944-22211,PENDING-IMAGES,PENDING-IMAGES,PENDING-IMAGES,Non-Tumor,NON_TUMOR,,,Case-4,,TCIA Osteosarcoma-Tumor-Assessment DOI 10.7937/tcia.2019.bvhjhdas; PathDB collectionId 18 (updated 2023-12-01),PENDING-G2,
Case-4-C28-34272-29721,http://pathdb.cancerimagingarchive.net/system/files/wsi/ross/Osteosarcoma-UT/converted/Osteosarcoma-UT/Training-Set-1/set4/Case-4-C28-34272-29721.tiff,Case 4 C28-34272-29721,PENDING-IMAGES,PENDING-IMAGES,PENDING-IMAGES,Non-Viable-Tumor,,,,Case-4,,TCIA Osteosarcoma-Tumor-Assessment DOI 10.7937/tcia.2019.bvhjhdas; PathDB collectionId 18 (updated 2023-12-01),FALSE,UNRESOLVED_LABEL:Non-Viable-Tumor
Case-4-C28-35755-28991,http://pathdb.cancerimagingarchive.net/system/files/wsi/ross/Osteosarcoma-UT/converted/Osteosarcoma-UT/Training-Set-1/set4/Case-4-C28-35755-28991.tiff,Case 4 C28-35755-28991,PENDING-IMAGES,PENDING-IMAGES,PENDING-IMAGES,Non-Viable-Tumor,,,,Case-4,,TCIA Osteosarcoma-Tumor-Assessment DOI 10.7937/tcia.2019.bvhjhdas; PathDB collectionId 18 (updated 2023-12-01),FALSE,UNRESOLVED_LABEL:Non-Viable-Tumor
Case-4-C28-36010-11166,http://pathdb.cancerimagingarchive.net/system/files/wsi/ross/Osteosarcoma-UT/converted/Osteosarcoma-UT/Training-Set-1/set4/Case-4-C28-36010-11166.tiff,Case 4 C28-36010-11166,PENDING-IMAGES,PENDING-IMAGES,PENDING-IMAGES,Viable,VIABLE_TUMOR,,,Case-4,,TCIA Osteosarcoma-Tumor-Assessment DOI 10.7937/tcia.2019.bvhjhdas; PathDB collectionId 18 (updated 2023-12-01),PENDING-G2,
Case-4-C28-36370-18227,http://pathdb.cancerimagingarchive.net/system/files/wsi/ross/Osteosarcoma-UT/converted/Osteosarcoma-UT/Training-Set-1/set4/Case-4-C28-36370-18227.tiff,Case 4 C28-36370-18227,PENDING-IMAGES,PENDING-IMAGES,PENDING-IMAGES,Viable,VIABLE_TUMOR,,,Case-4,,TCIA Osteosarcoma-Tumor-Assessment DOI 10.7937/tcia.2019.bvhjhdas; PathDB collectionId 18 (updated 2023-12-01),PENDING-G2,
Case-4-C28-39382-19351,http://pathdb.cancerimagingarchive.net/system/files/wsi/ross/Osteosarcoma-UT/converted/Osteosarcoma-UT/Training-Set-1/set4/Case-4-C28-39382-19351.tiff,Case 4 C28-39382-19351,PENDING-IMAGES,PENDING-IMAGES,PENDING-IMAGES,viable: non-viable,,,,Case-4,,TCIA Osteosarcoma-Tumor-Assessment DOI 10.7937/tcia.2019.bvhjhdas; PathDB collectionId 18 (updated 2023-12-01),FALSE,UNRESOLVED_LABEL:viable: non-viable
Case-4-C28-39674-17239,http://pathdb.cancerimagingarchive.net/system/files/wsi/ross/Osteosarcoma-UT/converted/Osteosarcoma-UT/Training-Set-1/set5/Case-4-C28-39674-17239.tiff,Case 4 C28-39674-17239,PENDING-IMAGES,PENDING-IMAGES,PENDING-IMAGES,Viable,VIABLE_TUMOR,,,Case-4,,TCIA Osteosarcoma-Tumor-Assessment DOI 10.7937/tcia.2019.bvhjhdas; PathDB collectionId 18 (updated 2023-12-01),PENDING-G2,
Case-4-C28-39877-24842,http://pathdb.cancerimagingarchive.net/system/files/wsi/ross/Osteosarcoma-UT/converted/Osteosarcoma-UT/Training-Set-1/set5/Case-4-C28-39877-24842.tiff,Case 4 C28-39877-24842,PENDING-IMAGES,PENDING-IMAGES,PENDING-IMAGES,Viable,VIABLE_TUMOR,,,Case-4,,TCIA Osteosarcoma-Tumor-Assessment DOI 10.7937/tcia.2019.bvhjhdas; PathDB collectionId 18 (updated 2023-12-01),PENDING-G2,
Case-4-C28-41530-23152,http://pathdb.cancerimagingarchive.net/system/files/wsi/ross/Osteosarcoma-UT/converted/Osteosarcoma-UT/Training-Set-1/set5/Case-4-C28-41530-23152.tiff,Case 4 C28-41530-23152,PENDING-IMAGES,PENDING-IMAGES,PENDING-IMAGES,viable: non-viable,,,,Case-4,,TCIA Osteosarcoma-Tumor-Assessment DOI 10.7937/tcia.2019.bvhjhdas; PathDB collectionId 18 (updated 2023-12-01),FALSE,UNRESOLVED_LABEL:viable: non-viable
Case-4-C28-41935-19673,http://pathdb.cancerimagingarchive.net/system/files/wsi/ross/Osteosarcoma-UT/converted/Osteosarcoma-UT/Training-Set-1/set5/Case-4-C28-41935-19673.tiff,Case 4 C28-41935-19673,PENDING-IMAGES,PENDING-IMAGES,PENDING-IMAGES,Viable,VIABLE_TUMOR,,,Case-4,,TCIA Osteosarcoma-Tumor-Assessment DOI 10.7937/tcia.2019.bvhjhdas; PathDB collectionId 18 (updated 2023-12-01),PENDING-G2,
Case-4-C28-42525-25070,http://pathdb.cancerimagingarchive.net/system/files/wsi/ross/Osteosarcoma-UT/converted/Osteosarcoma-UT/Training-Set-1/set5/Case-4-C28-42525-25070.tiff,Case 4 C28-42525-25070,PENDING-IMAGES,PENDING-IMAGES,PENDING-IMAGES,Non-Viable-Tumor,,,,Case-4,,TCIA Osteosarcoma-Tumor-Assessment DOI 10.7937/tcia.2019.bvhjhdas; PathDB collectionId 18 (updated 2023-12-01),FALSE,UNRESOLVED_LABEL:Non-Viable-Tumor
Case-4-C28-42724-16956,http://pathdb.cancerimagingarchive.net/system/files/wsi/ross/Osteosarcoma-UT/converted/Osteosarcoma-UT/Training-Set-1/set5/Case-4-C28-42724-16956.tiff,Case 4 C28-42724-16956,PENDING-IMAGES,PENDING-IMAGES,PENDING-IMAGES,Non-Tumor,NON_TUMOR,,,Case-4,,TCIA Osteosarcoma-Tumor-Assessment DOI 10.7937/tcia.2019.bvhjhdas; PathDB collectionId 18 (updated 2023-12-01),PENDING-G2,
Case-4-C29-13332-20182,http://pathdb.cancerimagingarchive.net/system/files/wsi/ross/Osteosarcoma-UT/converted/Osteosarcoma-UT/Training-Set-2/set5/Case-4-C29-13332-20182.tiff,Case 4 C29-13332-20182,PENDING-IMAGES,PENDING-IMAGES,PENDING-IMAGES,Non-Viable-Tumor,,,,Case-4,,TCIA Osteosarcoma-Tumor-Assessment DOI 10.7937/tcia.2019.bvhjhdas; PathDB collectionId 18 (updated 2023-12-01),FALSE,UNRESOLVED_LABEL:Non-Viable-Tumor
Case-4-C29-14846-11791,http://pathdb.cancerimagingarchive.net/system/files/wsi/ross/Osteosarcoma-UT/converted/Osteosarcoma-UT/Training-Set-2/set5/Case-4-C29-14846-11791.tiff,Case 4 C29-14846-11791,PENDING-IMAGES,PENDING-IMAGES,PENDING-IMAGES,Viable,VIABLE_TUMOR,,,Case-4,,TCIA Osteosarcoma-Tumor-Assessment DOI 10.7937/tcia.2019.bvhjhdas; PathDB collectionId 18 (updated 2023-12-01),PENDING-G2,
Case-4-C29-15182-28434,http://pathdb.cancerimagingarchive.net/system/files/wsi/ross/Osteosarcoma-UT/converted/Osteosarcoma-UT/Training-Set-2/set5/Case-4-C29-15182-28434.tiff,Case 4 C29-15182-28434,PENDING-IMAGES,PENDING-IMAGES,PENDING-IMAGES,Non-Viable-Tumor,,,,Case-4,,TCIA Osteosarcoma-Tumor-Assessment DOI 10.7937/tcia.2019.bvhjhdas; PathDB collectionId 18 (updated 2023-12-01),FALSE,UNRESOLVED_LABEL:Non-Viable-Tumor
Case-4-C29-15569-11401,http://pathdb.cancerimagingarchive.net/system/files/wsi/ross/Osteosarcoma-UT/converted/Osteosarcoma-UT/Training-Set-2/set5/Case-4-C29-15569-11401.tiff,Case 4 C29-15569-11401,PENDING-IMAGES,PENDING-IMAGES,PENDING-IMAGES,Viable,VIABLE_TUMOR,,,Case-4,,TCIA Osteosarcoma-Tumor-Assessment DOI 10.7937/tcia.2019.bvhjhdas; PathDB collectionId 18 (updated 2023-12-01),PENDING-G2,
Case-4-C29-15887-24394,http://pathdb.cancerimagingarchive.net/system/files/wsi/ross/Osteosarcoma-UT/converted/Osteosarcoma-UT/Training-Set-2/set5/Case-4-C29-15887-24394.tiff,Case 4 C29-15887-24394,PENDING-IMAGES,PENDING-IMAGES,PENDING-IMAGES,Non-Viable-Tumor,,,,Case-4,,TCIA Osteosarcoma-Tumor-Assessment DOI 10.7937/tcia.2019.bvhjhdas; PathDB collectionId 18 (updated 2023-12-01),FALSE,UNRESOLVED_LABEL:Non-Viable-Tumor
Case-4-C29-16530-30634,http://pathdb.cancerimagingarchive.net/system/files/wsi/ross/Osteosarcoma-UT/converted/Osteosarcoma-UT/Training-Set-2/set5/Case-4-C29-16530-30634.tiff,Case 4 C29-16530-30634,PENDING-IMAGES,PENDING-IMAGES,PENDING-IMAGES,Non-Viable-Tumor,,,,Case-4,,TCIA Osteosarcoma-Tumor-Assessment DOI 10.7937/tcia.2019.bvhjhdas; PathDB collectionId 18 (updated 2023-12-01),FALSE,UNRESOLVED_LABEL:Non-Viable-Tumor
Case-4-C29-16874-21863,http://pathdb.cancerimagingarchive.net/system/files/wsi/ross/Osteosarcoma-UT/converted/Osteosarcoma-UT/Training-Set-2/set5/Case-4-C29-16874-21863.tiff,Case 4 C29-16874-21863,PENDING-IMAGES,PENDING-IMAGES,PENDING-IMAGES,Non-Viable-Tumor,,,,Case-4,,TCIA Osteosarcoma-Tumor-Assessment DOI 10.7937/tcia.2019.bvhjhdas; PathDB collectionId 18 (updated 2023-12-01),FALSE,UNRESOLVED_LABEL:Non-Viable-Tumor
Case-4-C29-17972-31834,http://pathdb.cancerimagingarchive.net/system/files/wsi/ross/Osteosarcoma-UT/converted/Osteosarcoma-UT/Training-Set-2/set5/Case-4-C29-17972-31834.tiff,Case 4 C29-17972-31834,PENDING-IMAGES,PENDING-IMAGES,PENDING-IMAGES,Non-Viable-Tumor,,,,Case-4,,TCIA Osteosarcoma-Tumor-Assessment DOI 10.7937/tcia.2019.bvhjhdas; PathDB collectionId 18 (updated 2023-12-01),FALSE,UNRESOLVED_LABEL:Non-Viable-Tumor
Case-4-C29-18029-22098,http://pathdb.cancerimagingarchive.net/system/files/wsi/ross/Osteosarcoma-UT/converted/Osteosarcoma-UT/Training-Set-2/set5/Case-4-C29-18029-22098.tiff,Case 4 C29-18029-22098,PENDING-IMAGES,PENDING-IMAGES,PENDING-IMAGES,Non-Viable-Tumor,,,,Case-4,,TCIA Osteosarcoma-Tumor-Assessment DOI 10.7937/tcia.2019.bvhjhdas; PathDB collectionId 18 (updated 2023-12-01),FALSE,UNRESOLVED_LABEL:Non-Viable-Tumor
Case-4-C29-20994-22152,http://pathdb.cancerimagingarchive.net/system/files/wsi/ross/Osteosarcoma-UT/converted/Osteosarcoma-UT/Training-Set-2/set5/Case-4-C29-20994-22152.tiff,Case 4 C29-20994-22152,PENDING-IMAGES,PENDING-IMAGES,PENDING-IMAGES,viable: non-viable,,,,Case-4,,TCIA Osteosarcoma-Tumor-Assessment DOI 10.7937/tcia.2019.bvhjhdas; PathDB collectionId 18 (updated 2023-12-01),FALSE,UNRESOLVED_LABEL:viable: non-viable
Case-4-C29-22107-10482,http://pathdb.cancerimagingarchive.net/system/files/wsi/ross/Osteosarcoma-UT/converted/Osteosarcoma-UT/Training-Set-2/set5/Case-4-C29-22107-10482.tiff,Case 4 C29-22107-10482,PENDING-IMAGES,PENDING-IMAGES,PENDING-IMAGES,Viable,VIABLE_TUMOR,,,Case-4,,TCIA Osteosarcoma-Tumor-Assessment DOI 10.7937/tcia.2019.bvhjhdas; PathDB collectionId 18 (updated 2023-12-01),PENDING-G2,
Case-4-C29-22504-33746,http://pathdb.cancerimagingarchive.net/system/files/wsi/ross/Osteosarcoma-UT/converted/Osteosarcoma-UT/Training-Set-2/set5/Case-4-C29-22504-33746.tiff,Case 4 C29-22504-33746,PENDING-IMAGES,PENDING-IMAGES,PENDING-IMAGES,Non-Viable-Tumor,,,,Case-4,,TCIA Osteosarcoma-Tumor-Assessment DOI 10.7937/tcia.2019.bvhjhdas; PathDB collectionId 18 (updated 2023-12-01),FALSE,UNRESOLVED_LABEL:Non-Viable-Tumor
Case-4-C29-23938-15097,http://pathdb.cancerimagingarchive.net/system/files/wsi/ross/Osteosarcoma-UT/converted/Osteosarcoma-UT/Training-Set-2/set5/Case-4-C29-23938-15097.tiff,Case 4 C29-23938-15097,PENDING-IMAGES,PENDING-IMAGES,PENDING-IMAGES,Viable,VIABLE_TUMOR,,,Case-4,,TCIA Osteosarcoma-Tumor-Assessment DOI 10.7937/tcia.2019.bvhjhdas; PathDB collectionId 18 (updated 2023-12-01),PENDING-G2,
Case-4-C29-24903-19562,http://pathdb.cancerimagingarchive.net/system/files/wsi/ross/Osteosarcoma-UT/converted/Osteosarcoma-UT/Training-Set-2/set5/Case-4-C29-24903-19562.tiff,Case 4 C29-24903-19562,PENDING-IMAGES,PENDING-IMAGES,PENDING-IMAGES,Viable,VIABLE_TUMOR,,,Case-4,,TCIA Osteosarcoma-Tumor-Assessment DOI 10.7937/tcia.2019.bvhjhdas; PathDB collectionId 18 (updated 2023-12-01),PENDING-G2,
Case-4-C29-26385-28225,http://pathdb.cancerimagingarchive.net/system/files/wsi/ross/Osteosarcoma-UT/converted/Osteosarcoma-UT/Training-Set-1/set5/Case-4-C29-26385-28225.tiff,Case 4 C29-26385-28225,PENDING-IMAGES,PENDING-IMAGES,PENDING-IMAGES,Non-Viable-Tumor,,,,Case-4,,TCIA Osteosarcoma-Tumor-Assessment DOI 10.7937/tcia.2019.bvhjhdas; PathDB collectionId 18 (updated 2023-12-01),FALSE,UNRESOLVED_LABEL:Non-Viable-Tumor
Case-4-C29-26451-27935,http://pathdb.cancerimagingarchive.net/system/files/wsi/ross/Osteosarcoma-UT/converted/Osteosarcoma-UT/Training-Set-1/set5/Case-4-C29-26451-27935.tiff,Case 4 C29-26451-27935,PENDING-IMAGES,PENDING-IMAGES,PENDING-IMAGES,Non-Viable-Tumor,,,,Case-4,,TCIA Osteosarcoma-Tumor-Assessment DOI 10.7937/tcia.2019.bvhjhdas; PathDB collectionId 18 (updated 2023-12-01),FALSE,UNRESOLVED_LABEL:Non-Viable-Tumor
Case-4-C29-26629-4434,http://pathdb.cancerimagingarchive.net/system/files/wsi/ross/Osteosarcoma-UT/converted/Osteosarcoma-UT/Training-Set-1/set5/Case-4-C29-26629-4434.tiff,Case 4 C29-26629-4434,PENDING-IMAGES,PENDING-IMAGES,PENDING-IMAGES,Non-Viable-Tumor,,,,Case-4,,TCIA Osteosarcoma-Tumor-Assessment DOI 10.7937/tcia.2019.bvhjhdas; PathDB collectionId 18 (updated 2023-12-01),FALSE,UNRESOLVED_LABEL:Non-Viable-Tumor
Case-4-C29-27987-31224,http://pathdb.cancerimagingarchive.net/system/files/wsi/ross/Osteosarcoma-UT/converted/Osteosarcoma-UT/Training-Set-1/set5/Case-4-C29-27987-31224.tiff,Case 4 C29-27987-31224,PENDING-IMAGES,PENDING-IMAGES,PENDING-IMAGES,Non-Viable-Tumor,,,,Case-4,,TCIA Osteosarcoma-Tumor-Assessment DOI 10.7937/tcia.2019.bvhjhdas; PathDB collectionId 18 (updated 2023-12-01),FALSE,UNRESOLVED_LABEL:Non-Viable-Tumor
Case-4-C29-29639-16570,http://pathdb.cancerimagingarchive.net/system/files/wsi/ross/Osteosarcoma-UT/converted/Osteosarcoma-UT/Training-Set-1/set5/Case-4-C29-29639-16570.tiff,Case 4 C29-29639-16570,PENDING-IMAGES,PENDING-IMAGES,PENDING-IMAGES,Viable,VIABLE_TUMOR,,,Case-4,,TCIA Osteosarcoma-Tumor-Assessment DOI 10.7937/tcia.2019.bvhjhdas; PathDB collectionId 18 (updated 2023-12-01),PENDING-G2,
Case-4-C29-30319-13766,http://pathdb.cancerimagingarchive.net/system/files/wsi/ross/Osteosarcoma-UT/converted/Osteosarcoma-UT/Training-Set-1/set5/Case-4-C29-30319-13766.tiff,Case 4 C29-30319-13766,PENDING-IMAGES,PENDING-IMAGES,PENDING-IMAGES,Viable,VIABLE_TUMOR,,,Case-4,,TCIA Osteosarcoma-Tumor-Assessment DOI 10.7937/tcia.2019.bvhjhdas; PathDB collectionId 18 (updated 2023-12-01),PENDING-G2,
Case-4-C29-30502-34418,http://pathdb.cancerimagingarchive.net/system/files/wsi/ross/Osteosarcoma-UT/converted/Osteosarcoma-UT/Training-Set-1/set5/Case-4-C29-30502-34418.tiff,Case 4 C29-30502-34418,PENDING-IMAGES,PENDING-IMAGES,PENDING-IMAGES,Non-Viable-Tumor,,,,Case-4,,TCIA Osteosarcoma-Tumor-Assessment DOI 10.7937/tcia.2019.bvhjhdas; PathDB collectionId 18 (updated 2023-12-01),FALSE,UNRESOLVED_LABEL:Non-Viable-Tumor
Case-4-C29-31054-35813,http://pathdb.cancerimagingarchive.net/system/files/wsi/ross/Osteosarcoma-UT/converted/Osteosarcoma-UT/Training-Set-1/set5/Case-4-C29-31054-35813.tiff,Case 4 C29-31054-35813,PENDING-IMAGES,PENDING-IMAGES,PENDING-IMAGES,Non-Viable-Tumor,,,,Case-4,,TCIA Osteosarcoma-Tumor-Assessment DOI 10.7937/tcia.2019.bvhjhdas; PathDB collectionId 18 (updated 2023-12-01),FALSE,UNRESOLVED_LABEL:Non-Viable-Tumor
Case-4-C29-31369-33022,http://pathdb.cancerimagingarchive.net/system/files/wsi/ross/Osteosarcoma-UT/converted/Osteosarcoma-UT/Training-Set-1/set5/Case-4-C29-31369-33022.tiff,Case 4 C29-31369-33022,PENDING-IMAGES,PENDING-IMAGES,PENDING-IMAGES,Non-Viable-Tumor,,,,Case-4,,TCIA Osteosarcoma-Tumor-Assessment DOI 10.7937/tcia.2019.bvhjhdas; PathDB collectionId 18 (updated 2023-12-01),FALSE,UNRESOLVED_LABEL:Non-Viable-Tumor
Case-4-C29-31670-19505,http://pathdb.cancerimagingarchive.net/system/files/wsi/ross/Osteosarcoma-UT/converted/Osteosarcoma-UT/Training-Set-1/set5/Case-4-C29-31670-19505.tiff,Case 4 C29-31670-19505,PENDING-IMAGES,PENDING-IMAGES,PENDING-IMAGES,Viable,VIABLE_TUMOR,,,Case-4,,TCIA Osteosarcoma-Tumor-Assessment DOI 10.7937/tcia.2019.bvhjhdas; PathDB collectionId 18 (updated 2023-12-01),PENDING-G2,
Case-4-C29-33826-27241,http://pathdb.cancerimagingarchive.net/system/files/wsi/ross/Osteosarcoma-UT/converted/Osteosarcoma-UT/Training-Set-1/set5/Case-4-C29-33826-27241.tiff,Case 4 C29-33826-27241,PENDING-IMAGES,PENDING-IMAGES,PENDING-IMAGES,Non-Viable-Tumor,,,,Case-4,,TCIA Osteosarcoma-Tumor-Assessment DOI 10.7937/tcia.2019.bvhjhdas; PathDB collectionId 18 (updated 2023-12-01),FALSE,UNRESOLVED_LABEL:Non-Viable-Tumor
Case-4-C29-35879-13825,http://pathdb.cancerimagingarchive.net/system/files/wsi/ross/Osteosarcoma-UT/converted/Osteosarcoma-UT/Training-Set-1/set5/Case-4-C29-35879-13825.tiff,Case 4 C29-35879-13825,PENDING-IMAGES,PENDING-IMAGES,PENDING-IMAGES,viable: non-viable,,,,Case-4,,TCIA Osteosarcoma-Tumor-Assessment DOI 10.7937/tcia.2019.bvhjhdas; PathDB collectionId 18 (updated 2023-12-01),FALSE,UNRESOLVED_LABEL:viable: non-viable
Case-4-C29-40078-13241,http://pathdb.cancerimagingarchive.net/system/files/wsi/ross/Osteosarcoma-UT/converted/Osteosarcoma-UT/Training-Set-1/set5/Case-4-C29-40078-13241.tiff,Case 4 C29-40078-13241,PENDING-IMAGES,PENDING-IMAGES,PENDING-IMAGES,Non-Tumor,NON_TUMOR,,,Case-4,,TCIA Osteosarcoma-Tumor-Assessment DOI 10.7937/tcia.2019.bvhjhdas; PathDB collectionId 18 (updated 2023-12-01),PENDING-G2,
Case-4-C31-10015-17952,http://pathdb.cancerimagingarchive.net/system/files/wsi/ross/Osteosarcoma-UT/converted/Osteosarcoma-UT/Training-Set-2/set5/Case-4-C31-10015-17952.tiff,Case 4 C31-10015-17952,PENDING-IMAGES,PENDING-IMAGES,PENDING-IMAGES,Non-Viable-Tumor,,,,Case-4,,TCIA Osteosarcoma-Tumor-Assessment DOI 10.7937/tcia.2019.bvhjhdas; PathDB collectionId 18 (updated 2023-12-01),FALSE,UNRESOLVED_LABEL:Non-Viable-Tumor
Case-4-C31-11369-15049,http://pathdb.cancerimagingarchive.net/system/files/wsi/ross/Osteosarcoma-UT/converted/Osteosarcoma-UT/Training-Set-2/set5/Case-4-C31-11369-15049.tiff,Case 4 C31-11369-15049,PENDING-IMAGES,PENDING-IMAGES,PENDING-IMAGES,Non-Viable-Tumor,,,,Case-4,,TCIA Osteosarcoma-Tumor-Assessment DOI 10.7937/tcia.2019.bvhjhdas; PathDB collectionId 18 (updated 2023-12-01),FALSE,UNRESOLVED_LABEL:Non-Viable-Tumor
Case-4-C31-12983-18446,http://pathdb.cancerimagingarchive.net/system/files/wsi/ross/Osteosarcoma-UT/converted/Osteosarcoma-UT/Training-Set-2/set5/Case-4-C31-12983-18446.tiff,Case 4 C31-12983-18446,PENDING-IMAGES,PENDING-IMAGES,PENDING-IMAGES,Non-Viable-Tumor,,,,Case-4,,TCIA Osteosarcoma-Tumor-Assessment DOI 10.7937/tcia.2019.bvhjhdas; PathDB collectionId 18 (updated 2023-12-01),FALSE,UNRESOLVED_LABEL:Non-Viable-Tumor
Case-4-C31-13026-17709,http://pathdb.cancerimagingarchive.net/system/files/wsi/ross/Osteosarcoma-UT/converted/Osteosarcoma-UT/Training-Set-2/set5/Case-4-C31-13026-17709.tiff,Case 4 C31-13026-17709,PENDING-IMAGES,PENDING-IMAGES,PENDING-IMAGES,Non-Viable-Tumor,,,,Case-4,,TCIA Osteosarcoma-Tumor-Assessment DOI 10.7937/tcia.2019.bvhjhdas; PathDB collectionId 18 (updated 2023-12-01),FALSE,UNRESOLVED_LABEL:Non-Viable-Tumor
Case-4-C31-16379-15830,http://pathdb.cancerimagingarchive.net/system/files/wsi/ross/Osteosarcoma-UT/converted/Osteosarcoma-UT/Training-Set-2/set5/Case-4-C31-16379-15830.tiff,Case 4 C31-16379-15830,PENDING-IMAGES,PENDING-IMAGES,PENDING-IMAGES,Viable,VIABLE_TUMOR,,,Case-4,,TCIA Osteosarcoma-Tumor-Assessment DOI 10.7937/tcia.2019.bvhjhdas; PathDB collectionId 18 (updated 2023-12-01),PENDING-G2,
Case-4-C31-17180-22686,http://pathdb.cancerimagingarchive.net/system/files/wsi/ross/Osteosarcoma-UT/converted/Osteosarcoma-UT/Training-Set-2/set5/Case-4-C31-17180-22686.tiff,Case 4 C31-17180-22686,PENDING-IMAGES,PENDING-IMAGES,PENDING-IMAGES,Non-Viable-Tumor,,,,Case-4,,TCIA Osteosarcoma-Tumor-Assessment DOI 10.7937/tcia.2019.bvhjhdas; PathDB collectionId 18 (updated 2023-12-01),FALSE,UNRESOLVED_LABEL:Non-Viable-Tumor
Case-4-C31-17846-20505,http://pathdb.cancerimagingarchive.net/system/files/wsi/ross/Osteosarcoma-UT/converted/Osteosarcoma-UT/Training-Set-2/set5/Case-4-C31-17846-20505.tiff,Case 4 C31-17846-20505,PENDING-IMAGES,PENDING-IMAGES,PENDING-IMAGES,Non-Tumor,NON_TUMOR,,,Case-4,,TCIA Osteosarcoma-Tumor-Assessment DOI 10.7937/tcia.2019.bvhjhdas; PathDB collectionId 18 (updated 2023-12-01),PENDING-G2,
Case-4-C31-19720-30902,http://pathdb.cancerimagingarchive.net/system/files/wsi/ross/Osteosarcoma-UT/converted/Osteosarcoma-UT/Training-Set-2/set5/Case-4-C31-19720-30902.tiff,Case 4 C31-19720-30902,PENDING-IMAGES,PENDING-IMAGES,PENDING-IMAGES,Non-Viable-Tumor,,,,Case-4,,TCIA Osteosarcoma-Tumor-Assessment DOI 10.7937/tcia.2019.bvhjhdas; PathDB collectionId 18 (updated 2023-12-01),FALSE,UNRESOLVED_LABEL:Non-Viable-Tumor
Case-4-C31-19780-23823,http://pathdb.cancerimagingarchive.net/system/files/wsi/ross/Osteosarcoma-UT/converted/Osteosarcoma-UT/Training-Set-2/set5/Case-4-C31-19780-23823.tiff,Case 4 C31-19780-23823,PENDING-IMAGES,PENDING-IMAGES,PENDING-IMAGES,Non-Viable-Tumor,,,,Case-4,,TCIA Osteosarcoma-Tumor-Assessment DOI 10.7937/tcia.2019.bvhjhdas; PathDB collectionId 18 (updated 2023-12-01),FALSE,UNRESOLVED_LABEL:Non-Viable-Tumor
Case-4-C31-20022-32809,http://pathdb.cancerimagingarchive.net/system/files/wsi/ross/Osteosarcoma-UT/converted/Osteosarcoma-UT/Training-Set-2/set5/Case-4-C31-20022-32809.tiff,Case 4 C31-20022-32809,PENDING-IMAGES,PENDING-IMAGES,PENDING-IMAGES,Non-Viable-Tumor,,,,Case-4,,TCIA Osteosarcoma-Tumor-Assessment DOI 10.7937/tcia.2019.bvhjhdas; PathDB collectionId 18 (updated 2023-12-01),FALSE,UNRESOLVED_LABEL:Non-Viable-Tumor
Case-4-C31-22851-36922,http://pathdb.cancerimagingarchive.net/system/files/wsi/ross/Osteosarcoma-UT/converted/Osteosarcoma-UT/Training-Set-2/set5/Case-4-C31-22851-36922.tiff,Case 4 C31-22851-36922,PENDING-IMAGES,PENDING-IMAGES,PENDING-IMAGES,Non-Viable-Tumor,,,,Case-4,,TCIA Osteosarcoma-Tumor-Assessment DOI 10.7937/tcia.2019.bvhjhdas; PathDB collectionId 18 (updated 2023-12-01),FALSE,UNRESOLVED_LABEL:Non-Viable-Tumor
Case-4-C31-23051-12507,http://pathdb.cancerimagingarchive.net/system/files/wsi/ross/Osteosarcoma-UT/converted/Osteosarcoma-UT/Training-Set-2/set5/Case-4-C31-23051-12507.tiff,Case 4 C31-23051-12507,PENDING-IMAGES,PENDING-IMAGES,PENDING-IMAGES,Viable,VIABLE_TUMOR,,,Case-4,,TCIA Osteosarcoma-Tumor-Assessment DOI 10.7937/tcia.2019.bvhjhdas; PathDB collectionId 18 (updated 2023-12-01),PENDING-G2,
Case-4-C31-24654-15629,http://pathdb.cancerimagingarchive.net/system/files/wsi/ross/Osteosarcoma-UT/converted/Osteosarcoma-UT/Training-Set-2/set5/Case-4-C31-24654-15629.tiff,Case 4 C31-24654-15629,PENDING-IMAGES,PENDING-IMAGES,PENDING-IMAGES,Viable,VIABLE_TUMOR,,,Case-4,,TCIA Osteosarcoma-Tumor-Assessment DOI 10.7937/tcia.2019.bvhjhdas; PathDB collectionId 18 (updated 2023-12-01),PENDING-G2,
Case-4-C31-24669-10300,http://pathdb.cancerimagingarchive.net/system/files/wsi/ross/Osteosarcoma-UT/converted/Osteosarcoma-UT/Training-Set-2/set5/Case-4-C31-24669-10300.tiff,Case 4 C31-24669-10300,PENDING-IMAGES,PENDING-IMAGES,PENDING-IMAGES,Viable,VIABLE_TUMOR,,,Case-4,,TCIA Osteosarcoma-Tumor-Assessment DOI 10.7937/tcia.2019.bvhjhdas; PathDB collectionId 18 (updated 2023-12-01),PENDING-G2,
Case-4-C31-25176-8074,http://pathdb.cancerimagingarchive.net/system/files/wsi/ross/Osteosarcoma-UT/converted/Osteosarcoma-UT/Training-Set-2/set5/Case-4-C31-25176-8074.tiff,Case 4 C31-25176-8074,PENDING-IMAGES,PENDING-IMAGES,PENDING-IMAGES,Viable,VIABLE_TUMOR,,,Case-4,,TCIA Osteosarcoma-Tumor-Assessment DOI 10.7937/tcia.2019.bvhjhdas; PathDB collectionId 18 (updated 2023-12-01),PENDING-G2,
Case-4-C31-25781-32079,http://pathdb.cancerimagingarchive.net/system/files/wsi/ross/Osteosarcoma-UT/converted/Osteosarcoma-UT/Training-Set-1/set5/Case-4-C31-25781-32079.tiff,Case 4 C31-25781-32079,PENDING-IMAGES,PENDING-IMAGES,PENDING-IMAGES,Non-Viable-Tumor,,,,Case-4,,TCIA Osteosarcoma-Tumor-Assessment DOI 10.7937/tcia.2019.bvhjhdas; PathDB collectionId 18 (updated 2023-12-01),FALSE,UNRESOLVED_LABEL:Non-Viable-Tumor
Case-4-C31-27678-14221,http://pathdb.cancerimagingarchive.net/system/files/wsi/ross/Osteosarcoma-UT/converted/Osteosarcoma-UT/Training-Set-1/set5/Case-4-C31-27678-14221.tiff,Case 4 C31-27678-14221,PENDING-IMAGES,PENDING-IMAGES,PENDING-IMAGES,Viable,VIABLE_TUMOR,,,Case-4,,TCIA Osteosarcoma-Tumor-Assessment DOI 10.7937/tcia.2019.bvhjhdas; PathDB collectionId 18 (updated 2023-12-01),PENDING-G2,
Case-4-C31-28807-3942,http://pathdb.cancerimagingarchive.net/system/files/wsi/ross/Osteosarcoma-UT/converted/Osteosarcoma-UT/Training-Set-1/set5/Case-4-C31-28807-3942.tiff,Case 4 C31-28807-3942,PENDING-IMAGES,PENDING-IMAGES,PENDING-IMAGES,Non-Viable-Tumor,,,,Case-4,,TCIA Osteosarcoma-Tumor-Assessment DOI 10.7937/tcia.2019.bvhjhdas; PathDB collectionId 18 (updated 2023-12-01),FALSE,UNRESOLVED_LABEL:Non-Viable-Tumor
Case-4-C31-30577-21392,http://pathdb.cancerimagingarchive.net/system/files/wsi/ross/Osteosarcoma-UT/converted/Osteosarcoma-UT/Training-Set-1/set5/Case-4-C31-30577-21392.tiff,Case 4 C31-30577-21392,PENDING-IMAGES,PENDING-IMAGES,PENDING-IMAGES,Viable,VIABLE_TUMOR,,,Case-4,,TCIA Osteosarcoma-Tumor-Assessment DOI 10.7937/tcia.2019.bvhjhdas; PathDB collectionId 18 (updated 2023-12-01),PENDING-G2,
Case-4-C31-31978-13119,http://pathdb.cancerimagingarchive.net/system/files/wsi/ross/Osteosarcoma-UT/converted/Osteosarcoma-UT/Training-Set-1/set5/Case-4-C31-31978-13119.tiff,Case 4 C31-31978-13119,PENDING-IMAGES,PENDING-IMAGES,PENDING-IMAGES,viable: non-viable,,,,Case-4,,TCIA Osteosarcoma-Tumor-Assessment DOI 10.7937/tcia.2019.bvhjhdas; PathDB collectionId 18 (updated 2023-12-01),FALSE,UNRESOLVED_LABEL:viable: non-viable
Case-4-C31-32205-12759,http://pathdb.cancerimagingarchive.net/system/files/wsi/ross/Osteosarcoma-UT/converted/Osteosarcoma-UT/Training-Set-1/set5/Case-4-C31-32205-12759.tiff,Case 4 C31-32205-12759,PENDING-IMAGES,PENDING-IMAGES,PENDING-IMAGES,viable: non-viable,,,,Case-4,,TCIA Osteosarcoma-Tumor-Assessment DOI 10.7937/tcia.2019.bvhjhdas; PathDB collectionId 18 (updated 2023-12-01),FALSE,UNRESOLVED_LABEL:viable: non-viable
Case-4-C31-32902-21086,http://pathdb.cancerimagingarchive.net/system/files/wsi/ross/Osteosarcoma-UT/converted/Osteosarcoma-UT/Training-Set-1/set5/Case-4-C31-32902-21086.tiff,Case 4 C31-32902-21086,PENDING-IMAGES,PENDING-IMAGES,PENDING-IMAGES,Viable,VIABLE_TUMOR,,,Case-4,,TCIA Osteosarcoma-Tumor-Assessment DOI 10.7937/tcia.2019.bvhjhdas; PathDB collectionId 18 (updated 2023-12-01),PENDING-G2,
Case-4-C31-33075-15855,http://pathdb.cancerimagingarchive.net/system/files/wsi/ross/Osteosarcoma-UT/converted/Osteosarcoma-UT/Training-Set-1/set5/Case-4-C31-33075-15855.tiff,Case 4 C31-33075-15855,PENDING-IMAGES,PENDING-IMAGES,PENDING-IMAGES,viable: non-viable,,,,Case-4,,TCIA Osteosarcoma-Tumor-Assessment DOI 10.7937/tcia.2019.bvhjhdas; PathDB collectionId 18 (updated 2023-12-01),FALSE,UNRESOLVED_LABEL:viable: non-viable
Case-4-C31-35324-16735,http://pathdb.cancerimagingarchive.net/system/files/wsi/ross/Osteosarcoma-UT/converted/Osteosarcoma-UT/Training-Set-1/set5/Case-4-C31-35324-16735.tiff,Case 4 C31-35324-16735,PENDING-IMAGES,PENDING-IMAGES,PENDING-IMAGES,Viable,VIABLE_TUMOR,,,Case-4,,TCIA Osteosarcoma-Tumor-Assessment DOI 10.7937/tcia.2019.bvhjhdas; PathDB collectionId 18 (updated 2023-12-01),PENDING-G2,
Case-4-C31-35929-17743,http://pathdb.cancerimagingarchive.net/system/files/wsi/ross/Osteosarcoma-UT/converted/Osteosarcoma-UT/Training-Set-1/set5/Case-4-C31-35929-17743.tiff,Case 4 C31-35929-17743,PENDING-IMAGES,PENDING-IMAGES,PENDING-IMAGES,Viable,VIABLE_TUMOR,,,Case-4,,TCIA Osteosarcoma-Tumor-Assessment DOI 10.7937/tcia.2019.bvhjhdas; PathDB collectionId 18 (updated 2023-12-01),PENDING-G2,
Case-4-C31-36283-29598,http://pathdb.cancerimagingarchive.net/system/files/wsi/ross/Osteosarcoma-UT/converted/Osteosarcoma-UT/Training-Set-1/set5/Case-4-C31-36283-29598.tiff,Case 4 C31-36283-29598,PENDING-IMAGES,PENDING-IMAGES,PENDING-IMAGES,Non-Viable-Tumor,,,,Case-4,,TCIA Osteosarcoma-Tumor-Assessment DOI 10.7937/tcia.2019.bvhjhdas; PathDB collectionId 18 (updated 2023-12-01),FALSE,UNRESOLVED_LABEL:Non-Viable-Tumor
Case-4-C31-37390-31078,http://pathdb.cancerimagingarchive.net/system/files/wsi/ross/Osteosarcoma-UT/converted/Osteosarcoma-UT/Training-Set-1/set5/Case-4-C31-37390-31078.tiff,Case 4 C31-37390-31078,PENDING-IMAGES,PENDING-IMAGES,PENDING-IMAGES,Non-Viable-Tumor,,,,Case-4,,TCIA Osteosarcoma-Tumor-Assessment DOI 10.7937/tcia.2019.bvhjhdas; PathDB collectionId 18 (updated 2023-12-01),FALSE,UNRESOLVED_LABEL:Non-Viable-Tumor
Case-4-C31-41557-17880,http://pathdb.cancerimagingarchive.net/system/files/wsi/ross/Osteosarcoma-UT/converted/Osteosarcoma-UT/Training-Set-1/set5/Case-4-C31-41557-17880.tiff,Case 4 C31-41557-17880,PENDING-IMAGES,PENDING-IMAGES,PENDING-IMAGES,Viable,VIABLE_TUMOR,,,Case-4,,TCIA Osteosarcoma-Tumor-Assessment DOI 10.7937/tcia.2019.bvhjhdas; PathDB collectionId 18 (updated 2023-12-01),PENDING-G2,
Case-4-C31-42832-24046,http://pathdb.cancerimagingarchive.net/system/files/wsi/ross/Osteosarcoma-UT/converted/Osteosarcoma-UT/Training-Set-1/set5/Case-4-C31-42832-24046.tiff,Case 4 C31-42832-24046,PENDING-IMAGES,PENDING-IMAGES,PENDING-IMAGES,viable: non-viable,,,,Case-4,,TCIA Osteosarcoma-Tumor-Assessment DOI 10.7937/tcia.2019.bvhjhdas; PathDB collectionId 18 (updated 2023-12-01),FALSE,UNRESOLVED_LABEL:viable: non-viable
Case-4-C34-17385-28312,http://pathdb.cancerimagingarchive.net/system/files/wsi/ross/Osteosarcoma-UT/converted/Osteosarcoma-UT/Training-Set-2/set5/Case-4-C34-17385-28312.tiff,Case 4 C34-17385-28312,PENDING-IMAGES,PENDING-IMAGES,PENDING-IMAGES,Non-Viable-Tumor,,,,Case-4,,TCIA Osteosarcoma-Tumor-Assessment DOI 10.7937/tcia.2019.bvhjhdas; PathDB collectionId 18 (updated 2023-12-01),FALSE,UNRESOLVED_LABEL:Non-Viable-Tumor
Case-4-C34-17486-25030,http://pathdb.cancerimagingarchive.net/system/files/wsi/ross/Osteosarcoma-UT/converted/Osteosarcoma-UT/Training-Set-2/set5/Case-4-C34-17486-25030.tiff,Case 4 C34-17486-25030,PENDING-IMAGES,PENDING-IMAGES,PENDING-IMAGES,Non-Viable-Tumor,,,,Case-4,,TCIA Osteosarcoma-Tumor-Assessment DOI 10.7937/tcia.2019.bvhjhdas; PathDB collectionId 18 (updated 2023-12-01),FALSE,UNRESOLVED_LABEL:Non-Viable-Tumor
Case-4-C34-20207-16060,http://pathdb.cancerimagingarchive.net/system/files/wsi/ross/Osteosarcoma-UT/converted/Osteosarcoma-UT/Training-Set-2/set5/Case-4-C34-20207-16060.tiff,Case 4 C34-20207-16060,PENDING-IMAGES,PENDING-IMAGES,PENDING-IMAGES,viable: non-viable,,,,Case-4,,TCIA Osteosarcoma-Tumor-Assessment DOI 10.7937/tcia.2019.bvhjhdas; PathDB collectionId 18 (updated 2023-12-01),FALSE,UNRESOLVED_LABEL:viable: non-viable
Case-4-C34-21897-31957,http://pathdb.cancerimagingarchive.net/system/files/wsi/ross/Osteosarcoma-UT/converted/Osteosarcoma-UT/Training-Set-2/set6/Case-4-C34-21897-31957.tiff,Case 4 C34-21897-31957,PENDING-IMAGES,PENDING-IMAGES,PENDING-IMAGES,Non-Viable-Tumor,,,,Case-4,,TCIA Osteosarcoma-Tumor-Assessment DOI 10.7937/tcia.2019.bvhjhdas; PathDB collectionId 18 (updated 2023-12-01),FALSE,UNRESOLVED_LABEL:Non-Viable-Tumor
Case-4-C34-22699-32728,http://pathdb.cancerimagingarchive.net/system/files/wsi/ross/Osteosarcoma-UT/converted/Osteosarcoma-UT/Training-Set-2/set6/Case-4-C34-22699-32728.tiff,Case 4 C34-22699-32728,PENDING-IMAGES,PENDING-IMAGES,PENDING-IMAGES,Non-Viable-Tumor,,,,Case-4,,TCIA Osteosarcoma-Tumor-Assessment DOI 10.7937/tcia.2019.bvhjhdas; PathDB collectionId 18 (updated 2023-12-01),FALSE,UNRESOLVED_LABEL:Non-Viable-Tumor
Case-4-C34-23917-10671,http://pathdb.cancerimagingarchive.net/system/files/wsi/ross/Osteosarcoma-UT/converted/Osteosarcoma-UT/Training-Set-2/set6/Case-4-C34-23917-10671.tiff,Case 4 C34-23917-10671,PENDING-IMAGES,PENDING-IMAGES,PENDING-IMAGES,Viable,VIABLE_TUMOR,,,Case-4,,TCIA Osteosarcoma-Tumor-Assessment DOI 10.7937/tcia.2019.bvhjhdas; PathDB collectionId 18 (updated 2023-12-01),PENDING-G2,
Case-4-C34-23929-34222,http://pathdb.cancerimagingarchive.net/system/files/wsi/ross/Osteosarcoma-UT/converted/Osteosarcoma-UT/Training-Set-2/set6/Case-4-C34-23929-34222.tiff,Case 4 C34-23929-34222,PENDING-IMAGES,PENDING-IMAGES,PENDING-IMAGES,Non-Viable-Tumor,,,,Case-4,,TCIA Osteosarcoma-Tumor-Assessment DOI 10.7937/tcia.2019.bvhjhdas; PathDB collectionId 18 (updated 2023-12-01),FALSE,UNRESOLVED_LABEL:Non-Viable-Tumor
Case-4-C34-24821-20023,http://pathdb.cancerimagingarchive.net/system/files/wsi/ross/Osteosarcoma-UT/converted/Osteosarcoma-UT/Training-Set-2/set6/Case-4-C34-24821-20023.tiff,Case 4 C34-24821-20023,PENDING-IMAGES,PENDING-IMAGES,PENDING-IMAGES,Viable,VIABLE_TUMOR,,,Case-4,,TCIA Osteosarcoma-Tumor-Assessment DOI 10.7937/tcia.2019.bvhjhdas; PathDB collectionId 18 (updated 2023-12-01),PENDING-G2,
Case-4-C34-25269-6322,http://pathdb.cancerimagingarchive.net/system/files/wsi/ross/Osteosarcoma-UT/converted/Osteosarcoma-UT/Training-Set-2/set6/Case-4-C34-25269-6322.tiff,Case 4 C34-25269-6322,PENDING-IMAGES,PENDING-IMAGES,PENDING-IMAGES,Viable,VIABLE_TUMOR,,,Case-4,,TCIA Osteosarcoma-Tumor-Assessment DOI 10.7937/tcia.2019.bvhjhdas; PathDB collectionId 18 (updated 2023-12-01),PENDING-G2,
Case-4-C34-25397-27112,http://pathdb.cancerimagingarchive.net/system/files/wsi/ross/Osteosarcoma-UT/converted/Osteosarcoma-UT/Training-Set-2/set6/Case-4-C34-25397-27112.tiff,Case 4 C34-25397-27112,PENDING-IMAGES,PENDING-IMAGES,PENDING-IMAGES,Non-Viable-Tumor,,,,Case-4,,TCIA Osteosarcoma-Tumor-Assessment DOI 10.7937/tcia.2019.bvhjhdas; PathDB collectionId 18 (updated 2023-12-01),FALSE,UNRESOLVED_LABEL:Non-Viable-Tumor
Case-4-C34-26259-33892,http://pathdb.cancerimagingarchive.net/system/files/wsi/ross/Osteosarcoma-UT/converted/Osteosarcoma-UT/Training-Set-2/set6/Case-4-C34-26259-33892.tiff,Case 4 C34-26259-33892,PENDING-IMAGES,PENDING-IMAGES,PENDING-IMAGES,Non-Viable-Tumor,,,,Case-4,,TCIA Osteosarcoma-Tumor-Assessment DOI 10.7937/tcia.2019.bvhjhdas; PathDB collectionId 18 (updated 2023-12-01),FALSE,UNRESOLVED_LABEL:Non-Viable-Tumor
Case-4-C34-27849-28579,http://pathdb.cancerimagingarchive.net/system/files/wsi/ross/Osteosarcoma-UT/converted/Osteosarcoma-UT/Training-Set-2/set6/Case-4-C34-27849-28579.tiff,Case 4 C34-27849-28579,PENDING-IMAGES,PENDING-IMAGES,PENDING-IMAGES,Non-Viable-Tumor,,,,Case-4,,TCIA Osteosarcoma-Tumor-Assessment DOI 10.7937/tcia.2019.bvhjhdas; PathDB collectionId 18 (updated 2023-12-01),FALSE,UNRESOLVED_LABEL:Non-Viable-Tumor
Case-4-C34-28490-3882,http://pathdb.cancerimagingarchive.net/system/files/wsi/ross/Osteosarcoma-UT/converted/Osteosarcoma-UT/Training-Set-2/set6/Case-4-C34-28490-3882.tiff,Case 4 C34-28490-3882,PENDING-IMAGES,PENDING-IMAGES,PENDING-IMAGES,Non-Viable-Tumor,,,,Case-4,,TCIA Osteosarcoma-Tumor-Assessment DOI 10.7937/tcia.2019.bvhjhdas; PathDB collectionId 18 (updated 2023-12-01),FALSE,UNRESOLVED_LABEL:Non-Viable-Tumor
Case-4-C34-28567-20375,http://pathdb.cancerimagingarchive.net/system/files/wsi/ross/Osteosarcoma-UT/converted/Osteosarcoma-UT/Training-Set-2/set6/Case-4-C34-28567-20375.tiff,Case 4 C34-28567-20375,PENDING-IMAGES,PENDING-IMAGES,PENDING-IMAGES,Viable,VIABLE_TUMOR,,,Case-4,,TCIA Osteosarcoma-Tumor-Assessment DOI 10.7937/tcia.2019.bvhjhdas; PathDB collectionId 18 (updated 2023-12-01),PENDING-G2,
Case-4-C34-29374-30806,http://pathdb.cancerimagingarchive.net/system/files/wsi/ross/Osteosarcoma-UT/converted/Osteosarcoma-UT/Training-Set-1/set5/Case-4-C34-29374-30806.tiff,Case 4 C34-29374-30806,PENDING-IMAGES,PENDING-IMAGES,PENDING-IMAGES,Non-Viable-Tumor,,,,Case-4,,TCIA Osteosarcoma-Tumor-Assessment DOI 10.7937/tcia.2019.bvhjhdas; PathDB collectionId 18 (updated 2023-12-01),FALSE,UNRESOLVED_LABEL:Non-Viable-Tumor
Case-4-C34-30175-9259,http://pathdb.cancerimagingarchive.net/system/files/wsi/ross/Osteosarcoma-UT/converted/Osteosarcoma-UT/Training-Set-1/set5/Case-4-C34-30175-9259.tiff,Case 4 C34-30175-9259,PENDING-IMAGES,PENDING-IMAGES,PENDING-IMAGES,Viable,VIABLE_TUMOR,,,Case-4,,TCIA Osteosarcoma-Tumor-Assessment DOI 10.7937/tcia.2019.bvhjhdas; PathDB collectionId 18 (updated 2023-12-01),PENDING-G2,
Case-4-C34-31245-35957,http://pathdb.cancerimagingarchive.net/system/files/wsi/ross/Osteosarcoma-UT/converted/Osteosarcoma-UT/Training-Set-1/set5/Case-4-C34-31245-35957.tiff,Case 4 C34-31245-35957,PENDING-IMAGES,PENDING-IMAGES,PENDING-IMAGES,Non-Viable-Tumor,,,,Case-4,,TCIA Osteosarcoma-Tumor-Assessment DOI 10.7937/tcia.2019.bvhjhdas; PathDB collectionId 18 (updated 2023-12-01),FALSE,UNRESOLVED_LABEL:Non-Viable-Tumor
Case-4-C34-31582-34370,http://pathdb.cancerimagingarchive.net/system/files/wsi/ross/Osteosarcoma-UT/converted/Osteosarcoma-UT/Training-Set-1/set5/Case-4-C34-31582-34370.tiff,Case 4 C34-31582-34370,PENDING-IMAGES,PENDING-IMAGES,PENDING-IMAGES,Non-Viable-Tumor,,,,Case-4,,TCIA Osteosarcoma-Tumor-Assessment DOI 10.7937/tcia.2019.bvhjhdas; PathDB collectionId 18 (updated 2023-12-01),FALSE,UNRESOLVED_LABEL:Non-Viable-Tumor
Case-4-C34-33534-16910,http://pathdb.cancerimagingarchive.net/system/files/wsi/ross/Osteosarcoma-UT/converted/Osteosarcoma-UT/Training-Set-1/set5/Case-4-C34-33534-16910.tiff,Case 4 C34-33534-16910,PENDING-IMAGES,PENDING-IMAGES,PENDING-IMAGES,Viable,VIABLE_TUMOR,,,Case-4,,TCIA Osteosarcoma-Tumor-Assessment DOI 10.7937/tcia.2019.bvhjhdas; PathDB collectionId 18 (updated 2023-12-01),PENDING-G2,
Case-4-C34-34338-25165,http://pathdb.cancerimagingarchive.net/system/files/wsi/ross/Osteosarcoma-UT/converted/Osteosarcoma-UT/Training-Set-1/set5/Case-4-C34-34338-25165.tiff,Case 4 C34-34338-25165,PENDING-IMAGES,PENDING-IMAGES,PENDING-IMAGES,viable: non-viable,,,,Case-4,,TCIA Osteosarcoma-Tumor-Assessment DOI 10.7937/tcia.2019.bvhjhdas; PathDB collectionId 18 (updated 2023-12-01),FALSE,UNRESOLVED_LABEL:viable: non-viable
Case-4-C34-34486-29517,http://pathdb.cancerimagingarchive.net/system/files/wsi/ross/Osteosarcoma-UT/converted/Osteosarcoma-UT/Training-Set-1/set5/Case-4-C34-34486-29517.tiff,Case 4 C34-34486-29517,PENDING-IMAGES,PENDING-IMAGES,PENDING-IMAGES,Non-Viable-Tumor,,,,Case-4,,TCIA Osteosarcoma-Tumor-Assessment DOI 10.7937/tcia.2019.bvhjhdas; PathDB collectionId 18 (updated 2023-12-01),FALSE,UNRESOLVED_LABEL:Non-Viable-Tumor
Case-4-C34-37729-30592,http://pathdb.cancerimagingarchive.net/system/files/wsi/ross/Osteosarcoma-UT/converted/Osteosarcoma-UT/Training-Set-1/set5/Case-4-C34-37729-30592.tiff,Case 4 C34-37729-30592,PENDING-IMAGES,PENDING-IMAGES,PENDING-IMAGES,Non-Viable-Tumor,,,,Case-4,,TCIA Osteosarcoma-Tumor-Assessment DOI 10.7937/tcia.2019.bvhjhdas; PathDB collectionId 18 (updated 2023-12-01),FALSE,UNRESOLVED_LABEL:Non-Viable-Tumor
Case-4-C34-38608-21388,http://pathdb.cancerimagingarchive.net/system/files/wsi/ross/Osteosarcoma-UT/converted/Osteosarcoma-UT/Training-Set-1/set5/Case-4-C34-38608-21388.tiff,Case 4 C34-38608-21388,PENDING-IMAGES,PENDING-IMAGES,PENDING-IMAGES,Viable,VIABLE_TUMOR,,,Case-4,,TCIA Osteosarcoma-Tumor-Assessment DOI 10.7937/tcia.2019.bvhjhdas; PathDB collectionId 18 (updated 2023-12-01),PENDING-G2,
Case-4-C34-40371-21884,http://pathdb.cancerimagingarchive.net/system/files/wsi/ross/Osteosarcoma-UT/converted/Osteosarcoma-UT/Training-Set-1/set5/Case-4-C34-40371-21884.tiff,Case 4 C34-40371-21884,PENDING-IMAGES,PENDING-IMAGES,PENDING-IMAGES,Non-Viable-Tumor,,,,Case-4,,TCIA Osteosarcoma-Tumor-Assessment DOI 10.7937/tcia.2019.bvhjhdas; PathDB collectionId 18 (updated 2023-12-01),FALSE,UNRESOLVED_LABEL:Non-Viable-Tumor
Case-4-C34-41931-27880,http://pathdb.cancerimagingarchive.net/system/files/wsi/ross/Osteosarcoma-UT/converted/Osteosarcoma-UT/Training-Set-1/set5/Case-4-C34-41931-27880.tiff,Case 4 C34-41931-27880,PENDING-IMAGES,PENDING-IMAGES,PENDING-IMAGES,Non-Viable-Tumor,,,,Case-4,,TCIA Osteosarcoma-Tumor-Assessment DOI 10.7937/tcia.2019.bvhjhdas; PathDB collectionId 18 (updated 2023-12-01),FALSE,UNRESOLVED_LABEL:Non-Viable-Tumor
Case-4-C34-42840-21049,http://pathdb.cancerimagingarchive.net/system/files/wsi/ross/Osteosarcoma-UT/converted/Osteosarcoma-UT/Training-Set-1/set5/Case-4-C34-42840-21049.tiff,Case 4 C34-42840-21049,PENDING-IMAGES,PENDING-IMAGES,PENDING-IMAGES,Non-Tumor,NON_TUMOR,,,Case-4,,TCIA Osteosarcoma-Tumor-Assessment DOI 10.7937/tcia.2019.bvhjhdas; PathDB collectionId 18 (updated 2023-12-01),PENDING-G2,
Case-4-C34-43977-24577,http://pathdb.cancerimagingarchive.net/system/files/wsi/ross/Osteosarcoma-UT/converted/Osteosarcoma-UT/Training-Set-1/set5/Case-4-C34-43977-24577.tiff,Case 4 C34-43977-24577,PENDING-IMAGES,PENDING-IMAGES,PENDING-IMAGES,Non-Tumor,NON_TUMOR,,,Case-4,,TCIA Osteosarcoma-Tumor-Assessment DOI 10.7937/tcia.2019.bvhjhdas; PathDB collectionId 18 (updated 2023-12-01),PENDING-G2,
Case-4-C34-44491-21355,http://pathdb.cancerimagingarchive.net/system/files/wsi/ross/Osteosarcoma-UT/converted/Osteosarcoma-UT/Training-Set-1/set5/Case-4-C34-44491-21355.tiff,Case 4 C34-44491-21355,PENDING-IMAGES,PENDING-IMAGES,PENDING-IMAGES,Non-Tumor,NON_TUMOR,,,Case-4,,TCIA Osteosarcoma-Tumor-Assessment DOI 10.7937/tcia.2019.bvhjhdas; PathDB collectionId 18 (updated 2023-12-01),PENDING-G2,
Case-4-C34-9715-14945,http://pathdb.cancerimagingarchive.net/system/files/wsi/ross/Osteosarcoma-UT/converted/Osteosarcoma-UT/Training-Set-2/set6/Case-4-C34-9715-14945.tiff,Case 4 C34-9715-14945,PENDING-IMAGES,PENDING-IMAGES,PENDING-IMAGES,Non-Viable-Tumor,,,,Case-4,,TCIA Osteosarcoma-Tumor-Assessment DOI 10.7937/tcia.2019.bvhjhdas; PathDB collectionId 18 (updated 2023-12-01),FALSE,UNRESOLVED_LABEL:Non-Viable-Tumor
Case-4-C48-10054-9391,http://pathdb.cancerimagingarchive.net/system/files/wsi/ross/Osteosarcoma-UT/converted/Osteosarcoma-UT/Training-Set-2/set6/Case-4-C48-10054-9391.tiff,Case 4 C48-10054-9391,PENDING-IMAGES,PENDING-IMAGES,PENDING-IMAGES,Non-Tumor,NON_TUMOR,,,Case-4,,TCIA Osteosarcoma-Tumor-Assessment DOI 10.7937/tcia.2019.bvhjhdas; PathDB collectionId 18 (updated 2023-12-01),PENDING-G2,
Case-4-C48-11401-19048,http://pathdb.cancerimagingarchive.net/system/files/wsi/ross/Osteosarcoma-UT/converted/Osteosarcoma-UT/Training-Set-2/set6/Case-4-C48-11401-19048.tiff,Case 4 C48-11401-19048,PENDING-IMAGES,PENDING-IMAGES,PENDING-IMAGES,Non-Tumor,NON_TUMOR,,,Case-4,,TCIA Osteosarcoma-Tumor-Assessment DOI 10.7937/tcia.2019.bvhjhdas; PathDB collectionId 18 (updated 2023-12-01),PENDING-G2,
Case-4-C48-11503-15470,http://pathdb.cancerimagingarchive.net/system/files/wsi/ross/Osteosarcoma-UT/converted/Osteosarcoma-UT/Training-Set-2/set6/Case-4-C48-11503-15470.tiff,Case 4 C48-11503-15470,PENDING-IMAGES,PENDING-IMAGES,PENDING-IMAGES,Non-Tumor,NON_TUMOR,,,Case-4,,TCIA Osteosarcoma-Tumor-Assessment DOI 10.7937/tcia.2019.bvhjhdas; PathDB collectionId 18 (updated 2023-12-01),PENDING-G2,
Case-4-C48-11965-6215,http://pathdb.cancerimagingarchive.net/system/files/wsi/ross/Osteosarcoma-UT/converted/Osteosarcoma-UT/Training-Set-2/set6/Case-4-C48-11965-6215.tiff,Case 4 C48-11965-6215,PENDING-IMAGES,PENDING-IMAGES,PENDING-IMAGES,Non-Tumor,NON_TUMOR,,,Case-4,,TCIA Osteosarcoma-Tumor-Assessment DOI 10.7937/tcia.2019.bvhjhdas; PathDB collectionId 18 (updated 2023-12-01),PENDING-G2,
Case-4-C48-12897-21186,http://pathdb.cancerimagingarchive.net/system/files/wsi/ross/Osteosarcoma-UT/converted/Osteosarcoma-UT/Training-Set-2/set6/Case-4-C48-12897-21186.tiff,Case 4 C48-12897-21186,PENDING-IMAGES,PENDING-IMAGES,PENDING-IMAGES,Non-Tumor,NON_TUMOR,,,Case-4,,TCIA Osteosarcoma-Tumor-Assessment DOI 10.7937/tcia.2019.bvhjhdas; PathDB collectionId 18 (updated 2023-12-01),PENDING-G2,
Case-4-C48-13345-34577,http://pathdb.cancerimagingarchive.net/system/files/wsi/ross/Osteosarcoma-UT/converted/Osteosarcoma-UT/Training-Set-2/set6/Case-4-C48-13345-34577.tiff,Case 4 C48-13345-34577,PENDING-IMAGES,PENDING-IMAGES,PENDING-IMAGES,Non-Tumor,NON_TUMOR,,,Case-4,,TCIA Osteosarcoma-Tumor-Assessment DOI 10.7937/tcia.2019.bvhjhdas; PathDB collectionId 18 (updated 2023-12-01),PENDING-G2,
Case-4-C48-13927-22247,http://pathdb.cancerimagingarchive.net/system/files/wsi/ross/Osteosarcoma-UT/converted/Osteosarcoma-UT/Training-Set-2/set6/Case-4-C48-13927-22247.tiff,Case 4 C48-13927-22247,PENDING-IMAGES,PENDING-IMAGES,PENDING-IMAGES,Non-Tumor,NON_TUMOR,,,Case-4,,TCIA Osteosarcoma-Tumor-Assessment DOI 10.7937/tcia.2019.bvhjhdas; PathDB collectionId 18 (updated 2023-12-01),PENDING-G2,
Case-4-C48-15768-33767,http://pathdb.cancerimagingarchive.net/system/files/wsi/ross/Osteosarcoma-UT/converted/Osteosarcoma-UT/Training-Set-1/set5/Case-4-C48-15768-33767.tiff,Case 4 C48-15768-33767,PENDING-IMAGES,PENDING-IMAGES,PENDING-IMAGES,Non-Tumor,NON_TUMOR,,,Case-4,,TCIA Osteosarcoma-Tumor-Assessment DOI 10.7937/tcia.2019.bvhjhdas; PathDB collectionId 18 (updated 2023-12-01),PENDING-G2,
Case-4-C48-16689-23057,http://pathdb.cancerimagingarchive.net/system/files/wsi/ross/Osteosarcoma-UT/converted/Osteosarcoma-UT/Training-Set-1/set5/Case-4-C48-16689-23057.tiff,Case 4 C48-16689-23057,PENDING-IMAGES,PENDING-IMAGES,PENDING-IMAGES,Non-Tumor,NON_TUMOR,,,Case-4,,TCIA Osteosarcoma-Tumor-Assessment DOI 10.7937/tcia.2019.bvhjhdas; PathDB collectionId 18 (updated 2023-12-01),PENDING-G2,
Case-4-C48-16969-13515,http://pathdb.cancerimagingarchive.net/system/files/wsi/ross/Osteosarcoma-UT/converted/Osteosarcoma-UT/Training-Set-1/set5/Case-4-C48-16969-13515.tiff,Case 4 C48-16969-13515,PENDING-IMAGES,PENDING-IMAGES,PENDING-IMAGES,Non-Tumor,NON_TUMOR,,,Case-4,,TCIA Osteosarcoma-Tumor-Assessment DOI 10.7937/tcia.2019.bvhjhdas; PathDB collectionId 18 (updated 2023-12-01),PENDING-G2,
Case-4-C48-18049-17102,http://pathdb.cancerimagingarchive.net/system/files/wsi/ross/Osteosarcoma-UT/converted/Osteosarcoma-UT/Training-Set-1/set6/Case-4-C48-18049-17102.tiff,Case 4 C48-18049-17102,PENDING-IMAGES,PENDING-IMAGES,PENDING-IMAGES,Non-Tumor,NON_TUMOR,,,Case-4,,TCIA Osteosarcoma-Tumor-Assessment DOI 10.7937/tcia.2019.bvhjhdas; PathDB collectionId 18 (updated 2023-12-01),PENDING-G2,
Case-4-C48-18251-9611,http://pathdb.cancerimagingarchive.net/system/files/wsi/ross/Osteosarcoma-UT/converted/Osteosarcoma-UT/Training-Set-1/set6/Case-4-C48-18251-9611.tiff,Case 4 C48-18251-9611,PENDING-IMAGES,PENDING-IMAGES,PENDING-IMAGES,Non-Tumor,NON_TUMOR,,,Case-4,,TCIA Osteosarcoma-Tumor-Assessment DOI 10.7937/tcia.2019.bvhjhdas; PathDB collectionId 18 (updated 2023-12-01),PENDING-G2,
Case-4-C48-20603-33127,http://pathdb.cancerimagingarchive.net/system/files/wsi/ross/Osteosarcoma-UT/converted/Osteosarcoma-UT/Training-Set-1/set6/Case-4-C48-20603-33127.tiff,Case 4 C48-20603-33127,PENDING-IMAGES,PENDING-IMAGES,PENDING-IMAGES,Non-Tumor,NON_TUMOR,,,Case-4,,TCIA Osteosarcoma-Tumor-Assessment DOI 10.7937/tcia.2019.bvhjhdas; PathDB collectionId 18 (updated 2023-12-01),PENDING-G2,
Case-4-C48-22668-21127,http://pathdb.cancerimagingarchive.net/system/files/wsi/ross/Osteosarcoma-UT/converted/Osteosarcoma-UT/Training-Set-1/set6/Case-4-C48-22668-21127.tiff,Case 4 C48-22668-21127,PENDING-IMAGES,PENDING-IMAGES,PENDING-IMAGES,Non-Tumor,NON_TUMOR,,,Case-4,,TCIA Osteosarcoma-Tumor-Assessment DOI 10.7937/tcia.2019.bvhjhdas; PathDB collectionId 18 (updated 2023-12-01),PENDING-G2,
Case-4-C48-24306-19063,http://pathdb.cancerimagingarchive.net/system/files/wsi/ross/Osteosarcoma-UT/converted/Osteosarcoma-UT/Training-Set-1/set6/Case-4-C48-24306-19063.tiff,Case 4 C48-24306-19063,PENDING-IMAGES,PENDING-IMAGES,PENDING-IMAGES,Non-Tumor,NON_TUMOR,,,Case-4,,TCIA Osteosarcoma-Tumor-Assessment DOI 10.7937/tcia.2019.bvhjhdas; PathDB collectionId 18 (updated 2023-12-01),PENDING-G2,
Case-4-C48-25702-19790,http://pathdb.cancerimagingarchive.net/system/files/wsi/ross/Osteosarcoma-UT/converted/Osteosarcoma-UT/Training-Set-1/set6/Case-4-C48-25702-19790.tiff,Case 4 C48-25702-19790,PENDING-IMAGES,PENDING-IMAGES,PENDING-IMAGES,Non-Tumor,NON_TUMOR,,,Case-4,,TCIA Osteosarcoma-Tumor-Assessment DOI 10.7937/tcia.2019.bvhjhdas; PathDB collectionId 18 (updated 2023-12-01),PENDING-G2,
Case-4-C48-25796-23436,http://pathdb.cancerimagingarchive.net/system/files/wsi/ross/Osteosarcoma-UT/converted/Osteosarcoma-UT/Training-Set-1/set6/Case-4-C48-25796-23436.tiff,Case 4 C48-25796-23436,PENDING-IMAGES,PENDING-IMAGES,PENDING-IMAGES,Non-Tumor,NON_TUMOR,,,Case-4,,TCIA Osteosarcoma-Tumor-Assessment DOI 10.7937/tcia.2019.bvhjhdas; PathDB collectionId 18 (updated 2023-12-01),PENDING-G2,
Case-4-C48-30653-11701,http://pathdb.cancerimagingarchive.net/system/files/wsi/ross/Osteosarcoma-UT/converted/Osteosarcoma-UT/Training-Set-1/set6/Case-4-C48-30653-11701.tiff,Case 4 C48-30653-11701,PENDING-IMAGES,PENDING-IMAGES,PENDING-IMAGES,Non-Tumor,NON_TUMOR,,,Case-4,,TCIA Osteosarcoma-Tumor-Assessment DOI 10.7937/tcia.2019.bvhjhdas; PathDB collectionId 18 (updated 2023-12-01),PENDING-G2,
Case-4-C48-31199-23583,http://pathdb.cancerimagingarchive.net/system/files/wsi/ross/Osteosarcoma-UT/converted/Osteosarcoma-UT/Training-Set-1/set6/Case-4-C48-31199-23583.tiff,Case 4 C48-31199-23583,PENDING-IMAGES,PENDING-IMAGES,PENDING-IMAGES,Non-Tumor,NON_TUMOR,,,Case-4,,TCIA Osteosarcoma-Tumor-Assessment DOI 10.7937/tcia.2019.bvhjhdas; PathDB collectionId 18 (updated 2023-12-01),PENDING-G2,
Case-4-C48-33197-21550,http://pathdb.cancerimagingarchive.net/system/files/wsi/ross/Osteosarcoma-UT/converted/Osteosarcoma-UT/Training-Set-1/set6/Case-4-C48-33197-21550.tiff,Case 4 C48-33197-21550,PENDING-IMAGES,PENDING-IMAGES,PENDING-IMAGES,Non-Tumor,NON_TUMOR,,,Case-4,,TCIA Osteosarcoma-Tumor-Assessment DOI 10.7937/tcia.2019.bvhjhdas; PathDB collectionId 18 (updated 2023-12-01),PENDING-G2,
Case-4-C48-5806-29232,http://pathdb.cancerimagingarchive.net/system/files/wsi/ross/Osteosarcoma-UT/converted/Osteosarcoma-UT/Training-Set-2/set6/Case-4-C48-5806-29232.tiff,Case 4 C48-5806-29232,PENDING-IMAGES,PENDING-IMAGES,PENDING-IMAGES,Non-Tumor,NON_TUMOR,,,Case-4,,TCIA Osteosarcoma-Tumor-Assessment DOI 10.7937/tcia.2019.bvhjhdas; PathDB collectionId 18 (updated 2023-12-01),PENDING-G2,
Case-4-C48-6884-30966,http://pathdb.cancerimagingarchive.net/system/files/wsi/ross/Osteosarcoma-UT/converted/Osteosarcoma-UT/Training-Set-2/set6/Case-4-C48-6884-30966.tiff,Case 4 C48-6884-30966,PENDING-IMAGES,PENDING-IMAGES,PENDING-IMAGES,Non-Tumor,NON_TUMOR,,,Case-4,,TCIA Osteosarcoma-Tumor-Assessment DOI 10.7937/tcia.2019.bvhjhdas; PathDB collectionId 18 (updated 2023-12-01),PENDING-G2,
Case-4-C48-7455-17146,http://pathdb.cancerimagingarchive.net/system/files/wsi/ross/Osteosarcoma-UT/converted/Osteosarcoma-UT/Training-Set-2/set6/Case-4-C48-7455-17146.tiff,Case 4 C48-7455-17146,PENDING-IMAGES,PENDING-IMAGES,PENDING-IMAGES,Non-Tumor,NON_TUMOR,,,Case-4,,TCIA Osteosarcoma-Tumor-Assessment DOI 10.7937/tcia.2019.bvhjhdas; PathDB collectionId 18 (updated 2023-12-01),PENDING-G2,
Case-4-C48-8509-22908,http://pathdb.cancerimagingarchive.net/system/files/wsi/ross/Osteosarcoma-UT/converted/Osteosarcoma-UT/Training-Set-2/set6/Case-4-C48-8509-22908.tiff,Case 4 C48-8509-22908,PENDING-IMAGES,PENDING-IMAGES,PENDING-IMAGES,Non-Tumor,NON_TUMOR,,,Case-4,,TCIA Osteosarcoma-Tumor-Assessment DOI 10.7937/tcia.2019.bvhjhdas; PathDB collectionId 18 (updated 2023-12-01),PENDING-G2,
Case-4-C48-8852-15092,http://pathdb.cancerimagingarchive.net/system/files/wsi/ross/Osteosarcoma-UT/converted/Osteosarcoma-UT/Training-Set-2/set6/Case-4-C48-8852-15092.tiff,Case 4 C48-8852-15092,PENDING-IMAGES,PENDING-IMAGES,PENDING-IMAGES,Non-Tumor,NON_TUMOR,,,Case-4,,TCIA Osteosarcoma-Tumor-Assessment DOI 10.7937/tcia.2019.bvhjhdas; PathDB collectionId 18 (updated 2023-12-01),PENDING-G2,
Case-4-C48-9825-35299,http://pathdb.cancerimagingarchive.net/system/files/wsi/ross/Osteosarcoma-UT/converted/Osteosarcoma-UT/Training-Set-2/set6/Case-4-C48-9825-35299.tiff,Case 4 C48-9825-35299,PENDING-IMAGES,PENDING-IMAGES,PENDING-IMAGES,Non-Tumor,NON_TUMOR,,,Case-4,,TCIA Osteosarcoma-Tumor-Assessment DOI 10.7937/tcia.2019.bvhjhdas; PathDB collectionId 18 (updated 2023-12-01),PENDING-G2,
Case-4-C48-9864-11549,http://pathdb.cancerimagingarchive.net/system/files/wsi/ross/Osteosarcoma-UT/converted/Osteosarcoma-UT/Training-Set-2/set6/Case-4-C48-9864-11549.tiff,Case 4 C48-9864-11549,PENDING-IMAGES,PENDING-IMAGES,PENDING-IMAGES,Non-Tumor,NON_TUMOR,,,Case-4,,TCIA Osteosarcoma-Tumor-Assessment DOI 10.7937/tcia.2019.bvhjhdas; PathDB collectionId 18 (updated 2023-12-01),PENDING-G2,
Case-4-C52-11233-29470,http://pathdb.cancerimagingarchive.net/system/files/wsi/ross/Osteosarcoma-UT/converted/Osteosarcoma-UT/Training-Set-2/set6/Case-4-C52-11233-29470.tiff,Case 4 C52-11233-29470,PENDING-IMAGES,PENDING-IMAGES,PENDING-IMAGES,Non-Tumor,NON_TUMOR,,,Case-4,,TCIA Osteosarcoma-Tumor-Assessment DOI 10.7937/tcia.2019.bvhjhdas; PathDB collectionId 18 (updated 2023-12-01),PENDING-G2,
Case-4-C52-13339-30012,http://pathdb.cancerimagingarchive.net/system/files/wsi/ross/Osteosarcoma-UT/converted/Osteosarcoma-UT/Training-Set-2/set6/Case-4-C52-13339-30012.tiff,Case 4 C52-13339-30012,PENDING-IMAGES,PENDING-IMAGES,PENDING-IMAGES,Non-Tumor,NON_TUMOR,,,Case-4,,TCIA Osteosarcoma-Tumor-Assessment DOI 10.7937/tcia.2019.bvhjhdas; PathDB collectionId 18 (updated 2023-12-01),PENDING-G2,
Case-4-C52-14134-24972,http://pathdb.cancerimagingarchive.net/system/files/wsi/ross/Osteosarcoma-UT/converted/Osteosarcoma-UT/Training-Set-2/set6/Case-4-C52-14134-24972.tiff,Case 4 C52-14134-24972,PENDING-IMAGES,PENDING-IMAGES,PENDING-IMAGES,Non-Tumor,NON_TUMOR,,,Case-4,,TCIA Osteosarcoma-Tumor-Assessment DOI 10.7937/tcia.2019.bvhjhdas; PathDB collectionId 18 (updated 2023-12-01),PENDING-G2,
Case-4-C52-15553-8379,http://pathdb.cancerimagingarchive.net/system/files/wsi/ross/Osteosarcoma-UT/converted/Osteosarcoma-UT/Training-Set-2/set6/Case-4-C52-15553-8379.tiff,Case 4 C52-15553-8379,PENDING-IMAGES,PENDING-IMAGES,PENDING-IMAGES,Non-Tumor,NON_TUMOR,,,Case-4,,TCIA Osteosarcoma-Tumor-Assessment DOI 10.7937/tcia.2019.bvhjhdas; PathDB collectionId 18 (updated 2023-12-01),PENDING-G2,
Case-4-C52-15705-16485,http://pathdb.cancerimagingarchive.net/system/files/wsi/ross/Osteosarcoma-UT/converted/Osteosarcoma-UT/Training-Set-2/set6/Case-4-C52-15705-16485.tiff,Case 4 C52-15705-16485,PENDING-IMAGES,PENDING-IMAGES,PENDING-IMAGES,Non-Tumor,NON_TUMOR,,,Case-4,,TCIA Osteosarcoma-Tumor-Assessment DOI 10.7937/tcia.2019.bvhjhdas; PathDB collectionId 18 (updated 2023-12-01),PENDING-G2,
Case-4-C52-18944-30575,http://pathdb.cancerimagingarchive.net/system/files/wsi/ross/Osteosarcoma-UT/converted/Osteosarcoma-UT/Training-Set-2/set6/Case-4-C52-18944-30575.tiff,Case 4 C52-18944-30575,PENDING-IMAGES,PENDING-IMAGES,PENDING-IMAGES,Non-Tumor,NON_TUMOR,,,Case-4,,TCIA Osteosarcoma-Tumor-Assessment DOI 10.7937/tcia.2019.bvhjhdas; PathDB collectionId 18 (updated 2023-12-01),PENDING-G2,
Case-4-C52-19923-24025,http://pathdb.cancerimagingarchive.net/system/files/wsi/ross/Osteosarcoma-UT/converted/Osteosarcoma-UT/Training-Set-1/set6/Case-4-C52-19923-24025.tiff,Case 4 C52-19923-24025,PENDING-IMAGES,PENDING-IMAGES,PENDING-IMAGES,Non-Tumor,NON_TUMOR,,,Case-4,,TCIA Osteosarcoma-Tumor-Assessment DOI 10.7937/tcia.2019.bvhjhdas; PathDB collectionId 18 (updated 2023-12-01),PENDING-G2,
Case-4-C52-20522-23796,http://pathdb.cancerimagingarchive.net/system/files/wsi/ross/Osteosarcoma-UT/converted/Osteosarcoma-UT/Training-Set-1/set6/Case-4-C52-20522-23796.tiff,Case 4 C52-20522-23796,PENDING-IMAGES,PENDING-IMAGES,PENDING-IMAGES,Non-Tumor,NON_TUMOR,,,Case-4,,TCIA Osteosarcoma-Tumor-Assessment DOI 10.7937/tcia.2019.bvhjhdas; PathDB collectionId 18 (updated 2023-12-01),PENDING-G2,
Case-4-C52-20801-18450,http://pathdb.cancerimagingarchive.net/system/files/wsi/ross/Osteosarcoma-UT/converted/Osteosarcoma-UT/Training-Set-1/set6/Case-4-C52-20801-18450.tiff,Case 4 C52-20801-18450,PENDING-IMAGES,PENDING-IMAGES,PENDING-IMAGES,Non-Tumor,NON_TUMOR,,,Case-4,,TCIA Osteosarcoma-Tumor-Assessment DOI 10.7937/tcia.2019.bvhjhdas; PathDB collectionId 18 (updated 2023-12-01),PENDING-G2,
Case-4-C52-21343-29072,http://pathdb.cancerimagingarchive.net/system/files/wsi/ross/Osteosarcoma-UT/converted/Osteosarcoma-UT/Training-Set-1/set6/Case-4-C52-21343-29072.tiff,Case 4 C52-21343-29072,PENDING-IMAGES,PENDING-IMAGES,PENDING-IMAGES,Non-Tumor,NON_TUMOR,,,Case-4,,TCIA Osteosarcoma-Tumor-Assessment DOI 10.7937/tcia.2019.bvhjhdas; PathDB collectionId 18 (updated 2023-12-01),PENDING-G2,
Case-4-C52-21604-27567,http://pathdb.cancerimagingarchive.net/system/files/wsi/ross/Osteosarcoma-UT/converted/Osteosarcoma-UT/Training-Set-1/set6/Case-4-C52-21604-27567.tiff,Case 4 C52-21604-27567,PENDING-IMAGES,PENDING-IMAGES,PENDING-IMAGES,Non-Tumor,NON_TUMOR,,,Case-4,,TCIA Osteosarcoma-Tumor-Assessment DOI 10.7937/tcia.2019.bvhjhdas; PathDB collectionId 18 (updated 2023-12-01),PENDING-G2,
Case-4-C52-25156-26369,http://pathdb.cancerimagingarchive.net/system/files/wsi/ross/Osteosarcoma-UT/converted/Osteosarcoma-UT/Training-Set-1/set6/Case-4-C52-25156-26369.tiff,Case 4 C52-25156-26369,PENDING-IMAGES,PENDING-IMAGES,PENDING-IMAGES,Non-Tumor,NON_TUMOR,,,Case-4,,TCIA Osteosarcoma-Tumor-Assessment DOI 10.7937/tcia.2019.bvhjhdas; PathDB collectionId 18 (updated 2023-12-01),PENDING-G2,
Case-4-C52-25833-10809,http://pathdb.cancerimagingarchive.net/system/files/wsi/ross/Osteosarcoma-UT/converted/Osteosarcoma-UT/Training-Set-1/set6/Case-4-C52-25833-10809.tiff,Case 4 C52-25833-10809,PENDING-IMAGES,PENDING-IMAGES,PENDING-IMAGES,Non-Tumor,NON_TUMOR,,,Case-4,,TCIA Osteosarcoma-Tumor-Assessment DOI 10.7937/tcia.2019.bvhjhdas; PathDB collectionId 18 (updated 2023-12-01),PENDING-G2,
Case-4-C52-26347-9834,http://pathdb.cancerimagingarchive.net/system/files/wsi/ross/Osteosarcoma-UT/converted/Osteosarcoma-UT/Training-Set-1/set6/Case-4-C52-26347-9834.tiff,Case 4 C52-26347-9834,PENDING-IMAGES,PENDING-IMAGES,PENDING-IMAGES,Non-Tumor,NON_TUMOR,,,Case-4,,TCIA Osteosarcoma-Tumor-Assessment DOI 10.7937/tcia.2019.bvhjhdas; PathDB collectionId 18 (updated 2023-12-01),PENDING-G2,
Case-4-C52-26738-16962,http://pathdb.cancerimagingarchive.net/system/files/wsi/ross/Osteosarcoma-UT/converted/Osteosarcoma-UT/Training-Set-1/set6/Case-4-C52-26738-16962.tiff,Case 4 C52-26738-16962,PENDING-IMAGES,PENDING-IMAGES,PENDING-IMAGES,Non-Tumor,NON_TUMOR,,,Case-4,,TCIA Osteosarcoma-Tumor-Assessment DOI 10.7937/tcia.2019.bvhjhdas; PathDB collectionId 18 (updated 2023-12-01),PENDING-G2,
Case-4-C52-29179-7955,http://pathdb.cancerimagingarchive.net/system/files/wsi/ross/Osteosarcoma-UT/converted/Osteosarcoma-UT/Training-Set-1/set6/Case-4-C52-29179-7955.tiff,Case 4 C52-29179-7955,PENDING-IMAGES,PENDING-IMAGES,PENDING-IMAGES,Non-Tumor,NON_TUMOR,,,Case-4,,TCIA Osteosarcoma-Tumor-Assessment DOI 10.7937/tcia.2019.bvhjhdas; PathDB collectionId 18 (updated 2023-12-01),PENDING-G2,
Case-4-C52-29621-7946,http://pathdb.cancerimagingarchive.net/system/files/wsi/ross/Osteosarcoma-UT/converted/Osteosarcoma-UT/Training-Set-1/set6/Case-4-C52-29621-7946.tiff,Case 4 C52-29621-7946,PENDING-IMAGES,PENDING-IMAGES,PENDING-IMAGES,Non-Tumor,NON_TUMOR,,,Case-4,,TCIA Osteosarcoma-Tumor-Assessment DOI 10.7937/tcia.2019.bvhjhdas; PathDB collectionId 18 (updated 2023-12-01),PENDING-G2,
Case-4-C52-29962-9726,http://pathdb.cancerimagingarchive.net/system/files/wsi/ross/Osteosarcoma-UT/converted/Osteosarcoma-UT/Training-Set-1/set6/Case-4-C52-29962-9726.tiff,Case 4 C52-29962-9726,PENDING-IMAGES,PENDING-IMAGES,PENDING-IMAGES,Non-Tumor,NON_TUMOR,,,Case-4,,TCIA Osteosarcoma-Tumor-Assessment DOI 10.7937/tcia.2019.bvhjhdas; PathDB collectionId 18 (updated 2023-12-01),PENDING-G2,
Case-4-C52-3074-22909,http://pathdb.cancerimagingarchive.net/system/files/wsi/ross/Osteosarcoma-UT/converted/Osteosarcoma-UT/Training-Set-2/set6/Case-4-C52-3074-22909.tiff,Case 4 C52-3074-22909,PENDING-IMAGES,PENDING-IMAGES,PENDING-IMAGES,Non-Tumor,NON_TUMOR,,,Case-4,,TCIA Osteosarcoma-Tumor-Assessment DOI 10.7937/tcia.2019.bvhjhdas; PathDB collectionId 18 (updated 2023-12-01),PENDING-G2,
Case-4-C52-31860-26250,http://pathdb.cancerimagingarchive.net/system/files/wsi/ross/Osteosarcoma-UT/converted/Osteosarcoma-UT/Training-Set-1/set6/Case-4-C52-31860-26250.tiff,Case 4 C52-31860-26250,PENDING-IMAGES,PENDING-IMAGES,PENDING-IMAGES,Non-Tumor,NON_TUMOR,,,Case-4,,TCIA Osteosarcoma-Tumor-Assessment DOI 10.7937/tcia.2019.bvhjhdas; PathDB collectionId 18 (updated 2023-12-01),PENDING-G2,
Case-4-C52-32157-20231,http://pathdb.cancerimagingarchive.net/system/files/wsi/ross/Osteosarcoma-UT/converted/Osteosarcoma-UT/Training-Set-1/set6/Case-4-C52-32157-20231.tiff,Case 4 C52-32157-20231,PENDING-IMAGES,PENDING-IMAGES,PENDING-IMAGES,Non-Tumor,NON_TUMOR,,,Case-4,,TCIA Osteosarcoma-Tumor-Assessment DOI 10.7937/tcia.2019.bvhjhdas; PathDB collectionId 18 (updated 2023-12-01),PENDING-G2,
Case-4-C52-35139-22514,http://pathdb.cancerimagingarchive.net/system/files/wsi/ross/Osteosarcoma-UT/converted/Osteosarcoma-UT/Training-Set-1/set6/Case-4-C52-35139-22514.tiff,Case 4 C52-35139-22514,PENDING-IMAGES,PENDING-IMAGES,PENDING-IMAGES,Non-Tumor,NON_TUMOR,,,Case-4,,TCIA Osteosarcoma-Tumor-Assessment DOI 10.7937/tcia.2019.bvhjhdas; PathDB collectionId 18 (updated 2023-12-01),PENDING-G2,
Case-4-C52-5072-27768,http://pathdb.cancerimagingarchive.net/system/files/wsi/ross/Osteosarcoma-UT/converted/Osteosarcoma-UT/Training-Set-2/set6/Case-4-C52-5072-27768.tiff,Case 4 C52-5072-27768,PENDING-IMAGES,PENDING-IMAGES,PENDING-IMAGES,Non-Tumor,NON_TUMOR,,,Case-4,,TCIA Osteosarcoma-Tumor-Assessment DOI 10.7937/tcia.2019.bvhjhdas; PathDB collectionId 18 (updated 2023-12-01),PENDING-G2,
Case-4-C52-6011-11096,http://pathdb.cancerimagingarchive.net/system/files/wsi/ross/Osteosarcoma-UT/converted/Osteosarcoma-UT/Training-Set-2/set6/Case-4-C52-6011-11096.tiff,Case 4 C52-6011-11096,PENDING-IMAGES,PENDING-IMAGES,PENDING-IMAGES,Non-Tumor,NON_TUMOR,,,Case-4,,TCIA Osteosarcoma-Tumor-Assessment DOI 10.7937/tcia.2019.bvhjhdas; PathDB collectionId 18 (updated 2023-12-01),PENDING-G2,
Case-4-C52-7119-24770,http://pathdb.cancerimagingarchive.net/system/files/wsi/ross/Osteosarcoma-UT/converted/Osteosarcoma-UT/Training-Set-2/set6/Case-4-C52-7119-24770.tiff,Case 4 C52-7119-24770,PENDING-IMAGES,PENDING-IMAGES,PENDING-IMAGES,Non-Tumor,NON_TUMOR,,,Case-4,,TCIA Osteosarcoma-Tumor-Assessment DOI 10.7937/tcia.2019.bvhjhdas; PathDB collectionId 18 (updated 2023-12-01),PENDING-G2,
Case-4-C52-8069-17662,http://pathdb.cancerimagingarchive.net/system/files/wsi/ross/Osteosarcoma-UT/converted/Osteosarcoma-UT/Training-Set-2/set6/Case-4-C52-8069-17662.tiff,Case 4 C52-8069-17662,PENDING-IMAGES,PENDING-IMAGES,PENDING-IMAGES,Non-Tumor,NON_TUMOR,,,Case-4,,TCIA Osteosarcoma-Tumor-Assessment DOI 10.7937/tcia.2019.bvhjhdas; PathDB collectionId 18 (updated 2023-12-01),PENDING-G2,
Case-4-C52-9122-11470,http://pathdb.cancerimagingarchive.net/system/files/wsi/ross/Osteosarcoma-UT/converted/Osteosarcoma-UT/Training-Set-2/set6/Case-4-C52-9122-11470.tiff,Case 4 C52-9122-11470,PENDING-IMAGES,PENDING-IMAGES,PENDING-IMAGES,Non-Tumor,NON_TUMOR,,,Case-4,,TCIA Osteosarcoma-Tumor-Assessment DOI 10.7937/tcia.2019.bvhjhdas; PathDB collectionId 18 (updated 2023-12-01),PENDING-G2,
Case-4-C52-9452-34640,http://pathdb.cancerimagingarchive.net/system/files/wsi/ross/Osteosarcoma-UT/converted/Osteosarcoma-UT/Training-Set-2/set6/Case-4-C52-9452-34640.tiff,Case 4 C52-9452-34640,PENDING-IMAGES,PENDING-IMAGES,PENDING-IMAGES,Non-Tumor,NON_TUMOR,,,Case-4,,TCIA Osteosarcoma-Tumor-Assessment DOI 10.7937/tcia.2019.bvhjhdas; PathDB collectionId 18 (updated 2023-12-01),PENDING-G2,
Case-48-P5-C13-24121-14200,http://pathdb.cancerimagingarchive.net/system/files/wsi/ross/Osteosarcoma-UT/converted/Osteosarcoma-UT/Training-Set-2/set6/Case-48-P5-C13-24121-14200.tiff,Case 48 - P5 C13-24121-14200,PENDING-IMAGES,PENDING-IMAGES,PENDING-IMAGES,Non-Viable-Tumor,,,,Case-48,,TCIA Osteosarcoma-Tumor-Assessment DOI 10.7937/tcia.2019.bvhjhdas; PathDB collectionId 18 (updated 2023-12-01),FALSE,UNRESOLVED_LABEL:Non-Viable-Tumor
Case-48-P5-C13-25055-3867,http://pathdb.cancerimagingarchive.net/system/files/wsi/ross/Osteosarcoma-UT/converted/Osteosarcoma-UT/Training-Set-2/set6/Case-48-P5-C13-25055-3867.tiff,Case 48 - P5 C13-25055-3867,PENDING-IMAGES,PENDING-IMAGES,PENDING-IMAGES,viable: non-viable,,,,Case-48,,TCIA Osteosarcoma-Tumor-Assessment DOI 10.7937/tcia.2019.bvhjhdas; PathDB collectionId 18 (updated 2023-12-01),FALSE,UNRESOLVED_LABEL:viable: non-viable
Case-48-P5-C13-28480-4550,http://pathdb.cancerimagingarchive.net/system/files/wsi/ross/Osteosarcoma-UT/converted/Osteosarcoma-UT/Training-Set-2/set6/Case-48-P5-C13-28480-4550.tiff,Case 48 - P5 C13-28480-4550,PENDING-IMAGES,PENDING-IMAGES,PENDING-IMAGES,Viable,VIABLE_TUMOR,,,Case-48,,TCIA Osteosarcoma-Tumor-Assessment DOI 10.7937/tcia.2019.bvhjhdas; PathDB collectionId 18 (updated 2023-12-01),PENDING-G2,
Case-48-P5-C13-30344-16782,http://pathdb.cancerimagingarchive.net/system/files/wsi/ross/Osteosarcoma-UT/converted/Osteosarcoma-UT/Training-Set-2/set6/Case-48-P5-C13-30344-16782.tiff,Case 48 - P5 C13-30344-16782,PENDING-IMAGES,PENDING-IMAGES,PENDING-IMAGES,Non-Tumor,NON_TUMOR,,,Case-48,,TCIA Osteosarcoma-Tumor-Assessment DOI 10.7937/tcia.2019.bvhjhdas; PathDB collectionId 18 (updated 2023-12-01),PENDING-G2,
Case-48-P5-C13-31534-14115,http://pathdb.cancerimagingarchive.net/system/files/wsi/ross/Osteosarcoma-UT/converted/Osteosarcoma-UT/Training-Set-2/set6/Case-48-P5-C13-31534-14115.tiff,Case 48 - P5 C13-31534-14115,PENDING-IMAGES,PENDING-IMAGES,PENDING-IMAGES,viable: non-viable,,,,Case-48,,TCIA Osteosarcoma-Tumor-Assessment DOI 10.7937/tcia.2019.bvhjhdas; PathDB collectionId 18 (updated 2023-12-01),FALSE,UNRESOLVED_LABEL:viable: non-viable
Case-48-P5-C13-31558-32206,http://pathdb.cancerimagingarchive.net/system/files/wsi/ross/Osteosarcoma-UT/converted/Osteosarcoma-UT/Training-Set-2/set6/Case-48-P5-C13-31558-32206.tiff,Case 48 - P5 C13-31558-32206,PENDING-IMAGES,PENDING-IMAGES,PENDING-IMAGES,Non-Tumor,NON_TUMOR,,,Case-48,,TCIA Osteosarcoma-Tumor-Assessment DOI 10.7937/tcia.2019.bvhjhdas; PathDB collectionId 18 (updated 2023-12-01),PENDING-G2,
Case-48-P5-C13-32186-28705,http://pathdb.cancerimagingarchive.net/system/files/wsi/ross/Osteosarcoma-UT/converted/Osteosarcoma-UT/Training-Set-2/set6/Case-48-P5-C13-32186-28705.tiff,Case 48 - P5 C13-32186-28705,PENDING-IMAGES,PENDING-IMAGES,PENDING-IMAGES,Non-Tumor,NON_TUMOR,,,Case-48,,TCIA Osteosarcoma-Tumor-Assessment DOI 10.7937/tcia.2019.bvhjhdas; PathDB collectionId 18 (updated 2023-12-01),PENDING-G2,
Case-48-P5-C13-33156-9373,http://pathdb.cancerimagingarchive.net/system/files/wsi/ross/Osteosarcoma-UT/converted/Osteosarcoma-UT/Training-Set-2/set6/Case-48-P5-C13-33156-9373.tiff,Case 48 - P5 C13-33156-9373,PENDING-IMAGES,PENDING-IMAGES,PENDING-IMAGES,Viable,VIABLE_TUMOR,,,Case-48,,TCIA Osteosarcoma-Tumor-Assessment DOI 10.7937/tcia.2019.bvhjhdas; PathDB collectionId 18 (updated 2023-12-01),PENDING-G2,
Case-48-P5-C13-33179-15118,http://pathdb.cancerimagingarchive.net/system/files/wsi/ross/Osteosarcoma-UT/converted/Osteosarcoma-UT/Training-Set-2/set6/Case-48-P5-C13-33179-15118.tiff,Case 48 - P5 C13-33179-15118,PENDING-IMAGES,PENDING-IMAGES,PENDING-IMAGES,viable: non-viable,,,,Case-48,,TCIA Osteosarcoma-Tumor-Assessment DOI 10.7937/tcia.2019.bvhjhdas; PathDB collectionId 18 (updated 2023-12-01),FALSE,UNRESOLVED_LABEL:viable: non-viable
Case-48-P5-C13-33285-9932,http://pathdb.cancerimagingarchive.net/system/files/wsi/ross/Osteosarcoma-UT/converted/Osteosarcoma-UT/Training-Set-2/set6/Case-48-P5-C13-33285-9932.tiff,Case 48 - P5 C13-33285-9932,PENDING-IMAGES,PENDING-IMAGES,PENDING-IMAGES,viable: non-viable,,,,Case-48,,TCIA Osteosarcoma-Tumor-Assessment DOI 10.7937/tcia.2019.bvhjhdas; PathDB collectionId 18 (updated 2023-12-01),FALSE,UNRESOLVED_LABEL:viable: non-viable
Case-48-P5-C13-33772-6042,http://pathdb.cancerimagingarchive.net/system/files/wsi/ross/Osteosarcoma-UT/converted/Osteosarcoma-UT/Training-Set-2/set6/Case-48-P5-C13-33772-6042.tiff,Case 48 - P5 C13-33772-6042,PENDING-IMAGES,PENDING-IMAGES,PENDING-IMAGES,viable: non-viable,,,,Case-48,,TCIA Osteosarcoma-Tumor-Assessment DOI 10.7937/tcia.2019.bvhjhdas; PathDB collectionId 18 (updated 2023-12-01),FALSE,UNRESOLVED_LABEL:viable: non-viable
Case-48-P5-C13-34777-26855,http://pathdb.cancerimagingarchive.net/system/files/wsi/ross/Osteosarcoma-UT/converted/Osteosarcoma-UT/Training-Set-2/set7/Case-48-P5-C13-34777-26855.tiff,Case 48 - P5 C13-34777-26855,PENDING-IMAGES,PENDING-IMAGES,PENDING-IMAGES,Non-Tumor,NON_TUMOR,,,Case-48,,TCIA Osteosarcoma-Tumor-Assessment DOI 10.7937/tcia.2019.bvhjhdas; PathDB collectionId 18 (updated 2023-12-01),PENDING-G2,
Case-48-P5-C13-35186-4450,http://pathdb.cancerimagingarchive.net/system/files/wsi/ross/Osteosarcoma-UT/converted/Osteosarcoma-UT/Training-Set-2/set7/Case-48-P5-C13-35186-4450.tiff,Case 48 - P5 C13-35186-4450,PENDING-IMAGES,PENDING-IMAGES,PENDING-IMAGES,Viable,VIABLE_TUMOR,,,Case-48,,TCIA Osteosarcoma-Tumor-Assessment DOI 10.7937/tcia.2019.bvhjhdas; PathDB collectionId 18 (updated 2023-12-01),PENDING-G2,
Case-48-P5-C13-35786-2519,http://pathdb.cancerimagingarchive.net/system/files/wsi/ross/Osteosarcoma-UT/converted/Osteosarcoma-UT/Training-Set-1/set6/Case-48-P5-C13-35786-2519.tiff,Case 48 - P5 C13-35786-2519,PENDING-IMAGES,PENDING-IMAGES,PENDING-IMAGES,Viable,VIABLE_TUMOR,,,Case-48,,TCIA Osteosarcoma-Tumor-Assessment DOI 10.7937/tcia.2019.bvhjhdas; PathDB collectionId 18 (updated 2023-12-01),PENDING-G2,
Case-48-P5-C13-36274-5595,http://pathdb.cancerimagingarchive.net/system/files/wsi/ross/Osteosarcoma-UT/converted/Osteosarcoma-UT/Training-Set-1/set6/Case-48-P5-C13-36274-5595.tiff,Case 48 - P5 C13-36274-5595,PENDING-IMAGES,PENDING-IMAGES,PENDING-IMAGES,Viable,VIABLE_TUMOR,,,Case-48,,TCIA Osteosarcoma-Tumor-Assessment DOI 10.7937/tcia.2019.bvhjhdas; PathDB collectionId 18 (updated 2023-12-01),PENDING-G2,
Case-48-P5-C13-36431-2977,http://pathdb.cancerimagingarchive.net/system/files/wsi/ross/Osteosarcoma-UT/converted/Osteosarcoma-UT/Training-Set-1/set6/Case-48-P5-C13-36431-2977.tiff,Case 48 - P5 C13-36431-2977,PENDING-IMAGES,PENDING-IMAGES,PENDING-IMAGES,Viable,VIABLE_TUMOR,,,Case-48,,TCIA Osteosarcoma-Tumor-Assessment DOI 10.7937/tcia.2019.bvhjhdas; PathDB collectionId 18 (updated 2023-12-01),PENDING-G2,
Case-48-P5-C13-40217-4387,http://pathdb.cancerimagingarchive.net/system/files/wsi/ross/Osteosarcoma-UT/converted/Osteosarcoma-UT/Training-Set-1/set6/Case-48-P5-C13-40217-4387.tiff,Case 48 - P5 C13-40217-4387,PENDING-IMAGES,PENDING-IMAGES,PENDING-IMAGES,Viable,VIABLE_TUMOR,,,Case-48,,TCIA Osteosarcoma-Tumor-Assessment DOI 10.7937/tcia.2019.bvhjhdas; PathDB collectionId 18 (updated 2023-12-01),PENDING-G2,
Case-48-P5-C13-41185-25631,http://pathdb.cancerimagingarchive.net/system/files/wsi/ross/Osteosarcoma-UT/converted/Osteosarcoma-UT/Training-Set-1/set6/Case-48-P5-C13-41185-25631.tiff,Case 48 - P5 C13-41185-25631,PENDING-IMAGES,PENDING-IMAGES,PENDING-IMAGES,Non-Tumor,NON_TUMOR,,,Case-48,,TCIA Osteosarcoma-Tumor-Assessment DOI 10.7937/tcia.2019.bvhjhdas; PathDB collectionId 18 (updated 2023-12-01),PENDING-G2,
Case-48-P5-C13-42156-28960,http://pathdb.cancerimagingarchive.net/system/files/wsi/ross/Osteosarcoma-UT/converted/Osteosarcoma-UT/Training-Set-1/set6/Case-48-P5-C13-42156-28960.tiff,Case 48 - P5 C13-42156-28960,PENDING-IMAGES,PENDING-IMAGES,PENDING-IMAGES,Non-Tumor,NON_TUMOR,,,Case-48,,TCIA Osteosarcoma-Tumor-Assessment DOI 10.7937/tcia.2019.bvhjhdas; PathDB collectionId 18 (updated 2023-12-01),PENDING-G2,
Case-48-P5-C13-42974-19458,http://pathdb.cancerimagingarchive.net/system/files/wsi/ross/Osteosarcoma-UT/converted/Osteosarcoma-UT/Training-Set-1/set6/Case-48-P5-C13-42974-19458.tiff,Case 48 - P5 C13-42974-19458,PENDING-IMAGES,PENDING-IMAGES,PENDING-IMAGES,Non-Tumor,NON_TUMOR,,,Case-48,,TCIA Osteosarcoma-Tumor-Assessment DOI 10.7937/tcia.2019.bvhjhdas; PathDB collectionId 18 (updated 2023-12-01),PENDING-G2,
Case-48-P5-C13-43922-21112,http://pathdb.cancerimagingarchive.net/system/files/wsi/ross/Osteosarcoma-UT/converted/Osteosarcoma-UT/Training-Set-1/set6/Case-48-P5-C13-43922-21112.tiff,Case 48 - P5 C13-43922-21112,PENDING-IMAGES,PENDING-IMAGES,PENDING-IMAGES,Non-Tumor,NON_TUMOR,,,Case-48,,TCIA Osteosarcoma-Tumor-Assessment DOI 10.7937/tcia.2019.bvhjhdas; PathDB collectionId 18 (updated 2023-12-01),PENDING-G2,
Case-48-P5-C13-45972-4022,http://pathdb.cancerimagingarchive.net/system/files/wsi/ross/Osteosarcoma-UT/converted/Osteosarcoma-UT/Training-Set-1/set6/Case-48-P5-C13-45972-4022.tiff,Case 48 - P5 C13-45972-4022,PENDING-IMAGES,PENDING-IMAGES,PENDING-IMAGES,Viable,VIABLE_TUMOR,,,Case-48,,TCIA Osteosarcoma-Tumor-Assessment DOI 10.7937/tcia.2019.bvhjhdas; PathDB collectionId 18 (updated 2023-12-01),PENDING-G2,
Case-48-P5-C13-46592-17295,http://pathdb.cancerimagingarchive.net/system/files/wsi/ross/Osteosarcoma-UT/converted/Osteosarcoma-UT/Training-Set-1/set6/Case-48-P5-C13-46592-17295.tiff,Case 48 - P5 C13-46592-17295,PENDING-IMAGES,PENDING-IMAGES,PENDING-IMAGES,Non-Viable-Tumor,,,,Case-48,,TCIA Osteosarcoma-Tumor-Assessment DOI 10.7937/tcia.2019.bvhjhdas; PathDB collectionId 18 (updated 2023-12-01),FALSE,UNRESOLVED_LABEL:Non-Viable-Tumor
Case-48-P5-C13-47517-9280,http://pathdb.cancerimagingarchive.net/system/files/wsi/ross/Osteosarcoma-UT/converted/Osteosarcoma-UT/Training-Set-1/set6/Case-48-P5-C13-47517-9280.tiff,Case 48 - P5 C13-47517-9280,PENDING-IMAGES,PENDING-IMAGES,PENDING-IMAGES,Viable,VIABLE_TUMOR,,,Case-48,,TCIA Osteosarcoma-Tumor-Assessment DOI 10.7937/tcia.2019.bvhjhdas; PathDB collectionId 18 (updated 2023-12-01),PENDING-G2,
Case-48-P5-C13-47829-6226,http://pathdb.cancerimagingarchive.net/system/files/wsi/ross/Osteosarcoma-UT/converted/Osteosarcoma-UT/Training-Set-1/set6/Case-48-P5-C13-47829-6226.tiff,Case 48 - P5 C13-47829-6226,PENDING-IMAGES,PENDING-IMAGES,PENDING-IMAGES,Viable,VIABLE_TUMOR,,,Case-48,,TCIA Osteosarcoma-Tumor-Assessment DOI 10.7937/tcia.2019.bvhjhdas; PathDB collectionId 18 (updated 2023-12-01),PENDING-G2,
Case-48-P5-C13-48617-38748,http://pathdb.cancerimagingarchive.net/system/files/wsi/ross/Osteosarcoma-UT/converted/Osteosarcoma-UT/Training-Set-1/set6/Case-48-P5-C13-48617-38748.tiff,Case 48 - P5 C13-48617-38748,PENDING-IMAGES,PENDING-IMAGES,PENDING-IMAGES,viable: non-viable,,,,Case-48,,TCIA Osteosarcoma-Tumor-Assessment DOI 10.7937/tcia.2019.bvhjhdas; PathDB collectionId 18 (updated 2023-12-01),FALSE,UNRESOLVED_LABEL:viable: non-viable
Case-48-P5-C13-56220-35584,http://pathdb.cancerimagingarchive.net/system/files/wsi/ross/Osteosarcoma-UT/converted/Osteosarcoma-UT/Training-Set-1/set6/Case-48-P5-C13-56220-35584.tiff,Case 48 - P5 C13-56220-35584,PENDING-IMAGES,PENDING-IMAGES,PENDING-IMAGES,Non-Tumor,NON_TUMOR,,,Case-48,,TCIA Osteosarcoma-Tumor-Assessment DOI 10.7937/tcia.2019.bvhjhdas; PathDB collectionId 18 (updated 2023-12-01),PENDING-G2,
Case-48-P5-C13-64007-12122,http://pathdb.cancerimagingarchive.net/system/files/wsi/ross/Osteosarcoma-UT/converted/Osteosarcoma-UT/Training-Set-1/set6/Case-48-P5-C13-64007-12122.tiff,Case 48 - P5 C13-64007-12122,PENDING-IMAGES,PENDING-IMAGES,PENDING-IMAGES,Viable,VIABLE_TUMOR,,,Case-48,,TCIA Osteosarcoma-Tumor-Assessment DOI 10.7937/tcia.2019.bvhjhdas; PathDB collectionId 18 (updated 2023-12-01),PENDING-G2,
Case-48-P5-C14-24924-23750,http://pathdb.cancerimagingarchive.net/system/files/wsi/ross/Osteosarcoma-UT/converted/Osteosarcoma-UT/Training-Set-2/set7/Case-48-P5-C14-24924-23750.tiff,Case 48 - P5 C14-24924-23750,PENDING-IMAGES,PENDING-IMAGES,PENDING-IMAGES,Non-Tumor,NON_TUMOR,,,Case-48,,TCIA Osteosarcoma-Tumor-Assessment DOI 10.7937/tcia.2019.bvhjhdas; PathDB collectionId 18 (updated 2023-12-01),PENDING-G2,
Case-48-P5-C14-28814-14922,http://pathdb.cancerimagingarchive.net/system/files/wsi/ross/Osteosarcoma-UT/converted/Osteosarcoma-UT/Training-Set-2/set7/Case-48-P5-C14-28814-14922.tiff,Case 48 - P5 C14-28814-14922,PENDING-IMAGES,PENDING-IMAGES,PENDING-IMAGES,viable: non-viable,,,,Case-48,,TCIA Osteosarcoma-Tumor-Assessment DOI 10.7937/tcia.2019.bvhjhdas; PathDB collectionId 18 (updated 2023-12-01),FALSE,UNRESOLVED_LABEL:viable: non-viable
Case-48-P5-C14-29041-7944,http://pathdb.cancerimagingarchive.net/system/files/wsi/ross/Osteosarcoma-UT/converted/Osteosarcoma-UT/Training-Set-2/set7/Case-48-P5-C14-29041-7944.tiff,Case 48 - P5 C14-29041-7944,PENDING-IMAGES,PENDING-IMAGES,PENDING-IMAGES,Viable,VIABLE_TUMOR,,,Case-48,,TCIA Osteosarcoma-Tumor-Assessment DOI 10.7937/tcia.2019.bvhjhdas; PathDB collectionId 18 (updated 2023-12-01),PENDING-G2,
Case-48-P5-C14-30314-23881,http://pathdb.cancerimagingarchive.net/system/files/wsi/ross/Osteosarcoma-UT/converted/Osteosarcoma-UT/Training-Set-2/set7/Case-48-P5-C14-30314-23881.tiff,Case 48 - P5 C14-30314-23881,PENDING-IMAGES,PENDING-IMAGES,PENDING-IMAGES,Non-Tumor,NON_TUMOR,,,Case-48,,TCIA Osteosarcoma-Tumor-Assessment DOI 10.7937/tcia.2019.bvhjhdas; PathDB collectionId 18 (updated 2023-12-01),PENDING-G2,
Case-48-P5-C14-32278-10661,http://pathdb.cancerimagingarchive.net/system/files/wsi/ross/Osteosarcoma-UT/converted/Osteosarcoma-UT/Training-Set-2/set7/Case-48-P5-C14-32278-10661.tiff,Case 48 - P5 C14-32278-10661,PENDING-IMAGES,PENDING-IMAGES,PENDING-IMAGES,Viable,VIABLE_TUMOR,,,Case-48,,TCIA Osteosarcoma-Tumor-Assessment DOI 10.7937/tcia.2019.bvhjhdas; PathDB collectionId 18 (updated 2023-12-01),PENDING-G2,
Case-48-P5-C14-34550-19673,http://pathdb.cancerimagingarchive.net/system/files/wsi/ross/Osteosarcoma-UT/converted/Osteosarcoma-UT/Training-Set-2/set7/Case-48-P5-C14-34550-19673.tiff,Case 48 - P5 C14-34550-19673,PENDING-IMAGES,PENDING-IMAGES,PENDING-IMAGES,Non-Tumor,NON_TUMOR,,,Case-48,,TCIA Osteosarcoma-Tumor-Assessment DOI 10.7937/tcia.2019.bvhjhdas; PathDB collectionId 18 (updated 2023-12-01),PENDING-G2,
Case-48-P5-C14-34559-25361,http://pathdb.cancerimagingarchive.net/system/files/wsi/ross/Osteosarcoma-UT/converted/Osteosarcoma-UT/Training-Set-2/set7/Case-48-P5-C14-34559-25361.tiff,Case 48 - P5 C14-34559-25361,PENDING-IMAGES,PENDING-IMAGES,PENDING-IMAGES,Non-Tumor,NON_TUMOR,,,Case-48,,TCIA Osteosarcoma-Tumor-Assessment DOI 10.7937/tcia.2019.bvhjhdas; PathDB collectionId 18 (updated 2023-12-01),PENDING-G2,
Case-48-P5-C14-34681-15663,http://pathdb.cancerimagingarchive.net/system/files/wsi/ross/Osteosarcoma-UT/converted/Osteosarcoma-UT/Training-Set-2/set7/Case-48-P5-C14-34681-15663.tiff,Case 48 - P5 C14-34681-15663,PENDING-IMAGES,PENDING-IMAGES,PENDING-IMAGES,Non-Tumor,NON_TUMOR,,,Case-48,,TCIA Osteosarcoma-Tumor-Assessment DOI 10.7937/tcia.2019.bvhjhdas; PathDB collectionId 18 (updated 2023-12-01),PENDING-G2,
Case-48-P5-C14-35746-11580,http://pathdb.cancerimagingarchive.net/system/files/wsi/ross/Osteosarcoma-UT/converted/Osteosarcoma-UT/Training-Set-2/set7/Case-48-P5-C14-35746-11580.tiff,Case 48 - P5 C14-35746-11580,PENDING-IMAGES,PENDING-IMAGES,PENDING-IMAGES,viable: non-viable,,,,Case-48,,TCIA Osteosarcoma-Tumor-Assessment DOI 10.7937/tcia.2019.bvhjhdas; PathDB collectionId 18 (updated 2023-12-01),FALSE,UNRESOLVED_LABEL:viable: non-viable
Case-48-P5-C14-37397-27331,http://pathdb.cancerimagingarchive.net/system/files/wsi/ross/Osteosarcoma-UT/converted/Osteosarcoma-UT/Training-Set-2/set7/Case-48-P5-C14-37397-27331.tiff,Case 48 - P5 C14-37397-27331,PENDING-IMAGES,PENDING-IMAGES,PENDING-IMAGES,Non-Tumor,NON_TUMOR,,,Case-48,,TCIA Osteosarcoma-Tumor-Assessment DOI 10.7937/tcia.2019.bvhjhdas; PathDB collectionId 18 (updated 2023-12-01),PENDING-G2,
Case-48-P5-C14-39001-28941,http://pathdb.cancerimagingarchive.net/system/files/wsi/ross/Osteosarcoma-UT/converted/Osteosarcoma-UT/Training-Set-2/set7/Case-48-P5-C14-39001-28941.tiff,Case 48 - P5 C14-39001-28941,PENDING-IMAGES,PENDING-IMAGES,PENDING-IMAGES,Non-Tumor,NON_TUMOR,,,Case-48,,TCIA Osteosarcoma-Tumor-Assessment DOI 10.7937/tcia.2019.bvhjhdas; PathDB collectionId 18 (updated 2023-12-01),PENDING-G2,
Case-48-P5-C14-39467-6941,http://pathdb.cancerimagingarchive.net/system/files/wsi/ross/Osteosarcoma-UT/converted/Osteosarcoma-UT/Training-Set-2/set7/Case-48-P5-C14-39467-6941.tiff,Case 48 - P5 C14-39467-6941,PENDING-IMAGES,PENDING-IMAGES,PENDING-IMAGES,Viable,VIABLE_TUMOR,,,Case-48,,TCIA Osteosarcoma-Tumor-Assessment DOI 10.7937/tcia.2019.bvhjhdas; PathDB collectionId 18 (updated 2023-12-01),PENDING-G2,
Case-48-P5-C14-41089-9651,http://pathdb.cancerimagingarchive.net/system/files/wsi/ross/Osteosarcoma-UT/converted/Osteosarcoma-UT/Training-Set-2/set7/Case-48-P5-C14-41089-9651.tiff,Case 48 - P5 C14-41089-9651,PENDING-IMAGES,PENDING-IMAGES,PENDING-IMAGES,Viable,VIABLE_TUMOR,,,Case-48,,TCIA Osteosarcoma-Tumor-Assessment DOI 10.7937/tcia.2019.bvhjhdas; PathDB collectionId 18 (updated 2023-12-01),PENDING-G2,
Case-48-P5-C14-41747-26404,http://pathdb.cancerimagingarchive.net/system/files/wsi/ross/Osteosarcoma-UT/converted/Osteosarcoma-UT/Training-Set-2/set7/Case-48-P5-C14-41747-26404.tiff,Case 48 - P5 C14-41747-26404,PENDING-IMAGES,PENDING-IMAGES,PENDING-IMAGES,Non-Tumor,NON_TUMOR,,,Case-48,,TCIA Osteosarcoma-Tumor-Assessment DOI 10.7937/tcia.2019.bvhjhdas; PathDB collectionId 18 (updated 2023-12-01),PENDING-G2,
Case-48-P5-C14-42219-24715,http://pathdb.cancerimagingarchive.net/system/files/wsi/ross/Osteosarcoma-UT/converted/Osteosarcoma-UT/Training-Set-2/set7/Case-48-P5-C14-42219-24715.tiff,Case 48 - P5 C14-42219-24715,PENDING-IMAGES,PENDING-IMAGES,PENDING-IMAGES,Non-Tumor,NON_TUMOR,,,Case-48,,TCIA Osteosarcoma-Tumor-Assessment DOI 10.7937/tcia.2019.bvhjhdas; PathDB collectionId 18 (updated 2023-12-01),PENDING-G2,
Case-48-P5-C14-44612-17510,http://pathdb.cancerimagingarchive.net/system/files/wsi/ross/Osteosarcoma-UT/converted/Osteosarcoma-UT/Training-Set-2/set7/Case-48-P5-C14-44612-17510.tiff,Case 48 - P5 C14-44612-17510,PENDING-IMAGES,PENDING-IMAGES,PENDING-IMAGES,Non-Tumor,NON_TUMOR,,,Case-48,,TCIA Osteosarcoma-Tumor-Assessment DOI 10.7937/tcia.2019.bvhjhdas; PathDB collectionId 18 (updated 2023-12-01),PENDING-G2,
Case-48-P5-C14-44941-18452,http://pathdb.cancerimagingarchive.net/system/files/wsi/ross/Osteosarcoma-UT/converted/Osteosarcoma-UT/Training-Set-1/set6/Case-48-P5-C14-44941-18452.tiff,Case 48 - P5 C14-44941-18452,PENDING-IMAGES,PENDING-IMAGES,PENDING-IMAGES,Viable,VIABLE_TUMOR,,,Case-48,,TCIA Osteosarcoma-Tumor-Assessment DOI 10.7937/tcia.2019.bvhjhdas; PathDB collectionId 18 (updated 2023-12-01),PENDING-G2,
Case-48-P5-C14-50416-27346,http://pathdb.cancerimagingarchive.net/system/files/wsi/ross/Osteosarcoma-UT/converted/Osteosarcoma-UT/Training-Set-1/set6/Case-48-P5-C14-50416-27346.tiff,Case 48 - P5 C14-50416-27346,PENDING-IMAGES,PENDING-IMAGES,PENDING-IMAGES,Viable,VIABLE_TUMOR,,,Case-48,,TCIA Osteosarcoma-Tumor-Assessment DOI 10.7937/tcia.2019.bvhjhdas; PathDB collectionId 18 (updated 2023-12-01),PENDING-G2,
Case-48-P5-C14-50604-21283,http://pathdb.cancerimagingarchive.net/system/files/wsi/ross/Osteosarcoma-UT/converted/Osteosarcoma-UT/Training-Set-1/set6/Case-48-P5-C14-50604-21283.tiff,Case 48 - P5 C14-50604-21283,PENDING-IMAGES,PENDING-IMAGES,PENDING-IMAGES,Viable,VIABLE_TUMOR,,,Case-48,,TCIA Osteosarcoma-Tumor-Assessment DOI 10.7937/tcia.2019.bvhjhdas; PathDB collectionId 18 (updated 2023-12-01),PENDING-G2,
Case-48-P5-C14-52144-3660,http://pathdb.cancerimagingarchive.net/system/files/wsi/ross/Osteosarcoma-UT/converted/Osteosarcoma-UT/Training-Set-1/set6/Case-48-P5-C14-52144-3660.tiff,Case 48 - P5 C14-52144-3660,PENDING-IMAGES,PENDING-IMAGES,PENDING-IMAGES,Viable,VIABLE_TUMOR,,,Case-48,,TCIA Osteosarcoma-Tumor-Assessment DOI 10.7937/tcia.2019.bvhjhdas; PathDB collectionId 18 (updated 2023-12-01),PENDING-G2,
Case-48-P5-C14-54171-23668,http://pathdb.cancerimagingarchive.net/system/files/wsi/ross/Osteosarcoma-UT/converted/Osteosarcoma-UT/Training-Set-1/set6/Case-48-P5-C14-54171-23668.tiff,Case 48 - P5 C14-54171-23668,PENDING-IMAGES,PENDING-IMAGES,PENDING-IMAGES,Viable,VIABLE_TUMOR,,,Case-48,,TCIA Osteosarcoma-Tumor-Assessment DOI 10.7937/tcia.2019.bvhjhdas; PathDB collectionId 18 (updated 2023-12-01),PENDING-G2,
Case-48-P5-C14-54203-39127,http://pathdb.cancerimagingarchive.net/system/files/wsi/ross/Osteosarcoma-UT/converted/Osteosarcoma-UT/Training-Set-1/set6/Case-48-P5-C14-54203-39127.tiff,Case 48 - P5 C14-54203-39127,PENDING-IMAGES,PENDING-IMAGES,PENDING-IMAGES,Non-Tumor,NON_TUMOR,,,Case-48,,TCIA Osteosarcoma-Tumor-Assessment DOI 10.7937/tcia.2019.bvhjhdas; PathDB collectionId 18 (updated 2023-12-01),PENDING-G2,
Case-48-P5-C14-55921-40389,http://pathdb.cancerimagingarchive.net/system/files/wsi/ross/Osteosarcoma-UT/converted/Osteosarcoma-UT/Training-Set-1/set6/Case-48-P5-C14-55921-40389.tiff,Case 48 - P5 C14-55921-40389,PENDING-IMAGES,PENDING-IMAGES,PENDING-IMAGES,Non-Tumor,NON_TUMOR,,,Case-48,,TCIA Osteosarcoma-Tumor-Assessment DOI 10.7937/tcia.2019.bvhjhdas; PathDB collectionId 18 (updated 2023-12-01),PENDING-G2,
Case-48-P5-C14-56563-30345,http://pathdb.cancerimagingarchive.net/system/files/wsi/ross/Osteosarcoma-UT/converted/Osteosarcoma-UT/Training-Set-1/set6/Case-48-P5-C14-56563-30345.tiff,Case 48 - P5 C14-56563-30345,PENDING-IMAGES,PENDING-IMAGES,PENDING-IMAGES,Viable,VIABLE_TUMOR,,,Case-48,,TCIA Osteosarcoma-Tumor-Assessment DOI 10.7937/tcia.2019.bvhjhdas; PathDB collectionId 18 (updated 2023-12-01),PENDING-G2,
Case-48-P5-C14-59148-13815,http://pathdb.cancerimagingarchive.net/system/files/wsi/ross/Osteosarcoma-UT/converted/Osteosarcoma-UT/Training-Set-1/set6/Case-48-P5-C14-59148-13815.tiff,Case 48 - P5 C14-59148-13815,PENDING-IMAGES,PENDING-IMAGES,PENDING-IMAGES,Viable,VIABLE_TUMOR,,,Case-48,,TCIA Osteosarcoma-Tumor-Assessment DOI 10.7937/tcia.2019.bvhjhdas; PathDB collectionId 18 (updated 2023-12-01),PENDING-G2,
Case-48-P5-C14-59834-18325,http://pathdb.cancerimagingarchive.net/system/files/wsi/ross/Osteosarcoma-UT/converted/Osteosarcoma-UT/Training-Set-1/set6/Case-48-P5-C14-59834-18325.tiff,Case 48 - P5 C14-59834-18325,PENDING-IMAGES,PENDING-IMAGES,PENDING-IMAGES,Viable,VIABLE_TUMOR,,,Case-48,,TCIA Osteosarcoma-Tumor-Assessment DOI 10.7937/tcia.2019.bvhjhdas; PathDB collectionId 18 (updated 2023-12-01),PENDING-G2,
Case-48-P5-C14-65736-13805,http://pathdb.cancerimagingarchive.net/system/files/wsi/ross/Osteosarcoma-UT/converted/Osteosarcoma-UT/Training-Set-1/set7/Case-48-P5-C14-65736-13805.tiff,Case 48 - P5 C14-65736-13805,PENDING-IMAGES,PENDING-IMAGES,PENDING-IMAGES,Viable,VIABLE_TUMOR,,,Case-48,,TCIA Osteosarcoma-Tumor-Assessment DOI 10.7937/tcia.2019.bvhjhdas; PathDB collectionId 18 (updated 2023-12-01),PENDING-G2,
Case-48-P5-C14-67137-24045,http://pathdb.cancerimagingarchive.net/system/files/wsi/ross/Osteosarcoma-UT/converted/Osteosarcoma-UT/Training-Set-1/set7/Case-48-P5-C14-67137-24045.tiff,Case 48 - P5 C14-67137-24045,PENDING-IMAGES,PENDING-IMAGES,PENDING-IMAGES,Viable,VIABLE_TUMOR,,,Case-48,,TCIA Osteosarcoma-Tumor-Assessment DOI 10.7937/tcia.2019.bvhjhdas; PathDB collectionId 18 (updated 2023-12-01),PENDING-G2,
Case-48-P5-C15-13694-12591,http://pathdb.cancerimagingarchive.net/system/files/wsi/ross/Osteosarcoma-UT/converted/Osteosarcoma-UT/Training-Set-2/set7/Case-48-P5-C15-13694-12591.tiff,Case 48 - P5 C15-13694-12591,PENDING-IMAGES,PENDING-IMAGES,PENDING-IMAGES,Viable,VIABLE_TUMOR,,,Case-48,,TCIA Osteosarcoma-Tumor-Assessment DOI 10.7937/tcia.2019.bvhjhdas; PathDB collectionId 18 (updated 2023-12-01),PENDING-G2,
Case-48-P5-C15-14907-22432,http://pathdb.cancerimagingarchive.net/system/files/wsi/ross/Osteosarcoma-UT/converted/Osteosarcoma-UT/Training-Set-2/set7/Case-48-P5-C15-14907-22432.tiff,Case 48 - P5 C15-14907-22432,PENDING-IMAGES,PENDING-IMAGES,PENDING-IMAGES,Non-Tumor,NON_TUMOR,,,Case-48,,TCIA Osteosarcoma-Tumor-Assessment DOI 10.7937/tcia.2019.bvhjhdas; PathDB collectionId 18 (updated 2023-12-01),PENDING-G2,
Case-48-P5-C15-15457-16306,http://pathdb.cancerimagingarchive.net/system/files/wsi/ross/Osteosarcoma-UT/converted/Osteosarcoma-UT/Training-Set-2/set7/Case-48-P5-C15-15457-16306.tiff,Case 48 - P5 C15-15457-16306,PENDING-IMAGES,PENDING-IMAGES,PENDING-IMAGES,Viable,VIABLE_TUMOR,,,Case-48,,TCIA Osteosarcoma-Tumor-Assessment DOI 10.7937/tcia.2019.bvhjhdas; PathDB collectionId 18 (updated 2023-12-01),PENDING-G2,
Case-48-P5-C15-16934-23981,http://pathdb.cancerimagingarchive.net/system/files/wsi/ross/Osteosarcoma-UT/converted/Osteosarcoma-UT/Training-Set-2/set7/Case-48-P5-C15-16934-23981.tiff,Case 48 - P5 C15-16934-23981,PENDING-IMAGES,PENDING-IMAGES,PENDING-IMAGES,Non-Tumor,NON_TUMOR,,,Case-48,,TCIA Osteosarcoma-Tumor-Assessment DOI 10.7937/tcia.2019.bvhjhdas; PathDB collectionId 18 (updated 2023-12-01),PENDING-G2,
Case-48-P5-C15-17885-28625,http://pathdb.cancerimagingarchive.net/system/files/wsi/ross/Osteosarcoma-UT/converted/Osteosarcoma-UT/Training-Set-2/set7/Case-48-P5-C15-17885-28625.tiff,Case 48 - P5 C15-17885-28625,PENDING-IMAGES,PENDING-IMAGES,PENDING-IMAGES,Non-Tumor,NON_TUMOR,,,Case-48,,TCIA Osteosarcoma-Tumor-Assessment DOI 10.7937/tcia.2019.bvhjhdas; PathDB collectionId 18 (updated 2023-12-01),PENDING-G2,
Case-48-P5-C15-18011-21615,http://pathdb.cancerimagingarchive.net/system/files/wsi/ross/Osteosarcoma-UT/converted/Osteosarcoma-UT/Training-Set-2/set7/Case-48-P5-C15-18011-21615.tiff,Case 48 - P5 C15-18011-21615,PENDING-IMAGES,PENDING-IMAGES,PENDING-IMAGES,Viable,VIABLE_TUMOR,,,Case-48,,TCIA Osteosarcoma-Tumor-Assessment DOI 10.7937/tcia.2019.bvhjhdas; PathDB collectionId 18 (updated 2023-12-01),PENDING-G2,
Case-48-P5-C15-23409-12305,http://pathdb.cancerimagingarchive.net/system/files/wsi/ross/Osteosarcoma-UT/converted/Osteosarcoma-UT/Training-Set-2/set7/Case-48-P5-C15-23409-12305.tiff,Case 48 - P5 C15-23409-12305,PENDING-IMAGES,PENDING-IMAGES,PENDING-IMAGES,Viable,VIABLE_TUMOR,,,Case-48,,TCIA Osteosarcoma-Tumor-Assessment DOI 10.7937/tcia.2019.bvhjhdas; PathDB collectionId 18 (updated 2023-12-01),PENDING-G2,
Case-48-P5-C15-25805-11251,http://pathdb.cancerimagingarchive.net/system/files/wsi/ross/Osteosarcoma-UT/converted/Osteosarcoma-UT/Training-Set-2/set7/Case-48-P5-C15-25805-11251.tiff,Case 48 - P5 C15-25805-11251,PENDING-IMAGES,PENDING-IMAGES,PENDING-IMAGES,Viable,VIABLE_TUMOR,,,Case-48,,TCIA Osteosarcoma-Tumor-Assessment DOI 10.7937/tcia.2019.bvhjhdas; PathDB collectionId 18 (updated 2023-12-01),PENDING-G2,
Case-48-P5-C15-29362-17739,http://pathdb.cancerimagingarchive.net/system/files/wsi/ross/Osteosarcoma-UT/converted/Osteosarcoma-UT/Training-Set-2/set7/Case-48-P5-C15-29362-17739.tiff,Case 48 - P5 C15-29362-17739,PENDING-IMAGES,PENDING-IMAGES,PENDING-IMAGES,viable: non-viable,,,,Case-48,,TCIA Osteosarcoma-Tumor-Assessment DOI 10.7937/tcia.2019.bvhjhdas; PathDB collectionId 18 (updated 2023-12-01),FALSE,UNRESOLVED_LABEL:viable: non-viable
Case-48-P5-C15-32744-24648,http://pathdb.cancerimagingarchive.net/system/files/wsi/ross/Osteosarcoma-UT/converted/Osteosarcoma-UT/Training-Set-2/set7/Case-48-P5-C15-32744-24648.tiff,Case 48 - P5 C15-32744-24648,PENDING-IMAGES,PENDING-IMAGES,PENDING-IMAGES,viable: non-viable,,,,Case-48,,TCIA Osteosarcoma-Tumor-Assessment DOI 10.7937/tcia.2019.bvhjhdas; PathDB collectionId 18 (updated 2023-12-01),FALSE,UNRESOLVED_LABEL:viable: non-viable
Case-48-P5-C15-33547-25747,http://pathdb.cancerimagingarchive.net/system/files/wsi/ross/Osteosarcoma-UT/converted/Osteosarcoma-UT/Training-Set-2/set7/Case-48-P5-C15-33547-25747.tiff,Case 48 - P5 C15-33547-25747,PENDING-IMAGES,PENDING-IMAGES,PENDING-IMAGES,viable: non-viable,,,,Case-48,,TCIA Osteosarcoma-Tumor-Assessment DOI 10.7937/tcia.2019.bvhjhdas; PathDB collectionId 18 (updated 2023-12-01),FALSE,UNRESOLVED_LABEL:viable: non-viable
Case-48-P5-C15-36071-7035,http://pathdb.cancerimagingarchive.net/system/files/wsi/ross/Osteosarcoma-UT/converted/Osteosarcoma-UT/Training-Set-2/set7/Case-48-P5-C15-36071-7035.tiff,Case 48 - P5 C15-36071-7035,PENDING-IMAGES,PENDING-IMAGES,PENDING-IMAGES,viable: non-viable,,,,Case-48,,TCIA Osteosarcoma-Tumor-Assessment DOI 10.7937/tcia.2019.bvhjhdas; PathDB collectionId 18 (updated 2023-12-01),FALSE,UNRESOLVED_LABEL:viable: non-viable
Case-48-P5-C15-36624-27407,http://pathdb.cancerimagingarchive.net/system/files/wsi/ross/Osteosarcoma-UT/converted/Osteosarcoma-UT/Training-Set-1/set7/Case-48-P5-C15-36624-27407.tiff,Case 48 - P5 C15-36624-27407,PENDING-IMAGES,PENDING-IMAGES,PENDING-IMAGES,Viable,VIABLE_TUMOR,,,Case-48,,TCIA Osteosarcoma-Tumor-Assessment DOI 10.7937/tcia.2019.bvhjhdas; PathDB collectionId 18 (updated 2023-12-01),PENDING-G2,
Case-48-P5-C15-37073-10134,http://pathdb.cancerimagingarchive.net/system/files/wsi/ross/Osteosarcoma-UT/converted/Osteosarcoma-UT/Training-Set-1/set7/Case-48-P5-C15-37073-10134.tiff,Case 48 - P5 C15-37073-10134,PENDING-IMAGES,PENDING-IMAGES,PENDING-IMAGES,Viable,VIABLE_TUMOR,,,Case-48,,TCIA Osteosarcoma-Tumor-Assessment DOI 10.7937/tcia.2019.bvhjhdas; PathDB collectionId 18 (updated 2023-12-01),PENDING-G2,
Case-48-P5-C15-37609-3244,http://pathdb.cancerimagingarchive.net/system/files/wsi/ross/Osteosarcoma-UT/converted/Osteosarcoma-UT/Training-Set-1/set7/Case-48-P5-C15-37609-3244.tiff,Case 48 - P5 C15-37609-3244,PENDING-IMAGES,PENDING-IMAGES,PENDING-IMAGES,Viable,VIABLE_TUMOR,,,Case-48,,TCIA Osteosarcoma-Tumor-Assessment DOI 10.7937/tcia.2019.bvhjhdas; PathDB collectionId 18 (updated 2023-12-01),PENDING-G2,
Case-48-P5-C15-38051-19362,http://pathdb.cancerimagingarchive.net/system/files/wsi/ross/Osteosarcoma-UT/converted/Osteosarcoma-UT/Training-Set-1/set7/Case-48-P5-C15-38051-19362.tiff,Case 48 - P5 C15-38051-19362,PENDING-IMAGES,PENDING-IMAGES,PENDING-IMAGES,Viable,VIABLE_TUMOR,,,Case-48,,TCIA Osteosarcoma-Tumor-Assessment DOI 10.7937/tcia.2019.bvhjhdas; PathDB collectionId 18 (updated 2023-12-01),PENDING-G2,
Case-48-P5-C15-38668-29527,http://pathdb.cancerimagingarchive.net/system/files/wsi/ross/Osteosarcoma-UT/converted/Osteosarcoma-UT/Training-Set-1/set7/Case-48-P5-C15-38668-29527.tiff,Case 48 - P5 C15-38668-29527,PENDING-IMAGES,PENDING-IMAGES,PENDING-IMAGES,Non-Tumor,NON_TUMOR,,,Case-48,,TCIA Osteosarcoma-Tumor-Assessment DOI 10.7937/tcia.2019.bvhjhdas; PathDB collectionId 18 (updated 2023-12-01),PENDING-G2,
Case-48-P5-C15-38858-22308,http://pathdb.cancerimagingarchive.net/system/files/wsi/ross/Osteosarcoma-UT/converted/Osteosarcoma-UT/Training-Set-1/set7/Case-48-P5-C15-38858-22308.tiff,Case 48 - P5 C15-38858-22308,PENDING-IMAGES,PENDING-IMAGES,PENDING-IMAGES,Viable,VIABLE_TUMOR,,,Case-48,,TCIA Osteosarcoma-Tumor-Assessment DOI 10.7937/tcia.2019.bvhjhdas; PathDB collectionId 18 (updated 2023-12-01),PENDING-G2,
Case-48-P5-C15-40502-3547,http://pathdb.cancerimagingarchive.net/system/files/wsi/ross/Osteosarcoma-UT/converted/Osteosarcoma-UT/Training-Set-1/set7/Case-48-P5-C15-40502-3547.tiff,Case 48 - P5 C15-40502-3547,PENDING-IMAGES,PENDING-IMAGES,PENDING-IMAGES,Viable,VIABLE_TUMOR,,,Case-48,,TCIA Osteosarcoma-Tumor-Assessment DOI 10.7937/tcia.2019.bvhjhdas; PathDB collectionId 18 (updated 2023-12-01),PENDING-G2,
Case-48-P5-C15-41629-16134,http://pathdb.cancerimagingarchive.net/system/files/wsi/ross/Osteosarcoma-UT/converted/Osteosarcoma-UT/Training-Set-1/set7/Case-48-P5-C15-41629-16134.tiff,Case 48 - P5 C15-41629-16134,PENDING-IMAGES,PENDING-IMAGES,PENDING-IMAGES,Viable,VIABLE_TUMOR,,,Case-48,,TCIA Osteosarcoma-Tumor-Assessment DOI 10.7937/tcia.2019.bvhjhdas; PathDB collectionId 18 (updated 2023-12-01),PENDING-G2,
Case-48-P5-C15-42605-29137,http://pathdb.cancerimagingarchive.net/system/files/wsi/ross/Osteosarcoma-UT/converted/Osteosarcoma-UT/Training-Set-1/set7/Case-48-P5-C15-42605-29137.tiff,Case 48 - P5 C15-42605-29137,PENDING-IMAGES,PENDING-IMAGES,PENDING-IMAGES,Non-Tumor,NON_TUMOR,,,Case-48,,TCIA Osteosarcoma-Tumor-Assessment DOI 10.7937/tcia.2019.bvhjhdas; PathDB collectionId 18 (updated 2023-12-01),PENDING-G2,
Case-48-P5-C15-42793-18458,http://pathdb.cancerimagingarchive.net/system/files/wsi/ross/Osteosarcoma-UT/converted/Osteosarcoma-UT/Training-Set-1/set7/Case-48-P5-C15-42793-18458.tiff,Case 48 - P5 C15-42793-18458,PENDING-IMAGES,PENDING-IMAGES,PENDING-IMAGES,Viable,VIABLE_TUMOR,,,Case-48,,TCIA Osteosarcoma-Tumor-Assessment DOI 10.7937/tcia.2019.bvhjhdas; PathDB collectionId 18 (updated 2023-12-01),PENDING-G2,
Case-48-P5-C15-45773-17581,http://pathdb.cancerimagingarchive.net/system/files/wsi/ross/Osteosarcoma-UT/converted/Osteosarcoma-UT/Training-Set-1/set7/Case-48-P5-C15-45773-17581.tiff,Case 48 - P5 C15-45773-17581,PENDING-IMAGES,PENDING-IMAGES,PENDING-IMAGES,Viable,VIABLE_TUMOR,,,Case-48,,TCIA Osteosarcoma-Tumor-Assessment DOI 10.7937/tcia.2019.bvhjhdas; PathDB collectionId 18 (updated 2023-12-01),PENDING-G2,
Case-48-P5-C15-48711-15150,http://pathdb.cancerimagingarchive.net/system/files/wsi/ross/Osteosarcoma-UT/converted/Osteosarcoma-UT/Training-Set-1/set7/Case-48-P5-C15-48711-15150.tiff,Case 48 - P5 C15-48711-15150,PENDING-IMAGES,PENDING-IMAGES,PENDING-IMAGES,Viable,VIABLE_TUMOR,,,Case-48,,TCIA Osteosarcoma-Tumor-Assessment DOI 10.7937/tcia.2019.bvhjhdas; PathDB collectionId 18 (updated 2023-12-01),PENDING-G2,
Case-48-P5-C15-48775-26545,http://pathdb.cancerimagingarchive.net/system/files/wsi/ross/Osteosarcoma-UT/converted/Osteosarcoma-UT/Training-Set-1/set7/Case-48-P5-C15-48775-26545.tiff,Case 48 - P5 C15-48775-26545,PENDING-IMAGES,PENDING-IMAGES,PENDING-IMAGES,Viable,VIABLE_TUMOR,,,Case-48,,TCIA Osteosarcoma-Tumor-Assessment DOI 10.7937/tcia.2019.bvhjhdas; PathDB collectionId 18 (updated 2023-12-01),PENDING-G2,
Case-48-P5-C15-48808-15798,http://pathdb.cancerimagingarchive.net/system/files/wsi/ross/Osteosarcoma-UT/converted/Osteosarcoma-UT/Training-Set-1/set7/Case-48-P5-C15-48808-15798.tiff,Case 48 - P5 C15-48808-15798,PENDING-IMAGES,PENDING-IMAGES,PENDING-IMAGES,Viable,VIABLE_TUMOR,,,Case-48,,TCIA Osteosarcoma-Tumor-Assessment DOI 10.7937/tcia.2019.bvhjhdas; PathDB collectionId 18 (updated 2023-12-01),PENDING-G2,
Case-48-P5-C15-49012-23798,http://pathdb.cancerimagingarchive.net/system/files/wsi/ross/Osteosarcoma-UT/converted/Osteosarcoma-UT/Training-Set-1/set7/Case-48-P5-C15-49012-23798.tiff,Case 48 - P5 C15-49012-23798,PENDING-IMAGES,PENDING-IMAGES,PENDING-IMAGES,Viable,VIABLE_TUMOR,,,Case-48,,TCIA Osteosarcoma-Tumor-Assessment DOI 10.7937/tcia.2019.bvhjhdas; PathDB collectionId 18 (updated 2023-12-01),PENDING-G2,
Case-48-P5-C15-7821-18054,http://pathdb.cancerimagingarchive.net/system/files/wsi/ross/Osteosarcoma-UT/converted/Osteosarcoma-UT/Training-Set-2/set7/Case-48-P5-C15-7821-18054.tiff,Case 48 - P5 C15-7821-18054,PENDING-IMAGES,PENDING-IMAGES,PENDING-IMAGES,Non-Tumor,NON_TUMOR,,,Case-48,,TCIA Osteosarcoma-Tumor-Assessment DOI 10.7937/tcia.2019.bvhjhdas; PathDB collectionId 18 (updated 2023-12-01),PENDING-G2,
Case-48-P5-C15-8356-11851,http://pathdb.cancerimagingarchive.net/system/files/wsi/ross/Osteosarcoma-UT/converted/Osteosarcoma-UT/Training-Set-2/set7/Case-48-P5-C15-8356-11851.tiff,Case 48 - P5 C15-8356-11851,PENDING-IMAGES,PENDING-IMAGES,PENDING-IMAGES,Non-Tumor,NON_TUMOR,,,Case-48,,TCIA Osteosarcoma-Tumor-Assessment DOI 10.7937/tcia.2019.bvhjhdas; PathDB collectionId 18 (updated 2023-12-01),PENDING-G2,
Case-48-P5-C15-9871-11637,http://pathdb.cancerimagingarchive.net/system/files/wsi/ross/Osteosarcoma-UT/converted/Osteosarcoma-UT/Training-Set-2/set7/Case-48-P5-C15-9871-11637.tiff,Case 48 - P5 C15-9871-11637,PENDING-IMAGES,PENDING-IMAGES,PENDING-IMAGES,Viable,VIABLE_TUMOR,,,Case-48,,TCIA Osteosarcoma-Tumor-Assessment DOI 10.7937/tcia.2019.bvhjhdas; PathDB collectionId 18 (updated 2023-12-01),PENDING-G2,
Case-48-P5-C16-12239-11981,http://pathdb.cancerimagingarchive.net/system/files/wsi/ross/Osteosarcoma-UT/converted/Osteosarcoma-UT/Training-Set-2/set7/Case-48-P5-C16-12239-11981.tiff,Case 48 - P5 C16-12239-11981,PENDING-IMAGES,PENDING-IMAGES,PENDING-IMAGES,Viable,VIABLE_TUMOR,,,Case-48,,TCIA Osteosarcoma-Tumor-Assessment DOI 10.7937/tcia.2019.bvhjhdas; PathDB collectionId 18 (updated 2023-12-01),PENDING-G2,
Case-48-P5-C16-14238-13009,http://pathdb.cancerimagingarchive.net/system/files/wsi/ross/Osteosarcoma-UT/converted/Osteosarcoma-UT/Training-Set-2/set7/Case-48-P5-C16-14238-13009.tiff,Case 48 - P5 C16-14238-13009,PENDING-IMAGES,PENDING-IMAGES,PENDING-IMAGES,Viable,VIABLE_TUMOR,,,Case-48,,TCIA Osteosarcoma-Tumor-Assessment DOI 10.7937/tcia.2019.bvhjhdas; PathDB collectionId 18 (updated 2023-12-01),PENDING-G2,
Case-48-P5-C16-14955-12886,http://pathdb.cancerimagingarchive.net/system/files/wsi/ross/Osteosarcoma-UT/converted/Osteosarcoma-UT/Training-Set-2/set7/Case-48-P5-C16-14955-12886.tiff,Case 48 - P5 C16-14955-12886,PENDING-IMAGES,PENDING-IMAGES,PENDING-IMAGES,Viable,VIABLE_TUMOR,,,Case-48,,TCIA Osteosarcoma-Tumor-Assessment DOI 10.7937/tcia.2019.bvhjhdas; PathDB collectionId 18 (updated 2023-12-01),PENDING-G2,
Case-48-P5-C16-15926-10929,http://pathdb.cancerimagingarchive.net/system/files/wsi/ross/Osteosarcoma-UT/converted/Osteosarcoma-UT/Training-Set-2/set7/Case-48-P5-C16-15926-10929.tiff,Case 48 - P5 C16-15926-10929,PENDING-IMAGES,PENDING-IMAGES,PENDING-IMAGES,Viable,VIABLE_TUMOR,,,Case-48,,TCIA Osteosarcoma-Tumor-Assessment DOI 10.7937/tcia.2019.bvhjhdas; PathDB collectionId 18 (updated 2023-12-01),PENDING-G2,
Case-48-P5-C16-16775-22744,http://pathdb.cancerimagingarchive.net/system/files/wsi/ross/Osteosarcoma-UT/converted/Osteosarcoma-UT/Training-Set-2/set7/Case-48-P5-C16-16775-22744.tiff,Case 48 - P5 C16-16775-22744,PENDING-IMAGES,PENDING-IMAGES,PENDING-IMAGES,Non-Tumor,NON_TUMOR,,,Case-48,,TCIA Osteosarcoma-Tumor-Assessment DOI 10.7937/tcia.2019.bvhjhdas; PathDB collectionId 18 (updated 2023-12-01),PENDING-G2,
Case-48-P5-C16-20627-20759,http://pathdb.cancerimagingarchive.net/system/files/wsi/ross/Osteosarcoma-UT/converted/Osteosarcoma-UT/Training-Set-2/set7/Case-48-P5-C16-20627-20759.tiff,Case 48 - P5 C16-20627-20759,PENDING-IMAGES,PENDING-IMAGES,PENDING-IMAGES,Viable,VIABLE_TUMOR,,,Case-48,,TCIA Osteosarcoma-Tumor-Assessment DOI 10.7937/tcia.2019.bvhjhdas; PathDB collectionId 18 (updated 2023-12-01),PENDING-G2,
Case-48-P5-C16-22496-8538,http://pathdb.cancerimagingarchive.net/system/files/wsi/ross/Osteosarcoma-UT/converted/Osteosarcoma-UT/Training-Set-2/set7/Case-48-P5-C16-22496-8538.tiff,Case 48 - P5 C16-22496-8538,PENDING-IMAGES,PENDING-IMAGES,PENDING-IMAGES,Viable,VIABLE_TUMOR,,,Case-48,,TCIA Osteosarcoma-Tumor-Assessment DOI 10.7937/tcia.2019.bvhjhdas; PathDB collectionId 18 (updated 2023-12-01),PENDING-G2,
Case-48-P5-C16-25369-21517,http://pathdb.cancerimagingarchive.net/system/files/wsi/ross/Osteosarcoma-UT/converted/Osteosarcoma-UT/Training-Set-2/set7/Case-48-P5-C16-25369-21517.tiff,Case 48 - P5 C16-25369-21517,PENDING-IMAGES,PENDING-IMAGES,PENDING-IMAGES,Viable,VIABLE_TUMOR,,,Case-48,,TCIA Osteosarcoma-Tumor-Assessment DOI 10.7937/tcia.2019.bvhjhdas; PathDB collectionId 18 (updated 2023-12-01),PENDING-G2,
Case-48-P5-C16-26938-16149,http://pathdb.cancerimagingarchive.net/system/files/wsi/ross/Osteosarcoma-UT/converted/Osteosarcoma-UT/Training-Set-2/set7/Case-48-P5-C16-26938-16149.tiff,Case 48 - P5 C16-26938-16149,PENDING-IMAGES,PENDING-IMAGES,PENDING-IMAGES,Viable,VIABLE_TUMOR,,,Case-48,,TCIA Osteosarcoma-Tumor-Assessment DOI 10.7937/tcia.2019.bvhjhdas; PathDB collectionId 18 (updated 2023-12-01),PENDING-G2,
Case-48-P5-C16-29805-9678,http://pathdb.cancerimagingarchive.net/system/files/wsi/ross/Osteosarcoma-UT/converted/Osteosarcoma-UT/Training-Set-2/set7/Case-48-P5-C16-29805-9678.tiff,Case 48 - P5 C16-29805-9678,PENDING-IMAGES,PENDING-IMAGES,PENDING-IMAGES,Viable,VIABLE_TUMOR,,,Case-48,,TCIA Osteosarcoma-Tumor-Assessment DOI 10.7937/tcia.2019.bvhjhdas; PathDB collectionId 18 (updated 2023-12-01),PENDING-G2,
Case-48-P5-C16-31710-28486,http://pathdb.cancerimagingarchive.net/system/files/wsi/ross/Osteosarcoma-UT/converted/Osteosarcoma-UT/Training-Set-2/set7/Case-48-P5-C16-31710-28486.tiff,Case 48 - P5 C16-31710-28486,PENDING-IMAGES,PENDING-IMAGES,PENDING-IMAGES,Non-Tumor,NON_TUMOR,,,Case-48,,TCIA Osteosarcoma-Tumor-Assessment DOI 10.7937/tcia.2019.bvhjhdas; PathDB collectionId 18 (updated 2023-12-01),PENDING-G2,
Case-48-P5-C16-36447-8166,http://pathdb.cancerimagingarchive.net/system/files/wsi/ross/Osteosarcoma-UT/converted/Osteosarcoma-UT/Training-Set-2/set7/Case-48-P5-C16-36447-8166.tiff,Case 48 - P5 C16-36447-8166,PENDING-IMAGES,PENDING-IMAGES,PENDING-IMAGES,viable: non-viable,,,,Case-48,,TCIA Osteosarcoma-Tumor-Assessment DOI 10.7937/tcia.2019.bvhjhdas; PathDB collectionId 18 (updated 2023-12-01),FALSE,UNRESOLVED_LABEL:viable: non-viable
Case-48-P5-C16-37581-7845,http://pathdb.cancerimagingarchive.net/system/files/wsi/ross/Osteosarcoma-UT/converted/Osteosarcoma-UT/Training-Set-2/set7/Case-48-P5-C16-37581-7845.tiff,Case 48 - P5 C16-37581-7845,PENDING-IMAGES,PENDING-IMAGES,PENDING-IMAGES,viable: non-viable,,,,Case-48,,TCIA Osteosarcoma-Tumor-Assessment DOI 10.7937/tcia.2019.bvhjhdas; PathDB collectionId 18 (updated 2023-12-01),FALSE,UNRESOLVED_LABEL:viable: non-viable
Case-48-P5-C16-38254-8571,http://pathdb.cancerimagingarchive.net/system/files/wsi/ross/Osteosarcoma-UT/converted/Osteosarcoma-UT/Training-Set-2/set7/Case-48-P5-C16-38254-8571.tiff,Case 48 - P5 C16-38254-8571,PENDING-IMAGES,PENDING-IMAGES,PENDING-IMAGES,viable: non-viable,,,,Case-48,,TCIA Osteosarcoma-Tumor-Assessment DOI 10.7937/tcia.2019.bvhjhdas; PathDB collectionId 18 (updated 2023-12-01),FALSE,UNRESOLVED_LABEL:viable: non-viable
Case-48-P5-C16-39161-16929,http://pathdb.cancerimagingarchive.net/system/files/wsi/ross/Osteosarcoma-UT/converted/Osteosarcoma-UT/Training-Set-1/set7/Case-48-P5-C16-39161-16929.tiff,Case 48 - P5 C16-39161-16929,PENDING-IMAGES,PENDING-IMAGES,PENDING-IMAGES,Viable,VIABLE_TUMOR,,,Case-48,,TCIA Osteosarcoma-Tumor-Assessment DOI 10.7937/tcia.2019.bvhjhdas; PathDB collectionId 18 (updated 2023-12-01),PENDING-G2,
Case-48-P5-C16-39748-2743,http://pathdb.cancerimagingarchive.net/system/files/wsi/ross/Osteosarcoma-UT/converted/Osteosarcoma-UT/Training-Set-1/set7/Case-48-P5-C16-39748-2743.tiff,Case 48 - P5 C16-39748-2743,PENDING-IMAGES,PENDING-IMAGES,PENDING-IMAGES,Viable,VIABLE_TUMOR,,,Case-48,,TCIA Osteosarcoma-Tumor-Assessment DOI 10.7937/tcia.2019.bvhjhdas; PathDB collectionId 18 (updated 2023-12-01),PENDING-G2,
Case-48-P5-C16-42343-20669,http://pathdb.cancerimagingarchive.net/system/files/wsi/ross/Osteosarcoma-UT/converted/Osteosarcoma-UT/Training-Set-1/set7/Case-48-P5-C16-42343-20669.tiff,Case 48 - P5 C16-42343-20669,PENDING-IMAGES,PENDING-IMAGES,PENDING-IMAGES,Viable,VIABLE_TUMOR,,,Case-48,,TCIA Osteosarcoma-Tumor-Assessment DOI 10.7937/tcia.2019.bvhjhdas; PathDB collectionId 18 (updated 2023-12-01),PENDING-G2,
Case-48-P5-C16-43159-11972,http://pathdb.cancerimagingarchive.net/system/files/wsi/ross/Osteosarcoma-UT/converted/Osteosarcoma-UT/Training-Set-1/set7/Case-48-P5-C16-43159-11972.tiff,Case 48 - P5 C16-43159-11972,PENDING-IMAGES,PENDING-IMAGES,PENDING-IMAGES,Viable,VIABLE_TUMOR,,,Case-48,,TCIA Osteosarcoma-Tumor-Assessment DOI 10.7937/tcia.2019.bvhjhdas; PathDB collectionId 18 (updated 2023-12-01),PENDING-G2,
Case-48-P5-C16-44299-6790,http://pathdb.cancerimagingarchive.net/system/files/wsi/ross/Osteosarcoma-UT/converted/Osteosarcoma-UT/Training-Set-1/set7/Case-48-P5-C16-44299-6790.tiff,Case 48 - P5 C16-44299-6790,PENDING-IMAGES,PENDING-IMAGES,PENDING-IMAGES,Non-Tumor,NON_TUMOR,,,Case-48,,TCIA Osteosarcoma-Tumor-Assessment DOI 10.7937/tcia.2019.bvhjhdas; PathDB collectionId 18 (updated 2023-12-01),PENDING-G2,
Case-48-P5-C16-44867-23581,http://pathdb.cancerimagingarchive.net/system/files/wsi/ross/Osteosarcoma-UT/converted/Osteosarcoma-UT/Training-Set-1/set7/Case-48-P5-C16-44867-23581.tiff,Case 48 - P5 C16-44867-23581,PENDING-IMAGES,PENDING-IMAGES,PENDING-IMAGES,Viable,VIABLE_TUMOR,,,Case-48,,TCIA Osteosarcoma-Tumor-Assessment DOI 10.7937/tcia.2019.bvhjhdas; PathDB collectionId 18 (updated 2023-12-01),PENDING-G2,
Case-48-P5-C16-46142-13796,http://pathdb.cancerimagingarchive.net/system/files/wsi/ross/Osteosarcoma-UT/converted/Osteosarcoma-UT/Training-Set-1/set7/Case-48-P5-C16-46142-13796.tiff,Case 48 - P5 C16-46142-13796,PENDING-IMAGES,PENDING-IMAGES,PENDING-IMAGES,Viable,VIABLE_TUMOR,,,Case-48,,TCIA Osteosarcoma-Tumor-Assessment DOI 10.7937/tcia.2019.bvhjhdas; PathDB collectionId 18 (updated 2023-12-01),PENDING-G2,
Case-48-P5-C16-47760-19513,http://pathdb.cancerimagingarchive.net/system/files/wsi/ross/Osteosarcoma-UT/converted/Osteosarcoma-UT/Training-Set-1/set7/Case-48-P5-C16-47760-19513.tiff,Case 48 - P5 C16-47760-19513,PENDING-IMAGES,PENDING-IMAGES,PENDING-IMAGES,Viable,VIABLE_TUMOR,,,Case-48,,TCIA Osteosarcoma-Tumor-Assessment DOI 10.7937/tcia.2019.bvhjhdas; PathDB collectionId 18 (updated 2023-12-01),PENDING-G2,
Case-48-P5-C16-50052-16053,http://pathdb.cancerimagingarchive.net/system/files/wsi/ross/Osteosarcoma-UT/converted/Osteosarcoma-UT/Training-Set-1/set7/Case-48-P5-C16-50052-16053.tiff,Case 48 - P5 C16-50052-16053,PENDING-IMAGES,PENDING-IMAGES,PENDING-IMAGES,Viable,VIABLE_TUMOR,,,Case-48,,TCIA Osteosarcoma-Tumor-Assessment DOI 10.7937/tcia.2019.bvhjhdas; PathDB collectionId 18 (updated 2023-12-01),PENDING-G2,
Case-48-P5-C16-50396-24840,http://pathdb.cancerimagingarchive.net/system/files/wsi/ross/Osteosarcoma-UT/converted/Osteosarcoma-UT/Training-Set-1/set7/Case-48-P5-C16-50396-24840.tiff,Case 48 - P5 C16-50396-24840,PENDING-IMAGES,PENDING-IMAGES,PENDING-IMAGES,Viable,VIABLE_TUMOR,,,Case-48,,TCIA Osteosarcoma-Tumor-Assessment DOI 10.7937/tcia.2019.bvhjhdas; PathDB collectionId 18 (updated 2023-12-01),PENDING-G2,
Case-48-P5-C16-50924-16162,http://pathdb.cancerimagingarchive.net/system/files/wsi/ross/Osteosarcoma-UT/converted/Osteosarcoma-UT/Training-Set-1/set7/Case-48-P5-C16-50924-16162.tiff,Case 48 - P5 C16-50924-16162,PENDING-IMAGES,PENDING-IMAGES,PENDING-IMAGES,Viable,VIABLE_TUMOR,,,Case-48,,TCIA Osteosarcoma-Tumor-Assessment DOI 10.7937/tcia.2019.bvhjhdas; PathDB collectionId 18 (updated 2023-12-01),PENDING-G2,
Case-48-P5-C16-52243-22493,http://pathdb.cancerimagingarchive.net/system/files/wsi/ross/Osteosarcoma-UT/converted/Osteosarcoma-UT/Training-Set-1/set7/Case-48-P5-C16-52243-22493.tiff,Case 48 - P5 C16-52243-22493,PENDING-IMAGES,PENDING-IMAGES,PENDING-IMAGES,Viable,VIABLE_TUMOR,,,Case-48,,TCIA Osteosarcoma-Tumor-Assessment DOI 10.7937/tcia.2019.bvhjhdas; PathDB collectionId 18 (updated 2023-12-01),PENDING-G2,
Case-48-P5-C16-53844-23083,http://pathdb.cancerimagingarchive.net/system/files/wsi/ross/Osteosarcoma-UT/converted/Osteosarcoma-UT/Training-Set-1/set7/Case-48-P5-C16-53844-23083.tiff,Case 48 - P5 C16-53844-23083,PENDING-IMAGES,PENDING-IMAGES,PENDING-IMAGES,Viable,VIABLE_TUMOR,,,Case-48,,TCIA Osteosarcoma-Tumor-Assessment DOI 10.7937/tcia.2019.bvhjhdas; PathDB collectionId 18 (updated 2023-12-01),PENDING-G2,
Case-48-P5-C16-5406-13863,http://pathdb.cancerimagingarchive.net/system/files/wsi/ross/Osteosarcoma-UT/converted/Osteosarcoma-UT/Training-Set-2/set7/Case-48-P5-C16-5406-13863.tiff,Case 48 - P5 C16-5406-13863,PENDING-IMAGES,PENDING-IMAGES,PENDING-IMAGES,Non-Tumor,NON_TUMOR,,,Case-48,,TCIA Osteosarcoma-Tumor-Assessment DOI 10.7937/tcia.2019.bvhjhdas; PathDB collectionId 18 (updated 2023-12-01),PENDING-G2,
Case-48-P5-C16-54563-21138,http://pathdb.cancerimagingarchive.net/system/files/wsi/ross/Osteosarcoma-UT/converted/Osteosarcoma-UT/Training-Set-1/set7/Case-48-P5-C16-54563-21138.tiff,Case 48 - P5 C16-54563-21138,PENDING-IMAGES,PENDING-IMAGES,PENDING-IMAGES,Viable,VIABLE_TUMOR,,,Case-48,,TCIA Osteosarcoma-Tumor-Assessment DOI 10.7937/tcia.2019.bvhjhdas; PathDB collectionId 18 (updated 2023-12-01),PENDING-G2,
Case-48-P5-C17-19137-20611,http://pathdb.cancerimagingarchive.net/system/files/wsi/ross/Osteosarcoma-UT/converted/Osteosarcoma-UT/Training-Set-2/set7/Case-48-P5-C17-19137-20611.tiff,Case 48 - P5 C17-19137-20611,PENDING-IMAGES,PENDING-IMAGES,PENDING-IMAGES,Viable,VIABLE_TUMOR,,,Case-48,,TCIA Osteosarcoma-Tumor-Assessment DOI 10.7937/tcia.2019.bvhjhdas; PathDB collectionId 18 (updated 2023-12-01),PENDING-G2,
Case-48-P5-C17-26817-18603,http://pathdb.cancerimagingarchive.net/system/files/wsi/ross/Osteosarcoma-UT/converted/Osteosarcoma-UT/Training-Set-2/set7/Case-48-P5-C17-26817-18603.tiff,Case 48 - P5 C17-26817-18603,PENDING-IMAGES,PENDING-IMAGES,PENDING-IMAGES,Viable,VIABLE_TUMOR,,,Case-48,,TCIA Osteosarcoma-Tumor-Assessment DOI 10.7937/tcia.2019.bvhjhdas; PathDB collectionId 18 (updated 2023-12-01),PENDING-G2,
Case-48-P5-C17-27681-16299,http://pathdb.cancerimagingarchive.net/system/files/wsi/ross/Osteosarcoma-UT/converted/Osteosarcoma-UT/Training-Set-2/set8/Case-48-P5-C17-27681-16299.tiff,Case 48 - P5 C17-27681-16299,PENDING-IMAGES,PENDING-IMAGES,PENDING-IMAGES,Viable,VIABLE_TUMOR,,,Case-48,,TCIA Osteosarcoma-Tumor-Assessment DOI 10.7937/tcia.2019.bvhjhdas; PathDB collectionId 18 (updated 2023-12-01),PENDING-G2,
Case-48-P5-C17-29452-16131,http://pathdb.cancerimagingarchive.net/system/files/wsi/ross/Osteosarcoma-UT/converted/Osteosarcoma-UT/Training-Set-2/set8/Case-48-P5-C17-29452-16131.tiff,Case 48 - P5 C17-29452-16131,PENDING-IMAGES,PENDING-IMAGES,PENDING-IMAGES,Viable,VIABLE_TUMOR,,,Case-48,,TCIA Osteosarcoma-Tumor-Assessment DOI 10.7937/tcia.2019.bvhjhdas; PathDB collectionId 18 (updated 2023-12-01),PENDING-G2,
Case-48-P5-C17-29896-20575,http://pathdb.cancerimagingarchive.net/system/files/wsi/ross/Osteosarcoma-UT/converted/Osteosarcoma-UT/Training-Set-2/set8/Case-48-P5-C17-29896-20575.tiff,Case 48 - P5 C17-29896-20575,PENDING-IMAGES,PENDING-IMAGES,PENDING-IMAGES,viable: non-viable,,,,Case-48,,TCIA Osteosarcoma-Tumor-Assessment DOI 10.7937/tcia.2019.bvhjhdas; PathDB collectionId 18 (updated 2023-12-01),FALSE,UNRESOLVED_LABEL:viable: non-viable
Case-48-P5-C17-30525-29681,http://pathdb.cancerimagingarchive.net/system/files/wsi/ross/Osteosarcoma-UT/converted/Osteosarcoma-UT/Training-Set-2/set8/Case-48-P5-C17-30525-29681.tiff,Case 48 - P5 C17-30525-29681,PENDING-IMAGES,PENDING-IMAGES,PENDING-IMAGES,Non-Tumor,NON_TUMOR,,,Case-48,,TCIA Osteosarcoma-Tumor-Assessment DOI 10.7937/tcia.2019.bvhjhdas; PathDB collectionId 18 (updated 2023-12-01),PENDING-G2,
Case-48-P5-C17-34283-5396,http://pathdb.cancerimagingarchive.net/system/files/wsi/ross/Osteosarcoma-UT/converted/Osteosarcoma-UT/Training-Set-2/set8/Case-48-P5-C17-34283-5396.tiff,Case 48 - P5 C17-34283-5396,PENDING-IMAGES,PENDING-IMAGES,PENDING-IMAGES,Viable,VIABLE_TUMOR,,,Case-48,,TCIA Osteosarcoma-Tumor-Assessment DOI 10.7937/tcia.2019.bvhjhdas; PathDB collectionId 18 (updated 2023-12-01),PENDING-G2,
Case-48-P5-C17-35726-14827,http://pathdb.cancerimagingarchive.net/system/files/wsi/ross/Osteosarcoma-UT/converted/Osteosarcoma-UT/Training-Set-2/set8/Case-48-P5-C17-35726-14827.tiff,Case 48 - P5 C17-35726-14827,PENDING-IMAGES,PENDING-IMAGES,PENDING-IMAGES,viable: non-viable,,,,Case-48,,TCIA Osteosarcoma-Tumor-Assessment DOI 10.7937/tcia.2019.bvhjhdas; PathDB collectionId 18 (updated 2023-12-01),FALSE,UNRESOLVED_LABEL:viable: non-viable
Case-48-P5-C17-36719-14729,http://pathdb.cancerimagingarchive.net/system/files/wsi/ross/Osteosarcoma-UT/converted/Osteosarcoma-UT/Training-Set-2/set8/Case-48-P5-C17-36719-14729.tiff,Case 48 - P5 C17-36719-14729,PENDING-IMAGES,PENDING-IMAGES,PENDING-IMAGES,Viable,VIABLE_TUMOR,,,Case-48,,TCIA Osteosarcoma-Tumor-Assessment DOI 10.7937/tcia.2019.bvhjhdas; PathDB collectionId 18 (updated 2023-12-01),PENDING-G2,
Case-48-P5-C17-36804-20443,http://pathdb.cancerimagingarchive.net/system/files/wsi/ross/Osteosarcoma-UT/converted/Osteosarcoma-UT/Training-Set-2/set8/Case-48-P5-C17-36804-20443.tiff,Case 48 - P5 C17-36804-20443,PENDING-IMAGES,PENDING-IMAGES,PENDING-IMAGES,Viable,VIABLE_TUMOR,,,Case-48,,TCIA Osteosarcoma-Tumor-Assessment DOI 10.7937/tcia.2019.bvhjhdas; PathDB collectionId 18 (updated 2023-12-01),PENDING-G2,
Case-48-P5-C17-36927-11108,http://pathdb.cancerimagingarchive.net/system/files/wsi/ross/Osteosarcoma-UT/converted/Osteosarcoma-UT/Training-Set-2/set8/Case-48-P5-C17-36927-11108.tiff,Case 48 - P5 C17-36927-11108,PENDING-IMAGES,PENDING-IMAGES,PENDING-IMAGES,viable: non-viable,,,,Case-48,,TCIA Osteosarcoma-Tumor-Assessment DOI 10.7937/tcia.2019.bvhjhdas; PathDB collectionId 18 (updated 2023-12-01),FALSE,UNRESOLVED_LABEL:viable: non-viable
Case-48-P5-C17-37516-18051,http://pathdb.cancerimagingarchive.net/system/files/wsi/ross/Osteosarcoma-UT/converted/Osteosarcoma-UT/Training-Set-2/set8/Case-48-P5-C17-37516-18051.tiff,Case 48 - P5 C17-37516-18051,PENDING-IMAGES,PENDING-IMAGES,PENDING-IMAGES,Viable,VIABLE_TUMOR,,,Case-48,,TCIA Osteosarcoma-Tumor-Assessment DOI 10.7937/tcia.2019.bvhjhdas; PathDB collectionId 18 (updated 2023-12-01),PENDING-G2,
Case-48-P5-C17-37699-30210,http://pathdb.cancerimagingarchive.net/system/files/wsi/ross/Osteosarcoma-UT/converted/Osteosarcoma-UT/Training-Set-2/set8/Case-48-P5-C17-37699-30210.tiff,Case 48 - P5 C17-37699-30210,PENDING-IMAGES,PENDING-IMAGES,PENDING-IMAGES,Non-Tumor,NON_TUMOR,,,Case-48,,TCIA Osteosarcoma-Tumor-Assessment DOI 10.7937/tcia.2019.bvhjhdas; PathDB collectionId 18 (updated 2023-12-01),PENDING-G2,
Case-48-P5-C17-37966-9580,http://pathdb.cancerimagingarchive.net/system/files/wsi/ross/Osteosarcoma-UT/converted/Osteosarcoma-UT/Training-Set-2/set8/Case-48-P5-C17-37966-9580.tiff,Case 48 - P5 C17-37966-9580,PENDING-IMAGES,PENDING-IMAGES,PENDING-IMAGES,viable: non-viable,,,,Case-48,,TCIA Osteosarcoma-Tumor-Assessment DOI 10.7937/tcia.2019.bvhjhdas; PathDB collectionId 18 (updated 2023-12-01),FALSE,UNRESOLVED_LABEL:viable: non-viable
Case-48-P5-C17-37994-3037,http://pathdb.cancerimagingarchive.net/system/files/wsi/ross/Osteosarcoma-UT/converted/Osteosarcoma-UT/Training-Set-1/set7/Case-48-P5-C17-37994-3037.tiff,Case 48 - P5 C17-37994-3037,PENDING-IMAGES,PENDING-IMAGES,PENDING-IMAGES,Viable,VIABLE_TUMOR,,,Case-48,,TCIA Osteosarcoma-Tumor-Assessment DOI 10.7937/tcia.2019.bvhjhdas; PathDB collectionId 18 (updated 2023-12-01),PENDING-G2,
Case-48-P5-C17-40131-29101,http://pathdb.cancerimagingarchive.net/system/files/wsi/ross/Osteosarcoma-UT/converted/Osteosarcoma-UT/Training-Set-1/set7/Case-48-P5-C17-40131-29101.tiff,Case 48 - P5 C17-40131-29101,PENDING-IMAGES,PENDING-IMAGES,PENDING-IMAGES,Non-Tumor,NON_TUMOR,,,Case-48,,TCIA Osteosarcoma-Tumor-Assessment DOI 10.7937/tcia.2019.bvhjhdas; PathDB collectionId 18 (updated 2023-12-01),PENDING-G2,
Case-48-P5-C17-40867-15033,http://pathdb.cancerimagingarchive.net/system/files/wsi/ross/Osteosarcoma-UT/converted/Osteosarcoma-UT/Training-Set-1/set7/Case-48-P5-C17-40867-15033.tiff,Case 48 - P5 C17-40867-15033,PENDING-IMAGES,PENDING-IMAGES,PENDING-IMAGES,Viable,VIABLE_TUMOR,,,Case-48,,TCIA Osteosarcoma-Tumor-Assessment DOI 10.7937/tcia.2019.bvhjhdas; PathDB collectionId 18 (updated 2023-12-01),PENDING-G2,
Case-48-P5-C17-41411-21807,http://pathdb.cancerimagingarchive.net/system/files/wsi/ross/Osteosarcoma-UT/converted/Osteosarcoma-UT/Training-Set-1/set7/Case-48-P5-C17-41411-21807.tiff,Case 48 - P5 C17-41411-21807,PENDING-IMAGES,PENDING-IMAGES,PENDING-IMAGES,Viable,VIABLE_TUMOR,,,Case-48,,TCIA Osteosarcoma-Tumor-Assessment DOI 10.7937/tcia.2019.bvhjhdas; PathDB collectionId 18 (updated 2023-12-01),PENDING-G2,
Case-48-P5-C17-41961-10093,http://pathdb.cancerimagingarchive.net/system/files/wsi/ross/Osteosarcoma-UT/converted/Osteosarcoma-UT/Training-Set-1/set7/Case-48-P5-C17-41961-10093.tiff,Case 48 - P5 C17-41961-10093,PENDING-IMAGES,PENDING-IMAGES,PENDING-IMAGES,Viable,VIABLE_TUMOR,,,Case-48,,TCIA Osteosarcoma-Tumor-Assessment DOI 10.7937/tcia.2019.bvhjhdas; PathDB collectionId 18 (updated 2023-12-01),PENDING-G2,
Case-48-P5-C17-42670-17152,http://pathdb.cancerimagingarchive.net/system/files/wsi/ross/Osteosarcoma-UT/converted/Osteosarcoma-UT/Training-Set-1/set7/Case-48-P5-C17-42670-17152.tiff,Case 48 - P5 C17-42670-17152,PENDING-IMAGES,PENDING-IMAGES,PENDING-IMAGES,Viable,VIABLE_TUMOR,,,Case-48,,TCIA Osteosarcoma-Tumor-Assessment DOI 10.7937/tcia.2019.bvhjhdas; PathDB collectionId 18 (updated 2023-12-01),PENDING-G2,
Case-48-P5-C17-43432-26216,http://pathdb.cancerimagingarchive.net/system/files/wsi/ross/Osteosarcoma-UT/converted/Osteosarcoma-UT/Training-Set-1/set7/Case-48-P5-C17-43432-26216.tiff,Case 48 - P5 C17-43432-26216,PENDING-IMAGES,PENDING-IMAGES,PENDING-IMAGES,Viable,VIABLE_TUMOR,,,Case-48,,TCIA Osteosarcoma-Tumor-Assessment DOI 10.7937/tcia.2019.bvhjhdas; PathDB collectionId 18 (updated 2023-12-01),PENDING-G2,
Case-48-P5-C17-44027-22381,http://pathdb.cancerimagingarchive.net/system/files/wsi/ross/Osteosarcoma-UT/converted/Osteosarcoma-UT/Training-Set-1/set7/Case-48-P5-C17-44027-22381.tiff,Case 48 - P5 C17-44027-22381,PENDING-IMAGES,PENDING-IMAGES,PENDING-IMAGES,Viable,VIABLE_TUMOR,,,Case-48,,TCIA Osteosarcoma-Tumor-Assessment DOI 10.7937/tcia.2019.bvhjhdas; PathDB collectionId 18 (updated 2023-12-01),PENDING-G2,
Case-48-P5-C17-45932-5812,http://pathdb.cancerimagingarchive.net/system/files/wsi/ross/Osteosarcoma-UT/converted/Osteosarcoma-UT/Training-Set-1/set7/Case-48-P5-C17-45932-5812.tiff,Case 48 - P5 C17-45932-5812,PENDING-IMAGES,PENDING-IMAGES,PENDING-IMAGES,Viable,VIABLE_TUMOR,,,Case-48,,TCIA Osteosarcoma-Tumor-Assessment DOI 10.7937/tcia.2019.bvhjhdas; PathDB collectionId 18 (updated 2023-12-01),PENDING-G2,
Case-48-P5-C17-46317-15755,http://pathdb.cancerimagingarchive.net/system/files/wsi/ross/Osteosarcoma-UT/converted/Osteosarcoma-UT/Training-Set-1/set7/Case-48-P5-C17-46317-15755.tiff,Case 48 - P5 C17-46317-15755,PENDING-IMAGES,PENDING-IMAGES,PENDING-IMAGES,Viable,VIABLE_TUMOR,,,Case-48,,TCIA Osteosarcoma-Tumor-Assessment DOI 10.7937/tcia.2019.bvhjhdas; PathDB collectionId 18 (updated 2023-12-01),PENDING-G2,
Case-48-P5-C17-47230-17655,http://pathdb.cancerimagingarchive.net/system/files/wsi/ross/Osteosarcoma-UT/converted/Osteosarcoma-UT/Training-Set-1/set7/Case-48-P5-C17-47230-17655.tiff,Case 48 - P5 C17-47230-17655,PENDING-IMAGES,PENDING-IMAGES,PENDING-IMAGES,Viable,VIABLE_TUMOR,,,Case-48,,TCIA Osteosarcoma-Tumor-Assessment DOI 10.7937/tcia.2019.bvhjhdas; PathDB collectionId 18 (updated 2023-12-01),PENDING-G2,
Case-48-P5-C17-47640-27910,http://pathdb.cancerimagingarchive.net/system/files/wsi/ross/Osteosarcoma-UT/converted/Osteosarcoma-UT/Training-Set-1/set7/Case-48-P5-C17-47640-27910.tiff,Case 48 - P5 C17-47640-27910,PENDING-IMAGES,PENDING-IMAGES,PENDING-IMAGES,Non-Tumor,NON_TUMOR,,,Case-48,,TCIA Osteosarcoma-Tumor-Assessment DOI 10.7937/tcia.2019.bvhjhdas; PathDB collectionId 18 (updated 2023-12-01),PENDING-G2,
Case-48-P5-C17-50335-6425,http://pathdb.cancerimagingarchive.net/system/files/wsi/ross/Osteosarcoma-UT/converted/Osteosarcoma-UT/Training-Set-1/set7/Case-48-P5-C17-50335-6425.tiff,Case 48 - P5 C17-50335-6425,PENDING-IMAGES,PENDING-IMAGES,PENDING-IMAGES,Viable,VIABLE_TUMOR,,,Case-48,,TCIA Osteosarcoma-Tumor-Assessment DOI 10.7937/tcia.2019.bvhjhdas; PathDB collectionId 18 (updated 2023-12-01),PENDING-G2,
Case-48-P5-C17-50358-11013,http://pathdb.cancerimagingarchive.net/system/files/wsi/ross/Osteosarcoma-UT/converted/Osteosarcoma-UT/Training-Set-1/set7/Case-48-P5-C17-50358-11013.tiff,Case 48 - P5 C17-50358-11013,PENDING-IMAGES,PENDING-IMAGES,PENDING-IMAGES,Viable,VIABLE_TUMOR,,,Case-48,,TCIA Osteosarcoma-Tumor-Assessment DOI 10.7937/tcia.2019.bvhjhdas; PathDB collectionId 18 (updated 2023-12-01),PENDING-G2,
Case-48-P5-C17-51854-21097,http://pathdb.cancerimagingarchive.net/system/files/wsi/ross/Osteosarcoma-UT/converted/Osteosarcoma-UT/Training-Set-1/set7/Case-48-P5-C17-51854-21097.tiff,Case 48 - P5 C17-51854-21097,PENDING-IMAGES,PENDING-IMAGES,PENDING-IMAGES,Viable,VIABLE_TUMOR,,,Case-48,,TCIA Osteosarcoma-Tumor-Assessment DOI 10.7937/tcia.2019.bvhjhdas; PathDB collectionId 18 (updated 2023-12-01),PENDING-G2,
Case-48-P5-C17-7752-15521,http://pathdb.cancerimagingarchive.net/system/files/wsi/ross/Osteosarcoma-UT/converted/Osteosarcoma-UT/Training-Set-2/set8/Case-48-P5-C17-7752-15521.tiff,Case 48 - P5 C17-7752-15521,PENDING-IMAGES,PENDING-IMAGES,PENDING-IMAGES,Non-Tumor,NON_TUMOR,,,Case-48,,TCIA Osteosarcoma-Tumor-Assessment DOI 10.7937/tcia.2019.bvhjhdas; PathDB collectionId 18 (updated 2023-12-01),PENDING-G2,
Case-48-P5-C18-15219-24510,http://pathdb.cancerimagingarchive.net/system/files/wsi/ross/Osteosarcoma-UT/converted/Osteosarcoma-UT/Training-Set-2/set8/Case-48-P5-C18-15219-24510.tiff,Case 48 - P5 C18-15219-24510,PENDING-IMAGES,PENDING-IMAGES,PENDING-IMAGES,Non-Tumor,NON_TUMOR,,,Case-48,,TCIA Osteosarcoma-Tumor-Assessment DOI 10.7937/tcia.2019.bvhjhdas; PathDB collectionId 18 (updated 2023-12-01),PENDING-G2,
Case-48-P5-C18-15651-15050,http://pathdb.cancerimagingarchive.net/system/files/wsi/ross/Osteosarcoma-UT/converted/Osteosarcoma-UT/Training-Set-2/set8/Case-48-P5-C18-15651-15050.tiff,Case 48 - P5 C18-15651-15050,PENDING-IMAGES,PENDING-IMAGES,PENDING-IMAGES,Viable,VIABLE_TUMOR,,,Case-48,,TCIA Osteosarcoma-Tumor-Assessment DOI 10.7937/tcia.2019.bvhjhdas; PathDB collectionId 18 (updated 2023-12-01),PENDING-G2,
Case-48-P5-C18-17610-25605,http://pathdb.cancerimagingarchive.net/system/files/wsi/ross/Osteosarcoma-UT/converted/Osteosarcoma-UT/Training-Set-2/set8/Case-48-P5-C18-17610-25605.tiff,Case 48 - P5 C18-17610-25605,PENDING-IMAGES,PENDING-IMAGES,PENDING-IMAGES,Non-Tumor,NON_TUMOR,,,Case-48,,TCIA Osteosarcoma-Tumor-Assessment DOI 10.7937/tcia.2019.bvhjhdas; PathDB collectionId 18 (updated 2023-12-01),PENDING-G2,
Case-48-P5-C18-19933-18958,http://pathdb.cancerimagingarchive.net/system/files/wsi/ross/Osteosarcoma-UT/converted/Osteosarcoma-UT/Training-Set-2/set8/Case-48-P5-C18-19933-18958.tiff,Case 48 - P5 C18-19933-18958,PENDING-IMAGES,PENDING-IMAGES,PENDING-IMAGES,Viable,VIABLE_TUMOR,,,Case-48,,TCIA Osteosarcoma-Tumor-Assessment DOI 10.7937/tcia.2019.bvhjhdas; PathDB collectionId 18 (updated 2023-12-01),PENDING-G2,
Case-48-P5-C18-20516-10701,http://pathdb.cancerimagingarchive.net/system/files/wsi/ross/Osteosarcoma-UT/converted/Osteosarcoma-UT/Training-Set-2/set8/Case-48-P5-C18-20516-10701.tiff,Case 48 - P5 C18-20516-10701,PENDING-IMAGES,PENDING-IMAGES,PENDING-IMAGES,Viable,VIABLE_TUMOR,,,Case-48,,TCIA Osteosarcoma-Tumor-Assessment DOI 10.7937/tcia.2019.bvhjhdas; PathDB collectionId 18 (updated 2023-12-01),PENDING-G2,
Case-48-P5-C18-22374-30391,http://pathdb.cancerimagingarchive.net/system/files/wsi/ross/Osteosarcoma-UT/converted/Osteosarcoma-UT/Training-Set-2/set8/Case-48-P5-C18-22374-30391.tiff,Case 48 - P5 C18-22374-30391,PENDING-IMAGES,PENDING-IMAGES,PENDING-IMAGES,Non-Tumor,NON_TUMOR,,,Case-48,,TCIA Osteosarcoma-Tumor-Assessment DOI 10.7937/tcia.2019.bvhjhdas; PathDB collectionId 18 (updated 2023-12-01),PENDING-G2,
Case-48-P5-C18-23684-14239,http://pathdb.cancerimagingarchive.net/system/files/wsi/ross/Osteosarcoma-UT/converted/Osteosarcoma-UT/Training-Set-2/set8/Case-48-P5-C18-23684-14239.tiff,Case 48 - P5 C18-23684-14239,PENDING-IMAGES,PENDING-IMAGES,PENDING-IMAGES,viable: non-viable,,,,Case-48,,TCIA Osteosarcoma-Tumor-Assessment DOI 10.7937/tcia.2019.bvhjhdas; PathDB collectionId 18 (updated 2023-12-01),FALSE,UNRESOLVED_LABEL:viable: non-viable
Case-48-P5-C18-23858-23029,http://pathdb.cancerimagingarchive.net/system/files/wsi/ross/Osteosarcoma-UT/converted/Osteosarcoma-UT/Training-Set-2/set8/Case-48-P5-C18-23858-23029.tiff,Case 48 - P5 C18-23858-23029,PENDING-IMAGES,PENDING-IMAGES,PENDING-IMAGES,viable: non-viable,,,,Case-48,,TCIA Osteosarcoma-Tumor-Assessment DOI 10.7937/tcia.2019.bvhjhdas; PathDB collectionId 18 (updated 2023-12-01),FALSE,UNRESOLVED_LABEL:viable: non-viable
Case-48-P5-C18-24383-21699,http://pathdb.cancerimagingarchive.net/system/files/wsi/ross/Osteosarcoma-UT/converted/Osteosarcoma-UT/Training-Set-2/set8/Case-48-P5-C18-24383-21699.tiff,Case 48 - P5 C18-24383-21699,PENDING-IMAGES,PENDING-IMAGES,PENDING-IMAGES,Viable,VIABLE_TUMOR,,,Case-48,,TCIA Osteosarcoma-Tumor-Assessment DOI 10.7937/tcia.2019.bvhjhdas; PathDB collectionId 18 (updated 2023-12-01),PENDING-G2,
Case-48-P5-C18-28794-15036,http://pathdb.cancerimagingarchive.net/system/files/wsi/ross/Osteosarcoma-UT/converted/Osteosarcoma-UT/Training-Set-2/set8/Case-48-P5-C18-28794-15036.tiff,Case 48 - P5 C18-28794-15036,PENDING-IMAGES,PENDING-IMAGES,PENDING-IMAGES,viable: non-viable,,,,Case-48,,TCIA Osteosarcoma-Tumor-Assessment DOI 10.7937/tcia.2019.bvhjhdas; PathDB collectionId 18 (updated 2023-12-01),FALSE,UNRESOLVED_LABEL:viable: non-viable
Case-48-P5-C18-29043-24256,http://pathdb.cancerimagingarchive.net/system/files/wsi/ross/Osteosarcoma-UT/converted/Osteosarcoma-UT/Training-Set-2/set8/Case-48-P5-C18-29043-24256.tiff,Case 48 - P5 C18-29043-24256,PENDING-IMAGES,PENDING-IMAGES,PENDING-IMAGES,Viable,VIABLE_TUMOR,,,Case-48,,TCIA Osteosarcoma-Tumor-Assessment DOI 10.7937/tcia.2019.bvhjhdas; PathDB collectionId 18 (updated 2023-12-01),PENDING-G2,
Case-48-P5-C18-29063-22986,http://pathdb.cancerimagingarchive.net/system/files/wsi/ross/Osteosarcoma-UT/converted/Osteosarcoma-UT/Training-Set-2/set8/Case-48-P5-C18-29063-22986.tiff,Case 48 - P5 C18-29063-22986,PENDING-IMAGES,PENDING-IMAGES,PENDING-IMAGES,Viable,VIABLE_TUMOR,,,Case-48,,TCIA Osteosarcoma-Tumor-Assessment DOI 10.7937/tcia.2019.bvhjhdas; PathDB collectionId 18 (updated 2023-12-01),PENDING-G2,
Case-48-P5-C18-30468-34044,http://pathdb.cancerimagingarchive.net/system/files/wsi/ross/Osteosarcoma-UT/converted/Osteosarcoma-UT/Training-Set-2/set8/Case-48-P5-C18-30468-34044.tiff,Case 48 - P5 C18-30468-34044,PENDING-IMAGES,PENDING-IMAGES,PENDING-IMAGES,Non-Tumor,NON_TUMOR,,,Case-48,,TCIA Osteosarcoma-Tumor-Assessment DOI 10.7937/tcia.2019.bvhjhdas; PathDB collectionId 18 (updated 2023-12-01),PENDING-G2,
Case-48-P5-C18-32596-23573,http://pathdb.cancerimagingarchive.net/system/files/wsi/ross/Osteosarcoma-UT/converted/Osteosarcoma-UT/Training-Set-2/set8/Case-48-P5-C18-32596-23573.tiff,Case 48 - P5 C18-32596-23573,PENDING-IMAGES,PENDING-IMAGES,PENDING-IMAGES,Viable,VIABLE_TUMOR,,,Case-48,,TCIA Osteosarcoma-Tumor-Assessment DOI 10.7937/tcia.2019.bvhjhdas; PathDB collectionId 18 (updated 2023-12-01),PENDING-G2,
Case-48-P5-C18-32717-16452,http://pathdb.cancerimagingarchive.net/system/files/wsi/ross/Osteosarcoma-UT/converted/Osteosarcoma-UT/Training-Set-1/set7/Case-48-P5-C18-32717-16452.tiff,Case 48 - P5 C18-32717-16452,PENDING-IMAGES,PENDING-IMAGES,PENDING-IMAGES,Viable,VIABLE_TUMOR,,,Case-48,,TCIA Osteosarcoma-Tumor-Assessment DOI 10.7937/tcia.2019.bvhjhdas; PathDB collectionId 18 (updated 2023-12-01),PENDING-G2,
Case-48-P5-C18-33022-7038,http://pathdb.cancerimagingarchive.net/system/files/wsi/ross/Osteosarcoma-UT/converted/Osteosarcoma-UT/Training-Set-1/set7/Case-48-P5-C18-33022-7038.tiff,Case 48 - P5 C18-33022-7038,PENDING-IMAGES,PENDING-IMAGES,PENDING-IMAGES,Viable,VIABLE_TUMOR,,,Case-48,,TCIA Osteosarcoma-Tumor-Assessment DOI 10.7937/tcia.2019.bvhjhdas; PathDB collectionId 18 (updated 2023-12-01),PENDING-G2,
Case-48-P5-C18-33916-33907,http://pathdb.cancerimagingarchive.net/system/files/wsi/ross/Osteosarcoma-UT/converted/Osteosarcoma-UT/Training-Set-1/set7/Case-48-P5-C18-33916-33907.tiff,Case 48 - P5 C18-33916-33907,PENDING-IMAGES,PENDING-IMAGES,PENDING-IMAGES,Non-Tumor,NON_TUMOR,,,Case-48,,TCIA Osteosarcoma-Tumor-Assessment DOI 10.7937/tcia.2019.bvhjhdas; PathDB collectionId 18 (updated 2023-12-01),PENDING-G2,
Case-48-P5-C18-36407-15875,http://pathdb.cancerimagingarchive.net/system/files/wsi/ross/Osteosarcoma-UT/converted/Osteosarcoma-UT/Training-Set-1/set7/Case-48-P5-C18-36407-15875.tiff,Case 48 - P5 C18-36407-15875,PENDING-IMAGES,PENDING-IMAGES,PENDING-IMAGES,Viable,VIABLE_TUMOR,,,Case-48,,TCIA Osteosarcoma-Tumor-Assessment DOI 10.7937/tcia.2019.bvhjhdas; PathDB collectionId 18 (updated 2023-12-01),PENDING-G2,
Case-48-P5-C18-37200-16213,http://pathdb.cancerimagingarchive.net/system/files/wsi/ross/Osteosarcoma-UT/converted/Osteosarcoma-UT/Training-Set-1/set8/Case-48-P5-C18-37200-16213.tiff,Case 48 - P5 C18-37200-16213,PENDING-IMAGES,PENDING-IMAGES,PENDING-IMAGES,Viable,VIABLE_TUMOR,,,Case-48,,TCIA Osteosarcoma-Tumor-Assessment DOI 10.7937/tcia.2019.bvhjhdas; PathDB collectionId 18 (updated 2023-12-01),PENDING-G2,
Case-48-P5-C18-37612-15623,http://pathdb.cancerimagingarchive.net/system/files/wsi/ross/Osteosarcoma-UT/converted/Osteosarcoma-UT/Training-Set-1/set8/Case-48-P5-C18-37612-15623.tiff,Case 48 - P5 C18-37612-15623,PENDING-IMAGES,PENDING-IMAGES,PENDING-IMAGES,Viable,VIABLE_TUMOR,,,Case-48,,TCIA Osteosarcoma-Tumor-Assessment DOI 10.7937/tcia.2019.bvhjhdas; PathDB collectionId 18 (updated 2023-12-01),PENDING-G2,
Case-48-P5-C18-40902-9870,http://pathdb.cancerimagingarchive.net/system/files/wsi/ross/Osteosarcoma-UT/converted/Osteosarcoma-UT/Training-Set-1/set8/Case-48-P5-C18-40902-9870.tiff,Case 48 - P5 C18-40902-9870,PENDING-IMAGES,PENDING-IMAGES,PENDING-IMAGES,Viable,VIABLE_TUMOR,,,Case-48,,TCIA Osteosarcoma-Tumor-Assessment DOI 10.7937/tcia.2019.bvhjhdas; PathDB collectionId 18 (updated 2023-12-01),PENDING-G2,
Case-48-P5-C18-42373-6994,http://pathdb.cancerimagingarchive.net/system/files/wsi/ross/Osteosarcoma-UT/converted/Osteosarcoma-UT/Training-Set-1/set8/Case-48-P5-C18-42373-6994.tiff,Case 48 - P5 C18-42373-6994,PENDING-IMAGES,PENDING-IMAGES,PENDING-IMAGES,Viable,VIABLE_TUMOR,,,Case-48,,TCIA Osteosarcoma-Tumor-Assessment DOI 10.7937/tcia.2019.bvhjhdas; PathDB collectionId 18 (updated 2023-12-01),PENDING-G2,
Case-48-P5-C18-42513-34016,http://pathdb.cancerimagingarchive.net/system/files/wsi/ross/Osteosarcoma-UT/converted/Osteosarcoma-UT/Training-Set-1/set8/Case-48-P5-C18-42513-34016.tiff,Case 48 - P5 C18-42513-34016,PENDING-IMAGES,PENDING-IMAGES,PENDING-IMAGES,Non-Tumor,NON_TUMOR,,,Case-48,,TCIA Osteosarcoma-Tumor-Assessment DOI 10.7937/tcia.2019.bvhjhdas; PathDB collectionId 18 (updated 2023-12-01),PENDING-G2,
Case-48-P5-C18-43324-24367,http://pathdb.cancerimagingarchive.net/system/files/wsi/ross/Osteosarcoma-UT/converted/Osteosarcoma-UT/Training-Set-1/set8/Case-48-P5-C18-43324-24367.tiff,Case 48 - P5 C18-43324-24367,PENDING-IMAGES,PENDING-IMAGES,PENDING-IMAGES,Viable,VIABLE_TUMOR,,,Case-48,,TCIA Osteosarcoma-Tumor-Assessment DOI 10.7937/tcia.2019.bvhjhdas; PathDB collectionId 18 (updated 2023-12-01),PENDING-G2,
Case-48-P5-C18-46136-24608,http://pathdb.cancerimagingarchive.net/system/files/wsi/ross/Osteosarcoma-UT/converted/Osteosarcoma-UT/Training-Set-1/set8/Case-48-P5-C18-46136-24608.tiff,Case 48 - P5 C18-46136-24608,PENDING-IMAGES,PENDING-IMAGES,PENDING-IMAGES,Viable,VIABLE_TUMOR,,,Case-48,,TCIA Osteosarcoma-Tumor-Assessment DOI 10.7937/tcia.2019.bvhjhdas; PathDB collectionId 18 (updated 2023-12-01),PENDING-G2,
Case-48-P5-C18-47653-31606,http://pathdb.cancerimagingarchive.net/system/files/wsi/ross/Osteosarcoma-UT/converted/Osteosarcoma-UT/Training-Set-1/set8/Case-48-P5-C18-47653-31606.tiff,Case 48 - P5 C18-47653-31606,PENDING-IMAGES,PENDING-IMAGES,PENDING-IMAGES,Viable,VIABLE_TUMOR,,,Case-48,,TCIA Osteosarcoma-Tumor-Assessment DOI 10.7937/tcia.2019.bvhjhdas; PathDB collectionId 18 (updated 2023-12-01),PENDING-G2,
Case-48-P5-C18-51237-22363,http://pathdb.cancerimagingarchive.net/system/files/wsi/ross/Osteosarcoma-UT/converted/Osteosarcoma-UT/Training-Set-1/set8/Case-48-P5-C18-51237-22363.tiff,Case 48 - P5 C18-51237-22363,PENDING-IMAGES,PENDING-IMAGES,PENDING-IMAGES,Viable,VIABLE_TUMOR,,,Case-48,,TCIA Osteosarcoma-Tumor-Assessment DOI 10.7937/tcia.2019.bvhjhdas; PathDB collectionId 18 (updated 2023-12-01),PENDING-G2,
Case-48-P5-C18-51418-18002,http://pathdb.cancerimagingarchive.net/system/files/wsi/ross/Osteosarcoma-UT/converted/Osteosarcoma-UT/Training-Set-1/set8/Case-48-P5-C18-51418-18002.tiff,Case 48 - P5 C18-51418-18002,PENDING-IMAGES,PENDING-IMAGES,PENDING-IMAGES,Viable,VIABLE_TUMOR,,,Case-48,,TCIA Osteosarcoma-Tumor-Assessment DOI 10.7937/tcia.2019.bvhjhdas; PathDB collectionId 18 (updated 2023-12-01),PENDING-G2,
Case-48-P5-C18-9652-19230,http://pathdb.cancerimagingarchive.net/system/files/wsi/ross/Osteosarcoma-UT/converted/Osteosarcoma-UT/Training-Set-2/set8/Case-48-P5-C18-9652-19230.tiff,Case 48 - P5 C18-9652-19230,PENDING-IMAGES,PENDING-IMAGES,PENDING-IMAGES,Non-Tumor,NON_TUMOR,,,Case-48,,TCIA Osteosarcoma-Tumor-Assessment DOI 10.7937/tcia.2019.bvhjhdas; PathDB collectionId 18 (updated 2023-12-01),PENDING-G2,
Case-48-P5-C19-11220-21709,http://pathdb.cancerimagingarchive.net/system/files/wsi/ross/Osteosarcoma-UT/converted/Osteosarcoma-UT/Training-Set-2/set8/Case-48-P5-C19-11220-21709.tiff,Case 48 - P5 C19-11220-21709,PENDING-IMAGES,PENDING-IMAGES,PENDING-IMAGES,Non-Tumor,NON_TUMOR,,,Case-48,,TCIA Osteosarcoma-Tumor-Assessment DOI 10.7937/tcia.2019.bvhjhdas; PathDB collectionId 18 (updated 2023-12-01),PENDING-G2,
Case-48-P5-C19-13067-24621,http://pathdb.cancerimagingarchive.net/system/files/wsi/ross/Osteosarcoma-UT/converted/Osteosarcoma-UT/Training-Set-2/set8/Case-48-P5-C19-13067-24621.tiff,Case 48 - P5 C19-13067-24621,PENDING-IMAGES,PENDING-IMAGES,PENDING-IMAGES,Non-Tumor,NON_TUMOR,,,Case-48,,TCIA Osteosarcoma-Tumor-Assessment DOI 10.7937/tcia.2019.bvhjhdas; PathDB collectionId 18 (updated 2023-12-01),PENDING-G2,
Case-48-P5-C19-14308-25500,http://pathdb.cancerimagingarchive.net/system/files/wsi/ross/Osteosarcoma-UT/converted/Osteosarcoma-UT/Training-Set-2/set8/Case-48-P5-C19-14308-25500.tiff,Case 48 - P5 C19-14308-25500,PENDING-IMAGES,PENDING-IMAGES,PENDING-IMAGES,Non-Tumor,NON_TUMOR,,,Case-48,,TCIA Osteosarcoma-Tumor-Assessment DOI 10.7937/tcia.2019.bvhjhdas; PathDB collectionId 18 (updated 2023-12-01),PENDING-G2,
Case-48-P5-C19-14441-14866,http://pathdb.cancerimagingarchive.net/system/files/wsi/ross/Osteosarcoma-UT/converted/Osteosarcoma-UT/Training-Set-2/set8/Case-48-P5-C19-14441-14866.tiff,Case 48 - P5 C19-14441-14866,PENDING-IMAGES,PENDING-IMAGES,PENDING-IMAGES,Viable,VIABLE_TUMOR,,,Case-48,,TCIA Osteosarcoma-Tumor-Assessment DOI 10.7937/tcia.2019.bvhjhdas; PathDB collectionId 18 (updated 2023-12-01),PENDING-G2,
Case-48-P5-C19-15367-19854,http://pathdb.cancerimagingarchive.net/system/files/wsi/ross/Osteosarcoma-UT/converted/Osteosarcoma-UT/Training-Set-2/set8/Case-48-P5-C19-15367-19854.tiff,Case 48 - P5 C19-15367-19854,PENDING-IMAGES,PENDING-IMAGES,PENDING-IMAGES,Viable,VIABLE_TUMOR,,,Case-48,,TCIA Osteosarcoma-Tumor-Assessment DOI 10.7937/tcia.2019.bvhjhdas; PathDB collectionId 18 (updated 2023-12-01),PENDING-G2,
Case-48-P5-C19-19015-27466,http://pathdb.cancerimagingarchive.net/system/files/wsi/ross/Osteosarcoma-UT/converted/Osteosarcoma-UT/Training-Set-2/set8/Case-48-P5-C19-19015-27466.tiff,Case 48 - P5 C19-19015-27466,PENDING-IMAGES,PENDING-IMAGES,PENDING-IMAGES,Non-Tumor,NON_TUMOR,,,Case-48,,TCIA Osteosarcoma-Tumor-Assessment DOI 10.7937/tcia.2019.bvhjhdas; PathDB collectionId 18 (updated 2023-12-01),PENDING-G2,
Case-48-P5-C19-26094-27297,http://pathdb.cancerimagingarchive.net/system/files/wsi/ross/Osteosarcoma-UT/converted/Osteosarcoma-UT/Training-Set-2/set8/Case-48-P5-C19-26094-27297.tiff,Case 48 - P5 C19-26094-27297,PENDING-IMAGES,PENDING-IMAGES,PENDING-IMAGES,Non-Tumor,NON_TUMOR,,,Case-48,,TCIA Osteosarcoma-Tumor-Assessment DOI 10.7937/tcia.2019.bvhjhdas; PathDB collectionId 18 (updated 2023-12-01),PENDING-G2,
Case-48-P5-C19-26506-10723,http://pathdb.cancerimagingarchive.net/system/files/wsi/ross/Osteosarcoma-UT/converted/Osteosarcoma-UT/Training-Set-2/set8/Case-48-P5-C19-26506-10723.tiff,Case 48 - P5 C19-26506-10723,PENDING-IMAGES,PENDING-IMAGES,PENDING-IMAGES,Viable,VIABLE_TUMOR,,,Case-48,,TCIA Osteosarcoma-Tumor-Assessment DOI 10.7937/tcia.2019.bvhjhdas; PathDB collectionId 18 (updated 2023-12-01),PENDING-G2,
Case-48-P5-C19-26657-32338,http://pathdb.cancerimagingarchive.net/system/files/wsi/ross/Osteosarcoma-UT/converted/Osteosarcoma-UT/Training-Set-2/set8/Case-48-P5-C19-26657-32338.tiff,Case 48 - P5 C19-26657-32338,PENDING-IMAGES,PENDING-IMAGES,PENDING-IMAGES,Non-Tumor,NON_TUMOR,,,Case-48,,TCIA Osteosarcoma-Tumor-Assessment DOI 10.7937/tcia.2019.bvhjhdas; PathDB collectionId 18 (updated 2023-12-01),PENDING-G2,
Case-48-P5-C19-26719-18659,http://pathdb.cancerimagingarchive.net/system/files/wsi/ross/Osteosarcoma-UT/converted/Osteosarcoma-UT/Training-Set-2/set8/Case-48-P5-C19-26719-18659.tiff,Case 48 - P5 C19-26719-18659,PENDING-IMAGES,PENDING-IMAGES,PENDING-IMAGES,Viable,VIABLE_TUMOR,,,Case-48,,TCIA Osteosarcoma-Tumor-Assessment DOI 10.7937/tcia.2019.bvhjhdas; PathDB collectionId 18 (updated 2023-12-01),PENDING-G2,
Case-48-P5-C19-27056-17848,http://pathdb.cancerimagingarchive.net/system/files/wsi/ross/Osteosarcoma-UT/converted/Osteosarcoma-UT/Training-Set-2/set8/Case-48-P5-C19-27056-17848.tiff,Case 48 - P5 C19-27056-17848,PENDING-IMAGES,PENDING-IMAGES,PENDING-IMAGES,Viable,VIABLE_TUMOR,,,Case-48,,TCIA Osteosarcoma-Tumor-Assessment DOI 10.7937/tcia.2019.bvhjhdas; PathDB collectionId 18 (updated 2023-12-01),PENDING-G2,
Case-48-P5-C19-27826-27316,http://pathdb.cancerimagingarchive.net/system/files/wsi/ross/Osteosarcoma-UT/converted/Osteosarcoma-UT/Training-Set-2/set8/Case-48-P5-C19-27826-27316.tiff,Case 48 - P5 C19-27826-27316,PENDING-IMAGES,PENDING-IMAGES,PENDING-IMAGES,Non-Tumor,NON_TUMOR,,,Case-48,,TCIA Osteosarcoma-Tumor-Assessment DOI 10.7937/tcia.2019.bvhjhdas; PathDB collectionId 18 (updated 2023-12-01),PENDING-G2,
Case-48-P5-C19-28560-27834,http://pathdb.cancerimagingarchive.net/system/files/wsi/ross/Osteosarcoma-UT/converted/Osteosarcoma-UT/Training-Set-2/set8/Case-48-P5-C19-28560-27834.tiff,Case 48 - P5 C19-28560-27834,PENDING-IMAGES,PENDING-IMAGES,PENDING-IMAGES,Non-Tumor,NON_TUMOR,,,Case-48,,TCIA Osteosarcoma-Tumor-Assessment DOI 10.7937/tcia.2019.bvhjhdas; PathDB collectionId 18 (updated 2023-12-01),PENDING-G2,
Case-48-P5-C19-28887-22427,http://pathdb.cancerimagingarchive.net/system/files/wsi/ross/Osteosarcoma-UT/converted/Osteosarcoma-UT/Training-Set-2/set8/Case-48-P5-C19-28887-22427.tiff,Case 48 - P5 C19-28887-22427,PENDING-IMAGES,PENDING-IMAGES,PENDING-IMAGES,Viable,VIABLE_TUMOR,,,Case-48,,TCIA Osteosarcoma-Tumor-Assessment DOI 10.7937/tcia.2019.bvhjhdas; PathDB collectionId 18 (updated 2023-12-01),PENDING-G2,
Case-48-P5-C19-30501-31832,http://pathdb.cancerimagingarchive.net/system/files/wsi/ross/Osteosarcoma-UT/converted/Osteosarcoma-UT/Training-Set-2/set8/Case-48-P5-C19-30501-31832.tiff,Case 48 - P5 C19-30501-31832,PENDING-IMAGES,PENDING-IMAGES,PENDING-IMAGES,Non-Tumor,NON_TUMOR,,,Case-48,,TCIA Osteosarcoma-Tumor-Assessment DOI 10.7937/tcia.2019.bvhjhdas; PathDB collectionId 18 (updated 2023-12-01),PENDING-G2,
Case-48-P5-C19-30892-14643,http://pathdb.cancerimagingarchive.net/system/files/wsi/ross/Osteosarcoma-UT/converted/Osteosarcoma-UT/Training-Set-2/set8/Case-48-P5-C19-30892-14643.tiff,Case 48 - P5 C19-30892-14643,PENDING-IMAGES,PENDING-IMAGES,PENDING-IMAGES,Viable,VIABLE_TUMOR,,,Case-48,,TCIA Osteosarcoma-Tumor-Assessment DOI 10.7937/tcia.2019.bvhjhdas; PathDB collectionId 18 (updated 2023-12-01),PENDING-G2,
Case-48-P5-C19-31003-6587,http://pathdb.cancerimagingarchive.net/system/files/wsi/ross/Osteosarcoma-UT/converted/Osteosarcoma-UT/Training-Set-1/set8/Case-48-P5-C19-31003-6587.tiff,Case 48 - P5 C19-31003-6587,PENDING-IMAGES,PENDING-IMAGES,PENDING-IMAGES,Viable,VIABLE_TUMOR,,,Case-48,,TCIA Osteosarcoma-Tumor-Assessment DOI 10.7937/tcia.2019.bvhjhdas; PathDB collectionId 18 (updated 2023-12-01),PENDING-G2,
Case-48-P5-C19-31868-8754,http://pathdb.cancerimagingarchive.net/system/files/wsi/ross/Osteosarcoma-UT/converted/Osteosarcoma-UT/Training-Set-1/set8/Case-48-P5-C19-31868-8754.tiff,Case 48 - P5 C19-31868-8754,PENDING-IMAGES,PENDING-IMAGES,PENDING-IMAGES,Viable,VIABLE_TUMOR,,,Case-48,,TCIA Osteosarcoma-Tumor-Assessment DOI 10.7937/tcia.2019.bvhjhdas; PathDB collectionId 18 (updated 2023-12-01),PENDING-G2,
Case-48-P5-C19-36599-9672,http://pathdb.cancerimagingarchive.net/system/files/wsi/ross/Osteosarcoma-UT/converted/Osteosarcoma-UT/Training-Set-1/set8/Case-48-P5-C19-36599-9672.tiff,Case 48 - P5 C19-36599-9672,PENDING-IMAGES,PENDING-IMAGES,PENDING-IMAGES,Viable,VIABLE_TUMOR,,,Case-48,,TCIA Osteosarcoma-Tumor-Assessment DOI 10.7937/tcia.2019.bvhjhdas; PathDB collectionId 18 (updated 2023-12-01),PENDING-G2,
Case-48-P5-C19-36772-18960,http://pathdb.cancerimagingarchive.net/system/files/wsi/ross/Osteosarcoma-UT/converted/Osteosarcoma-UT/Training-Set-1/set8/Case-48-P5-C19-36772-18960.tiff,Case 48 - P5 C19-36772-18960,PENDING-IMAGES,PENDING-IMAGES,PENDING-IMAGES,Viable,VIABLE_TUMOR,,,Case-48,,TCIA Osteosarcoma-Tumor-Assessment DOI 10.7937/tcia.2019.bvhjhdas; PathDB collectionId 18 (updated 2023-12-01),PENDING-G2,
Case-48-P5-C19-37421-11802,http://pathdb.cancerimagingarchive.net/system/files/wsi/ross/Osteosarcoma-UT/converted/Osteosarcoma-UT/Training-Set-1/set8/Case-48-P5-C19-37421-11802.tiff,Case 48 - P5 C19-37421-11802,PENDING-IMAGES,PENDING-IMAGES,PENDING-IMAGES,Viable,VIABLE_TUMOR,,,Case-48,,TCIA Osteosarcoma-Tumor-Assessment DOI 10.7937/tcia.2019.bvhjhdas; PathDB collectionId 18 (updated 2023-12-01),PENDING-G2,
Case-48-P5-C19-40049-22382,http://pathdb.cancerimagingarchive.net/system/files/wsi/ross/Osteosarcoma-UT/converted/Osteosarcoma-UT/Training-Set-1/set8/Case-48-P5-C19-40049-22382.tiff,Case 48 - P5 C19-40049-22382,PENDING-IMAGES,PENDING-IMAGES,PENDING-IMAGES,Viable,VIABLE_TUMOR,,,Case-48,,TCIA Osteosarcoma-Tumor-Assessment DOI 10.7937/tcia.2019.bvhjhdas; PathDB collectionId 18 (updated 2023-12-01),PENDING-G2,
Case-48-P5-C19-40702-20386,http://pathdb.cancerimagingarchive.net/system/files/wsi/ross/Osteosarcoma-UT/converted/Osteosarcoma-UT/Training-Set-1/set8/Case-48-P5-C19-40702-20386.tiff,Case 48 - P5 C19-40702-20386,PENDING-IMAGES,PENDING-IMAGES,PENDING-IMAGES,Viable,VIABLE_TUMOR,,,Case-48,,TCIA Osteosarcoma-Tumor-Assessment DOI 10.7937/tcia.2019.bvhjhdas; PathDB collectionId 18 (updated 2023-12-01),PENDING-G2,
Case-48-P5-C19-41884-18067,http://pathdb.cancerimagingarchive.net/system/files/wsi/ross/Osteosarcoma-UT/converted/Osteosarcoma-UT/Training-Set-1/set8/Case-48-P5-C19-41884-18067.tiff,Case 48 - P5 C19-41884-18067,PENDING-IMAGES,PENDING-IMAGES,PENDING-IMAGES,Viable,VIABLE_TUMOR,,,Case-48,,TCIA Osteosarcoma-Tumor-Assessment DOI 10.7937/tcia.2019.bvhjhdas; PathDB collectionId 18 (updated 2023-12-01),PENDING-G2,
Case-48-P5-C19-43378-18456,http://pathdb.cancerimagingarchive.net/system/files/wsi/ross/Osteosarcoma-UT/converted/Osteosarcoma-UT/Training-Set-1/set8/Case-48-P5-C19-43378-18456.tiff,Case 48 - P5 C19-43378-18456,PENDING-IMAGES,PENDING-IMAGES,PENDING-IMAGES,Viable,VIABLE_TUMOR,,,Case-48,,TCIA Osteosarcoma-Tumor-Assessment DOI 10.7937/tcia.2019.bvhjhdas; PathDB collectionId 18 (updated 2023-12-01),PENDING-G2,
Case-48-P5-C19-43954-23941,http://pathdb.cancerimagingarchive.net/system/files/wsi/ross/Osteosarcoma-UT/converted/Osteosarcoma-UT/Training-Set-1/set8/Case-48-P5-C19-43954-23941.tiff,Case 48 - P5 C19-43954-23941,PENDING-IMAGES,PENDING-IMAGES,PENDING-IMAGES,Viable,VIABLE_TUMOR,,,Case-48,,TCIA Osteosarcoma-Tumor-Assessment DOI 10.7937/tcia.2019.bvhjhdas; PathDB collectionId 18 (updated 2023-12-01),PENDING-G2,
Case-48-P5-C19-47082-29959,http://pathdb.cancerimagingarchive.net/system/files/wsi/ross/Osteosarcoma-UT/converted/Osteosarcoma-UT/Training-Set-1/set8/Case-48-P5-C19-47082-29959.tiff,Case 48 - P5 C19-47082-29959,PENDING-IMAGES,PENDING-IMAGES,PENDING-IMAGES,Non-Tumor,NON_TUMOR,,,Case-48,,TCIA Osteosarcoma-Tumor-Assessment DOI 10.7937/tcia.2019.bvhjhdas; PathDB collectionId 18 (updated 2023-12-01),PENDING-G2,
Case-48-P5-C19-48632-11190,http://pathdb.cancerimagingarchive.net/system/files/wsi/ross/Osteosarcoma-UT/converted/Osteosarcoma-UT/Training-Set-1/set8/Case-48-P5-C19-48632-11190.tiff,Case 48 - P5 C19-48632-11190,PENDING-IMAGES,PENDING-IMAGES,PENDING-IMAGES,Viable,VIABLE_TUMOR,,,Case-48,,TCIA Osteosarcoma-Tumor-Assessment DOI 10.7937/tcia.2019.bvhjhdas; PathDB collectionId 18 (updated 2023-12-01),PENDING-G2,
Case-48-P5-C19-51505-17925,http://pathdb.cancerimagingarchive.net/system/files/wsi/ross/Osteosarcoma-UT/converted/Osteosarcoma-UT/Training-Set-1/set8/Case-48-P5-C19-51505-17925.tiff,Case 48 - P5 C19-51505-17925,PENDING-IMAGES,PENDING-IMAGES,PENDING-IMAGES,Viable,VIABLE_TUMOR,,,Case-48,,TCIA Osteosarcoma-Tumor-Assessment DOI 10.7937/tcia.2019.bvhjhdas; PathDB collectionId 18 (updated 2023-12-01),PENDING-G2,
Case-48-P5-C19-51520-22044,http://pathdb.cancerimagingarchive.net/system/files/wsi/ross/Osteosarcoma-UT/converted/Osteosarcoma-UT/Training-Set-1/set8/Case-48-P5-C19-51520-22044.tiff,Case 48 - P5 C19-51520-22044,PENDING-IMAGES,PENDING-IMAGES,PENDING-IMAGES,Viable,VIABLE_TUMOR,,,Case-48,,TCIA Osteosarcoma-Tumor-Assessment DOI 10.7937/tcia.2019.bvhjhdas; PathDB collectionId 18 (updated 2023-12-01),PENDING-G2,
Case-48-P5-C19-53087-27856,http://pathdb.cancerimagingarchive.net/system/files/wsi/ross/Osteosarcoma-UT/converted/Osteosarcoma-UT/Training-Set-1/set8/Case-48-P5-C19-53087-27856.tiff,Case 48 - P5 C19-53087-27856,PENDING-IMAGES,PENDING-IMAGES,PENDING-IMAGES,Non-Tumor,NON_TUMOR,,,Case-48,,TCIA Osteosarcoma-Tumor-Assessment DOI 10.7937/tcia.2019.bvhjhdas; PathDB collectionId 18 (updated 2023-12-01),PENDING-G2,
Case-48-P5-C20-11443-19302,http://pathdb.cancerimagingarchive.net/system/files/wsi/ross/Osteosarcoma-UT/converted/Osteosarcoma-UT/Training-Set-2/set8/Case-48-P5-C20-11443-19302.tiff,Case 48 - P5 C20-11443-19302,PENDING-IMAGES,PENDING-IMAGES,PENDING-IMAGES,Non-Tumor,NON_TUMOR,,,Case-48,,TCIA Osteosarcoma-Tumor-Assessment DOI 10.7937/tcia.2019.bvhjhdas; PathDB collectionId 18 (updated 2023-12-01),PENDING-G2,
Case-48-P5-C20-12605-20018,http://pathdb.cancerimagingarchive.net/system/files/wsi/ross/Osteosarcoma-UT/converted/Osteosarcoma-UT/Training-Set-2/set8/Case-48-P5-C20-12605-20018.tiff,Case 48 - P5 C20-12605-20018,PENDING-IMAGES,PENDING-IMAGES,PENDING-IMAGES,Non-Tumor,NON_TUMOR,,,Case-48,,TCIA Osteosarcoma-Tumor-Assessment DOI 10.7937/tcia.2019.bvhjhdas; PathDB collectionId 18 (updated 2023-12-01),PENDING-G2,
Case-48-P5-C20-15162-19423,http://pathdb.cancerimagingarchive.net/system/files/wsi/ross/Osteosarcoma-UT/converted/Osteosarcoma-UT/Training-Set-2/set8/Case-48-P5-C20-15162-19423.tiff,Case 48 - P5 C20-15162-19423,PENDING-IMAGES,PENDING-IMAGES,PENDING-IMAGES,Viable,VIABLE_TUMOR,,,Case-48,,TCIA Osteosarcoma-Tumor-Assessment DOI 10.7937/tcia.2019.bvhjhdas; PathDB collectionId 18 (updated 2023-12-01),PENDING-G2,
Case-48-P5-C20-20964-23796,http://pathdb.cancerimagingarchive.net/system/files/wsi/ross/Osteosarcoma-UT/converted/Osteosarcoma-UT/Training-Set-2/set8/Case-48-P5-C20-20964-23796.tiff,Case 48 - P5 C20-20964-23796,PENDING-IMAGES,PENDING-IMAGES,PENDING-IMAGES,Viable,VIABLE_TUMOR,,,Case-48,,TCIA Osteosarcoma-Tumor-Assessment DOI 10.7937/tcia.2019.bvhjhdas; PathDB collectionId 18 (updated 2023-12-01),PENDING-G2,
Case-48-P5-C20-23452-15492,http://pathdb.cancerimagingarchive.net/system/files/wsi/ross/Osteosarcoma-UT/converted/Osteosarcoma-UT/Training-Set-2/set8/Case-48-P5-C20-23452-15492.tiff,Case 48 - P5 C20-23452-15492,PENDING-IMAGES,PENDING-IMAGES,PENDING-IMAGES,Viable,VIABLE_TUMOR,,,Case-48,,TCIA Osteosarcoma-Tumor-Assessment DOI 10.7937/tcia.2019.bvhjhdas; PathDB collectionId 18 (updated 2023-12-01),PENDING-G2,
Case-48-P5-C20-23915-20256,http://pathdb.cancerimagingarchive.net/system/files/wsi/ross/Osteosarcoma-UT/converted/Osteosarcoma-UT/Training-Set-2/set8/Case-48-P5-C20-23915-20256.tiff,Case 48 - P5 C20-23915-20256,PENDING-IMAGES,PENDING-IMAGES,PENDING-IMAGES,Viable,VIABLE_TUMOR,,,Case-48,,TCIA Osteosarcoma-Tumor-Assessment DOI 10.7937/tcia.2019.bvhjhdas; PathDB collectionId 18 (updated 2023-12-01),PENDING-G2,
Case-48-P5-C20-28430-29841,http://pathdb.cancerimagingarchive.net/system/files/wsi/ross/Osteosarcoma-UT/converted/Osteosarcoma-UT/Training-Set-2/set9/Case-48-P5-C20-28430-29841.tiff,Case 48 - P5 C20-28430-29841,PENDING-IMAGES,PENDING-IMAGES,PENDING-IMAGES,Non-Tumor,NON_TUMOR,,,Case-48,,TCIA Osteosarcoma-Tumor-Assessment DOI 10.7937/tcia.2019.bvhjhdas; PathDB collectionId 18 (updated 2023-12-01),PENDING-G2,
Case-48-P5-C20-30894-20232,http://pathdb.cancerimagingarchive.net/system/files/wsi/ross/Osteosarcoma-UT/converted/Osteosarcoma-UT/Training-Set-2/set9/Case-48-P5-C20-30894-20232.tiff,Case 48 - P5 C20-30894-20232,PENDING-IMAGES,PENDING-IMAGES,PENDING-IMAGES,viable: non-viable,,,,Case-48,,TCIA Osteosarcoma-Tumor-Assessment DOI 10.7937/tcia.2019.bvhjhdas; PathDB collectionId 18 (updated 2023-12-01),FALSE,UNRESOLVED_LABEL:viable: non-viable
Case-48-P5-C20-32019-11742,http://pathdb.cancerimagingarchive.net/system/files/wsi/ross/Osteosarcoma-UT/converted/Osteosarcoma-UT/Training-Set-2/set9/Case-48-P5-C20-32019-11742.tiff,Case 48 - P5 C20-32019-11742,PENDING-IMAGES,PENDING-IMAGES,PENDING-IMAGES,viable: non-viable,,,,Case-48,,TCIA Osteosarcoma-Tumor-Assessment DOI 10.7937/tcia.2019.bvhjhdas; PathDB collectionId 18 (updated 2023-12-01),FALSE,UNRESOLVED_LABEL:viable: non-viable
Case-48-P5-C20-33672-6381,http://pathdb.cancerimagingarchive.net/system/files/wsi/ross/Osteosarcoma-UT/converted/Osteosarcoma-UT/Training-Set-2/set9/Case-48-P5-C20-33672-6381.tiff,Case 48 - P5 C20-33672-6381,PENDING-IMAGES,PENDING-IMAGES,PENDING-IMAGES,Viable,VIABLE_TUMOR,,,Case-48,,TCIA Osteosarcoma-Tumor-Assessment DOI 10.7937/tcia.2019.bvhjhdas; PathDB collectionId 18 (updated 2023-12-01),PENDING-G2,
Case-48-P5-C20-34597-27525,http://pathdb.cancerimagingarchive.net/system/files/wsi/ross/Osteosarcoma-UT/converted/Osteosarcoma-UT/Training-Set-1/set8/Case-48-P5-C20-34597-27525.tiff,Case 48 - P5 C20-34597-27525,PENDING-IMAGES,PENDING-IMAGES,PENDING-IMAGES,Viable,VIABLE_TUMOR,,,Case-48,,TCIA Osteosarcoma-Tumor-Assessment DOI 10.7937/tcia.2019.bvhjhdas; PathDB collectionId 18 (updated 2023-12-01),PENDING-G2,
Case-48-P5-C20-36537-9437,http://pathdb.cancerimagingarchive.net/system/files/wsi/ross/Osteosarcoma-UT/converted/Osteosarcoma-UT/Training-Set-1/set8/Case-48-P5-C20-36537-9437.tiff,Case 48 - P5 C20-36537-9437,PENDING-IMAGES,PENDING-IMAGES,PENDING-IMAGES,Viable,VIABLE_TUMOR,,,Case-48,,TCIA Osteosarcoma-Tumor-Assessment DOI 10.7937/tcia.2019.bvhjhdas; PathDB collectionId 18 (updated 2023-12-01),PENDING-G2,
Case-48-P5-C20-37287-24574,http://pathdb.cancerimagingarchive.net/system/files/wsi/ross/Osteosarcoma-UT/converted/Osteosarcoma-UT/Training-Set-1/set8/Case-48-P5-C20-37287-24574.tiff,Case 48 - P5 C20-37287-24574,PENDING-IMAGES,PENDING-IMAGES,PENDING-IMAGES,Viable,VIABLE_TUMOR,,,Case-48,,TCIA Osteosarcoma-Tumor-Assessment DOI 10.7937/tcia.2019.bvhjhdas; PathDB collectionId 18 (updated 2023-12-01),PENDING-G2,
Case-48-P5-C20-39704-11268,http://pathdb.cancerimagingarchive.net/system/files/wsi/ross/Osteosarcoma-UT/converted/Osteosarcoma-UT/Training-Set-1/set8/Case-48-P5-C20-39704-11268.tiff,Case 48 - P5 C20-39704-11268,PENDING-IMAGES,PENDING-IMAGES,PENDING-IMAGES,Viable,VIABLE_TUMOR,,,Case-48,,TCIA Osteosarcoma-Tumor-Assessment DOI 10.7937/tcia.2019.bvhjhdas; PathDB collectionId 18 (updated 2023-12-01),PENDING-G2,
Case-48-P5-C20-44108-28521,http://pathdb.cancerimagingarchive.net/system/files/wsi/ross/Osteosarcoma-UT/converted/Osteosarcoma-UT/Training-Set-1/set8/Case-48-P5-C20-44108-28521.tiff,Case 48 - P5 C20-44108-28521,PENDING-IMAGES,PENDING-IMAGES,PENDING-IMAGES,Non-Tumor,NON_TUMOR,,,Case-48,,TCIA Osteosarcoma-Tumor-Assessment DOI 10.7937/tcia.2019.bvhjhdas; PathDB collectionId 18 (updated 2023-12-01),PENDING-G2,
Case-48-P5-C20-45622-14695,http://pathdb.cancerimagingarchive.net/system/files/wsi/ross/Osteosarcoma-UT/converted/Osteosarcoma-UT/Training-Set-1/set8/Case-48-P5-C20-45622-14695.tiff,Case 48 - P5 C20-45622-14695,PENDING-IMAGES,PENDING-IMAGES,PENDING-IMAGES,Viable,VIABLE_TUMOR,,,Case-48,,TCIA Osteosarcoma-Tumor-Assessment DOI 10.7937/tcia.2019.bvhjhdas; PathDB collectionId 18 (updated 2023-12-01),PENDING-G2,
Case-48-P5-C20-46837-16405,http://pathdb.cancerimagingarchive.net/system/files/wsi/ross/Osteosarcoma-UT/converted/Osteosarcoma-UT/Training-Set-1/set8/Case-48-P5-C20-46837-16405.tiff,Case 48 - P5 C20-46837-16405,PENDING-IMAGES,PENDING-IMAGES,PENDING-IMAGES,Viable,VIABLE_TUMOR,,,Case-48,,TCIA Osteosarcoma-Tumor-Assessment DOI 10.7937/tcia.2019.bvhjhdas; PathDB collectionId 18 (updated 2023-12-01),PENDING-G2,
Case-48-P5-C20-47763-12780,http://pathdb.cancerimagingarchive.net/system/files/wsi/ross/Osteosarcoma-UT/converted/Osteosarcoma-UT/Training-Set-1/set8/Case-48-P5-C20-47763-12780.tiff,Case 48 - P5 C20-47763-12780,PENDING-IMAGES,PENDING-IMAGES,PENDING-IMAGES,Viable,VIABLE_TUMOR,,,Case-48,,TCIA Osteosarcoma-Tumor-Assessment DOI 10.7937/tcia.2019.bvhjhdas; PathDB collectionId 18 (updated 2023-12-01),PENDING-G2,
Case-48-P5-C20-51201-13842,http://pathdb.cancerimagingarchive.net/system/files/wsi/ross/Osteosarcoma-UT/converted/Osteosarcoma-UT/Training-Set-1/set8/Case-48-P5-C20-51201-13842.tiff,Case 48 - P5 C20-51201-13842,PENDING-IMAGES,PENDING-IMAGES,PENDING-IMAGES,Viable,VIABLE_TUMOR,,,Case-48,,TCIA Osteosarcoma-Tumor-Assessment DOI 10.7937/tcia.2019.bvhjhdas; PathDB collectionId 18 (updated 2023-12-01),PENDING-G2,
Case-48-P5-C20-51615-14123,http://pathdb.cancerimagingarchive.net/system/files/wsi/ross/Osteosarcoma-UT/converted/Osteosarcoma-UT/Training-Set-1/set8/Case-48-P5-C20-51615-14123.tiff,Case 48 - P5 C20-51615-14123,PENDING-IMAGES,PENDING-IMAGES,PENDING-IMAGES,Viable,VIABLE_TUMOR,,,Case-48,,TCIA Osteosarcoma-Tumor-Assessment DOI 10.7937/tcia.2019.bvhjhdas; PathDB collectionId 18 (updated 2023-12-01),PENDING-G2,
Case-48-P5-C20-52344-15596,http://pathdb.cancerimagingarchive.net/system/files/wsi/ross/Osteosarcoma-UT/converted/Osteosarcoma-UT/Training-Set-1/set8/Case-48-P5-C20-52344-15596.tiff,Case 48 - P5 C20-52344-15596,PENDING-IMAGES,PENDING-IMAGES,PENDING-IMAGES,Viable,VIABLE_TUMOR,,,Case-48,,TCIA Osteosarcoma-Tumor-Assessment DOI 10.7937/tcia.2019.bvhjhdas; PathDB collectionId 18 (updated 2023-12-01),PENDING-G2,
Case-48-P5-C20-52983-12499,http://pathdb.cancerimagingarchive.net/system/files/wsi/ross/Osteosarcoma-UT/converted/Osteosarcoma-UT/Training-Set-1/set8/Case-48-P5-C20-52983-12499.tiff,Case 48 - P5 C20-52983-12499,PENDING-IMAGES,PENDING-IMAGES,PENDING-IMAGES,Viable,VIABLE_TUMOR,,,Case-48,,TCIA Osteosarcoma-Tumor-Assessment DOI 10.7937/tcia.2019.bvhjhdas; PathDB collectionId 18 (updated 2023-12-01),PENDING-G2,
Case-48-P5-C20-53379-18032,http://pathdb.cancerimagingarchive.net/system/files/wsi/ross/Osteosarcoma-UT/converted/Osteosarcoma-UT/Training-Set-1/set8/Case-48-P5-C20-53379-18032.tiff,Case 48 - P5 C20-53379-18032,PENDING-IMAGES,PENDING-IMAGES,PENDING-IMAGES,Viable,VIABLE_TUMOR,,,Case-48,,TCIA Osteosarcoma-Tumor-Assessment DOI 10.7937/tcia.2019.bvhjhdas; PathDB collectionId 18 (updated 2023-12-01),PENDING-G2,
Case-48-P5-C20-54244-17885,http://pathdb.cancerimagingarchive.net/system/files/wsi/ross/Osteosarcoma-UT/converted/Osteosarcoma-UT/Training-Set-1/set8/Case-48-P5-C20-54244-17885.tiff,Case 48 - P5 C20-54244-17885,PENDING-IMAGES,PENDING-IMAGES,PENDING-IMAGES,Viable,VIABLE_TUMOR,,,Case-48,,TCIA Osteosarcoma-Tumor-Assessment DOI 10.7937/tcia.2019.bvhjhdas; PathDB collectionId 18 (updated 2023-12-01),PENDING-G2,
Case-48-P5-C20-7234-13196,http://pathdb.cancerimagingarchive.net/system/files/wsi/ross/Osteosarcoma-UT/converted/Osteosarcoma-UT/Training-Set-2/set9/Case-48-P5-C20-7234-13196.tiff,Case 48 - P5 C20-7234-13196,PENDING-IMAGES,PENDING-IMAGES,PENDING-IMAGES,Non-Tumor,NON_TUMOR,,,Case-48,,TCIA Osteosarcoma-Tumor-Assessment DOI 10.7937/tcia.2019.bvhjhdas; PathDB collectionId 18 (updated 2023-12-01),PENDING-G2,
Case-48-P5-C20-7949-14990,http://pathdb.cancerimagingarchive.net/system/files/wsi/ross/Osteosarcoma-UT/converted/Osteosarcoma-UT/Training-Set-2/set9/Case-48-P5-C20-7949-14990.tiff,Case 48 - P5 C20-7949-14990,PENDING-IMAGES,PENDING-IMAGES,PENDING-IMAGES,Non-Tumor,NON_TUMOR,,,Case-48,,TCIA Osteosarcoma-Tumor-Assessment DOI 10.7937/tcia.2019.bvhjhdas; PathDB collectionId 18 (updated 2023-12-01),PENDING-G2,
Case-48-P5-C20-8427-20401,http://pathdb.cancerimagingarchive.net/system/files/wsi/ross/Osteosarcoma-UT/converted/Osteosarcoma-UT/Training-Set-2/set9/Case-48-P5-C20-8427-20401.tiff,Case 48 - P5 C20-8427-20401,PENDING-IMAGES,PENDING-IMAGES,PENDING-IMAGES,Non-Tumor,NON_TUMOR,,,Case-48,,TCIA Osteosarcoma-Tumor-Assessment DOI 10.7937/tcia.2019.bvhjhdas; PathDB collectionId 18 (updated 2023-12-01),PENDING-G2,
Case-48-P5-C20-8674-13881,http://pathdb.cancerimagingarchive.net/system/files/wsi/ross/Osteosarcoma-UT/converted/Osteosarcoma-UT/Training-Set-2/set9/Case-48-P5-C20-8674-13881.tiff,Case 48 - P5 C20-8674-13881,PENDING-IMAGES,PENDING-IMAGES,PENDING-IMAGES,Viable,VIABLE_TUMOR,,,Case-48,,TCIA Osteosarcoma-Tumor-Assessment DOI 10.7937/tcia.2019.bvhjhdas; PathDB collectionId 18 (updated 2023-12-01),PENDING-G2,
Case-48-P5-C20-9712-22991,http://pathdb.cancerimagingarchive.net/system/files/wsi/ross/Osteosarcoma-UT/converted/Osteosarcoma-UT/Training-Set-2/set9/Case-48-P5-C20-9712-22991.tiff,Case 48 - P5 C20-9712-22991,PENDING-IMAGES,PENDING-IMAGES,PENDING-IMAGES,Non-Tumor,NON_TUMOR,,,Case-48,,TCIA Osteosarcoma-Tumor-Assessment DOI 10.7937/tcia.2019.bvhjhdas; PathDB collectionId 18 (updated 2023-12-01),PENDING-G2,
Case-48-P5-C21-10548-16103,http://pathdb.cancerimagingarchive.net/system/files/wsi/ross/Osteosarcoma-UT/converted/Osteosarcoma-UT/Training-Set-2/set9/Case-48-P5-C21-10548-16103.tiff,Case 48 - P5 C21-10548-16103,PENDING-IMAGES,PENDING-IMAGES,PENDING-IMAGES,Viable,VIABLE_TUMOR,,,Case-48,,TCIA Osteosarcoma-Tumor-Assessment DOI 10.7937/tcia.2019.bvhjhdas; PathDB collectionId 18 (updated 2023-12-01),PENDING-G2,
Case-48-P5-C21-12077-14707,http://pathdb.cancerimagingarchive.net/system/files/wsi/ross/Osteosarcoma-UT/converted/Osteosarcoma-UT/Training-Set-2/set9/Case-48-P5-C21-12077-14707.tiff,Case 48 - P5 C21-12077-14707,PENDING-IMAGES,PENDING-IMAGES,PENDING-IMAGES,Viable,VIABLE_TUMOR,,,Case-48,,TCIA Osteosarcoma-Tumor-Assessment DOI 10.7937/tcia.2019.bvhjhdas; PathDB collectionId 18 (updated 2023-12-01),PENDING-G2,
Case-48-P5-C21-16402-14274,http://pathdb.cancerimagingarchive.net/system/files/wsi/ross/Osteosarcoma-UT/converted/Osteosarcoma-UT/Training-Set-2/set9/Case-48-P5-C21-16402-14274.tiff,Case 48 - P5 C21-16402-14274,PENDING-IMAGES,PENDING-IMAGES,PENDING-IMAGES,Viable,VIABLE_TUMOR,,,Case-48,,TCIA Osteosarcoma-Tumor-Assessment DOI 10.7937/tcia.2019.bvhjhdas; PathDB collectionId 18 (updated 2023-12-01),PENDING-G2,
Case-48-P5-C21-17366-10237,http://pathdb.cancerimagingarchive.net/system/files/wsi/ross/Osteosarcoma-UT/converted/Osteosarcoma-UT/Training-Set-2/set9/Case-48-P5-C21-17366-10237.tiff,Case 48 - P5 C21-17366-10237,PENDING-IMAGES,PENDING-IMAGES,PENDING-IMAGES,Viable,VIABLE_TUMOR,,,Case-48,,TCIA Osteosarcoma-Tumor-Assessment DOI 10.7937/tcia.2019.bvhjhdas; PathDB collectionId 18 (updated 2023-12-01),PENDING-G2,
Case-48-P5-C21-19402-23915,http://pathdb.cancerimagingarchive.net/system/files/wsi/ross/Osteosarcoma-UT/converted/Osteosarcoma-UT/Training-Set-2/set9/Case-48-P5-C21-19402-23915.tiff,Case 48 - P5 C21-19402-23915,PENDING-IMAGES,PENDING-IMAGES,PENDING-IMAGES,Non-Tumor,NON_TUMOR,,,Case-48,,TCIA Osteosarcoma-Tumor-Assessment DOI 10.7937/tcia.2019.bvhjhdas; PathDB collectionId 18 (updated 2023-12-01),PENDING-G2,
Case-48-P5-C21-19527-27711,http://pathdb.cancerimagingarchive.net/system/files/wsi/ross/Osteosarcoma-UT/converted/Osteosarcoma-UT/Training-Set-2/set9/Case-48-P5-C21-19527-27711.tiff,Case 48 - P5 C21-19527-27711,PENDING-IMAGES,PENDING-IMAGES,PENDING-IMAGES,Non-Tumor,NON_TUMOR,,,Case-48,,TCIA Osteosarcoma-Tumor-Assessment DOI 10.7937/tcia.2019.bvhjhdas; PathDB collectionId 18 (updated 2023-12-01),PENDING-G2,
Case-48-P5-C21-22691-12407,http://pathdb.cancerimagingarchive.net/system/files/wsi/ross/Osteosarcoma-UT/converted/Osteosarcoma-UT/Training-Set-2/set9/Case-48-P5-C21-22691-12407.tiff,Case 48 - P5 C21-22691-12407,PENDING-IMAGES,PENDING-IMAGES,PENDING-IMAGES,Viable,VIABLE_TUMOR,,,Case-48,,TCIA Osteosarcoma-Tumor-Assessment DOI 10.7937/tcia.2019.bvhjhdas; PathDB collectionId 18 (updated 2023-12-01),PENDING-G2,
Case-48-P5-C21-23229-19992,http://pathdb.cancerimagingarchive.net/system/files/wsi/ross/Osteosarcoma-UT/converted/Osteosarcoma-UT/Training-Set-2/set9/Case-48-P5-C21-23229-19992.tiff,Case 48 - P5 C21-23229-19992,PENDING-IMAGES,PENDING-IMAGES,PENDING-IMAGES,Viable,VIABLE_TUMOR,,,Case-48,,TCIA Osteosarcoma-Tumor-Assessment DOI 10.7937/tcia.2019.bvhjhdas; PathDB collectionId 18 (updated 2023-12-01),PENDING-G2,
Case-48-P5-C21-25947-25506,http://pathdb.cancerimagingarchive.net/system/files/wsi/ross/Osteosarcoma-UT/converted/Osteosarcoma-UT/Training-Set-2/set9/Case-48-P5-C21-25947-25506.tiff,Case 48 - P5 C21-25947-25506,PENDING-IMAGES,PENDING-IMAGES,PENDING-IMAGES,Viable,VIABLE_TUMOR,,,Case-48,,TCIA Osteosarcoma-Tumor-Assessment DOI 10.7937/tcia.2019.bvhjhdas; PathDB collectionId 18 (updated 2023-12-01),PENDING-G2,
Case-48-P5-C21-28107-32141,http://pathdb.cancerimagingarchive.net/system/files/wsi/ross/Osteosarcoma-UT/converted/Osteosarcoma-UT/Training-Set-2/set9/Case-48-P5-C21-28107-32141.tiff,Case 48 - P5 C21-28107-32141,PENDING-IMAGES,PENDING-IMAGES,PENDING-IMAGES,Non-Tumor,NON_TUMOR,,,Case-48,,TCIA Osteosarcoma-Tumor-Assessment DOI 10.7937/tcia.2019.bvhjhdas; PathDB collectionId 18 (updated 2023-12-01),PENDING-G2,
Case-48-P5-C21-28225-10553,http://pathdb.cancerimagingarchive.net/system/files/wsi/ross/Osteosarcoma-UT/converted/Osteosarcoma-UT/Training-Set-2/set9/Case-48-P5-C21-28225-10553.tiff,Case 48 - P5 C21-28225-10553,PENDING-IMAGES,PENDING-IMAGES,PENDING-IMAGES,viable: non-viable,,,,Case-48,,TCIA Osteosarcoma-Tumor-Assessment DOI 10.7937/tcia.2019.bvhjhdas; PathDB collectionId 18 (updated 2023-12-01),FALSE,UNRESOLVED_LABEL:viable: non-viable
Case-48-P5-C21-35299-19753,http://pathdb.cancerimagingarchive.net/system/files/wsi/ross/Osteosarcoma-UT/converted/Osteosarcoma-UT/Training-Set-2/set9/Case-48-P5-C21-35299-19753.tiff,Case 48 - P5 C21-35299-19753,PENDING-IMAGES,PENDING-IMAGES,PENDING-IMAGES,Viable,VIABLE_TUMOR,,,Case-48,,TCIA Osteosarcoma-Tumor-Assessment DOI 10.7937/tcia.2019.bvhjhdas; PathDB collectionId 18 (updated 2023-12-01),PENDING-G2,
Case-48-P5-C21-35903-16346,http://pathdb.cancerimagingarchive.net/system/files/wsi/ross/Osteosarcoma-UT/converted/Osteosarcoma-UT/Training-Set-2/set9/Case-48-P5-C21-35903-16346.tiff,Case 48 - P5 C21-35903-16346,PENDING-IMAGES,PENDING-IMAGES,PENDING-IMAGES,Viable,VIABLE_TUMOR,,,Case-48,,TCIA Osteosarcoma-Tumor-Assessment DOI 10.7937/tcia.2019.bvhjhdas; PathDB collectionId 18 (updated 2023-12-01),PENDING-G2,
Case-48-P5-C21-36006-23109,http://pathdb.cancerimagingarchive.net/system/files/wsi/ross/Osteosarcoma-UT/converted/Osteosarcoma-UT/Training-Set-2/set9/Case-48-P5-C21-36006-23109.tiff,Case 48 - P5 C21-36006-23109,PENDING-IMAGES,PENDING-IMAGES,PENDING-IMAGES,Viable,VIABLE_TUMOR,,,Case-48,,TCIA Osteosarcoma-Tumor-Assessment DOI 10.7937/tcia.2019.bvhjhdas; PathDB collectionId 18 (updated 2023-12-01),PENDING-G2,
Case-48-P5-C21-38065-16064,http://pathdb.cancerimagingarchive.net/system/files/wsi/ross/Osteosarcoma-UT/converted/Osteosarcoma-UT/Training-Set-2/set9/Case-48-P5-C21-38065-16064.tiff,Case 48 - P5 C21-38065-16064,PENDING-IMAGES,PENDING-IMAGES,PENDING-IMAGES,Viable,VIABLE_TUMOR,,,Case-48,,TCIA Osteosarcoma-Tumor-Assessment DOI 10.7937/tcia.2019.bvhjhdas; PathDB collectionId 18 (updated 2023-12-01),PENDING-G2,
Case-48-P5-C21-40591-33043,http://pathdb.cancerimagingarchive.net/system/files/wsi/ross/Osteosarcoma-UT/converted/Osteosarcoma-UT/Training-Set-1/set8/Case-48-P5-C21-40591-33043.tiff,Case 48 - P5 C21-40591-33043,PENDING-IMAGES,PENDING-IMAGES,PENDING-IMAGES,Non-Tumor,NON_TUMOR,,,Case-48,,TCIA Osteosarcoma-Tumor-Assessment DOI 10.7937/tcia.2019.bvhjhdas; PathDB collectionId 18 (updated 2023-12-01),PENDING-G2,
Case-48-P5-C21-40791-19023,http://pathdb.cancerimagingarchive.net/system/files/wsi/ross/Osteosarcoma-UT/converted/Osteosarcoma-UT/Training-Set-1/set8/Case-48-P5-C21-40791-19023.tiff,Case 48 - P5 C21-40791-19023,PENDING-IMAGES,PENDING-IMAGES,PENDING-IMAGES,Viable,VIABLE_TUMOR,,,Case-48,,TCIA Osteosarcoma-Tumor-Assessment DOI 10.7937/tcia.2019.bvhjhdas; PathDB collectionId 18 (updated 2023-12-01),PENDING-G2,
Case-48-P5-C21-41788-27797,http://pathdb.cancerimagingarchive.net/system/files/wsi/ross/Osteosarcoma-UT/converted/Osteosarcoma-UT/Training-Set-1/set8/Case-48-P5-C21-41788-27797.tiff,Case 48 - P5 C21-41788-27797,PENDING-IMAGES,PENDING-IMAGES,PENDING-IMAGES,Viable,VIABLE_TUMOR,,,Case-48,,TCIA Osteosarcoma-Tumor-Assessment DOI 10.7937/tcia.2019.bvhjhdas; PathDB collectionId 18 (updated 2023-12-01),PENDING-G2,
Case-48-P5-C21-43325-2248,http://pathdb.cancerimagingarchive.net/system/files/wsi/ross/Osteosarcoma-UT/converted/Osteosarcoma-UT/Training-Set-1/set8/Case-48-P5-C21-43325-2248.tiff,Case 48 - P5 C21-43325-2248,PENDING-IMAGES,PENDING-IMAGES,PENDING-IMAGES,Viable,VIABLE_TUMOR,,,Case-48,,TCIA Osteosarcoma-Tumor-Assessment DOI 10.7937/tcia.2019.bvhjhdas; PathDB collectionId 18 (updated 2023-12-01),PENDING-G2,
Case-48-P5-C21-45322-31087,http://pathdb.cancerimagingarchive.net/system/files/wsi/ross/Osteosarcoma-UT/converted/Osteosarcoma-UT/Training-Set-1/set8/Case-48-P5-C21-45322-31087.tiff,Case 48 - P5 C21-45322-31087,PENDING-IMAGES,PENDING-IMAGES,PENDING-IMAGES,Non-Tumor,NON_TUMOR,,,Case-48,,TCIA Osteosarcoma-Tumor-Assessment DOI 10.7937/tcia.2019.bvhjhdas; PathDB collectionId 18 (updated 2023-12-01),PENDING-G2,
Case-48-P5-C21-45348-15985,http://pathdb.cancerimagingarchive.net/system/files/wsi/ross/Osteosarcoma-UT/converted/Osteosarcoma-UT/Training-Set-1/set8/Case-48-P5-C21-45348-15985.tiff,Case 48 - P5 C21-45348-15985,PENDING-IMAGES,PENDING-IMAGES,PENDING-IMAGES,Viable,VIABLE_TUMOR,,,Case-48,,TCIA Osteosarcoma-Tumor-Assessment DOI 10.7937/tcia.2019.bvhjhdas; PathDB collectionId 18 (updated 2023-12-01),PENDING-G2,
Case-48-P5-C21-45909-8019,http://pathdb.cancerimagingarchive.net/system/files/wsi/ross/Osteosarcoma-UT/converted/Osteosarcoma-UT/Training-Set-1/set8/Case-48-P5-C21-45909-8019.tiff,Case 48 - P5 C21-45909-8019,PENDING-IMAGES,PENDING-IMAGES,PENDING-IMAGES,Viable,VIABLE_TUMOR,,,Case-48,,TCIA Osteosarcoma-Tumor-Assessment DOI 10.7937/tcia.2019.bvhjhdas; PathDB collectionId 18 (updated 2023-12-01),PENDING-G2,
Case-48-P5-C21-46100-29884,http://pathdb.cancerimagingarchive.net/system/files/wsi/ross/Osteosarcoma-UT/converted/Osteosarcoma-UT/Training-Set-1/set8/Case-48-P5-C21-46100-29884.tiff,Case 48 - P5 C21-46100-29884,PENDING-IMAGES,PENDING-IMAGES,PENDING-IMAGES,Non-Tumor,NON_TUMOR,,,Case-48,,TCIA Osteosarcoma-Tumor-Assessment DOI 10.7937/tcia.2019.bvhjhdas; PathDB collectionId 18 (updated 2023-12-01),PENDING-G2,
Case-48-P5-C21-46692-23838,http://pathdb.cancerimagingarchive.net/system/files/wsi/ross/Osteosarcoma-UT/converted/Osteosarcoma-UT/Training-Set-1/set8/Case-48-P5-C21-46692-23838.tiff,Case 48 - P5 C21-46692-23838,PENDING-IMAGES,PENDING-IMAGES,PENDING-IMAGES,Viable,VIABLE_TUMOR,,,Case-48,,TCIA Osteosarcoma-Tumor-Assessment DOI 10.7937/tcia.2019.bvhjhdas; PathDB collectionId 18 (updated 2023-12-01),PENDING-G2,
Case-48-P5-C21-48446-3802,http://pathdb.cancerimagingarchive.net/system/files/wsi/ross/Osteosarcoma-UT/converted/Osteosarcoma-UT/Training-Set-1/set8/Case-48-P5-C21-48446-3802.tiff,Case 48 - P5 C21-48446-3802,PENDING-IMAGES,PENDING-IMAGES,PENDING-IMAGES,Viable,VIABLE_TUMOR,,,Case-48,,TCIA Osteosarcoma-Tumor-Assessment DOI 10.7937/tcia.2019.bvhjhdas; PathDB collectionId 18 (updated 2023-12-01),PENDING-G2,
Case-48-P5-C21-50643-22090,http://pathdb.cancerimagingarchive.net/system/files/wsi/ross/Osteosarcoma-UT/converted/Osteosarcoma-UT/Training-Set-1/set8/Case-48-P5-C21-50643-22090.tiff,Case 48 - P5 C21-50643-22090,PENDING-IMAGES,PENDING-IMAGES,PENDING-IMAGES,Viable,VIABLE_TUMOR,,,Case-48,,TCIA Osteosarcoma-Tumor-Assessment DOI 10.7937/tcia.2019.bvhjhdas; PathDB collectionId 18 (updated 2023-12-01),PENDING-G2,
Case-48-P5-C21-51030-28827,http://pathdb.cancerimagingarchive.net/system/files/wsi/ross/Osteosarcoma-UT/converted/Osteosarcoma-UT/Training-Set-1/set9/Case-48-P5-C21-51030-28827.tiff,Case 48 - P5 C21-51030-28827,PENDING-IMAGES,PENDING-IMAGES,PENDING-IMAGES,Non-Tumor,NON_TUMOR,,,Case-48,,TCIA Osteosarcoma-Tumor-Assessment DOI 10.7937/tcia.2019.bvhjhdas; PathDB collectionId 18 (updated 2023-12-01),PENDING-G2,
Case-48-P5-C21-52961-18393,http://pathdb.cancerimagingarchive.net/system/files/wsi/ross/Osteosarcoma-UT/converted/Osteosarcoma-UT/Training-Set-1/set9/Case-48-P5-C21-52961-18393.tiff,Case 48 - P5 C21-52961-18393,PENDING-IMAGES,PENDING-IMAGES,PENDING-IMAGES,Viable,VIABLE_TUMOR,,,Case-48,,TCIA Osteosarcoma-Tumor-Assessment DOI 10.7937/tcia.2019.bvhjhdas; PathDB collectionId 18 (updated 2023-12-01),PENDING-G2,
Case-48-P5-C21-8898-15670,http://pathdb.cancerimagingarchive.net/system/files/wsi/ross/Osteosarcoma-UT/converted/Osteosarcoma-UT/Training-Set-2/set9/Case-48-P5-C21-8898-15670.tiff,Case 48 - P5 C21-8898-15670,PENDING-IMAGES,PENDING-IMAGES,PENDING-IMAGES,Non-Tumor,NON_TUMOR,,,Case-48,,TCIA Osteosarcoma-Tumor-Assessment DOI 10.7937/tcia.2019.bvhjhdas; PathDB collectionId 18 (updated 2023-12-01),PENDING-G2,
Case-48-P5-C22-10542-19412,http://pathdb.cancerimagingarchive.net/system/files/wsi/ross/Osteosarcoma-UT/converted/Osteosarcoma-UT/Training-Set-2/set9/Case-48-P5-C22-10542-19412.tiff,Case 48 - P5 C22-10542-19412,PENDING-IMAGES,PENDING-IMAGES,PENDING-IMAGES,Non-Tumor,NON_TUMOR,,,Case-48,,TCIA Osteosarcoma-Tumor-Assessment DOI 10.7937/tcia.2019.bvhjhdas; PathDB collectionId 18 (updated 2023-12-01),PENDING-G2,
Case-48-P5-C22-13977-20055,http://pathdb.cancerimagingarchive.net/system/files/wsi/ross/Osteosarcoma-UT/converted/Osteosarcoma-UT/Training-Set-2/set9/Case-48-P5-C22-13977-20055.tiff,Case 48 - P5 C22-13977-20055,PENDING-IMAGES,PENDING-IMAGES,PENDING-IMAGES,Non-Tumor,NON_TUMOR,,,Case-48,,TCIA Osteosarcoma-Tumor-Assessment DOI 10.7937/tcia.2019.bvhjhdas; PathDB collectionId 18 (updated 2023-12-01),PENDING-G2,
Case-48-P5-C22-14392-22302,http://pathdb.cancerimagingarchive.net/system/files/wsi/ross/Osteosarcoma-UT/converted/Osteosarcoma-UT/Training-Set-2/set9/Case-48-P5-C22-14392-22302.tiff,Case 48 - P5 C22-14392-22302,PENDING-IMAGES,PENDING-IMAGES,PENDING-IMAGES,Non-Tumor,NON_TUMOR,,,Case-48,,TCIA Osteosarcoma-Tumor-Assessment DOI 10.7937/tcia.2019.bvhjhdas; PathDB collectionId 18 (updated 2023-12-01),PENDING-G2,
Case-48-P5-C22-14726-13837,http://pathdb.cancerimagingarchive.net/system/files/wsi/ross/Osteosarcoma-UT/converted/Osteosarcoma-UT/Training-Set-2/set9/Case-48-P5-C22-14726-13837.tiff,Case 48 - P5 C22-14726-13837,PENDING-IMAGES,PENDING-IMAGES,PENDING-IMAGES,Viable,VIABLE_TUMOR,,,Case-48,,TCIA Osteosarcoma-Tumor-Assessment DOI 10.7937/tcia.2019.bvhjhdas; PathDB collectionId 18 (updated 2023-12-01),PENDING-G2,
Case-48-P5-C22-17464-9867,http://pathdb.cancerimagingarchive.net/system/files/wsi/ross/Osteosarcoma-UT/converted/Osteosarcoma-UT/Training-Set-2/set9/Case-48-P5-C22-17464-9867.tiff,Case 48 - P5 C22-17464-9867,PENDING-IMAGES,PENDING-IMAGES,PENDING-IMAGES,Viable,VIABLE_TUMOR,,,Case-48,,TCIA Osteosarcoma-Tumor-Assessment DOI 10.7937/tcia.2019.bvhjhdas; PathDB collectionId 18 (updated 2023-12-01),PENDING-G2,
Case-48-P5-C22-21419-13624,http://pathdb.cancerimagingarchive.net/system/files/wsi/ross/Osteosarcoma-UT/converted/Osteosarcoma-UT/Training-Set-2/set9/Case-48-P5-C22-21419-13624.tiff,Case 48 - P5 C22-21419-13624,PENDING-IMAGES,PENDING-IMAGES,PENDING-IMAGES,viable: non-viable,,,,Case-48,,TCIA Osteosarcoma-Tumor-Assessment DOI 10.7937/tcia.2019.bvhjhdas; PathDB collectionId 18 (updated 2023-12-01),FALSE,UNRESOLVED_LABEL:viable: non-viable
Case-48-P5-C22-25507-14943,http://pathdb.cancerimagingarchive.net/system/files/wsi/ross/Osteosarcoma-UT/converted/Osteosarcoma-UT/Training-Set-2/set9/Case-48-P5-C22-25507-14943.tiff,Case 48 - P5 C22-25507-14943,PENDING-IMAGES,PENDING-IMAGES,PENDING-IMAGES,Viable,VIABLE_TUMOR,,,Case-48,,TCIA Osteosarcoma-Tumor-Assessment DOI 10.7937/tcia.2019.bvhjhdas; PathDB collectionId 18 (updated 2023-12-01),PENDING-G2,
Case-48-P5-C22-26068-19668,http://pathdb.cancerimagingarchive.net/system/files/wsi/ross/Osteosarcoma-UT/converted/Osteosarcoma-UT/Training-Set-2/set9/Case-48-P5-C22-26068-19668.tiff,Case 48 - P5 C22-26068-19668,PENDING-IMAGES,PENDING-IMAGES,PENDING-IMAGES,Viable,VIABLE_TUMOR,,,Case-48,,TCIA Osteosarcoma-Tumor-Assessment DOI 10.7937/tcia.2019.bvhjhdas; PathDB collectionId 18 (updated 2023-12-01),PENDING-G2,
Case-48-P5-C22-29420-12082,http://pathdb.cancerimagingarchive.net/system/files/wsi/ross/Osteosarcoma-UT/converted/Osteosarcoma-UT/Training-Set-2/set9/Case-48-P5-C22-29420-12082.tiff,Case 48 - P5 C22-29420-12082,PENDING-IMAGES,PENDING-IMAGES,PENDING-IMAGES,viable: non-viable,,,,Case-48,,TCIA Osteosarcoma-Tumor-Assessment DOI 10.7937/tcia.2019.bvhjhdas; PathDB collectionId 18 (updated 2023-12-01),FALSE,UNRESOLVED_LABEL:viable: non-viable
Case-48-P5-C22-29810-28152,http://pathdb.cancerimagingarchive.net/system/files/wsi/ross/Osteosarcoma-UT/converted/Osteosarcoma-UT/Training-Set-2/set9/Case-48-P5-C22-29810-28152.tiff,Case 48 - P5 C22-29810-28152,PENDING-IMAGES,PENDING-IMAGES,PENDING-IMAGES,Non-Tumor,NON_TUMOR,,,Case-48,,TCIA Osteosarcoma-Tumor-Assessment DOI 10.7937/tcia.2019.bvhjhdas; PathDB collectionId 18 (updated 2023-12-01),PENDING-G2,
Case-48-P5-C22-33153-19473,http://pathdb.cancerimagingarchive.net/system/files/wsi/ross/Osteosarcoma-UT/converted/Osteosarcoma-UT/Training-Set-2/set9/Case-48-P5-C22-33153-19473.tiff,Case 48 - P5 C22-33153-19473,PENDING-IMAGES,PENDING-IMAGES,PENDING-IMAGES,Viable,VIABLE_TUMOR,,,Case-48,,TCIA Osteosarcoma-Tumor-Assessment DOI 10.7937/tcia.2019.bvhjhdas; PathDB collectionId 18 (updated 2023-12-01),PENDING-G2,
Case-48-P5-C22-33543-8004,http://pathdb.cancerimagingarchive.net/system/files/wsi/ross/Osteosarcoma-UT/converted/Osteosarcoma-UT/Training-Set-2/set9/Case-48-P5-C22-33543-8004.tiff,Case 48 - P5 C22-33543-8004,PENDING-IMAGES,PENDING-IMAGES,PENDING-IMAGES,Viable,VIABLE_TUMOR,,,Case-48,,TCIA Osteosarcoma-Tumor-Assessment DOI 10.7937/tcia.2019.bvhjhdas; PathDB collectionId 18 (updated 2023-12-01),PENDING-G2,
Case-48-P5-C22-33640-5373,http://pathdb.cancerimagingarchive.net/system/files/wsi/ross/Osteosarcoma-UT/converted/Osteosarcoma-UT/Training-Set-2/set9/Case-48-P5-C22-33640-5373.tiff,Case 48 - P5 C22-33640-5373,PENDING-IMAGES,PENDING-IMAGES,PENDING-IMAGES,Viable,VIABLE_TUMOR,,,Case-48,,TCIA Osteosarcoma-Tumor-Assessment DOI 10.7937/tcia.2019.bvhjhdas; PathDB collectionId 18 (updated 2023-12-01),PENDING-G2,
Case-48-P5-C22-34058-4542,http://pathdb.cancerimagingarchive.net/system/files/wsi/ross/Osteosarcoma-UT/converted/Osteosarcoma-UT/Training-Set-2/set9/Case-48-P5-C22-34058-4542.tiff,Case 48 - P5 C22-34058-4542,PENDING-IMAGES,PENDING-IMAGES,PENDING-IMAGES,Viable,VIABLE_TUMOR,,,Case-48,,TCIA Osteosarcoma-Tumor-Assessment DOI 10.7937/tcia.2019.bvhjhdas; PathDB collectionId 18 (updated 2023-12-01),PENDING-G2,
Case-48-P5-C22-35024-20347,http://pathdb.cancerimagingarchive.net/system/files/wsi/ross/Osteosarcoma-UT/converted/Osteosarcoma-UT/Training-Set-2/set9/Case-48-P5-C22-35024-20347.tiff,Case 48 - P5 C22-35024-20347,PENDING-IMAGES,PENDING-IMAGES,PENDING-IMAGES,viable: non-viable,,,,Case-48,,TCIA Osteosarcoma-Tumor-Assessment DOI 10.7937/tcia.2019.bvhjhdas; PathDB collectionId 18 (updated 2023-12-01),FALSE,UNRESOLVED_LABEL:viable: non-viable
Case-48-P5-C22-41496-16304,http://pathdb.cancerimagingarchive.net/system/files/wsi/ross/Osteosarcoma-UT/converted/Osteosarcoma-UT/Training-Set-1/set9/Case-48-P5-C22-41496-16304.tiff,Case 48 - P5 C22-41496-16304,PENDING-IMAGES,PENDING-IMAGES,PENDING-IMAGES,Viable,VIABLE_TUMOR,,,Case-48,,TCIA Osteosarcoma-Tumor-Assessment DOI 10.7937/tcia.2019.bvhjhdas; PathDB collectionId 18 (updated 2023-12-01),PENDING-G2,
Case-48-P5-C22-45202-17053,http://pathdb.cancerimagingarchive.net/system/files/wsi/ross/Osteosarcoma-UT/converted/Osteosarcoma-UT/Training-Set-1/set9/Case-48-P5-C22-45202-17053.tiff,Case 48 - P5 C22-45202-17053,PENDING-IMAGES,PENDING-IMAGES,PENDING-IMAGES,Viable,VIABLE_TUMOR,,,Case-48,,TCIA Osteosarcoma-Tumor-Assessment DOI 10.7937/tcia.2019.bvhjhdas; PathDB collectionId 18 (updated 2023-12-01),PENDING-G2,
Case-48-P5-C22-45260-4742,http://pathdb.cancerimagingarchive.net/system/files/wsi/ross/Osteosarcoma-UT/converted/Osteosarcoma-UT/Training-Set-1/set9/Case-48-P5-C22-45260-4742.tiff,Case 48 - P5 C22-45260-4742,PENDING-IMAGES,PENDING-IMAGES,PENDING-IMAGES,Viable,VIABLE_TUMOR,,,Case-48,,TCIA Osteosarcoma-Tumor-Assessment DOI 10.7937/tcia.2019.bvhjhdas; PathDB collectionId 18 (updated 2023-12-01),PENDING-G2,
Case-48-P5-C22-45517-9307,http://pathdb.cancerimagingarchive.net/system/files/wsi/ross/Osteosarcoma-UT/converted/Osteosarcoma-UT/Training-Set-1/set9/Case-48-P5-C22-45517-9307.tiff,Case 48 - P5 C22-45517-9307,PENDING-IMAGES,PENDING-IMAGES,PENDING-IMAGES,Viable,VIABLE_TUMOR,,,Case-48,,TCIA Osteosarcoma-Tumor-Assessment DOI 10.7937/tcia.2019.bvhjhdas; PathDB collectionId 18 (updated 2023-12-01),PENDING-G2,
Case-48-P5-C22-45776-7378,http://pathdb.cancerimagingarchive.net/system/files/wsi/ross/Osteosarcoma-UT/converted/Osteosarcoma-UT/Training-Set-1/set9/Case-48-P5-C22-45776-7378.tiff,Case 48 - P5 C22-45776-7378,PENDING-IMAGES,PENDING-IMAGES,PENDING-IMAGES,Viable,VIABLE_TUMOR,,,Case-48,,TCIA Osteosarcoma-Tumor-Assessment DOI 10.7937/tcia.2019.bvhjhdas; PathDB collectionId 18 (updated 2023-12-01),PENDING-G2,
Case-48-P5-C22-45824-16584,http://pathdb.cancerimagingarchive.net/system/files/wsi/ross/Osteosarcoma-UT/converted/Osteosarcoma-UT/Training-Set-1/set9/Case-48-P5-C22-45824-16584.tiff,Case 48 - P5 C22-45824-16584,PENDING-IMAGES,PENDING-IMAGES,PENDING-IMAGES,Viable,VIABLE_TUMOR,,,Case-48,,TCIA Osteosarcoma-Tumor-Assessment DOI 10.7937/tcia.2019.bvhjhdas; PathDB collectionId 18 (updated 2023-12-01),PENDING-G2,
Case-48-P5-C22-46134-22320,http://pathdb.cancerimagingarchive.net/system/files/wsi/ross/Osteosarcoma-UT/converted/Osteosarcoma-UT/Training-Set-1/set9/Case-48-P5-C22-46134-22320.tiff,Case 48 - P5 C22-46134-22320,PENDING-IMAGES,PENDING-IMAGES,PENDING-IMAGES,Viable,VIABLE_TUMOR,,,Case-48,,TCIA Osteosarcoma-Tumor-Assessment DOI 10.7937/tcia.2019.bvhjhdas; PathDB collectionId 18 (updated 2023-12-01),PENDING-G2,
Case-48-P5-C22-46689-25261,http://pathdb.cancerimagingarchive.net/system/files/wsi/ross/Osteosarcoma-UT/converted/Osteosarcoma-UT/Training-Set-1/set9/Case-48-P5-C22-46689-25261.tiff,Case 48 - P5 C22-46689-25261,PENDING-IMAGES,PENDING-IMAGES,PENDING-IMAGES,Viable,VIABLE_TUMOR,,,Case-48,,TCIA Osteosarcoma-Tumor-Assessment DOI 10.7937/tcia.2019.bvhjhdas; PathDB collectionId 18 (updated 2023-12-01),PENDING-G2,
Case-48-P5-C22-47843-3919,http://pathdb.cancerimagingarchive.net/system/files/wsi/ross/Osteosarcoma-UT/converted/Osteosarcoma-UT/Training-Set-1/set9/Case-48-P5-C22-47843-3919.tiff,Case 48 - P5 C22-47843-3919,PENDING-IMAGES,PENDING-IMAGES,PENDING-IMAGES,Viable,VIABLE_TUMOR,,,Case-48,,TCIA Osteosarcoma-Tumor-Assessment DOI 10.7937/tcia.2019.bvhjhdas; PathDB collectionId 18 (updated 2023-12-01),PENDING-G2,
Case-48-P5-C22-4801-12473,http://pathdb.cancerimagingarchive.net/system/files/wsi/ross/Osteosarcoma-UT/converted/Osteosarcoma-UT/Training-Set-2/set9/Case-48-P5-C22-4801-12473.tiff,Case 48 - P5 C22-4801-12473,PENDING-IMAGES,PENDING-IMAGES,PENDING-IMAGES,Non-Tumor,NON_TUMOR,,,Case-48,,TCIA Osteosarcoma-Tumor-Assessment DOI 10.7937/tcia.2019.bvhjhdas; PathDB collectionId 18 (updated 2023-12-01),PENDING-G2,
Case-48-P5-C22-48383-3948,http://pathdb.cancerimagingarchive.net/system/files/wsi/ross/Osteosarcoma-UT/converted/Osteosarcoma-UT/Training-Set-1/set9/Case-48-P5-C22-48383-3948.tiff,Case 48 - P5 C22-48383-3948,PENDING-IMAGES,PENDING-IMAGES,PENDING-IMAGES,Viable,VIABLE_TUMOR,,,Case-48,,TCIA Osteosarcoma-Tumor-Assessment DOI 10.7937/tcia.2019.bvhjhdas; PathDB collectionId 18 (updated 2023-12-01),PENDING-G2,
Case-48-P5-C22-50594-23644,http://pathdb.cancerimagingarchive.net/system/files/wsi/ross/Osteosarcoma-UT/converted/Osteosarcoma-UT/Training-Set-1/set9/Case-48-P5-C22-50594-23644.tiff,Case 48 - P5 C22-50594-23644,PENDING-IMAGES,PENDING-IMAGES,PENDING-IMAGES,Non-Tumor,NON_TUMOR,,,Case-48,,TCIA Osteosarcoma-Tumor-Assessment DOI 10.7937/tcia.2019.bvhjhdas; PathDB collectionId 18 (updated 2023-12-01),PENDING-G2,
Case-48-P5-C22-51881-12030,http://pathdb.cancerimagingarchive.net/system/files/wsi/ross/Osteosarcoma-UT/converted/Osteosarcoma-UT/Training-Set-1/set9/Case-48-P5-C22-51881-12030.tiff,Case 48 - P5 C22-51881-12030,PENDING-IMAGES,PENDING-IMAGES,PENDING-IMAGES,Viable,VIABLE_TUMOR,,,Case-48,,TCIA Osteosarcoma-Tumor-Assessment DOI 10.7937/tcia.2019.bvhjhdas; PathDB collectionId 18 (updated 2023-12-01),PENDING-G2,
Case-48-P5-C23-10747-20258,http://pathdb.cancerimagingarchive.net/system/files/wsi/ross/Osteosarcoma-UT/converted/Osteosarcoma-UT/Training-Set-2/set9/Case-48-P5-C23-10747-20258.tiff,Case 48 - P5 C23-10747-20258,PENDING-IMAGES,PENDING-IMAGES,PENDING-IMAGES,Non-Tumor,NON_TUMOR,,,Case-48,,TCIA Osteosarcoma-Tumor-Assessment DOI 10.7937/tcia.2019.bvhjhdas; PathDB collectionId 18 (updated 2023-12-01),PENDING-G2,
Case-48-P5-C23-13674-18318,http://pathdb.cancerimagingarchive.net/system/files/wsi/ross/Osteosarcoma-UT/converted/Osteosarcoma-UT/Training-Set-2/set9/Case-48-P5-C23-13674-18318.tiff,Case 48 - P5 C23-13674-18318,PENDING-IMAGES,PENDING-IMAGES,PENDING-IMAGES,Non-Tumor,NON_TUMOR,,,Case-48,,TCIA Osteosarcoma-Tumor-Assessment DOI 10.7937/tcia.2019.bvhjhdas; PathDB collectionId 18 (updated 2023-12-01),PENDING-G2,
Case-48-P5-C23-15409-20333,http://pathdb.cancerimagingarchive.net/system/files/wsi/ross/Osteosarcoma-UT/converted/Osteosarcoma-UT/Training-Set-2/set9/Case-48-P5-C23-15409-20333.tiff,Case 48 - P5 C23-15409-20333,PENDING-IMAGES,PENDING-IMAGES,PENDING-IMAGES,Viable,VIABLE_TUMOR,,,Case-48,,TCIA Osteosarcoma-Tumor-Assessment DOI 10.7937/tcia.2019.bvhjhdas; PathDB collectionId 18 (updated 2023-12-01),PENDING-G2,
Case-48-P5-C23-18472-17481,http://pathdb.cancerimagingarchive.net/system/files/wsi/ross/Osteosarcoma-UT/converted/Osteosarcoma-UT/Training-Set-2/set9/Case-48-P5-C23-18472-17481.tiff,Case 48 - P5 C23-18472-17481,PENDING-IMAGES,PENDING-IMAGES,PENDING-IMAGES,Viable,VIABLE_TUMOR,,,Case-48,,TCIA Osteosarcoma-Tumor-Assessment DOI 10.7937/tcia.2019.bvhjhdas; PathDB collectionId 18 (updated 2023-12-01),PENDING-G2,
Case-48-P5-C23-19579-22034,http://pathdb.cancerimagingarchive.net/system/files/wsi/ross/Osteosarcoma-UT/converted/Osteosarcoma-UT/Training-Set-2/set9/Case-48-P5-C23-19579-22034.tiff,Case 48 - P5 C23-19579-22034,PENDING-IMAGES,PENDING-IMAGES,PENDING-IMAGES,Viable,VIABLE_TUMOR,,,Case-48,,TCIA Osteosarcoma-Tumor-Assessment DOI 10.7937/tcia.2019.bvhjhdas; PathDB collectionId 18 (updated 2023-12-01),PENDING-G2,
Case-48-P5-C23-23240-21386,http://pathdb.cancerimagingarchive.net/system/files/wsi/ross/Osteosarcoma-UT/converted/Osteosarcoma-UT/Training-Set-2/set9/Case-48-P5-C23-23240-21386.tiff,Case 48 - P5 C23-23240-21386,PENDING-IMAGES,PENDING-IMAGES,PENDING-IMAGES,Viable,VIABLE_TUMOR,,,Case-48,,TCIA Osteosarcoma-Tumor-Assessment DOI 10.7937/tcia.2019.bvhjhdas; PathDB collectionId 18 (updated 2023-12-01),PENDING-G2,
Case-48-P5-C23-27501-16553,http://pathdb.cancerimagingarchive.net/system/files/wsi/ross/Osteosarcoma-UT/converted/Osteosarcoma-UT/Training-Set-2/set9/Case-48-P5-C23-27501-16553.tiff,Case 48 - P5 C23-27501-16553,PENDING-IMAGES,PENDING-IMAGES,PENDING-IMAGES,Viable,VIABLE_TUMOR,,,Case-48,,TCIA Osteosarcoma-Tumor-Assessment DOI 10.7937/tcia.2019.bvhjhdas; PathDB collectionId 18 (updated 2023-12-01),PENDING-G2,
Case-48-P5-C23-28780-10637,http://pathdb.cancerimagingarchive.net/system/files/wsi/ross/Osteosarcoma-UT/converted/Osteosarcoma-UT/Training-Set-2/set9/Case-48-P5-C23-28780-10637.tiff,Case 48 - P5 C23-28780-10637,PENDING-IMAGES,PENDING-IMAGES,PENDING-IMAGES,Viable,VIABLE_TUMOR,,,Case-48,,TCIA Osteosarcoma-Tumor-Assessment DOI 10.7937/tcia.2019.bvhjhdas; PathDB collectionId 18 (updated 2023-12-01),PENDING-G2,
Case-48-P5-C23-29641-13214,http://pathdb.cancerimagingarchive.net/system/files/wsi/ross/Osteosarcoma-UT/converted/Osteosarcoma-UT/Training-Set-2/set9/Case-48-P5-C23-29641-13214.tiff,Case 48 - P5 C23-29641-13214,PENDING-IMAGES,PENDING-IMAGES,PENDING-IMAGES,Viable,VIABLE_TUMOR,,,Case-48,,TCIA Osteosarcoma-Tumor-Assessment DOI 10.7937/tcia.2019.bvhjhdas; PathDB collectionId 18 (updated 2023-12-01),PENDING-G2,
Case-48-P5-C23-29743-6511,http://pathdb.cancerimagingarchive.net/system/files/wsi/ross/Osteosarcoma-UT/converted/Osteosarcoma-UT/Training-Set-2/set10/Case-48-P5-C23-29743-6511.tiff,Case 48 - P5 C23-29743-6511,PENDING-IMAGES,PENDING-IMAGES,PENDING-IMAGES,Viable,VIABLE_TUMOR,,,Case-48,,TCIA Osteosarcoma-Tumor-Assessment DOI 10.7937/tcia.2019.bvhjhdas; PathDB collectionId 18 (updated 2023-12-01),PENDING-G2,
Case-48-P5-C23-30981-19966,http://pathdb.cancerimagingarchive.net/system/files/wsi/ross/Osteosarcoma-UT/converted/Osteosarcoma-UT/Training-Set-2/set10/Case-48-P5-C23-30981-19966.tiff,Case 48 - P5 C23-30981-19966,PENDING-IMAGES,PENDING-IMAGES,PENDING-IMAGES,viable: non-viable,,,,Case-48,,TCIA Osteosarcoma-Tumor-Assessment DOI 10.7937/tcia.2019.bvhjhdas; PathDB collectionId 18 (updated 2023-12-01),FALSE,UNRESOLVED_LABEL:viable: non-viable
Case-48-P5-C23-32821-29229,http://pathdb.cancerimagingarchive.net/system/files/wsi/ross/Osteosarcoma-UT/converted/Osteosarcoma-UT/Training-Set-2/set10/Case-48-P5-C23-32821-29229.tiff,Case 48 - P5 C23-32821-29229,PENDING-IMAGES,PENDING-IMAGES,PENDING-IMAGES,Non-Tumor,NON_TUMOR,,,Case-48,,TCIA Osteosarcoma-Tumor-Assessment DOI 10.7937/tcia.2019.bvhjhdas; PathDB collectionId 18 (updated 2023-12-01),PENDING-G2,
Case-48-P5-C23-33786-5204,http://pathdb.cancerimagingarchive.net/system/files/wsi/ross/Osteosarcoma-UT/converted/Osteosarcoma-UT/Training-Set-2/set10/Case-48-P5-C23-33786-5204.tiff,Case 48 - P5 C23-33786-5204,PENDING-IMAGES,PENDING-IMAGES,PENDING-IMAGES,Viable,VIABLE_TUMOR,,,Case-48,,TCIA Osteosarcoma-Tumor-Assessment DOI 10.7937/tcia.2019.bvhjhdas; PathDB collectionId 18 (updated 2023-12-01),PENDING-G2,
Case-48-P5-C23-34632-9865,http://pathdb.cancerimagingarchive.net/system/files/wsi/ross/Osteosarcoma-UT/converted/Osteosarcoma-UT/Training-Set-2/set10/Case-48-P5-C23-34632-9865.tiff,Case 48 - P5 C23-34632-9865,PENDING-IMAGES,PENDING-IMAGES,PENDING-IMAGES,viable: non-viable,,,,Case-48,,TCIA Osteosarcoma-Tumor-Assessment DOI 10.7937/tcia.2019.bvhjhdas; PathDB collectionId 18 (updated 2023-12-01),FALSE,UNRESOLVED_LABEL:viable: non-viable
Case-48-P5-C23-34741-19829,http://pathdb.cancerimagingarchive.net/system/files/wsi/ross/Osteosarcoma-UT/converted/Osteosarcoma-UT/Training-Set-2/set10/Case-48-P5-C23-34741-19829.tiff,Case 48 - P5 C23-34741-19829,PENDING-IMAGES,PENDING-IMAGES,PENDING-IMAGES,Viable,VIABLE_TUMOR,,,Case-48,,TCIA Osteosarcoma-Tumor-Assessment DOI 10.7937/tcia.2019.bvhjhdas; PathDB collectionId 18 (updated 2023-12-01),PENDING-G2,
Case-48-P5-C23-36139-19852,http://pathdb.cancerimagingarchive.net/system/files/wsi/ross/Osteosarcoma-UT/converted/Osteosarcoma-UT/Training-Set-1/set9/Case-48-P5-C23-36139-19852.tiff,Case 48 - P5 C23-36139-19852,PENDING-IMAGES,PENDING-IMAGES,PENDING-IMAGES,Viable,VIABLE_TUMOR,,,Case-48,,TCIA Osteosarcoma-Tumor-Assessment DOI 10.7937/tcia.2019.bvhjhdas; PathDB collectionId 18 (updated 2023-12-01),PENDING-G2,
Case-48-P5-C23-36214-9904,http://pathdb.cancerimagingarchive.net/system/files/wsi/ross/Osteosarcoma-UT/converted/Osteosarcoma-UT/Training-Set-1/set9/Case-48-P5-C23-36214-9904.tiff,Case 48 - P5 C23-36214-9904,PENDING-IMAGES,PENDING-IMAGES,PENDING-IMAGES,Viable,VIABLE_TUMOR,,,Case-48,,TCIA Osteosarcoma-Tumor-Assessment DOI 10.7937/tcia.2019.bvhjhdas; PathDB collectionId 18 (updated 2023-12-01),PENDING-G2,
Case-48-P5-C23-37489-18137,http://pathdb.cancerimagingarchive.net/system/files/wsi/ross/Osteosarcoma-UT/converted/Osteosarcoma-UT/Training-Set-1/set9/Case-48-P5-C23-37489-18137.tiff,Case 48 - P5 C23-37489-18137,PENDING-IMAGES,PENDING-IMAGES,PENDING-IMAGES,Viable,VIABLE_TUMOR,,,Case-48,,TCIA Osteosarcoma-Tumor-Assessment DOI 10.7937/tcia.2019.bvhjhdas; PathDB collectionId 18 (updated 2023-12-01),PENDING-G2,
Case-48-P5-C23-37654-23879,http://pathdb.cancerimagingarchive.net/system/files/wsi/ross/Osteosarcoma-UT/converted/Osteosarcoma-UT/Training-Set-1/set9/Case-48-P5-C23-37654-23879.tiff,Case 48 - P5 C23-37654-23879,PENDING-IMAGES,PENDING-IMAGES,PENDING-IMAGES,Viable,VIABLE_TUMOR,,,Case-48,,TCIA Osteosarcoma-Tumor-Assessment DOI 10.7937/tcia.2019.bvhjhdas; PathDB collectionId 18 (updated 2023-12-01),PENDING-G2,
Case-48-P5-C23-40661-11039,http://pathdb.cancerimagingarchive.net/system/files/wsi/ross/Osteosarcoma-UT/converted/Osteosarcoma-UT/Training-Set-1/set9/Case-48-P5-C23-40661-11039.tiff,Case 48 - P5 C23-40661-11039,PENDING-IMAGES,PENDING-IMAGES,PENDING-IMAGES,Non-Tumor,NON_TUMOR,,,Case-48,,TCIA Osteosarcoma-Tumor-Assessment DOI 10.7937/tcia.2019.bvhjhdas; PathDB collectionId 18 (updated 2023-12-01),PENDING-G2,
Case-48-P5-C23-45260-15418,http://pathdb.cancerimagingarchive.net/system/files/wsi/ross/Osteosarcoma-UT/converted/Osteosarcoma-UT/Training-Set-1/set9/Case-48-P5-C23-45260-15418.tiff,Case 48 - P5 C23-45260-15418,PENDING-IMAGES,PENDING-IMAGES,PENDING-IMAGES,Viable,VIABLE_TUMOR,,,Case-48,,TCIA Osteosarcoma-Tumor-Assessment DOI 10.7937/tcia.2019.bvhjhdas; PathDB collectionId 18 (updated 2023-12-01),PENDING-G2,
Case-48-P5-C23-46530-30085,http://pathdb.cancerimagingarchive.net/system/files/wsi/ross/Osteosarcoma-UT/converted/Osteosarcoma-UT/Training-Set-1/set9/Case-48-P5-C23-46530-30085.tiff,Case 48 - P5 C23-46530-30085,PENDING-IMAGES,PENDING-IMAGES,PENDING-IMAGES,Non-Tumor,NON_TUMOR,,,Case-48,,TCIA Osteosarcoma-Tumor-Assessment DOI 10.7937/tcia.2019.bvhjhdas; PathDB collectionId 18 (updated 2023-12-01),PENDING-G2,
Case-48-P5-C23-46857-10945,http://pathdb.cancerimagingarchive.net/system/files/wsi/ross/Osteosarcoma-UT/converted/Osteosarcoma-UT/Training-Set-1/set9/Case-48-P5-C23-46857-10945.tiff,Case 48 - P5 C23-46857-10945,PENDING-IMAGES,PENDING-IMAGES,PENDING-IMAGES,Non-Tumor,NON_TUMOR,,,Case-48,,TCIA Osteosarcoma-Tumor-Assessment DOI 10.7937/tcia.2019.bvhjhdas; PathDB collectionId 18 (updated 2023-12-01),PENDING-G2,
Case-48-P5-C23-47339-30578,http://pathdb.cancerimagingarchive.net/system/files/wsi/ross/Osteosarcoma-UT/converted/Osteosarcoma-UT/Training-Set-1/set9/Case-48-P5-C23-47339-30578.tiff,Case 48 - P5 C23-47339-30578,PENDING-IMAGES,PENDING-IMAGES,PENDING-IMAGES,Non-Tumor,NON_TUMOR,,,Case-48,,TCIA Osteosarcoma-Tumor-Assessment DOI 10.7937/tcia.2019.bvhjhdas; PathDB collectionId 18 (updated 2023-12-01),PENDING-G2,
Case-48-P5-C23-47543-18036,http://pathdb.cancerimagingarchive.net/system/files/wsi/ross/Osteosarcoma-UT/converted/Osteosarcoma-UT/Training-Set-1/set9/Case-48-P5-C23-47543-18036.tiff,Case 48 - P5 C23-47543-18036,PENDING-IMAGES,PENDING-IMAGES,PENDING-IMAGES,Viable,VIABLE_TUMOR,,,Case-48,,TCIA Osteosarcoma-Tumor-Assessment DOI 10.7937/tcia.2019.bvhjhdas; PathDB collectionId 18 (updated 2023-12-01),PENDING-G2,
Case-48-P5-C23-49586-9920,http://pathdb.cancerimagingarchive.net/system/files/wsi/ross/Osteosarcoma-UT/converted/Osteosarcoma-UT/Training-Set-1/set9/Case-48-P5-C23-49586-9920.tiff,Case 48 - P5 C23-49586-9920,PENDING-IMAGES,PENDING-IMAGES,PENDING-IMAGES,Viable,VIABLE_TUMOR,,,Case-48,,TCIA Osteosarcoma-Tumor-Assessment DOI 10.7937/tcia.2019.bvhjhdas; PathDB collectionId 18 (updated 2023-12-01),PENDING-G2,
Case-48-P5-C23-54011-19464,http://pathdb.cancerimagingarchive.net/system/files/wsi/ross/Osteosarcoma-UT/converted/Osteosarcoma-UT/Training-Set-1/set9/Case-48-P5-C23-54011-19464.tiff,Case 48 - P5 C23-54011-19464,PENDING-IMAGES,PENDING-IMAGES,PENDING-IMAGES,Viable,VIABLE_TUMOR,,,Case-48,,TCIA Osteosarcoma-Tumor-Assessment DOI 10.7937/tcia.2019.bvhjhdas; PathDB collectionId 18 (updated 2023-12-01),PENDING-G2,
Case-48-P5-C24-12193-15641,http://pathdb.cancerimagingarchive.net/system/files/wsi/ross/Osteosarcoma-UT/converted/Osteosarcoma-UT/Training-Set-2/set10/Case-48-P5-C24-12193-15641.tiff,Case 48 - P5 C24-12193-15641,PENDING-IMAGES,PENDING-IMAGES,PENDING-IMAGES,Non-Tumor,NON_TUMOR,,,Case-48,,TCIA Osteosarcoma-Tumor-Assessment DOI 10.7937/tcia.2019.bvhjhdas; PathDB collectionId 18 (updated 2023-12-01),PENDING-G2,
Case-48-P5-C24-15473-17927,http://pathdb.cancerimagingarchive.net/system/files/wsi/ross/Osteosarcoma-UT/converted/Osteosarcoma-UT/Training-Set-2/set10/Case-48-P5-C24-15473-17927.tiff,Case 48 - P5 C24-15473-17927,PENDING-IMAGES,PENDING-IMAGES,PENDING-IMAGES,Non-Tumor,NON_TUMOR,,,Case-48,,TCIA Osteosarcoma-Tumor-Assessment DOI 10.7937/tcia.2019.bvhjhdas; PathDB collectionId 18 (updated 2023-12-01),PENDING-G2,
Case-48-P5-C24-17000-3955,http://pathdb.cancerimagingarchive.net/system/files/wsi/ross/Osteosarcoma-UT/converted/Osteosarcoma-UT/Training-Set-2/set10/Case-48-P5-C24-17000-3955.tiff,Case 48 - P5 C24-17000-3955,PENDING-IMAGES,PENDING-IMAGES,PENDING-IMAGES,Non-Tumor,NON_TUMOR,,,Case-48,,TCIA Osteosarcoma-Tumor-Assessment DOI 10.7937/tcia.2019.bvhjhdas; PathDB collectionId 18 (updated 2023-12-01),PENDING-G2,
Case-48-P5-C24-21560-34143,http://pathdb.cancerimagingarchive.net/system/files/wsi/ross/Osteosarcoma-UT/converted/Osteosarcoma-UT/Training-Set-2/set10/Case-48-P5-C24-21560-34143.tiff,Case 48 - P5 C24-21560-34143,PENDING-IMAGES,PENDING-IMAGES,PENDING-IMAGES,Non-Tumor,NON_TUMOR,,,Case-48,,TCIA Osteosarcoma-Tumor-Assessment DOI 10.7937/tcia.2019.bvhjhdas; PathDB collectionId 18 (updated 2023-12-01),PENDING-G2,
Case-48-P5-C24-21763-16611,http://pathdb.cancerimagingarchive.net/system/files/wsi/ross/Osteosarcoma-UT/converted/Osteosarcoma-UT/Training-Set-2/set10/Case-48-P5-C24-21763-16611.tiff,Case 48 - P5 C24-21763-16611,PENDING-IMAGES,PENDING-IMAGES,PENDING-IMAGES,Non-Tumor,NON_TUMOR,,,Case-48,,TCIA Osteosarcoma-Tumor-Assessment DOI 10.7937/tcia.2019.bvhjhdas; PathDB collectionId 18 (updated 2023-12-01),PENDING-G2,
Case-48-P5-C24-21815-17299,http://pathdb.cancerimagingarchive.net/system/files/wsi/ross/Osteosarcoma-UT/converted/Osteosarcoma-UT/Training-Set-2/set10/Case-48-P5-C24-21815-17299.tiff,Case 48 - P5 C24-21815-17299,PENDING-IMAGES,PENDING-IMAGES,PENDING-IMAGES,Non-Tumor,NON_TUMOR,,,Case-48,,TCIA Osteosarcoma-Tumor-Assessment DOI 10.7937/tcia.2019.bvhjhdas; PathDB collectionId 18 (updated 2023-12-01),PENDING-G2,
Case-48-P5-C24-24437-18106,http://pathdb.cancerimagingarchive.net/system/files/wsi/ross/Osteosarcoma-UT/converted/Osteosarcoma-UT/Training-Set-1/set9/Case-48-P5-C24-24437-18106.tiff,Case 48 - P5 C24-24437-18106,PENDING-IMAGES,PENDING-IMAGES,PENDING-IMAGES,Non-Tumor,NON_TUMOR,,,Case-48,,TCIA Osteosarcoma-Tumor-Assessment DOI 10.7937/tcia.2019.bvhjhdas; PathDB collectionId 18 (updated 2023-12-01),PENDING-G2,
Case-48-P5-C24-26818-12582,http://pathdb.cancerimagingarchive.net/system/files/wsi/ross/Osteosarcoma-UT/converted/Osteosarcoma-UT/Training-Set-1/set9/Case-48-P5-C24-26818-12582.tiff,Case 48 - P5 C24-26818-12582,PENDING-IMAGES,PENDING-IMAGES,PENDING-IMAGES,Non-Tumor,NON_TUMOR,,,Case-48,,TCIA Osteosarcoma-Tumor-Assessment DOI 10.7937/tcia.2019.bvhjhdas; PathDB collectionId 18 (updated 2023-12-01),PENDING-G2,
Case-48-P5-C24-27048-31771,http://pathdb.cancerimagingarchive.net/system/files/wsi/ross/Osteosarcoma-UT/converted/Osteosarcoma-UT/Training-Set-1/set9/Case-48-P5-C24-27048-31771.tiff,Case 48 - P5 C24-27048-31771,PENDING-IMAGES,PENDING-IMAGES,PENDING-IMAGES,Non-Tumor,NON_TUMOR,,,Case-48,,TCIA Osteosarcoma-Tumor-Assessment DOI 10.7937/tcia.2019.bvhjhdas; PathDB collectionId 18 (updated 2023-12-01),PENDING-G2,
Case-48-P5-C24-27657-16224,http://pathdb.cancerimagingarchive.net/system/files/wsi/ross/Osteosarcoma-UT/converted/Osteosarcoma-UT/Training-Set-1/set9/Case-48-P5-C24-27657-16224.tiff,Case 48 - P5 C24-27657-16224,PENDING-IMAGES,PENDING-IMAGES,PENDING-IMAGES,Non-Tumor,NON_TUMOR,,,Case-48,,TCIA Osteosarcoma-Tumor-Assessment DOI 10.7937/tcia.2019.bvhjhdas; PathDB collectionId 18 (updated 2023-12-01),PENDING-G2,
Case-48-P5-C24-29276-10680,http://pathdb.cancerimagingarchive.net/system/files/wsi/ross/Osteosarcoma-UT/converted/Osteosarcoma-UT/Training-Set-1/set9/Case-48-P5-C24-29276-10680.tiff,Case 48 - P5 C24-29276-10680,PENDING-IMAGES,PENDING-IMAGES,PENDING-IMAGES,Non-Tumor,NON_TUMOR,,,Case-48,,TCIA Osteosarcoma-Tumor-Assessment DOI 10.7937/tcia.2019.bvhjhdas; PathDB collectionId 18 (updated 2023-12-01),PENDING-G2,
Case-48-P5-C24-30259-11826,http://pathdb.cancerimagingarchive.net/system/files/wsi/ross/Osteosarcoma-UT/converted/Osteosarcoma-UT/Training-Set-1/set9/Case-48-P5-C24-30259-11826.tiff,Case 48 - P5 C24-30259-11826,PENDING-IMAGES,PENDING-IMAGES,PENDING-IMAGES,Non-Tumor,NON_TUMOR,,,Case-48,,TCIA Osteosarcoma-Tumor-Assessment DOI 10.7937/tcia.2019.bvhjhdas; PathDB collectionId 18 (updated 2023-12-01),PENDING-G2,
Case-48-P5-C24-37333-35425,http://pathdb.cancerimagingarchive.net/system/files/wsi/ross/Osteosarcoma-UT/converted/Osteosarcoma-UT/Training-Set-1/set9/Case-48-P5-C24-37333-35425.tiff,Case 48 - P5 C24-37333-35425,PENDING-IMAGES,PENDING-IMAGES,PENDING-IMAGES,Non-Tumor,NON_TUMOR,,,Case-48,,TCIA Osteosarcoma-Tumor-Assessment DOI 10.7937/tcia.2019.bvhjhdas; PathDB collectionId 18 (updated 2023-12-01),PENDING-G2,
Case-48-P5-C24-38091-32786,http://pathdb.cancerimagingarchive.net/system/files/wsi/ross/Osteosarcoma-UT/converted/Osteosarcoma-UT/Training-Set-1/set9/Case-48-P5-C24-38091-32786.tiff,Case 48 - P5 C24-38091-32786,PENDING-IMAGES,PENDING-IMAGES,PENDING-IMAGES,Non-Tumor,NON_TUMOR,,,Case-48,,TCIA Osteosarcoma-Tumor-Assessment DOI 10.7937/tcia.2019.bvhjhdas; PathDB collectionId 18 (updated 2023-12-01),PENDING-G2,
Case-48-P5-C24-39421-35791,http://pathdb.cancerimagingarchive.net/system/files/wsi/ross/Osteosarcoma-UT/converted/Osteosarcoma-UT/Training-Set-1/set9/Case-48-P5-C24-39421-35791.tiff,Case 48 - P5 C24-39421-35791,PENDING-IMAGES,PENDING-IMAGES,PENDING-IMAGES,Non-Tumor,NON_TUMOR,,,Case-48,,TCIA Osteosarcoma-Tumor-Assessment DOI 10.7937/tcia.2019.bvhjhdas; PathDB collectionId 18 (updated 2023-12-01),PENDING-G2,
Case-48-P5-C24-39614-21477,http://pathdb.cancerimagingarchive.net/system/files/wsi/ross/Osteosarcoma-UT/converted/Osteosarcoma-UT/Training-Set-1/set9/Case-48-P5-C24-39614-21477.tiff,Case 48 - P5 C24-39614-21477,PENDING-IMAGES,PENDING-IMAGES,PENDING-IMAGES,Non-Tumor,NON_TUMOR,,,Case-48,,TCIA Osteosarcoma-Tumor-Assessment DOI 10.7937/tcia.2019.bvhjhdas; PathDB collectionId 18 (updated 2023-12-01),PENDING-G2,
Case-48-P5-C24-40142-14331,http://pathdb.cancerimagingarchive.net/system/files/wsi/ross/Osteosarcoma-UT/converted/Osteosarcoma-UT/Training-Set-1/set9/Case-48-P5-C24-40142-14331.tiff,Case 48 - P5 C24-40142-14331,PENDING-IMAGES,PENDING-IMAGES,PENDING-IMAGES,Non-Tumor,NON_TUMOR,,,Case-48,,TCIA Osteosarcoma-Tumor-Assessment DOI 10.7937/tcia.2019.bvhjhdas; PathDB collectionId 18 (updated 2023-12-01),PENDING-G2,
Case-48-P5-C24-44425-22814,http://pathdb.cancerimagingarchive.net/system/files/wsi/ross/Osteosarcoma-UT/converted/Osteosarcoma-UT/Training-Set-1/set9/Case-48-P5-C24-44425-22814.tiff,Case 48 - P5 C24-44425-22814,PENDING-IMAGES,PENDING-IMAGES,PENDING-IMAGES,Non-Tumor,NON_TUMOR,,,Case-48,,TCIA Osteosarcoma-Tumor-Assessment DOI 10.7937/tcia.2019.bvhjhdas; PathDB collectionId 18 (updated 2023-12-01),PENDING-G2,
Case-48-P5-C24-45358-16505,http://pathdb.cancerimagingarchive.net/system/files/wsi/ross/Osteosarcoma-UT/converted/Osteosarcoma-UT/Training-Set-1/set9/Case-48-P5-C24-45358-16505.tiff,Case 48 - P5 C24-45358-16505,PENDING-IMAGES,PENDING-IMAGES,PENDING-IMAGES,Non-Tumor,NON_TUMOR,,,Case-48,,TCIA Osteosarcoma-Tumor-Assessment DOI 10.7937/tcia.2019.bvhjhdas; PathDB collectionId 18 (updated 2023-12-01),PENDING-G2,
Case-48-P5-C24-5204-12840,http://pathdb.cancerimagingarchive.net/system/files/wsi/ross/Osteosarcoma-UT/converted/Osteosarcoma-UT/Training-Set-2/set10/Case-48-P5-C24-5204-12840.tiff,Case 48 - P5 C24-5204-12840,PENDING-IMAGES,PENDING-IMAGES,PENDING-IMAGES,Non-Tumor,NON_TUMOR,,,Case-48,,TCIA Osteosarcoma-Tumor-Assessment DOI 10.7937/tcia.2019.bvhjhdas; PathDB collectionId 18 (updated 2023-12-01),PENDING-G2,
Case-48-P5-C24-5972-23007,http://pathdb.cancerimagingarchive.net/system/files/wsi/ross/Osteosarcoma-UT/converted/Osteosarcoma-UT/Training-Set-2/set10/Case-48-P5-C24-5972-23007.tiff,Case 48 - P5 C24-5972-23007,PENDING-IMAGES,PENDING-IMAGES,PENDING-IMAGES,Non-Tumor,NON_TUMOR,,,Case-48,,TCIA Osteosarcoma-Tumor-Assessment DOI 10.7937/tcia.2019.bvhjhdas; PathDB collectionId 18 (updated 2023-12-01),PENDING-G2,
Case-48-P5-C24-7958-14175,http://pathdb.cancerimagingarchive.net/system/files/wsi/ross/Osteosarcoma-UT/converted/Osteosarcoma-UT/Training-Set-2/set10/Case-48-P5-C24-7958-14175.tiff,Case 48 - P5 C24-7958-14175,PENDING-IMAGES,PENDING-IMAGES,PENDING-IMAGES,Non-Tumor,NON_TUMOR,,,Case-48,,TCIA Osteosarcoma-Tumor-Assessment DOI 10.7937/tcia.2019.bvhjhdas; PathDB collectionId 18 (updated 2023-12-01),PENDING-G2,
Case-48-P5-C24-8126-17022,http://pathdb.cancerimagingarchive.net/system/files/wsi/ross/Osteosarcoma-UT/converted/Osteosarcoma-UT/Training-Set-2/set10/Case-48-P5-C24-8126-17022.tiff,Case 48 - P5 C24-8126-17022,PENDING-IMAGES,PENDING-IMAGES,PENDING-IMAGES,Non-Tumor,NON_TUMOR,,,Case-48,,TCIA Osteosarcoma-Tumor-Assessment DOI 10.7937/tcia.2019.bvhjhdas; PathDB collectionId 18 (updated 2023-12-01),PENDING-G2,
Case-48-P5-C24-9713-21393,http://pathdb.cancerimagingarchive.net/system/files/wsi/ross/Osteosarcoma-UT/converted/Osteosarcoma-UT/Training-Set-2/set10/Case-48-P5-C24-9713-21393.tiff,Case 48 - P5 C24-9713-21393,PENDING-IMAGES,PENDING-IMAGES,PENDING-IMAGES,Non-Tumor,NON_TUMOR,,,Case-48,,TCIA Osteosarcoma-Tumor-Assessment DOI 10.7937/tcia.2019.bvhjhdas; PathDB collectionId 18 (updated 2023-12-01),PENDING-G2,
Case-48-P5-C25-12809-12456,http://pathdb.cancerimagingarchive.net/system/files/wsi/ross/Osteosarcoma-UT/converted/Osteosarcoma-UT/Training-Set-2/set10/Case-48-P5-C25-12809-12456.tiff,Case 48 - P5 C25-12809-12456,PENDING-IMAGES,PENDING-IMAGES,PENDING-IMAGES,Non-Tumor,NON_TUMOR,,,Case-48,,TCIA Osteosarcoma-Tumor-Assessment DOI 10.7937/tcia.2019.bvhjhdas; PathDB collectionId 18 (updated 2023-12-01),PENDING-G2,
Case-48-P5-C25-12843-22806,http://pathdb.cancerimagingarchive.net/system/files/wsi/ross/Osteosarcoma-UT/converted/Osteosarcoma-UT/Training-Set-2/set10/Case-48-P5-C25-12843-22806.tiff,Case 48 - P5 C25-12843-22806,PENDING-IMAGES,PENDING-IMAGES,PENDING-IMAGES,Non-Tumor,NON_TUMOR,,,Case-48,,TCIA Osteosarcoma-Tumor-Assessment DOI 10.7937/tcia.2019.bvhjhdas; PathDB collectionId 18 (updated 2023-12-01),PENDING-G2,
Case-48-P5-C25-14114-21655,http://pathdb.cancerimagingarchive.net/system/files/wsi/ross/Osteosarcoma-UT/converted/Osteosarcoma-UT/Training-Set-2/set10/Case-48-P5-C25-14114-21655.tiff,Case 48 - P5 C25-14114-21655,PENDING-IMAGES,PENDING-IMAGES,PENDING-IMAGES,Non-Tumor,NON_TUMOR,,,Case-48,,TCIA Osteosarcoma-Tumor-Assessment DOI 10.7937/tcia.2019.bvhjhdas; PathDB collectionId 18 (updated 2023-12-01),PENDING-G2,
Case-48-P5-C25-17864-19558,http://pathdb.cancerimagingarchive.net/system/files/wsi/ross/Osteosarcoma-UT/converted/Osteosarcoma-UT/Training-Set-2/set10/Case-48-P5-C25-17864-19558.tiff,Case 48 - P5 C25-17864-19558,PENDING-IMAGES,PENDING-IMAGES,PENDING-IMAGES,Non-Tumor,NON_TUMOR,,,Case-48,,TCIA Osteosarcoma-Tumor-Assessment DOI 10.7937/tcia.2019.bvhjhdas; PathDB collectionId 18 (updated 2023-12-01),PENDING-G2,
Case-48-P5-C25-18486-7532,http://pathdb.cancerimagingarchive.net/system/files/wsi/ross/Osteosarcoma-UT/converted/Osteosarcoma-UT/Training-Set-2/set10/Case-48-P5-C25-18486-7532.tiff,Case 48 - P5 C25-18486-7532,PENDING-IMAGES,PENDING-IMAGES,PENDING-IMAGES,Non-Tumor,NON_TUMOR,,,Case-48,,TCIA Osteosarcoma-Tumor-Assessment DOI 10.7937/tcia.2019.bvhjhdas; PathDB collectionId 18 (updated 2023-12-01),PENDING-G2,
Case-48-P5-C25-20304-11543,http://pathdb.cancerimagingarchive.net/system/files/wsi/ross/Osteosarcoma-UT/converted/Osteosarcoma-UT/Training-Set-2/set10/Case-48-P5-C25-20304-11543.tiff,Case 48 - P5 C25-20304-11543,PENDING-IMAGES,PENDING-IMAGES,PENDING-IMAGES,Non-Tumor,NON_TUMOR,,,Case-48,,TCIA Osteosarcoma-Tumor-Assessment DOI 10.7937/tcia.2019.bvhjhdas; PathDB collectionId 18 (updated 2023-12-01),PENDING-G2,
Case-48-P5-C25-20418-21432,http://pathdb.cancerimagingarchive.net/system/files/wsi/ross/Osteosarcoma-UT/converted/Osteosarcoma-UT/Training-Set-2/set10/Case-48-P5-C25-20418-21432.tiff,Case 48 - P5 C25-20418-21432,PENDING-IMAGES,PENDING-IMAGES,PENDING-IMAGES,Non-Tumor,NON_TUMOR,,,Case-48,,TCIA Osteosarcoma-Tumor-Assessment DOI 10.7937/tcia.2019.bvhjhdas; PathDB collectionId 18 (updated 2023-12-01),PENDING-G2,
Case-48-P5-C25-20536-9499,http://pathdb.cancerimagingarchive.net/system/files/wsi/ross/Osteosarcoma-UT/converted/Osteosarcoma-UT/Training-Set-2/set10/Case-48-P5-C25-20536-9499.tiff,Case 48 - P5 C25-20536-9499,PENDING-IMAGES,PENDING-IMAGES,PENDING-IMAGES,Non-Tumor,NON_TUMOR,,,Case-48,,TCIA Osteosarcoma-Tumor-Assessment DOI 10.7937/tcia.2019.bvhjhdas; PathDB collectionId 18 (updated 2023-12-01),PENDING-G2,
Case-48-P5-C25-26246-2368,http://pathdb.cancerimagingarchive.net/system/files/wsi/ross/Osteosarcoma-UT/converted/Osteosarcoma-UT/Training-Set-2/set10/Case-48-P5-C25-26246-2368.tiff,Case 48 - P5 C25-26246-2368,PENDING-IMAGES,PENDING-IMAGES,PENDING-IMAGES,Non-Tumor,NON_TUMOR,,,Case-48,,TCIA Osteosarcoma-Tumor-Assessment DOI 10.7937/tcia.2019.bvhjhdas; PathDB collectionId 18 (updated 2023-12-01),PENDING-G2,
Case-48-P5-C25-26937-1708,http://pathdb.cancerimagingarchive.net/system/files/wsi/ross/Osteosarcoma-UT/converted/Osteosarcoma-UT/Training-Set-2/set10/Case-48-P5-C25-26937-1708.tiff,Case 48 - P5 C25-26937-1708,PENDING-IMAGES,PENDING-IMAGES,PENDING-IMAGES,Non-Tumor,NON_TUMOR,,,Case-48,,TCIA Osteosarcoma-Tumor-Assessment DOI 10.7937/tcia.2019.bvhjhdas; PathDB collectionId 18 (updated 2023-12-01),PENDING-G2,
Case-48-P5-C25-29486-14939,http://pathdb.cancerimagingarchive.net/system/files/wsi/ross/Osteosarcoma-UT/converted/Osteosarcoma-UT/Training-Set-2/set10/Case-48-P5-C25-29486-14939.tiff,Case 48 - P5 C25-29486-14939,PENDING-IMAGES,PENDING-IMAGES,PENDING-IMAGES,Non-Tumor,NON_TUMOR,,,Case-48,,TCIA Osteosarcoma-Tumor-Assessment DOI 10.7937/tcia.2019.bvhjhdas; PathDB collectionId 18 (updated 2023-12-01),PENDING-G2,
Case-48-P5-C25-29797-38536,http://pathdb.cancerimagingarchive.net/system/files/wsi/ross/Osteosarcoma-UT/converted/Osteosarcoma-UT/Training-Set-1/set9/Case-48-P5-C25-29797-38536.tiff,Case 48 - P5 C25-29797-38536,PENDING-IMAGES,PENDING-IMAGES,PENDING-IMAGES,Non-Tumor,NON_TUMOR,,,Case-48,,TCIA Osteosarcoma-Tumor-Assessment DOI 10.7937/tcia.2019.bvhjhdas; PathDB collectionId 18 (updated 2023-12-01),PENDING-G2,
Case-48-P5-C25-30163-25906,http://pathdb.cancerimagingarchive.net/system/files/wsi/ross/Osteosarcoma-UT/converted/Osteosarcoma-UT/Training-Set-1/set9/Case-48-P5-C25-30163-25906.tiff,Case 48 - P5 C25-30163-25906,PENDING-IMAGES,PENDING-IMAGES,PENDING-IMAGES,Non-Tumor,NON_TUMOR,,,Case-48,,TCIA Osteosarcoma-Tumor-Assessment DOI 10.7937/tcia.2019.bvhjhdas; PathDB collectionId 18 (updated 2023-12-01),PENDING-G2,
Case-48-P5-C25-31139-13405,http://pathdb.cancerimagingarchive.net/system/files/wsi/ross/Osteosarcoma-UT/converted/Osteosarcoma-UT/Training-Set-1/set9/Case-48-P5-C25-31139-13405.tiff,Case 48 - P5 C25-31139-13405,PENDING-IMAGES,PENDING-IMAGES,PENDING-IMAGES,Non-Tumor,NON_TUMOR,,,Case-48,,TCIA Osteosarcoma-Tumor-Assessment DOI 10.7937/tcia.2019.bvhjhdas; PathDB collectionId 18 (updated 2023-12-01),PENDING-G2,
Case-48-P5-C25-31766-30946,http://pathdb.cancerimagingarchive.net/system/files/wsi/ross/Osteosarcoma-UT/converted/Osteosarcoma-UT/Training-Set-1/set9/Case-48-P5-C25-31766-30946.tiff,Case 48 - P5 C25-31766-30946,PENDING-IMAGES,PENDING-IMAGES,PENDING-IMAGES,Non-Tumor,NON_TUMOR,,,Case-48,,TCIA Osteosarcoma-Tumor-Assessment DOI 10.7937/tcia.2019.bvhjhdas; PathDB collectionId 18 (updated 2023-12-01),PENDING-G2,
Case-48-P5-C25-32201-30326,http://pathdb.cancerimagingarchive.net/system/files/wsi/ross/Osteosarcoma-UT/converted/Osteosarcoma-UT/Training-Set-1/set9/Case-48-P5-C25-32201-30326.tiff,Case 48 - P5 C25-32201-30326,PENDING-IMAGES,PENDING-IMAGES,PENDING-IMAGES,Non-Tumor,NON_TUMOR,,,Case-48,,TCIA Osteosarcoma-Tumor-Assessment DOI 10.7937/tcia.2019.bvhjhdas; PathDB collectionId 18 (updated 2023-12-01),PENDING-G2,
Case-48-P5-C25-32661-30441,http://pathdb.cancerimagingarchive.net/system/files/wsi/ross/Osteosarcoma-UT/converted/Osteosarcoma-UT/Training-Set-1/set9/Case-48-P5-C25-32661-30441.tiff,Case 48 - P5 C25-32661-30441,PENDING-IMAGES,PENDING-IMAGES,PENDING-IMAGES,Non-Tumor,NON_TUMOR,,,Case-48,,TCIA Osteosarcoma-Tumor-Assessment DOI 10.7937/tcia.2019.bvhjhdas; PathDB collectionId 18 (updated 2023-12-01),PENDING-G2,
Case-48-P5-C25-35044-30800,http://pathdb.cancerimagingarchive.net/system/files/wsi/ross/Osteosarcoma-UT/converted/Osteosarcoma-UT/Training-Set-1/set9/Case-48-P5-C25-35044-30800.tiff,Case 48 - P5 C25-35044-30800,PENDING-IMAGES,PENDING-IMAGES,PENDING-IMAGES,Non-Tumor,NON_TUMOR,,,Case-48,,TCIA Osteosarcoma-Tumor-Assessment DOI 10.7937/tcia.2019.bvhjhdas; PathDB collectionId 18 (updated 2023-12-01),PENDING-G2,
Case-48-P5-C25-35701-21325,http://pathdb.cancerimagingarchive.net/system/files/wsi/ross/Osteosarcoma-UT/converted/Osteosarcoma-UT/Training-Set-1/set9/Case-48-P5-C25-35701-21325.tiff,Case 48 - P5 C25-35701-21325,PENDING-IMAGES,PENDING-IMAGES,PENDING-IMAGES,Non-Tumor,NON_TUMOR,,,Case-48,,TCIA Osteosarcoma-Tumor-Assessment DOI 10.7937/tcia.2019.bvhjhdas; PathDB collectionId 18 (updated 2023-12-01),PENDING-G2,
Case-48-P5-C25-37421-34911,http://pathdb.cancerimagingarchive.net/system/files/wsi/ross/Osteosarcoma-UT/converted/Osteosarcoma-UT/Training-Set-1/set9/Case-48-P5-C25-37421-34911.tiff,Case 48 - P5 C25-37421-34911,PENDING-IMAGES,PENDING-IMAGES,PENDING-IMAGES,Non-Tumor,NON_TUMOR,,,Case-48,,TCIA Osteosarcoma-Tumor-Assessment DOI 10.7937/tcia.2019.bvhjhdas; PathDB collectionId 18 (updated 2023-12-01),PENDING-G2,
Case-48-P5-C25-37498-35824,http://pathdb.cancerimagingarchive.net/system/files/wsi/ross/Osteosarcoma-UT/converted/Osteosarcoma-UT/Training-Set-1/set9/Case-48-P5-C25-37498-35824.tiff,Case 48 - P5 C25-37498-35824,PENDING-IMAGES,PENDING-IMAGES,PENDING-IMAGES,Non-Tumor,NON_TUMOR,,,Case-48,,TCIA Osteosarcoma-Tumor-Assessment DOI 10.7937/tcia.2019.bvhjhdas; PathDB collectionId 18 (updated 2023-12-01),PENDING-G2,
Case-48-P5-C25-39181-21965,http://pathdb.cancerimagingarchive.net/system/files/wsi/ross/Osteosarcoma-UT/converted/Osteosarcoma-UT/Training-Set-1/set9/Case-48-P5-C25-39181-21965.tiff,Case 48 - P5 C25-39181-21965,PENDING-IMAGES,PENDING-IMAGES,PENDING-IMAGES,Non-Tumor,NON_TUMOR,,,Case-48,,TCIA Osteosarcoma-Tumor-Assessment DOI 10.7937/tcia.2019.bvhjhdas; PathDB collectionId 18 (updated 2023-12-01),PENDING-G2,
Case-48-P5-C25-41901-28675,http://pathdb.cancerimagingarchive.net/system/files/wsi/ross/Osteosarcoma-UT/converted/Osteosarcoma-UT/Training-Set-1/set10/Case-48-P5-C25-41901-28675.tiff,Case 48 - P5 C25-41901-28675,PENDING-IMAGES,PENDING-IMAGES,PENDING-IMAGES,Non-Tumor,NON_TUMOR,,,Case-48,,TCIA Osteosarcoma-Tumor-Assessment DOI 10.7937/tcia.2019.bvhjhdas; PathDB collectionId 18 (updated 2023-12-01),PENDING-G2,
Case-48-P5-C25-44980-18952,http://pathdb.cancerimagingarchive.net/system/files/wsi/ross/Osteosarcoma-UT/converted/Osteosarcoma-UT/Training-Set-1/set10/Case-48-P5-C25-44980-18952.tiff,Case 48 - P5 C25-44980-18952,PENDING-IMAGES,PENDING-IMAGES,PENDING-IMAGES,Non-Tumor,NON_TUMOR,,,Case-48,,TCIA Osteosarcoma-Tumor-Assessment DOI 10.7937/tcia.2019.bvhjhdas; PathDB collectionId 18 (updated 2023-12-01),PENDING-G2,
Case-48-P5-C25-51442-22185,http://pathdb.cancerimagingarchive.net/system/files/wsi/ross/Osteosarcoma-UT/converted/Osteosarcoma-UT/Training-Set-1/set10/Case-48-P5-C25-51442-22185.tiff,Case 48 - P5 C25-51442-22185,PENDING-IMAGES,PENDING-IMAGES,PENDING-IMAGES,Non-Tumor,NON_TUMOR,,,Case-48,,TCIA Osteosarcoma-Tumor-Assessment DOI 10.7937/tcia.2019.bvhjhdas; PathDB collectionId 18 (updated 2023-12-01),PENDING-G2,
Case-48-P5-C25-5819-20106,http://pathdb.cancerimagingarchive.net/system/files/wsi/ross/Osteosarcoma-UT/converted/Osteosarcoma-UT/Training-Set-2/set10/Case-48-P5-C25-5819-20106.tiff,Case 48 - P5 C25-5819-20106,PENDING-IMAGES,PENDING-IMAGES,PENDING-IMAGES,Non-Tumor,NON_TUMOR,,,Case-48,,TCIA Osteosarcoma-Tumor-Assessment DOI 10.7937/tcia.2019.bvhjhdas; PathDB collectionId 18 (updated 2023-12-01),PENDING-G2,
Case-48-P5-C25-7779-23788,http://pathdb.cancerimagingarchive.net/system/files/wsi/ross/Osteosarcoma-UT/converted/Osteosarcoma-UT/Training-Set-2/set10/Case-48-P5-C25-7779-23788.tiff,Case 48 - P5 C25-7779-23788,PENDING-IMAGES,PENDING-IMAGES,PENDING-IMAGES,Non-Tumor,NON_TUMOR,,,Case-48,,TCIA Osteosarcoma-Tumor-Assessment DOI 10.7937/tcia.2019.bvhjhdas; PathDB collectionId 18 (updated 2023-12-01),PENDING-G2,
Case-48-P5-C25-8387-24405,http://pathdb.cancerimagingarchive.net/system/files/wsi/ross/Osteosarcoma-UT/converted/Osteosarcoma-UT/Training-Set-2/set10/Case-48-P5-C25-8387-24405.tiff,Case 48 - P5 C25-8387-24405,PENDING-IMAGES,PENDING-IMAGES,PENDING-IMAGES,Non-Tumor,NON_TUMOR,,,Case-48,,TCIA Osteosarcoma-Tumor-Assessment DOI 10.7937/tcia.2019.bvhjhdas; PathDB collectionId 18 (updated 2023-12-01),PENDING-G2,
P9-B11-10159-22267,http://pathdb.cancerimagingarchive.net/system/files/wsi/ross/Osteosarcoma-UT/converted/Osteosarcoma-UT/Training-Set-2/set10/P9-B11-10159-22267.tiff,P9 B11-10159-22267,PENDING-IMAGES,PENDING-IMAGES,PENDING-IMAGES,Non-Tumor,NON_TUMOR,,,P9,,TCIA Osteosarcoma-Tumor-Assessment DOI 10.7937/tcia.2019.bvhjhdas; PathDB collectionId 18 (updated 2023-12-01),PENDING-G2,
P9-B11-10954-27548,http://pathdb.cancerimagingarchive.net/system/files/wsi/ross/Osteosarcoma-UT/converted/Osteosarcoma-UT/Training-Set-2/set10/P9-B11-10954-27548.tiff,P9 B11-10954-27548,PENDING-IMAGES,PENDING-IMAGES,PENDING-IMAGES,Non-Tumor,NON_TUMOR,,,P9,,TCIA Osteosarcoma-Tumor-Assessment DOI 10.7937/tcia.2019.bvhjhdas; PathDB collectionId 18 (updated 2023-12-01),PENDING-G2,
P9-B11-11002-19483,http://pathdb.cancerimagingarchive.net/system/files/wsi/ross/Osteosarcoma-UT/converted/Osteosarcoma-UT/Training-Set-2/set10/P9-B11-11002-19483.tiff,P9 B11-11002-19483,PENDING-IMAGES,PENDING-IMAGES,PENDING-IMAGES,Non-Tumor,NON_TUMOR,,,P9,,TCIA Osteosarcoma-Tumor-Assessment DOI 10.7937/tcia.2019.bvhjhdas; PathDB collectionId 18 (updated 2023-12-01),PENDING-G2,
P9-B11-14643-10873,http://pathdb.cancerimagingarchive.net/system/files/wsi/ross/Osteosarcoma-UT/converted/Osteosarcoma-UT/Training-Set-2/set10/P9-B11-14643-10873.tiff,P9 B11-14643-10873,PENDING-IMAGES,PENDING-IMAGES,PENDING-IMAGES,Non-Tumor,NON_TUMOR,,,P9,,TCIA Osteosarcoma-Tumor-Assessment DOI 10.7937/tcia.2019.bvhjhdas; PathDB collectionId 18 (updated 2023-12-01),PENDING-G2,
P9-B11-16073-4565,http://pathdb.cancerimagingarchive.net/system/files/wsi/ross/Osteosarcoma-UT/converted/Osteosarcoma-UT/Training-Set-2/set10/P9-B11-16073-4565.tiff,P9 B11-16073-4565,PENDING-IMAGES,PENDING-IMAGES,PENDING-IMAGES,Non-Tumor,NON_TUMOR,,,P9,,TCIA Osteosarcoma-Tumor-Assessment DOI 10.7937/tcia.2019.bvhjhdas; PathDB collectionId 18 (updated 2023-12-01),PENDING-G2,
P9-B11-16083-27658,http://pathdb.cancerimagingarchive.net/system/files/wsi/ross/Osteosarcoma-UT/converted/Osteosarcoma-UT/Training-Set-2/set10/P9-B11-16083-27658.tiff,P9 B11-16083-27658,PENDING-IMAGES,PENDING-IMAGES,PENDING-IMAGES,Non-Tumor,NON_TUMOR,,,P9,,TCIA Osteosarcoma-Tumor-Assessment DOI 10.7937/tcia.2019.bvhjhdas; PathDB collectionId 18 (updated 2023-12-01),PENDING-G2,
P9-B11-16430-12424,http://pathdb.cancerimagingarchive.net/system/files/wsi/ross/Osteosarcoma-UT/converted/Osteosarcoma-UT/Training-Set-2/set10/P9-B11-16430-12424.tiff,P9 B11-16430-12424,PENDING-IMAGES,PENDING-IMAGES,PENDING-IMAGES,Non-Tumor,NON_TUMOR,,,P9,,TCIA Osteosarcoma-Tumor-Assessment DOI 10.7937/tcia.2019.bvhjhdas; PathDB collectionId 18 (updated 2023-12-01),PENDING-G2,
P9-B11-16749-7610,http://pathdb.cancerimagingarchive.net/system/files/wsi/ross/Osteosarcoma-UT/converted/Osteosarcoma-UT/Training-Set-2/set10/P9-B11-16749-7610.tiff,P9 B11-16749-7610,PENDING-IMAGES,PENDING-IMAGES,PENDING-IMAGES,Non-Tumor,NON_TUMOR,,,P9,,TCIA Osteosarcoma-Tumor-Assessment DOI 10.7937/tcia.2019.bvhjhdas; PathDB collectionId 18 (updated 2023-12-01),PENDING-G2,
P9-B11-16810-24014,http://pathdb.cancerimagingarchive.net/system/files/wsi/ross/Osteosarcoma-UT/converted/Osteosarcoma-UT/Training-Set-2/set10/P9-B11-16810-24014.tiff,P9 B11-16810-24014,PENDING-IMAGES,PENDING-IMAGES,PENDING-IMAGES,Non-Tumor,NON_TUMOR,,,P9,,TCIA Osteosarcoma-Tumor-Assessment DOI 10.7937/tcia.2019.bvhjhdas; PathDB collectionId 18 (updated 2023-12-01),PENDING-G2,
P9-B11-18148-24277,http://pathdb.cancerimagingarchive.net/system/files/wsi/ross/Osteosarcoma-UT/converted/Osteosarcoma-UT/Training-Set-2/set10/P9-B11-18148-24277.tiff,P9 B11-18148-24277,PENDING-IMAGES,PENDING-IMAGES,PENDING-IMAGES,Non-Tumor,NON_TUMOR,,,P9,,TCIA Osteosarcoma-Tumor-Assessment DOI 10.7937/tcia.2019.bvhjhdas; PathDB collectionId 18 (updated 2023-12-01),PENDING-G2,
P9-B11-19719-21996,http://pathdb.cancerimagingarchive.net/system/files/wsi/ross/Osteosarcoma-UT/converted/Osteosarcoma-UT/Training-Set-2/set10/P9-B11-19719-21996.tiff,P9 B11-19719-21996,PENDING-IMAGES,PENDING-IMAGES,PENDING-IMAGES,Non-Tumor,NON_TUMOR,,,P9,,TCIA Osteosarcoma-Tumor-Assessment DOI 10.7937/tcia.2019.bvhjhdas; PathDB collectionId 18 (updated 2023-12-01),PENDING-G2,
P9-B11-20225-12843,http://pathdb.cancerimagingarchive.net/system/files/wsi/ross/Osteosarcoma-UT/converted/Osteosarcoma-UT/Training-Set-2/set10/P9-B11-20225-12843.tiff,P9 B11-20225-12843,PENDING-IMAGES,PENDING-IMAGES,PENDING-IMAGES,Non-Tumor,NON_TUMOR,,,P9,,TCIA Osteosarcoma-Tumor-Assessment DOI 10.7937/tcia.2019.bvhjhdas; PathDB collectionId 18 (updated 2023-12-01),PENDING-G2,
P9-B11-21061-24042,http://pathdb.cancerimagingarchive.net/system/files/wsi/ross/Osteosarcoma-UT/converted/Osteosarcoma-UT/Training-Set-2/set10/P9-B11-21061-24042.tiff,P9 B11-21061-24042,PENDING-IMAGES,PENDING-IMAGES,PENDING-IMAGES,Non-Tumor,NON_TUMOR,,,P9,,TCIA Osteosarcoma-Tumor-Assessment DOI 10.7937/tcia.2019.bvhjhdas; PathDB collectionId 18 (updated 2023-12-01),PENDING-G2,
P9-B11-21394-5645,http://pathdb.cancerimagingarchive.net/system/files/wsi/ross/Osteosarcoma-UT/converted/Osteosarcoma-UT/Training-Set-1/set10/P9-B11-21394-5645.tiff,P9 B11-21394-5645,PENDING-IMAGES,PENDING-IMAGES,PENDING-IMAGES,Non-Tumor,NON_TUMOR,,,P9,,TCIA Osteosarcoma-Tumor-Assessment DOI 10.7937/tcia.2019.bvhjhdas; PathDB collectionId 18 (updated 2023-12-01),PENDING-G2,
P9-B11-25615-35242,http://pathdb.cancerimagingarchive.net/system/files/wsi/ross/Osteosarcoma-UT/converted/Osteosarcoma-UT/Training-Set-1/set10/P9-B11-25615-35242.tiff,P9 B11-25615-35242,PENDING-IMAGES,PENDING-IMAGES,PENDING-IMAGES,Non-Tumor,NON_TUMOR,,,P9,,TCIA Osteosarcoma-Tumor-Assessment DOI 10.7937/tcia.2019.bvhjhdas; PathDB collectionId 18 (updated 2023-12-01),PENDING-G2,
P9-B11-26303-28482,http://pathdb.cancerimagingarchive.net/system/files/wsi/ross/Osteosarcoma-UT/converted/Osteosarcoma-UT/Training-Set-1/set10/P9-B11-26303-28482.tiff,P9 B11-26303-28482,PENDING-IMAGES,PENDING-IMAGES,PENDING-IMAGES,Non-Tumor,NON_TUMOR,,,P9,,TCIA Osteosarcoma-Tumor-Assessment DOI 10.7937/tcia.2019.bvhjhdas; PathDB collectionId 18 (updated 2023-12-01),PENDING-G2,
P9-B11-26308-7596,http://pathdb.cancerimagingarchive.net/system/files/wsi/ross/Osteosarcoma-UT/converted/Osteosarcoma-UT/Training-Set-1/set10/P9-B11-26308-7596.tiff,P9 B11-26308-7596,PENDING-IMAGES,PENDING-IMAGES,PENDING-IMAGES,Non-Tumor,NON_TUMOR,,,P9,,TCIA Osteosarcoma-Tumor-Assessment DOI 10.7937/tcia.2019.bvhjhdas; PathDB collectionId 18 (updated 2023-12-01),PENDING-G2,
P9-B11-26343-18701,http://pathdb.cancerimagingarchive.net/system/files/wsi/ross/Osteosarcoma-UT/converted/Osteosarcoma-UT/Training-Set-1/set10/P9-B11-26343-18701.tiff,P9 B11-26343-18701,PENDING-IMAGES,PENDING-IMAGES,PENDING-IMAGES,Non-Tumor,NON_TUMOR,,,P9,,TCIA Osteosarcoma-Tumor-Assessment DOI 10.7937/tcia.2019.bvhjhdas; PathDB collectionId 18 (updated 2023-12-01),PENDING-G2,
P9-B11-26402-13634,http://pathdb.cancerimagingarchive.net/system/files/wsi/ross/Osteosarcoma-UT/converted/Osteosarcoma-UT/Training-Set-1/set10/P9-B11-26402-13634.tiff,P9 B11-26402-13634,PENDING-IMAGES,PENDING-IMAGES,PENDING-IMAGES,Non-Tumor,NON_TUMOR,,,P9,,TCIA Osteosarcoma-Tumor-Assessment DOI 10.7937/tcia.2019.bvhjhdas; PathDB collectionId 18 (updated 2023-12-01),PENDING-G2,
P9-B11-29902-13822,http://pathdb.cancerimagingarchive.net/system/files/wsi/ross/Osteosarcoma-UT/converted/Osteosarcoma-UT/Training-Set-1/set10/P9-B11-29902-13822.tiff,P9 B11-29902-13822,PENDING-IMAGES,PENDING-IMAGES,PENDING-IMAGES,Non-Tumor,NON_TUMOR,,,P9,,TCIA Osteosarcoma-Tumor-Assessment DOI 10.7937/tcia.2019.bvhjhdas; PathDB collectionId 18 (updated 2023-12-01),PENDING-G2,
P9-B11-30287-7531,http://pathdb.cancerimagingarchive.net/system/files/wsi/ross/Osteosarcoma-UT/converted/Osteosarcoma-UT/Training-Set-1/set10/P9-B11-30287-7531.tiff,P9 B11-30287-7531,PENDING-IMAGES,PENDING-IMAGES,PENDING-IMAGES,Non-Tumor,NON_TUMOR,,,P9,,TCIA Osteosarcoma-Tumor-Assessment DOI 10.7937/tcia.2019.bvhjhdas; PathDB collectionId 18 (updated 2023-12-01),PENDING-G2,
P9-B11-34379-16878,http://pathdb.cancerimagingarchive.net/system/files/wsi/ross/Osteosarcoma-UT/converted/Osteosarcoma-UT/Training-Set-1/set10/P9-B11-34379-16878.tiff,P9 B11-34379-16878,PENDING-IMAGES,PENDING-IMAGES,PENDING-IMAGES,Non-Tumor,NON_TUMOR,,,P9,,TCIA Osteosarcoma-Tumor-Assessment DOI 10.7937/tcia.2019.bvhjhdas; PathDB collectionId 18 (updated 2023-12-01),PENDING-G2,
P9-B11-35165-17386,http://pathdb.cancerimagingarchive.net/system/files/wsi/ross/Osteosarcoma-UT/converted/Osteosarcoma-UT/Training-Set-1/set10/P9-B11-35165-17386.tiff,P9 B11-35165-17386,PENDING-IMAGES,PENDING-IMAGES,PENDING-IMAGES,Non-Tumor,NON_TUMOR,,,P9,,TCIA Osteosarcoma-Tumor-Assessment DOI 10.7937/tcia.2019.bvhjhdas; PathDB collectionId 18 (updated 2023-12-01),PENDING-G2,
P9-B11-35942-19663,http://pathdb.cancerimagingarchive.net/system/files/wsi/ross/Osteosarcoma-UT/converted/Osteosarcoma-UT/Training-Set-1/set10/P9-B11-35942-19663.tiff,P9 B11-35942-19663,PENDING-IMAGES,PENDING-IMAGES,PENDING-IMAGES,Non-Tumor,NON_TUMOR,,,P9,,TCIA Osteosarcoma-Tumor-Assessment DOI 10.7937/tcia.2019.bvhjhdas; PathDB collectionId 18 (updated 2023-12-01),PENDING-G2,
P9-B11-5522-26247,http://pathdb.cancerimagingarchive.net/system/files/wsi/ross/Osteosarcoma-UT/converted/Osteosarcoma-UT/Training-Set-2/set10/P9-B11-5522-26247.tiff,P9 B11-5522-26247,PENDING-IMAGES,PENDING-IMAGES,PENDING-IMAGES,Non-Tumor,NON_TUMOR,,,P9,,TCIA Osteosarcoma-Tumor-Assessment DOI 10.7937/tcia.2019.bvhjhdas; PathDB collectionId 18 (updated 2023-12-01),PENDING-G2,
P9-B11-6871-31252,http://pathdb.cancerimagingarchive.net/system/files/wsi/ross/Osteosarcoma-UT/converted/Osteosarcoma-UT/Training-Set-2/set10/P9-B11-6871-31252.tiff,P9 B11-6871-31252,PENDING-IMAGES,PENDING-IMAGES,PENDING-IMAGES,Non-Tumor,NON_TUMOR,,,P9,,TCIA Osteosarcoma-Tumor-Assessment DOI 10.7937/tcia.2019.bvhjhdas; PathDB collectionId 18 (updated 2023-12-01),PENDING-G2,
P9-B12-10654-27260,http://pathdb.cancerimagingarchive.net/system/files/wsi/ross/Osteosarcoma-UT/converted/Osteosarcoma-UT/Training-Set-2/set10/P9-B12-10654-27260.tiff,P9 B12-10654-27260,PENDING-IMAGES,PENDING-IMAGES,PENDING-IMAGES,Non-Tumor,NON_TUMOR,,,P9,,TCIA Osteosarcoma-Tumor-Assessment DOI 10.7937/tcia.2019.bvhjhdas; PathDB collectionId 18 (updated 2023-12-01),PENDING-G2,
P9-B12-10806-33872,http://pathdb.cancerimagingarchive.net/system/files/wsi/ross/Osteosarcoma-UT/converted/Osteosarcoma-UT/Training-Set-2/set10/P9-B12-10806-33872.tiff,P9 B12-10806-33872,PENDING-IMAGES,PENDING-IMAGES,PENDING-IMAGES,Non-Tumor,NON_TUMOR,,,P9,,TCIA Osteosarcoma-Tumor-Assessment DOI 10.7937/tcia.2019.bvhjhdas; PathDB collectionId 18 (updated 2023-12-01),PENDING-G2,
P9-B12-13935-21508,http://pathdb.cancerimagingarchive.net/system/files/wsi/ross/Osteosarcoma-UT/converted/Osteosarcoma-UT/Training-Set-2/set10/P9-B12-13935-21508.tiff,P9 B12-13935-21508,PENDING-IMAGES,PENDING-IMAGES,PENDING-IMAGES,Non-Tumor,NON_TUMOR,,,P9,,TCIA Osteosarcoma-Tumor-Assessment DOI 10.7937/tcia.2019.bvhjhdas; PathDB collectionId 18 (updated 2023-12-01),PENDING-G2,
P9-B12-14125-15905,http://pathdb.cancerimagingarchive.net/system/files/wsi/ross/Osteosarcoma-UT/converted/Osteosarcoma-UT/Training-Set-2/set10/P9-B12-14125-15905.tiff,P9 B12-14125-15905,PENDING-IMAGES,PENDING-IMAGES,PENDING-IMAGES,Non-Tumor,NON_TUMOR,,,P9,,TCIA Osteosarcoma-Tumor-Assessment DOI 10.7937/tcia.2019.bvhjhdas; PathDB collectionId 18 (updated 2023-12-01),PENDING-G2,
P9-B12-1528-19097,http://pathdb.cancerimagingarchive.net/system/files/wsi/ross/Osteosarcoma-UT/converted/Osteosarcoma-UT/Training-Set-2/set11/P9-B12-1528-19097.tiff,P9 B12-1528-19097,PENDING-IMAGES,PENDING-IMAGES,PENDING-IMAGES,Non-Tumor,NON_TUMOR,,,P9,,TCIA Osteosarcoma-Tumor-Assessment DOI 10.7937/tcia.2019.bvhjhdas; PathDB collectionId 18 (updated 2023-12-01),PENDING-G2,
P9-B12-15791-34183,http://pathdb.cancerimagingarchive.net/system/files/wsi/ross/Osteosarcoma-UT/converted/Osteosarcoma-UT/Training-Set-2/set11/P9-B12-15791-34183.tiff,P9 B12-15791-34183,PENDING-IMAGES,PENDING-IMAGES,PENDING-IMAGES,Non-Tumor,NON_TUMOR,,,P9,,TCIA Osteosarcoma-Tumor-Assessment DOI 10.7937/tcia.2019.bvhjhdas; PathDB collectionId 18 (updated 2023-12-01),PENDING-G2,
P9-B12-16016-24828,http://pathdb.cancerimagingarchive.net/system/files/wsi/ross/Osteosarcoma-UT/converted/Osteosarcoma-UT/Training-Set-2/set11/P9-B12-16016-24828.tiff,P9 B12-16016-24828,PENDING-IMAGES,PENDING-IMAGES,PENDING-IMAGES,Non-Tumor,NON_TUMOR,,,P9,,TCIA Osteosarcoma-Tumor-Assessment DOI 10.7937/tcia.2019.bvhjhdas; PathDB collectionId 18 (updated 2023-12-01),PENDING-G2,
P9-B12-16205-18441,http://pathdb.cancerimagingarchive.net/system/files/wsi/ross/Osteosarcoma-UT/converted/Osteosarcoma-UT/Training-Set-2/set11/P9-B12-16205-18441.tiff,P9 B12-16205-18441,PENDING-IMAGES,PENDING-IMAGES,PENDING-IMAGES,Non-Tumor,NON_TUMOR,,,P9,,TCIA Osteosarcoma-Tumor-Assessment DOI 10.7937/tcia.2019.bvhjhdas; PathDB collectionId 18 (updated 2023-12-01),PENDING-G2,
P9-B12-16776-15675,http://pathdb.cancerimagingarchive.net/system/files/wsi/ross/Osteosarcoma-UT/converted/Osteosarcoma-UT/Training-Set-2/set11/P9-B12-16776-15675.tiff,P9 B12-16776-15675,PENDING-IMAGES,PENDING-IMAGES,PENDING-IMAGES,Non-Tumor,NON_TUMOR,,,P9,,TCIA Osteosarcoma-Tumor-Assessment DOI 10.7937/tcia.2019.bvhjhdas; PathDB collectionId 18 (updated 2023-12-01),PENDING-G2,
P9-B12-16864-22190,http://pathdb.cancerimagingarchive.net/system/files/wsi/ross/Osteosarcoma-UT/converted/Osteosarcoma-UT/Training-Set-2/set11/P9-B12-16864-22190.tiff,P9 B12-16864-22190,PENDING-IMAGES,PENDING-IMAGES,PENDING-IMAGES,Non-Tumor,NON_TUMOR,,,P9,,TCIA Osteosarcoma-Tumor-Assessment DOI 10.7937/tcia.2019.bvhjhdas; PathDB collectionId 18 (updated 2023-12-01),PENDING-G2,
P9-B12-17951-15665,http://pathdb.cancerimagingarchive.net/system/files/wsi/ross/Osteosarcoma-UT/converted/Osteosarcoma-UT/Training-Set-2/set11/P9-B12-17951-15665.tiff,P9 B12-17951-15665,PENDING-IMAGES,PENDING-IMAGES,PENDING-IMAGES,Non-Tumor,NON_TUMOR,,,P9,,TCIA Osteosarcoma-Tumor-Assessment DOI 10.7937/tcia.2019.bvhjhdas; PathDB collectionId 18 (updated 2023-12-01),PENDING-G2,
P9-B12-18729-28478,http://pathdb.cancerimagingarchive.net/system/files/wsi/ross/Osteosarcoma-UT/converted/Osteosarcoma-UT/Training-Set-2/set11/P9-B12-18729-28478.tiff,P9 B12-18729-28478,PENDING-IMAGES,PENDING-IMAGES,PENDING-IMAGES,Non-Tumor,NON_TUMOR,,,P9,,TCIA Osteosarcoma-Tumor-Assessment DOI 10.7937/tcia.2019.bvhjhdas; PathDB collectionId 18 (updated 2023-12-01),PENDING-G2,
P9-B12-21385-26109,http://pathdb.cancerimagingarchive.net/system/files/wsi/ross/Osteosarcoma-UT/converted/Osteosarcoma-UT/Training-Set-1/set10/P9-B12-21385-26109.tiff,P9 B12-21385-26109,PENDING-IMAGES,PENDING-IMAGES,PENDING-IMAGES,Non-Tumor,NON_TUMOR,,,P9,,TCIA Osteosarcoma-Tumor-Assessment DOI 10.7937/tcia.2019.bvhjhdas; PathDB collectionId 18 (updated 2023-12-01),PENDING-G2,
P9-B12-22760-3440,http://pathdb.cancerimagingarchive.net/system/files/wsi/ross/Osteosarcoma-UT/converted/Osteosarcoma-UT/Training-Set-1/set10/P9-B12-22760-3440.tiff,P9 B12-22760-3440,PENDING-IMAGES,PENDING-IMAGES,PENDING-IMAGES,Non-Tumor,NON_TUMOR,,,P9,,TCIA Osteosarcoma-Tumor-Assessment DOI 10.7937/tcia.2019.bvhjhdas; PathDB collectionId 18 (updated 2023-12-01),PENDING-G2,
P9-B12-22944-25112,http://pathdb.cancerimagingarchive.net/system/files/wsi/ross/Osteosarcoma-UT/converted/Osteosarcoma-UT/Training-Set-1/set10/P9-B12-22944-25112.tiff,P9 B12-22944-25112,PENDING-IMAGES,PENDING-IMAGES,PENDING-IMAGES,Non-Tumor,NON_TUMOR,,,P9,,TCIA Osteosarcoma-Tumor-Assessment DOI 10.7937/tcia.2019.bvhjhdas; PathDB collectionId 18 (updated 2023-12-01),PENDING-G2,
P9-B12-23055-29024,http://pathdb.cancerimagingarchive.net/system/files/wsi/ross/Osteosarcoma-UT/converted/Osteosarcoma-UT/Training-Set-1/set10/P9-B12-23055-29024.tiff,P9 B12-23055-29024,PENDING-IMAGES,PENDING-IMAGES,PENDING-IMAGES,Non-Tumor,NON_TUMOR,,,P9,,TCIA Osteosarcoma-Tumor-Assessment DOI 10.7937/tcia.2019.bvhjhdas; PathDB collectionId 18 (updated 2023-12-01),PENDING-G2,
P9-B12-23537-5923,http://pathdb.cancerimagingarchive.net/system/files/wsi/ross/Osteosarcoma-UT/converted/Osteosarcoma-UT/Training-Set-1/set10/P9-B12-23537-5923.tiff,P9 B12-23537-5923,PENDING-IMAGES,PENDING-IMAGES,PENDING-IMAGES,Non-Tumor,NON_TUMOR,,,P9,,TCIA Osteosarcoma-Tumor-Assessment DOI 10.7937/tcia.2019.bvhjhdas; PathDB collectionId 18 (updated 2023-12-01),PENDING-G2,
P9-B12-25916-5462,http://pathdb.cancerimagingarchive.net/system/files/wsi/ross/Osteosarcoma-UT/converted/Osteosarcoma-UT/Training-Set-1/set10/P9-B12-25916-5462.tiff,P9 B12-25916-5462,PENDING-IMAGES,PENDING-IMAGES,PENDING-IMAGES,Non-Tumor,NON_TUMOR,,,P9,,TCIA Osteosarcoma-Tumor-Assessment DOI 10.7937/tcia.2019.bvhjhdas; PathDB collectionId 18 (updated 2023-12-01),PENDING-G2,
P9-B12-27373-27674,http://pathdb.cancerimagingarchive.net/system/files/wsi/ross/Osteosarcoma-UT/converted/Osteosarcoma-UT/Training-Set-1/set10/P9-B12-27373-27674.tiff,P9 B12-27373-27674,PENDING-IMAGES,PENDING-IMAGES,PENDING-IMAGES,Non-Tumor,NON_TUMOR,,,P9,,TCIA Osteosarcoma-Tumor-Assessment DOI 10.7937/tcia.2019.bvhjhdas; PathDB collectionId 18 (updated 2023-12-01),PENDING-G2,
P9-B12-29086-24068,http://pathdb.cancerimagingarchive.net/system/files/wsi/ross/Osteosarcoma-UT/converted/Osteosarcoma-UT/Training-Set-1/set10/P9-B12-29086-24068.tiff,P9 B12-29086-24068,PENDING-IMAGES,PENDING-IMAGES,PENDING-IMAGES,Non-Tumor,NON_TUMOR,,,P9,,TCIA Osteosarcoma-Tumor-Assessment DOI 10.7937/tcia.2019.bvhjhdas; PathDB collectionId 18 (updated 2023-12-01),PENDING-G2,
P9-B12-29972-10692,http://pathdb.cancerimagingarchive.net/system/files/wsi/ross/Osteosarcoma-UT/converted/Osteosarcoma-UT/Training-Set-1/set10/P9-B12-29972-10692.tiff,P9 B12-29972-10692,PENDING-IMAGES,PENDING-IMAGES,PENDING-IMAGES,Non-Tumor,NON_TUMOR,,,P9,,TCIA Osteosarcoma-Tumor-Assessment DOI 10.7937/tcia.2019.bvhjhdas; PathDB collectionId 18 (updated 2023-12-01),PENDING-G2,
P9-B12-30756-25977,http://pathdb.cancerimagingarchive.net/system/files/wsi/ross/Osteosarcoma-UT/converted/Osteosarcoma-UT/Training-Set-1/set10/P9-B12-30756-25977.tiff,P9 B12-30756-25977,PENDING-IMAGES,PENDING-IMAGES,PENDING-IMAGES,Non-Tumor,NON_TUMOR,,,P9,,TCIA Osteosarcoma-Tumor-Assessment DOI 10.7937/tcia.2019.bvhjhdas; PathDB collectionId 18 (updated 2023-12-01),PENDING-G2,
P9-B12-30770-23009,http://pathdb.cancerimagingarchive.net/system/files/wsi/ross/Osteosarcoma-UT/converted/Osteosarcoma-UT/Training-Set-1/set10/P9-B12-30770-23009.tiff,P9 B12-30770-23009,PENDING-IMAGES,PENDING-IMAGES,PENDING-IMAGES,Non-Tumor,NON_TUMOR,,,P9,,TCIA Osteosarcoma-Tumor-Assessment DOI 10.7937/tcia.2019.bvhjhdas; PathDB collectionId 18 (updated 2023-12-01),PENDING-G2,
P9-B12-31177-18166,http://pathdb.cancerimagingarchive.net/system/files/wsi/ross/Osteosarcoma-UT/converted/Osteosarcoma-UT/Training-Set-1/set10/P9-B12-31177-18166.tiff,P9 B12-31177-18166,PENDING-IMAGES,PENDING-IMAGES,PENDING-IMAGES,Non-Tumor,NON_TUMOR,,,P9,,TCIA Osteosarcoma-Tumor-Assessment DOI 10.7937/tcia.2019.bvhjhdas; PathDB collectionId 18 (updated 2023-12-01),PENDING-G2,
P9-B12-33745-16087,http://pathdb.cancerimagingarchive.net/system/files/wsi/ross/Osteosarcoma-UT/converted/Osteosarcoma-UT/Training-Set-1/set10/P9-B12-33745-16087.tiff,P9 B12-33745-16087,PENDING-IMAGES,PENDING-IMAGES,PENDING-IMAGES,Non-Tumor,NON_TUMOR,,,P9,,TCIA Osteosarcoma-Tumor-Assessment DOI 10.7937/tcia.2019.bvhjhdas; PathDB collectionId 18 (updated 2023-12-01),PENDING-G2,
P9-B12-3695-15824,http://pathdb.cancerimagingarchive.net/system/files/wsi/ross/Osteosarcoma-UT/converted/Osteosarcoma-UT/Training-Set-2/set11/P9-B12-3695-15824.tiff,P9 B12-3695-15824,PENDING-IMAGES,PENDING-IMAGES,PENDING-IMAGES,Non-Tumor,NON_TUMOR,,,P9,,TCIA Osteosarcoma-Tumor-Assessment DOI 10.7937/tcia.2019.bvhjhdas; PathDB collectionId 18 (updated 2023-12-01),PENDING-G2,
P9-B12-7286-14751,http://pathdb.cancerimagingarchive.net/system/files/wsi/ross/Osteosarcoma-UT/converted/Osteosarcoma-UT/Training-Set-2/set11/P9-B12-7286-14751.tiff,P9 B12-7286-14751,PENDING-IMAGES,PENDING-IMAGES,PENDING-IMAGES,Non-Tumor,NON_TUMOR,,,P9,,TCIA Osteosarcoma-Tumor-Assessment DOI 10.7937/tcia.2019.bvhjhdas; PathDB collectionId 18 (updated 2023-12-01),PENDING-G2,
P9-B12-7917-18432,http://pathdb.cancerimagingarchive.net/system/files/wsi/ross/Osteosarcoma-UT/converted/Osteosarcoma-UT/Training-Set-2/set11/P9-B12-7917-18432.tiff,P9 B12-7917-18432,PENDING-IMAGES,PENDING-IMAGES,PENDING-IMAGES,Non-Tumor,NON_TUMOR,,,P9,,TCIA Osteosarcoma-Tumor-Assessment DOI 10.7937/tcia.2019.bvhjhdas; PathDB collectionId 18 (updated 2023-12-01),PENDING-G2,
P9-B27-12460-16377,http://pathdb.cancerimagingarchive.net/system/files/wsi/ross/Osteosarcoma-UT/converted/Osteosarcoma-UT/Training-Set-2/set11/P9-B27-12460-16377.tiff,P9 B27-12460-16377,PENDING-IMAGES,PENDING-IMAGES,PENDING-IMAGES,Non-Tumor,NON_TUMOR,,,P9,,TCIA Osteosarcoma-Tumor-Assessment DOI 10.7937/tcia.2019.bvhjhdas; PathDB collectionId 18 (updated 2023-12-01),PENDING-G2,
P9-B27-14462-34695,http://pathdb.cancerimagingarchive.net/system/files/wsi/ross/Osteosarcoma-UT/converted/Osteosarcoma-UT/Training-Set-2/set11/P9-B27-14462-34695.tiff,P9 B27-14462-34695,PENDING-IMAGES,PENDING-IMAGES,PENDING-IMAGES,Non-Tumor,NON_TUMOR,,,P9,,TCIA Osteosarcoma-Tumor-Assessment DOI 10.7937/tcia.2019.bvhjhdas; PathDB collectionId 18 (updated 2023-12-01),PENDING-G2,
P9-B27-16009-8612,http://pathdb.cancerimagingarchive.net/system/files/wsi/ross/Osteosarcoma-UT/converted/Osteosarcoma-UT/Training-Set-2/set11/P9-B27-16009-8612.tiff,P9 B27-16009-8612,PENDING-IMAGES,PENDING-IMAGES,PENDING-IMAGES,Non-Tumor,NON_TUMOR,,,P9,,TCIA Osteosarcoma-Tumor-Assessment DOI 10.7937/tcia.2019.bvhjhdas; PathDB collectionId 18 (updated 2023-12-01),PENDING-G2,
P9-B27-17480-8356,http://pathdb.cancerimagingarchive.net/system/files/wsi/ross/Osteosarcoma-UT/converted/Osteosarcoma-UT/Training-Set-2/set11/P9-B27-17480-8356.tiff,P9 B27-17480-8356,PENDING-IMAGES,PENDING-IMAGES,PENDING-IMAGES,Non-Tumor,NON_TUMOR,,,P9,,TCIA Osteosarcoma-Tumor-Assessment DOI 10.7937/tcia.2019.bvhjhdas; PathDB collectionId 18 (updated 2023-12-01),PENDING-G2,
P9-B27-19851-11325,http://pathdb.cancerimagingarchive.net/system/files/wsi/ross/Osteosarcoma-UT/converted/Osteosarcoma-UT/Training-Set-2/set11/P9-B27-19851-11325.tiff,P9 B27-19851-11325,PENDING-IMAGES,PENDING-IMAGES,PENDING-IMAGES,Non-Tumor,NON_TUMOR,,,P9,,TCIA Osteosarcoma-Tumor-Assessment DOI 10.7937/tcia.2019.bvhjhdas; PathDB collectionId 18 (updated 2023-12-01),PENDING-G2,
P9-B27-19974-33573,http://pathdb.cancerimagingarchive.net/system/files/wsi/ross/Osteosarcoma-UT/converted/Osteosarcoma-UT/Training-Set-2/set11/P9-B27-19974-33573.tiff,P9 B27-19974-33573,PENDING-IMAGES,PENDING-IMAGES,PENDING-IMAGES,Non-Tumor,NON_TUMOR,,,P9,,TCIA Osteosarcoma-Tumor-Assessment DOI 10.7937/tcia.2019.bvhjhdas; PathDB collectionId 18 (updated 2023-12-01),PENDING-G2,
P9-B27-20395-30971,http://pathdb.cancerimagingarchive.net/system/files/wsi/ross/Osteosarcoma-UT/converted/Osteosarcoma-UT/Training-Set-2/set11/P9-B27-20395-30971.tiff,P9 B27-20395-30971,PENDING-IMAGES,PENDING-IMAGES,PENDING-IMAGES,Non-Tumor,NON_TUMOR,,,P9,,TCIA Osteosarcoma-Tumor-Assessment DOI 10.7937/tcia.2019.bvhjhdas; PathDB collectionId 18 (updated 2023-12-01),PENDING-G2,
P9-B27-20913-9107,http://pathdb.cancerimagingarchive.net/system/files/wsi/ross/Osteosarcoma-UT/converted/Osteosarcoma-UT/Training-Set-2/set11/P9-B27-20913-9107.tiff,P9 B27-20913-9107,PENDING-IMAGES,PENDING-IMAGES,PENDING-IMAGES,Non-Tumor,NON_TUMOR,,,P9,,TCIA Osteosarcoma-Tumor-Assessment DOI 10.7937/tcia.2019.bvhjhdas; PathDB collectionId 18 (updated 2023-12-01),PENDING-G2,
P9-B27-21147-30384,http://pathdb.cancerimagingarchive.net/system/files/wsi/ross/Osteosarcoma-UT/converted/Osteosarcoma-UT/Training-Set-1/set10/P9-B27-21147-30384.tiff,P9 B27-21147-30384,PENDING-IMAGES,PENDING-IMAGES,PENDING-IMAGES,Non-Tumor,NON_TUMOR,,,P9,,TCIA Osteosarcoma-Tumor-Assessment DOI 10.7937/tcia.2019.bvhjhdas; PathDB collectionId 18 (updated 2023-12-01),PENDING-G2,
P9-B27-22893-27985,http://pathdb.cancerimagingarchive.net/system/files/wsi/ross/Osteosarcoma-UT/converted/Osteosarcoma-UT/Training-Set-1/set10/P9-B27-22893-27985.tiff,P9 B27-22893-27985,PENDING-IMAGES,PENDING-IMAGES,PENDING-IMAGES,Non-Tumor,NON_TUMOR,,,P9,,TCIA Osteosarcoma-Tumor-Assessment DOI 10.7937/tcia.2019.bvhjhdas; PathDB collectionId 18 (updated 2023-12-01),PENDING-G2,
P9-B27-23402-16368,http://pathdb.cancerimagingarchive.net/system/files/wsi/ross/Osteosarcoma-UT/converted/Osteosarcoma-UT/Training-Set-1/set10/P9-B27-23402-16368.tiff,P9 B27-23402-16368,PENDING-IMAGES,PENDING-IMAGES,PENDING-IMAGES,Non-Tumor,NON_TUMOR,,,P9,,TCIA Osteosarcoma-Tumor-Assessment DOI 10.7937/tcia.2019.bvhjhdas; PathDB collectionId 18 (updated 2023-12-01),PENDING-G2,
P9-B27-24181-31257,http://pathdb.cancerimagingarchive.net/system/files/wsi/ross/Osteosarcoma-UT/converted/Osteosarcoma-UT/Training-Set-1/set10/P9-B27-24181-31257.tiff,P9 B27-24181-31257,PENDING-IMAGES,PENDING-IMAGES,PENDING-IMAGES,Non-Tumor,NON_TUMOR,,,P9,,TCIA Osteosarcoma-Tumor-Assessment DOI 10.7937/tcia.2019.bvhjhdas; PathDB collectionId 18 (updated 2023-12-01),PENDING-G2,
P9-B27-24733-4169,http://pathdb.cancerimagingarchive.net/system/files/wsi/ross/Osteosarcoma-UT/converted/Osteosarcoma-UT/Training-Set-1/set10/P9-B27-24733-4169.tiff,P9 B27-24733-4169,PENDING-IMAGES,PENDING-IMAGES,PENDING-IMAGES,Non-Tumor,NON_TUMOR,,,P9,,TCIA Osteosarcoma-Tumor-Assessment DOI 10.7937/tcia.2019.bvhjhdas; PathDB collectionId 18 (updated 2023-12-01),PENDING-G2,
P9-B27-25164-29040,http://pathdb.cancerimagingarchive.net/system/files/wsi/ross/Osteosarcoma-UT/converted/Osteosarcoma-UT/Training-Set-1/set10/P9-B27-25164-29040.tiff,P9 B27-25164-29040,PENDING-IMAGES,PENDING-IMAGES,PENDING-IMAGES,Non-Tumor,NON_TUMOR,,,P9,,TCIA Osteosarcoma-Tumor-Assessment DOI 10.7937/tcia.2019.bvhjhdas; PathDB collectionId 18 (updated 2023-12-01),PENDING-G2,
P9-B27-25739-23378,http://pathdb.cancerimagingarchive.net/system/files/wsi/ross/Osteosarcoma-UT/converted/Osteosarcoma-UT/Training-Set-1/set10/P9-B27-25739-23378.tiff,P9 B27-25739-23378,PENDING-IMAGES,PENDING-IMAGES,PENDING-IMAGES,Non-Tumor,NON_TUMOR,,,P9,,TCIA Osteosarcoma-Tumor-Assessment DOI 10.7937/tcia.2019.bvhjhdas; PathDB collectionId 18 (updated 2023-12-01),PENDING-G2,
P9-B27-26731-20410,http://pathdb.cancerimagingarchive.net/system/files/wsi/ross/Osteosarcoma-UT/converted/Osteosarcoma-UT/Training-Set-1/set10/P9-B27-26731-20410.tiff,P9 B27-26731-20410,PENDING-IMAGES,PENDING-IMAGES,PENDING-IMAGES,Non-Tumor,NON_TUMOR,,,P9,,TCIA Osteosarcoma-Tumor-Assessment DOI 10.7937/tcia.2019.bvhjhdas; PathDB collectionId 18 (updated 2023-12-01),PENDING-G2,
P9-B27-26824-12635,http://pathdb.cancerimagingarchive.net/system/files/wsi/ross/Osteosarcoma-UT/converted/Osteosarcoma-UT/Training-Set-1/set10/P9-B27-26824-12635.tiff,P9 B27-26824-12635,PENDING-IMAGES,PENDING-IMAGES,PENDING-IMAGES,Non-Tumor,NON_TUMOR,,,P9,,TCIA Osteosarcoma-Tumor-Assessment DOI 10.7937/tcia.2019.bvhjhdas; PathDB collectionId 18 (updated 2023-12-01),PENDING-G2,
P9-B27-29220-27404,http://pathdb.cancerimagingarchive.net/system/files/wsi/ross/Osteosarcoma-UT/converted/Osteosarcoma-UT/Training-Set-1/set10/P9-B27-29220-27404.tiff,P9 B27-29220-27404,PENDING-IMAGES,PENDING-IMAGES,PENDING-IMAGES,Non-Tumor,NON_TUMOR,,,P9,,TCIA Osteosarcoma-Tumor-Assessment DOI 10.7937/tcia.2019.bvhjhdas; PathDB collectionId 18 (updated 2023-12-01),PENDING-G2,
P9-B27-3237-19787,http://pathdb.cancerimagingarchive.net/system/files/wsi/ross/Osteosarcoma-UT/converted/Osteosarcoma-UT/Training-Set-2/set11/P9-B27-3237-19787.tiff,P9 B27-3237-19787,PENDING-IMAGES,PENDING-IMAGES,PENDING-IMAGES,Non-Tumor,NON_TUMOR,,,P9,,TCIA Osteosarcoma-Tumor-Assessment DOI 10.7937/tcia.2019.bvhjhdas; PathDB collectionId 18 (updated 2023-12-01),PENDING-G2,
P9-B27-32593-22757,http://pathdb.cancerimagingarchive.net/system/files/wsi/ross/Osteosarcoma-UT/converted/Osteosarcoma-UT/Training-Set-1/set10/P9-B27-32593-22757.tiff,P9 B27-32593-22757,PENDING-IMAGES,PENDING-IMAGES,PENDING-IMAGES,Non-Tumor,NON_TUMOR,,,P9,,TCIA Osteosarcoma-Tumor-Assessment DOI 10.7937/tcia.2019.bvhjhdas; PathDB collectionId 18 (updated 2023-12-01),PENDING-G2,
P9-B27-32861-24034,http://pathdb.cancerimagingarchive.net/system/files/wsi/ross/Osteosarcoma-UT/converted/Osteosarcoma-UT/Training-Set-1/set10/P9-B27-32861-24034.tiff,P9 B27-32861-24034,PENDING-IMAGES,PENDING-IMAGES,PENDING-IMAGES,Non-Tumor,NON_TUMOR,,,P9,,TCIA Osteosarcoma-Tumor-Assessment DOI 10.7937/tcia.2019.bvhjhdas; PathDB collectionId 18 (updated 2023-12-01),PENDING-G2,
P9-B27-33859-19909,http://pathdb.cancerimagingarchive.net/system/files/wsi/ross/Osteosarcoma-UT/converted/Osteosarcoma-UT/Training-Set-1/set10/P9-B27-33859-19909.tiff,P9 B27-33859-19909,PENDING-IMAGES,PENDING-IMAGES,PENDING-IMAGES,Non-Tumor,NON_TUMOR,,,P9,,TCIA Osteosarcoma-Tumor-Assessment DOI 10.7937/tcia.2019.bvhjhdas; PathDB collectionId 18 (updated 2023-12-01),PENDING-G2,
P9-B27-4044-15408,http://pathdb.cancerimagingarchive.net/system/files/wsi/ross/Osteosarcoma-UT/converted/Osteosarcoma-UT/Training-Set-2/set11/P9-B27-4044-15408.tiff,P9 B27-4044-15408,PENDING-IMAGES,PENDING-IMAGES,PENDING-IMAGES,Non-Tumor,NON_TUMOR,,,P9,,TCIA Osteosarcoma-Tumor-Assessment DOI 10.7937/tcia.2019.bvhjhdas; PathDB collectionId 18 (updated 2023-12-01),PENDING-G2,
P9-B27-7490-21036,http://pathdb.cancerimagingarchive.net/system/files/wsi/ross/Osteosarcoma-UT/converted/Osteosarcoma-UT/Training-Set-2/set11/P9-B27-7490-21036.tiff,P9 B27-7490-21036,PENDING-IMAGES,PENDING-IMAGES,PENDING-IMAGES,Non-Tumor,NON_TUMOR,,,P9,,TCIA Osteosarcoma-Tumor-Assessment DOI 10.7937/tcia.2019.bvhjhdas; PathDB collectionId 18 (updated 2023-12-01),PENDING-G2,
P9-B27-7514-15190,http://pathdb.cancerimagingarchive.net/system/files/wsi/ross/Osteosarcoma-UT/converted/Osteosarcoma-UT/Training-Set-2/set11/P9-B27-7514-15190.tiff,P9 B27-7514-15190,PENDING-IMAGES,PENDING-IMAGES,PENDING-IMAGES,Non-Tumor,NON_TUMOR,,,P9,,TCIA Osteosarcoma-Tumor-Assessment DOI 10.7937/tcia.2019.bvhjhdas; PathDB collectionId 18 (updated 2023-12-01),PENDING-G2,
P9-B27-7554-23732,http://pathdb.cancerimagingarchive.net/system/files/wsi/ross/Osteosarcoma-UT/converted/Osteosarcoma-UT/Training-Set-2/set11/P9-B27-7554-23732.tiff,P9 B27-7554-23732,PENDING-IMAGES,PENDING-IMAGES,PENDING-IMAGES,Non-Tumor,NON_TUMOR,,,P9,,TCIA Osteosarcoma-Tumor-Assessment DOI 10.7937/tcia.2019.bvhjhdas; PathDB collectionId 18 (updated 2023-12-01),PENDING-G2,
P9-B27-8203-28059,http://pathdb.cancerimagingarchive.net/system/files/wsi/ross/Osteosarcoma-UT/converted/Osteosarcoma-UT/Training-Set-2/set11/P9-B27-8203-28059.tiff,P9 B27-8203-28059,PENDING-IMAGES,PENDING-IMAGES,PENDING-IMAGES,Non-Tumor,NON_TUMOR,,,P9,,TCIA Osteosarcoma-Tumor-Assessment DOI 10.7937/tcia.2019.bvhjhdas; PathDB collectionId 18 (updated 2023-12-01),PENDING-G2,
P9-B27-9346-28187,http://pathdb.cancerimagingarchive.net/system/files/wsi/ross/Osteosarcoma-UT/converted/Osteosarcoma-UT/Training-Set-2/set11/P9-B27-9346-28187.tiff,P9 B27-9346-28187,PENDING-IMAGES,PENDING-IMAGES,PENDING-IMAGES,Non-Tumor,NON_TUMOR,,,P9,,TCIA Osteosarcoma-Tumor-Assessment DOI 10.7937/tcia.2019.bvhjhdas; PathDB collectionId 18 (updated 2023-12-01),PENDING-G2,
P9-B28-11013-9554,http://pathdb.cancerimagingarchive.net/system/files/wsi/ross/Osteosarcoma-UT/converted/Osteosarcoma-UT/Training-Set-2/set11/P9-B28-11013-9554.tiff,P9 B28-11013-9554,PENDING-IMAGES,PENDING-IMAGES,PENDING-IMAGES,Non-Tumor,NON_TUMOR,,,P9,,TCIA Osteosarcoma-Tumor-Assessment DOI 10.7937/tcia.2019.bvhjhdas; PathDB collectionId 18 (updated 2023-12-01),PENDING-G2,
P9-B28-11927-9548,http://pathdb.cancerimagingarchive.net/system/files/wsi/ross/Osteosarcoma-UT/converted/Osteosarcoma-UT/Training-Set-2/set11/P9-B28-11927-9548.tiff,P9 B28-11927-9548,PENDING-IMAGES,PENDING-IMAGES,PENDING-IMAGES,Non-Tumor,NON_TUMOR,,,P9,,TCIA Osteosarcoma-Tumor-Assessment DOI 10.7937/tcia.2019.bvhjhdas; PathDB collectionId 18 (updated 2023-12-01),PENDING-G2,
P9-B28-12856-10047,http://pathdb.cancerimagingarchive.net/system/files/wsi/ross/Osteosarcoma-UT/converted/Osteosarcoma-UT/Training-Set-2/set11/P9-B28-12856-10047.tiff,P9 B28-12856-10047,PENDING-IMAGES,PENDING-IMAGES,PENDING-IMAGES,Non-Tumor,NON_TUMOR,,,P9,,TCIA Osteosarcoma-Tumor-Assessment DOI 10.7937/tcia.2019.bvhjhdas; PathDB collectionId 18 (updated 2023-12-01),PENDING-G2,
P9-B28-12901-5993,http://pathdb.cancerimagingarchive.net/system/files/wsi/ross/Osteosarcoma-UT/converted/Osteosarcoma-UT/Training-Set-2/set11/P9-B28-12901-5993.tiff,P9 B28-12901-5993,PENDING-IMAGES,PENDING-IMAGES,PENDING-IMAGES,Non-Tumor,NON_TUMOR,,,P9,,TCIA Osteosarcoma-Tumor-Assessment DOI 10.7937/tcia.2019.bvhjhdas; PathDB collectionId 18 (updated 2023-12-01),PENDING-G2,
P9-B28-14182-7718,http://pathdb.cancerimagingarchive.net/system/files/wsi/ross/Osteosarcoma-UT/converted/Osteosarcoma-UT/Training-Set-2/set11/P9-B28-14182-7718.tiff,P9 B28-14182-7718,PENDING-IMAGES,PENDING-IMAGES,PENDING-IMAGES,Non-Tumor,NON_TUMOR,,,P9,,TCIA Osteosarcoma-Tumor-Assessment DOI 10.7937/tcia.2019.bvhjhdas; PathDB collectionId 18 (updated 2023-12-01),PENDING-G2,
P9-B28-14508-11698,http://pathdb.cancerimagingarchive.net/system/files/wsi/ross/Osteosarcoma-UT/converted/Osteosarcoma-UT/Training-Set-2/set11/P9-B28-14508-11698.tiff,P9 B28-14508-11698,PENDING-IMAGES,PENDING-IMAGES,PENDING-IMAGES,Non-Tumor,NON_TUMOR,,,P9,,TCIA Osteosarcoma-Tumor-Assessment DOI 10.7937/tcia.2019.bvhjhdas; PathDB collectionId 18 (updated 2023-12-01),PENDING-G2,
P9-B28-14987-29631,http://pathdb.cancerimagingarchive.net/system/files/wsi/ross/Osteosarcoma-UT/converted/Osteosarcoma-UT/Training-Set-2/set11/P9-B28-14987-29631.tiff,P9 B28-14987-29631,PENDING-IMAGES,PENDING-IMAGES,PENDING-IMAGES,Non-Tumor,NON_TUMOR,,,P9,,TCIA Osteosarcoma-Tumor-Assessment DOI 10.7937/tcia.2019.bvhjhdas; PathDB collectionId 18 (updated 2023-12-01),PENDING-G2,
P9-B28-15374-32337,http://pathdb.cancerimagingarchive.net/system/files/wsi/ross/Osteosarcoma-UT/converted/Osteosarcoma-UT/Training-Set-2/set11/P9-B28-15374-32337.tiff,P9 B28-15374-32337,PENDING-IMAGES,PENDING-IMAGES,PENDING-IMAGES,Non-Tumor,NON_TUMOR,,,P9,,TCIA Osteosarcoma-Tumor-Assessment DOI 10.7937/tcia.2019.bvhjhdas; PathDB collectionId 18 (updated 2023-12-01),PENDING-G2,
P9-B28-15856-19913,http://pathdb.cancerimagingarchive.net/system/files/wsi/ross/Osteosarcoma-UT/converted/Osteosarcoma-UT/Training-Set-2/set11/P9-B28-15856-19913.tiff,P9 B28-15856-19913,PENDING-IMAGES,PENDING-IMAGES,PENDING-IMAGES,Non-Tumor,NON_TUMOR,,,P9,,TCIA Osteosarcoma-Tumor-Assessment DOI 10.7937/tcia.2019.bvhjhdas; PathDB collectionId 18 (updated 2023-12-01),PENDING-G2,
P9-B28-17157-16037,http://pathdb.cancerimagingarchive.net/system/files/wsi/ross/Osteosarcoma-UT/converted/Osteosarcoma-UT/Training-Set-2/set11/P9-B28-17157-16037.tiff,P9 B28-17157-16037,PENDING-IMAGES,PENDING-IMAGES,PENDING-IMAGES,Non-Tumor,NON_TUMOR,,,P9,,TCIA Osteosarcoma-Tumor-Assessment DOI 10.7937/tcia.2019.bvhjhdas; PathDB collectionId 18 (updated 2023-12-01),PENDING-G2,
P9-B28-18049-26737,http://pathdb.cancerimagingarchive.net/system/files/wsi/ross/Osteosarcoma-UT/converted/Osteosarcoma-UT/Training-Set-2/set11/P9-B28-18049-26737.tiff,P9 B28-18049-26737,PENDING-IMAGES,PENDING-IMAGES,PENDING-IMAGES,Non-Tumor,NON_TUMOR,,,P9,,TCIA Osteosarcoma-Tumor-Assessment DOI 10.7937/tcia.2019.bvhjhdas; PathDB collectionId 18 (updated 2023-12-01),PENDING-G2,
P9-B28-19864-33157,http://pathdb.cancerimagingarchive.net/system/files/wsi/ross/Osteosarcoma-UT/converted/Osteosarcoma-UT/Training-Set-1/set10/P9-B28-19864-33157.tiff,P9 B28-19864-33157,PENDING-IMAGES,PENDING-IMAGES,PENDING-IMAGES,Non-Tumor,NON_TUMOR,,,P9,,TCIA Osteosarcoma-Tumor-Assessment DOI 10.7937/tcia.2019.bvhjhdas; PathDB collectionId 18 (updated 2023-12-01),PENDING-G2,
P9-B28-22141-15533,http://pathdb.cancerimagingarchive.net/system/files/wsi/ross/Osteosarcoma-UT/converted/Osteosarcoma-UT/Training-Set-1/set10/P9-B28-22141-15533.tiff,P9 B28-22141-15533,PENDING-IMAGES,PENDING-IMAGES,PENDING-IMAGES,Non-Tumor,NON_TUMOR,,,P9,,TCIA Osteosarcoma-Tumor-Assessment DOI 10.7937/tcia.2019.bvhjhdas; PathDB collectionId 18 (updated 2023-12-01),PENDING-G2,
P9-B28-22294-32166,http://pathdb.cancerimagingarchive.net/system/files/wsi/ross/Osteosarcoma-UT/converted/Osteosarcoma-UT/Training-Set-1/set10/P9-B28-22294-32166.tiff,P9 B28-22294-32166,PENDING-IMAGES,PENDING-IMAGES,PENDING-IMAGES,Non-Tumor,NON_TUMOR,,,P9,,TCIA Osteosarcoma-Tumor-Assessment DOI 10.7937/tcia.2019.bvhjhdas; PathDB collectionId 18 (updated 2023-12-01),PENDING-G2,
P9-B28-23153-16435,http://pathdb.cancerimagingarchive.net/system/files/wsi/ross/Osteosarcoma-UT/converted/Osteosarcoma-UT/Training-Set-1/set10/P9-B28-23153-16435.tiff,P9 B28-23153-16435,PENDING-IMAGES,PENDING-IMAGES,PENDING-IMAGES,Non-Tumor,NON_TUMOR,,,P9,,TCIA Osteosarcoma-Tumor-Assessment DOI 10.7937/tcia.2019.bvhjhdas; PathDB collectionId 18 (updated 2023-12-01),PENDING-G2,
P9-B28-23691-19742,http://pathdb.cancerimagingarchive.net/system/files/wsi/ross/Osteosarcoma-UT/converted/Osteosarcoma-UT/Training-Set-1/set10/P9-B28-23691-19742.tiff,P9 B28-23691-19742,PENDING-IMAGES,PENDING-IMAGES,PENDING-IMAGES,Non-Tumor,NON_TUMOR,,,P9,,TCIA Osteosarcoma-Tumor-Assessment DOI 10.7937/tcia.2019.bvhjhdas; PathDB collectionId 18 (updated 2023-12-01),PENDING-G2,
P9-B28-25314-10006,http://pathdb.cancerimagingarchive.net/system/files/wsi/ross/Osteosarcoma-UT/converted/Osteosarcoma-UT/Training-Set-1/set10/P9-B28-25314-10006.tiff,P9 B28-25314-10006,PENDING-IMAGES,PENDING-IMAGES,PENDING-IMAGES,Non-Tumor,NON_TUMOR,,,P9,,TCIA Osteosarcoma-Tumor-Assessment DOI 10.7937/tcia.2019.bvhjhdas; PathDB collectionId 18 (updated 2023-12-01),PENDING-G2,
P9-B28-26096-29717,http://pathdb.cancerimagingarchive.net/system/files/wsi/ross/Osteosarcoma-UT/converted/Osteosarcoma-UT/Training-Set-1/set10/P9-B28-26096-29717.tiff,P9 B28-26096-29717,PENDING-IMAGES,PENDING-IMAGES,PENDING-IMAGES,Non-Tumor,NON_TUMOR,,,P9,,TCIA Osteosarcoma-Tumor-Assessment DOI 10.7937/tcia.2019.bvhjhdas; PathDB collectionId 18 (updated 2023-12-01),PENDING-G2,
P9-B28-26855-15884,http://pathdb.cancerimagingarchive.net/system/files/wsi/ross/Osteosarcoma-UT/converted/Osteosarcoma-UT/Training-Set-1/set10/P9-B28-26855-15884.tiff,P9 B28-26855-15884,PENDING-IMAGES,PENDING-IMAGES,PENDING-IMAGES,Non-Tumor,NON_TUMOR,,,P9,,TCIA Osteosarcoma-Tumor-Assessment DOI 10.7937/tcia.2019.bvhjhdas; PathDB collectionId 18 (updated 2023-12-01),PENDING-G2,
P9-B28-27408-11967,http://pathdb.cancerimagingarchive.net/system/files/wsi/ross/Osteosarcoma-UT/converted/Osteosarcoma-UT/Training-Set-1/set10/P9-B28-27408-11967.tiff,P9 B28-27408-11967,PENDING-IMAGES,PENDING-IMAGES,PENDING-IMAGES,Non-Tumor,NON_TUMOR,,,P9,,TCIA Osteosarcoma-Tumor-Assessment DOI 10.7937/tcia.2019.bvhjhdas; PathDB collectionId 18 (updated 2023-12-01),PENDING-G2,
P9-B28-30940-15637,http://pathdb.cancerimagingarchive.net/system/files/wsi/ross/Osteosarcoma-UT/converted/Osteosarcoma-UT/Training-Set-1/set10/P9-B28-30940-15637.tiff,P9 B28-30940-15637,PENDING-IMAGES,PENDING-IMAGES,PENDING-IMAGES,Non-Tumor,NON_TUMOR,,,P9,,TCIA Osteosarcoma-Tumor-Assessment DOI 10.7937/tcia.2019.bvhjhdas; PathDB collectionId 18 (updated 2023-12-01),PENDING-G2,
P9-B28-31159-9949,http://pathdb.cancerimagingarchive.net/system/files/wsi/ross/Osteosarcoma-UT/converted/Osteosarcoma-UT/Training-Set-1/set11/P9-B28-31159-9949.tiff,P9 B28-31159-9949,PENDING-IMAGES,PENDING-IMAGES,PENDING-IMAGES,Non-Tumor,NON_TUMOR,,,P9,,TCIA Osteosarcoma-Tumor-Assessment DOI 10.7937/tcia.2019.bvhjhdas; PathDB collectionId 18 (updated 2023-12-01),PENDING-G2,
P9-B28-31966-8742,http://pathdb.cancerimagingarchive.net/system/files/wsi/ross/Osteosarcoma-UT/converted/Osteosarcoma-UT/Training-Set-1/set11/P9-B28-31966-8742.tiff,P9 B28-31966-8742,PENDING-IMAGES,PENDING-IMAGES,PENDING-IMAGES,Non-Tumor,NON_TUMOR,,,P9,,TCIA Osteosarcoma-Tumor-Assessment DOI 10.7937/tcia.2019.bvhjhdas; PathDB collectionId 18 (updated 2023-12-01),PENDING-G2,
P9-B28-34690-20420,http://pathdb.cancerimagingarchive.net/system/files/wsi/ross/Osteosarcoma-UT/converted/Osteosarcoma-UT/Training-Set-1/set11/P9-B28-34690-20420.tiff,P9 B28-34690-20420,PENDING-IMAGES,PENDING-IMAGES,PENDING-IMAGES,Non-Tumor,NON_TUMOR,,,P9,,TCIA Osteosarcoma-Tumor-Assessment DOI 10.7937/tcia.2019.bvhjhdas; PathDB collectionId 18 (updated 2023-12-01),PENDING-G2,
P9-B28-4455-17128,http://pathdb.cancerimagingarchive.net/system/files/wsi/ross/Osteosarcoma-UT/converted/Osteosarcoma-UT/Training-Set-2/set11/P9-B28-4455-17128.tiff,P9 B28-4455-17128,PENDING-IMAGES,PENDING-IMAGES,PENDING-IMAGES,Non-Tumor,NON_TUMOR,,,P9,,TCIA Osteosarcoma-Tumor-Assessment DOI 10.7937/tcia.2019.bvhjhdas; PathDB collectionId 18 (updated 2023-12-01),PENDING-G2,
P9-B28-4816-22317,http://pathdb.cancerimagingarchive.net/system/files/wsi/ross/Osteosarcoma-UT/converted/Osteosarcoma-UT/Training-Set-2/set11/P9-B28-4816-22317.tiff,P9 B28-4816-22317,PENDING-IMAGES,PENDING-IMAGES,PENDING-IMAGES,Non-Tumor,NON_TUMOR,,,P9,,TCIA Osteosarcoma-Tumor-Assessment DOI 10.7937/tcia.2019.bvhjhdas; PathDB collectionId 18 (updated 2023-12-01),PENDING-G2,
P9-B28-6717-20778,http://pathdb.cancerimagingarchive.net/system/files/wsi/ross/Osteosarcoma-UT/converted/Osteosarcoma-UT/Training-Set-2/set11/P9-B28-6717-20778.tiff,P9 B28-6717-20778,PENDING-IMAGES,PENDING-IMAGES,PENDING-IMAGES,Non-Tumor,NON_TUMOR,,,P9,,TCIA Osteosarcoma-Tumor-Assessment DOI 10.7937/tcia.2019.bvhjhdas; PathDB collectionId 18 (updated 2023-12-01),PENDING-G2,
P9-B28-8403-19923,http://pathdb.cancerimagingarchive.net/system/files/wsi/ross/Osteosarcoma-UT/converted/Osteosarcoma-UT/Training-Set-2/set11/P9-B28-8403-19923.tiff,P9 B28-8403-19923,PENDING-IMAGES,PENDING-IMAGES,PENDING-IMAGES,Non-Tumor,NON_TUMOR,,,P9,,TCIA Osteosarcoma-Tumor-Assessment DOI 10.7937/tcia.2019.bvhjhdas; PathDB collectionId 18 (updated 2023-12-01),PENDING-G2,
P9-B34-10040-27730,http://pathdb.cancerimagingarchive.net/system/files/wsi/ross/Osteosarcoma-UT/converted/Osteosarcoma-UT/Training-Set-2/set11/P9-B34-10040-27730.tiff,P9 B34-10040-27730,PENDING-IMAGES,PENDING-IMAGES,PENDING-IMAGES,Non-Tumor,NON_TUMOR,,,P9,,TCIA Osteosarcoma-Tumor-Assessment DOI 10.7937/tcia.2019.bvhjhdas; PathDB collectionId 18 (updated 2023-12-01),PENDING-G2,
P9-B34-10616-22327,http://pathdb.cancerimagingarchive.net/system/files/wsi/ross/Osteosarcoma-UT/converted/Osteosarcoma-UT/Training-Set-2/set11/P9-B34-10616-22327.tiff,P9 B34-10616-22327,PENDING-IMAGES,PENDING-IMAGES,PENDING-IMAGES,Non-Tumor,NON_TUMOR,,,P9,,TCIA Osteosarcoma-Tumor-Assessment DOI 10.7937/tcia.2019.bvhjhdas; PathDB collectionId 18 (updated 2023-12-01),PENDING-G2,
P9-B34-11480-15755,http://pathdb.cancerimagingarchive.net/system/files/wsi/ross/Osteosarcoma-UT/converted/Osteosarcoma-UT/Training-Set-2/set11/P9-B34-11480-15755.tiff,P9 B34-11480-15755,PENDING-IMAGES,PENDING-IMAGES,PENDING-IMAGES,Non-Tumor,NON_TUMOR,,,P9,,TCIA Osteosarcoma-Tumor-Assessment DOI 10.7937/tcia.2019.bvhjhdas; PathDB collectionId 18 (updated 2023-12-01),PENDING-G2,
P9-B34-12550-21771,http://pathdb.cancerimagingarchive.net/system/files/wsi/ross/Osteosarcoma-UT/converted/Osteosarcoma-UT/Training-Set-2/set11/P9-B34-12550-21771.tiff,P9 B34-12550-21771,PENDING-IMAGES,PENDING-IMAGES,PENDING-IMAGES,Non-Tumor,NON_TUMOR,,,P9,,TCIA Osteosarcoma-Tumor-Assessment DOI 10.7937/tcia.2019.bvhjhdas; PathDB collectionId 18 (updated 2023-12-01),PENDING-G2,
P9-B34-17628-29682,http://pathdb.cancerimagingarchive.net/system/files/wsi/ross/Osteosarcoma-UT/converted/Osteosarcoma-UT/Training-Set-2/set11/P9-B34-17628-29682.tiff,P9 B34-17628-29682,PENDING-IMAGES,PENDING-IMAGES,PENDING-IMAGES,Non-Tumor,NON_TUMOR,,,P9,,TCIA Osteosarcoma-Tumor-Assessment DOI 10.7937/tcia.2019.bvhjhdas; PathDB collectionId 18 (updated 2023-12-01),PENDING-G2,
P9-B34-18605-6878,http://pathdb.cancerimagingarchive.net/system/files/wsi/ross/Osteosarcoma-UT/converted/Osteosarcoma-UT/Training-Set-2/set11/P9-B34-18605-6878.tiff,P9 B34-18605-6878,PENDING-IMAGES,PENDING-IMAGES,PENDING-IMAGES,Non-Tumor,NON_TUMOR,,,P9,,TCIA Osteosarcoma-Tumor-Assessment DOI 10.7937/tcia.2019.bvhjhdas; PathDB collectionId 18 (updated 2023-12-01),PENDING-G2,
P9-B34-22138-14146,http://pathdb.cancerimagingarchive.net/system/files/wsi/ross/Osteosarcoma-UT/converted/Osteosarcoma-UT/Training-Set-2/set11/P9-B34-22138-14146.tiff,P9 B34-22138-14146,PENDING-IMAGES,PENDING-IMAGES,PENDING-IMAGES,Non-Tumor,NON_TUMOR,,,P9,,TCIA Osteosarcoma-Tumor-Assessment DOI 10.7937/tcia.2019.bvhjhdas; PathDB collectionId 18 (updated 2023-12-01),PENDING-G2,
P9-B34-22505-3850,http://pathdb.cancerimagingarchive.net/system/files/wsi/ross/Osteosarcoma-UT/converted/Osteosarcoma-UT/Training-Set-2/set11/P9-B34-22505-3850.tiff,P9 B34-22505-3850,PENDING-IMAGES,PENDING-IMAGES,PENDING-IMAGES,Non-Tumor,NON_TUMOR,,,P9,,TCIA Osteosarcoma-Tumor-Assessment DOI 10.7937/tcia.2019.bvhjhdas; PathDB collectionId 18 (updated 2023-12-01),PENDING-G2,
P9-B34-22773-28922,http://pathdb.cancerimagingarchive.net/system/files/wsi/ross/Osteosarcoma-UT/converted/Osteosarcoma-UT/Training-Set-2/set11/P9-B34-22773-28922.tiff,P9 B34-22773-28922,PENDING-IMAGES,PENDING-IMAGES,PENDING-IMAGES,Non-Tumor,NON_TUMOR,,,P9,,TCIA Osteosarcoma-Tumor-Assessment DOI 10.7937/tcia.2019.bvhjhdas; PathDB collectionId 18 (updated 2023-12-01),PENDING-G2,
P9-B34-23472-28061,http://pathdb.cancerimagingarchive.net/system/files/wsi/ross/Osteosarcoma-UT/converted/Osteosarcoma-UT/Training-Set-1/set11/P9-B34-23472-28061.tiff,P9 B34-23472-28061,PENDING-IMAGES,PENDING-IMAGES,PENDING-IMAGES,Non-Tumor,NON_TUMOR,,,P9,,TCIA Osteosarcoma-Tumor-Assessment DOI 10.7937/tcia.2019.bvhjhdas; PathDB collectionId 18 (updated 2023-12-01),PENDING-G2,
P9-B34-24112-27360,http://pathdb.cancerimagingarchive.net/system/files/wsi/ross/Osteosarcoma-UT/converted/Osteosarcoma-UT/Training-Set-1/set11/P9-B34-24112-27360.tiff,P9 B34-24112-27360,PENDING-IMAGES,PENDING-IMAGES,PENDING-IMAGES,Non-Tumor,NON_TUMOR,,,P9,,TCIA Osteosarcoma-Tumor-Assessment DOI 10.7937/tcia.2019.bvhjhdas; PathDB collectionId 18 (updated 2023-12-01),PENDING-G2,
P9-B34-24786-29238,http://pathdb.cancerimagingarchive.net/system/files/wsi/ross/Osteosarcoma-UT/converted/Osteosarcoma-UT/Training-Set-1/set11/P9-B34-24786-29238.tiff,P9 B34-24786-29238,PENDING-IMAGES,PENDING-IMAGES,PENDING-IMAGES,Non-Tumor,NON_TUMOR,,,P9,,TCIA Osteosarcoma-Tumor-Assessment DOI 10.7937/tcia.2019.bvhjhdas; PathDB collectionId 18 (updated 2023-12-01),PENDING-G2,
P9-B34-24972-14320,http://pathdb.cancerimagingarchive.net/system/files/wsi/ross/Osteosarcoma-UT/converted/Osteosarcoma-UT/Training-Set-1/set11/P9-B34-24972-14320.tiff,P9 B34-24972-14320,PENDING-IMAGES,PENDING-IMAGES,PENDING-IMAGES,Non-Tumor,NON_TUMOR,,,P9,,TCIA Osteosarcoma-Tumor-Assessment DOI 10.7937/tcia.2019.bvhjhdas; PathDB collectionId 18 (updated 2023-12-01),PENDING-G2,
P9-B34-25704-20109,http://pathdb.cancerimagingarchive.net/system/files/wsi/ross/Osteosarcoma-UT/converted/Osteosarcoma-UT/Training-Set-1/set11/P9-B34-25704-20109.tiff,P9 B34-25704-20109,PENDING-IMAGES,PENDING-IMAGES,PENDING-IMAGES,Non-Tumor,NON_TUMOR,,,P9,,TCIA Osteosarcoma-Tumor-Assessment DOI 10.7937/tcia.2019.bvhjhdas; PathDB collectionId 18 (updated 2023-12-01),PENDING-G2,
P9-B34-26276-21044,http://pathdb.cancerimagingarchive.net/system/files/wsi/ross/Osteosarcoma-UT/converted/Osteosarcoma-UT/Training-Set-1/set11/P9-B34-26276-21044.tiff,P9 B34-26276-21044,PENDING-IMAGES,PENDING-IMAGES,PENDING-IMAGES,Non-Tumor,NON_TUMOR,,,P9,,TCIA Osteosarcoma-Tumor-Assessment DOI 10.7937/tcia.2019.bvhjhdas; PathDB collectionId 18 (updated 2023-12-01),PENDING-G2,
P9-B34-26396-10641,http://pathdb.cancerimagingarchive.net/system/files/wsi/ross/Osteosarcoma-UT/converted/Osteosarcoma-UT/Training-Set-1/set11/P9-B34-26396-10641.tiff,P9 B34-26396-10641,PENDING-IMAGES,PENDING-IMAGES,PENDING-IMAGES,Non-Tumor,NON_TUMOR,,,P9,,TCIA Osteosarcoma-Tumor-Assessment DOI 10.7937/tcia.2019.bvhjhdas; PathDB collectionId 18 (updated 2023-12-01),PENDING-G2,
P9-B34-29602-19976,http://pathdb.cancerimagingarchive.net/system/files/wsi/ross/Osteosarcoma-UT/converted/Osteosarcoma-UT/Training-Set-1/set11/P9-B34-29602-19976.tiff,P9 B34-29602-19976,PENDING-IMAGES,PENDING-IMAGES,PENDING-IMAGES,Non-Tumor,NON_TUMOR,,,P9,,TCIA Osteosarcoma-Tumor-Assessment DOI 10.7937/tcia.2019.bvhjhdas; PathDB collectionId 18 (updated 2023-12-01),PENDING-G2,
P9-B34-29961-25751,http://pathdb.cancerimagingarchive.net/system/files/wsi/ross/Osteosarcoma-UT/converted/Osteosarcoma-UT/Training-Set-1/set11/P9-B34-29961-25751.tiff,P9 B34-29961-25751,PENDING-IMAGES,PENDING-IMAGES,PENDING-IMAGES,Non-Tumor,NON_TUMOR,,,P9,,TCIA Osteosarcoma-Tumor-Assessment DOI 10.7937/tcia.2019.bvhjhdas; PathDB collectionId 18 (updated 2023-12-01),PENDING-G2,
P9-B34-31502-20976,http://pathdb.cancerimagingarchive.net/system/files/wsi/ross/Osteosarcoma-UT/converted/Osteosarcoma-UT/Training-Set-1/set11/P9-B34-31502-20976.tiff,P9 B34-31502-20976,PENDING-IMAGES,PENDING-IMAGES,PENDING-IMAGES,Non-Tumor,NON_TUMOR,,,P9,,TCIA Osteosarcoma-Tumor-Assessment DOI 10.7937/tcia.2019.bvhjhdas; PathDB collectionId 18 (updated 2023-12-01),PENDING-G2,
P9-B34-32214-14627,http://pathdb.cancerimagingarchive.net/system/files/wsi/ross/Osteosarcoma-UT/converted/Osteosarcoma-UT/Training-Set-1/set11/P9-B34-32214-14627.tiff,P9 B34-32214-14627,PENDING-IMAGES,PENDING-IMAGES,PENDING-IMAGES,Non-Tumor,NON_TUMOR,,,P9,,TCIA Osteosarcoma-Tumor-Assessment DOI 10.7937/tcia.2019.bvhjhdas; PathDB collectionId 18 (updated 2023-12-01),PENDING-G2,
P9-B34-34830-24344,http://pathdb.cancerimagingarchive.net/system/files/wsi/ross/Osteosarcoma-UT/converted/Osteosarcoma-UT/Training-Set-1/set11/P9-B34-34830-24344.tiff,P9 B34-34830-24344,PENDING-IMAGES,PENDING-IMAGES,PENDING-IMAGES,Non-Tumor,NON_TUMOR,,,P9,,TCIA Osteosarcoma-Tumor-Assessment DOI 10.7937/tcia.2019.bvhjhdas; PathDB collectionId 18 (updated 2023-12-01),PENDING-G2,
P9-B34-3963-13771,http://pathdb.cancerimagingarchive.net/system/files/wsi/ross/Osteosarcoma-UT/converted/Osteosarcoma-UT/Training-Set-2/set12/P9-B34-3963-13771.tiff,P9 B34-3963-13771,PENDING-IMAGES,PENDING-IMAGES,PENDING-IMAGES,Non-Tumor,NON_TUMOR,,,P9,,TCIA Osteosarcoma-Tumor-Assessment DOI 10.7937/tcia.2019.bvhjhdas; PathDB collectionId 18 (updated 2023-12-01),PENDING-G2,
P9-B34-4804-20458,http://pathdb.cancerimagingarchive.net/system/files/wsi/ross/Osteosarcoma-UT/converted/Osteosarcoma-UT/Training-Set-2/set12/P9-B34-4804-20458.tiff,P9 B34-4804-20458,PENDING-IMAGES,PENDING-IMAGES,PENDING-IMAGES,Non-Tumor,NON_TUMOR,,,P9,,TCIA Osteosarcoma-Tumor-Assessment DOI 10.7937/tcia.2019.bvhjhdas; PathDB collectionId 18 (updated 2023-12-01),PENDING-G2,
P9-B34-5389-15014,http://pathdb.cancerimagingarchive.net/system/files/wsi/ross/Osteosarcoma-UT/converted/Osteosarcoma-UT/Training-Set-2/set12/P9-B34-5389-15014.tiff,P9 B34-5389-15014,PENDING-IMAGES,PENDING-IMAGES,PENDING-IMAGES,Non-Tumor,NON_TUMOR,,,P9,,TCIA Osteosarcoma-Tumor-Assessment DOI 10.7937/tcia.2019.bvhjhdas; PathDB collectionId 18 (updated 2023-12-01),PENDING-G2,
P9-B34-8114-26748,http://pathdb.cancerimagingarchive.net/system/files/wsi/ross/Osteosarcoma-UT/converted/Osteosarcoma-UT/Training-Set-2/set12/P9-B34-8114-26748.tiff,P9 B34-8114-26748,PENDING-IMAGES,PENDING-IMAGES,PENDING-IMAGES,Non-Tumor,NON_TUMOR,,,P9,,TCIA Osteosarcoma-Tumor-Assessment DOI 10.7937/tcia.2019.bvhjhdas; PathDB collectionId 18 (updated 2023-12-01),PENDING-G2,
P9-B34-8406-7688,http://pathdb.cancerimagingarchive.net/system/files/wsi/ross/Osteosarcoma-UT/converted/Osteosarcoma-UT/Training-Set-2/set12/P9-B34-8406-7688.tiff,P9 B34-8406-7688,PENDING-IMAGES,PENDING-IMAGES,PENDING-IMAGES,Non-Tumor,NON_TUMOR,,,P9,,TCIA Osteosarcoma-Tumor-Assessment DOI 10.7937/tcia.2019.bvhjhdas; PathDB collectionId 18 (updated 2023-12-01),PENDING-G2,
P9-B34-8718-30889,http://pathdb.cancerimagingarchive.net/system/files/wsi/ross/Osteosarcoma-UT/converted/Osteosarcoma-UT/Training-Set-2/set12/P9-B34-8718-30889.tiff,P9 B34-8718-30889,PENDING-IMAGES,PENDING-IMAGES,PENDING-IMAGES,Non-Tumor,NON_TUMOR,,,P9,,TCIA Osteosarcoma-Tumor-Assessment DOI 10.7937/tcia.2019.bvhjhdas; PathDB collectionId 18 (updated 2023-12-01),PENDING-G2,
P9-B35-12438-25674,http://pathdb.cancerimagingarchive.net/system/files/wsi/ross/Osteosarcoma-UT/converted/Osteosarcoma-UT/Training-Set-2/set12/P9-B35-12438-25674.tiff,P9 B35-12438-25674,PENDING-IMAGES,PENDING-IMAGES,PENDING-IMAGES,Non-Tumor,NON_TUMOR,,,P9,,TCIA Osteosarcoma-Tumor-Assessment DOI 10.7937/tcia.2019.bvhjhdas; PathDB collectionId 18 (updated 2023-12-01),PENDING-G2,
P9-B35-12815-12096,http://pathdb.cancerimagingarchive.net/system/files/wsi/ross/Osteosarcoma-UT/converted/Osteosarcoma-UT/Training-Set-2/set12/P9-B35-12815-12096.tiff,P9 B35-12815-12096,PENDING-IMAGES,PENDING-IMAGES,PENDING-IMAGES,Non-Tumor,NON_TUMOR,,,P9,,TCIA Osteosarcoma-Tumor-Assessment DOI 10.7937/tcia.2019.bvhjhdas; PathDB collectionId 18 (updated 2023-12-01),PENDING-G2,
P9-B35-14505-12348,http://pathdb.cancerimagingarchive.net/system/files/wsi/ross/Osteosarcoma-UT/converted/Osteosarcoma-UT/Training-Set-2/set12/P9-B35-14505-12348.tiff,P9 B35-14505-12348,PENDING-IMAGES,PENDING-IMAGES,PENDING-IMAGES,Non-Tumor,NON_TUMOR,,,P9,,TCIA Osteosarcoma-Tumor-Assessment DOI 10.7937/tcia.2019.bvhjhdas; PathDB collectionId 18 (updated 2023-12-01),PENDING-G2,
P9-B35-15021-9557,http://pathdb.cancerimagingarchive.net/system/files/wsi/ross/Osteosarcoma-UT/converted/Osteosarcoma-UT/Training-Set-2/set12/P9-B35-15021-9557.tiff,P9 B35-15021-9557,PENDING-IMAGES,PENDING-IMAGES,PENDING-IMAGES,Non-Tumor,NON_TUMOR,,,P9,,TCIA Osteosarcoma-Tumor-Assessment DOI 10.7937/tcia.2019.bvhjhdas; PathDB collectionId 18 (updated 2023-12-01),PENDING-G2,
P9-B35-15208-10297,http://pathdb.cancerimagingarchive.net/system/files/wsi/ross/Osteosarcoma-UT/converted/Osteosarcoma-UT/Training-Set-2/set12/P9-B35-15208-10297.tiff,P9 B35-15208-10297,PENDING-IMAGES,PENDING-IMAGES,PENDING-IMAGES,Non-Tumor,NON_TUMOR,,,P9,,TCIA Osteosarcoma-Tumor-Assessment DOI 10.7937/tcia.2019.bvhjhdas; PathDB collectionId 18 (updated 2023-12-01),PENDING-G2,
P9-B35-16551-24506,http://pathdb.cancerimagingarchive.net/system/files/wsi/ross/Osteosarcoma-UT/converted/Osteosarcoma-UT/Training-Set-2/set12/P9-B35-16551-24506.tiff,P9 B35-16551-24506,PENDING-IMAGES,PENDING-IMAGES,PENDING-IMAGES,Non-Tumor,NON_TUMOR,,,P9,,TCIA Osteosarcoma-Tumor-Assessment DOI 10.7937/tcia.2019.bvhjhdas; PathDB collectionId 18 (updated 2023-12-01),PENDING-G2,
P9-B35-16877-31247,http://pathdb.cancerimagingarchive.net/system/files/wsi/ross/Osteosarcoma-UT/converted/Osteosarcoma-UT/Training-Set-2/set12/P9-B35-16877-31247.tiff,P9 B35-16877-31247,PENDING-IMAGES,PENDING-IMAGES,PENDING-IMAGES,Non-Tumor,NON_TUMOR,,,P9,,TCIA Osteosarcoma-Tumor-Assessment DOI 10.7937/tcia.2019.bvhjhdas; PathDB collectionId 18 (updated 2023-12-01),PENDING-G2,
P9-B35-17883-27584,http://pathdb.cancerimagingarchive.net/system/files/wsi/ross/Osteosarcoma-UT/converted/Osteosarcoma-UT/Training-Set-2/set12/P9-B35-17883-27584.tiff,P9 B35-17883-27584,PENDING-IMAGES,PENDING-IMAGES,PENDING-IMAGES,Non-Tumor,NON_TUMOR,,,P9,,TCIA Osteosarcoma-Tumor-Assessment DOI 10.7937/tcia.2019.bvhjhdas; PathDB collectionId 18 (updated 2023-12-01),PENDING-G2,
P9-B35-19533-30395,http://pathdb.cancerimagingarchive.net/system/files/wsi/ross/Osteosarcoma-UT/converted/Osteosarcoma-UT/Training-Set-1/set11/P9-B35-19533-30395.tiff,P9 B35-19533-30395,PENDING-IMAGES,PENDING-IMAGES,PENDING-IMAGES,Non-Tumor,NON_TUMOR,,,P9,,TCIA Osteosarcoma-Tumor-Assessment DOI 10.7937/tcia.2019.bvhjhdas; PathDB collectionId 18 (updated 2023-12-01),PENDING-G2,
P9-B35-21019-2866,http://pathdb.cancerimagingarchive.net/system/files/wsi/ross/Osteosarcoma-UT/converted/Osteosarcoma-UT/Training-Set-1/set11/P9-B35-21019-2866.tiff,P9 B35-21019-2866,PENDING-IMAGES,PENDING-IMAGES,PENDING-IMAGES,Non-Tumor,NON_TUMOR,,,P9,,TCIA Osteosarcoma-Tumor-Assessment DOI 10.7937/tcia.2019.bvhjhdas; PathDB collectionId 18 (updated 2023-12-01),PENDING-G2,
P9-B35-22735-12061,http://pathdb.cancerimagingarchive.net/system/files/wsi/ross/Osteosarcoma-UT/converted/Osteosarcoma-UT/Training-Set-1/set11/P9-B35-22735-12061.tiff,P9 B35-22735-12061,PENDING-IMAGES,PENDING-IMAGES,PENDING-IMAGES,Non-Tumor,NON_TUMOR,,,P9,,TCIA Osteosarcoma-Tumor-Assessment DOI 10.7937/tcia.2019.bvhjhdas; PathDB collectionId 18 (updated 2023-12-01),PENDING-G2,
P9-B35-24085-20586,http://pathdb.cancerimagingarchive.net/system/files/wsi/ross/Osteosarcoma-UT/converted/Osteosarcoma-UT/Training-Set-1/set11/P9-B35-24085-20586.tiff,P9 B35-24085-20586,PENDING-IMAGES,PENDING-IMAGES,PENDING-IMAGES,Non-Tumor,NON_TUMOR,,,P9,,TCIA Osteosarcoma-Tumor-Assessment DOI 10.7937/tcia.2019.bvhjhdas; PathDB collectionId 18 (updated 2023-12-01),PENDING-G2,
P9-B35-24179-20080,http://pathdb.cancerimagingarchive.net/system/files/wsi/ross/Osteosarcoma-UT/converted/Osteosarcoma-UT/Training-Set-1/set11/P9-B35-24179-20080.tiff,P9 B35-24179-20080,PENDING-IMAGES,PENDING-IMAGES,PENDING-IMAGES,Non-Tumor,NON_TUMOR,,,P9,,TCIA Osteosarcoma-Tumor-Assessment DOI 10.7937/tcia.2019.bvhjhdas; PathDB collectionId 18 (updated 2023-12-01),PENDING-G2,
P9-B35-24524-30984,http://pathdb.cancerimagingarchive.net/system/files/wsi/ross/Osteosarcoma-UT/converted/Osteosarcoma-UT/Training-Set-1/set11/P9-B35-24524-30984.tiff,P9 B35-24524-30984,PENDING-IMAGES,PENDING-IMAGES,PENDING-IMAGES,Non-Tumor,NON_TUMOR,,,P9,,TCIA Osteosarcoma-Tumor-Assessment DOI 10.7937/tcia.2019.bvhjhdas; PathDB collectionId 18 (updated 2023-12-01),PENDING-G2,
P9-B35-24706-27321,http://pathdb.cancerimagingarchive.net/system/files/wsi/ross/Osteosarcoma-UT/converted/Osteosarcoma-UT/Training-Set-1/set11/P9-B35-24706-27321.tiff,P9 B35-24706-27321,PENDING-IMAGES,PENDING-IMAGES,PENDING-IMAGES,Non-Tumor,NON_TUMOR,,,P9,,TCIA Osteosarcoma-Tumor-Assessment DOI 10.7937/tcia.2019.bvhjhdas; PathDB collectionId 18 (updated 2023-12-01),PENDING-G2,
P9-B35-25420-14360,http://pathdb.cancerimagingarchive.net/system/files/wsi/ross/Osteosarcoma-UT/converted/Osteosarcoma-UT/Training-Set-1/set11/P9-B35-25420-14360.tiff,P9 B35-25420-14360,PENDING-IMAGES,PENDING-IMAGES,PENDING-IMAGES,Non-Tumor,NON_TUMOR,,,P9,,TCIA Osteosarcoma-Tumor-Assessment DOI 10.7937/tcia.2019.bvhjhdas; PathDB collectionId 18 (updated 2023-12-01),PENDING-G2,
P9-B35-26037-23313,http://pathdb.cancerimagingarchive.net/system/files/wsi/ross/Osteosarcoma-UT/converted/Osteosarcoma-UT/Training-Set-1/set11/P9-B35-26037-23313.tiff,P9 B35-26037-23313,PENDING-IMAGES,PENDING-IMAGES,PENDING-IMAGES,Non-Tumor,NON_TUMOR,,,P9,,TCIA Osteosarcoma-Tumor-Assessment DOI 10.7937/tcia.2019.bvhjhdas; PathDB collectionId 18 (updated 2023-12-01),PENDING-G2,
P9-B35-26526-8068,http://pathdb.cancerimagingarchive.net/system/files/wsi/ross/Osteosarcoma-UT/converted/Osteosarcoma-UT/Training-Set-1/set11/P9-B35-26526-8068.tiff,P9 B35-26526-8068,PENDING-IMAGES,PENDING-IMAGES,PENDING-IMAGES,Non-Tumor,NON_TUMOR,,,P9,,TCIA Osteosarcoma-Tumor-Assessment DOI 10.7937/tcia.2019.bvhjhdas; PathDB collectionId 18 (updated 2023-12-01),PENDING-G2,
P9-B35-32599-17175,http://pathdb.cancerimagingarchive.net/system/files/wsi/ross/Osteosarcoma-UT/converted/Osteosarcoma-UT/Training-Set-1/set11/P9-B35-32599-17175.tiff,P9 B35-32599-17175,PENDING-IMAGES,PENDING-IMAGES,PENDING-IMAGES,Non-Tumor,NON_TUMOR,,,P9,,TCIA Osteosarcoma-Tumor-Assessment DOI 10.7937/tcia.2019.bvhjhdas; PathDB collectionId 18 (updated 2023-12-01),PENDING-G2,
P9-B35-37035-24678,http://pathdb.cancerimagingarchive.net/system/files/wsi/ross/Osteosarcoma-UT/converted/Osteosarcoma-UT/Training-Set-1/set11/P9-B35-37035-24678.tiff,P9 B35-37035-24678,PENDING-IMAGES,PENDING-IMAGES,PENDING-IMAGES,Non-Tumor,NON_TUMOR,,,P9,,TCIA Osteosarcoma-Tumor-Assessment DOI 10.7937/tcia.2019.bvhjhdas; PathDB collectionId 18 (updated 2023-12-01),PENDING-G2,
P9-B35-4389-24585,http://pathdb.cancerimagingarchive.net/system/files/wsi/ross/Osteosarcoma-UT/converted/Osteosarcoma-UT/Training-Set-2/set12/P9-B35-4389-24585.tiff,P9 B35-4389-24585,PENDING-IMAGES,PENDING-IMAGES,PENDING-IMAGES,Non-Tumor,NON_TUMOR,,,P9,,TCIA Osteosarcoma-Tumor-Assessment DOI 10.7937/tcia.2019.bvhjhdas; PathDB collectionId 18 (updated 2023-12-01),PENDING-G2,
P9-B35-6618-26202,http://pathdb.cancerimagingarchive.net/system/files/wsi/ross/Osteosarcoma-UT/converted/Osteosarcoma-UT/Training-Set-2/set12/P9-B35-6618-26202.tiff,P9 B35-6618-26202,PENDING-IMAGES,PENDING-IMAGES,PENDING-IMAGES,Non-Tumor,NON_TUMOR,,,P9,,TCIA Osteosarcoma-Tumor-Assessment DOI 10.7937/tcia.2019.bvhjhdas; PathDB collectionId 18 (updated 2023-12-01),PENDING-G2,
P9-B35-8320-3884,http://pathdb.cancerimagingarchive.net/system/files/wsi/ross/Osteosarcoma-UT/converted/Osteosarcoma-UT/Training-Set-2/set12/P9-B35-8320-3884.tiff,P9 B35-8320-3884,PENDING-IMAGES,PENDING-IMAGES,PENDING-IMAGES,Non-Tumor,NON_TUMOR,,,P9,,TCIA Osteosarcoma-Tumor-Assessment DOI 10.7937/tcia.2019.bvhjhdas; PathDB collectionId 18 (updated 2023-12-01),PENDING-G2,
P9-B35-8377-19050,http://pathdb.cancerimagingarchive.net/system/files/wsi/ross/Osteosarcoma-UT/converted/Osteosarcoma-UT/Training-Set-2/set12/P9-B35-8377-19050.tiff,P9 B35-8377-19050,PENDING-IMAGES,PENDING-IMAGES,PENDING-IMAGES,Non-Tumor,NON_TUMOR,,,P9,,TCIA Osteosarcoma-Tumor-Assessment DOI 10.7937/tcia.2019.bvhjhdas; PathDB collectionId 18 (updated 2023-12-01),PENDING-G2,
P9-B6-10488-27683,http://pathdb.cancerimagingarchive.net/system/files/wsi/ross/Osteosarcoma-UT/converted/Osteosarcoma-UT/Training-Set-2/set12/P9-B6-10488-27683.tiff,P9 B6-10488-27683,PENDING-IMAGES,PENDING-IMAGES,PENDING-IMAGES,Non-Tumor,NON_TUMOR,,,P9,,TCIA Osteosarcoma-Tumor-Assessment DOI 10.7937/tcia.2019.bvhjhdas; PathDB collectionId 18 (updated 2023-12-01),PENDING-G2,
P9-B6-11153-24729,http://pathdb.cancerimagingarchive.net/system/files/wsi/ross/Osteosarcoma-UT/converted/Osteosarcoma-UT/Training-Set-2/set12/P9-B6-11153-24729.tiff,P9 B6-11153-24729,PENDING-IMAGES,PENDING-IMAGES,PENDING-IMAGES,Non-Tumor,NON_TUMOR,,,P9,,TCIA Osteosarcoma-Tumor-Assessment DOI 10.7937/tcia.2019.bvhjhdas; PathDB collectionId 18 (updated 2023-12-01),PENDING-G2,
P9-B6-12212-7812,http://pathdb.cancerimagingarchive.net/system/files/wsi/ross/Osteosarcoma-UT/converted/Osteosarcoma-UT/Training-Set-2/set12/P9-B6-12212-7812.tiff,P9 B6-12212-7812,PENDING-IMAGES,PENDING-IMAGES,PENDING-IMAGES,Non-Tumor,NON_TUMOR,,,P9,,TCIA Osteosarcoma-Tumor-Assessment DOI 10.7937/tcia.2019.bvhjhdas; PathDB collectionId 18 (updated 2023-12-01),PENDING-G2,
P9-B6-15408-27469,http://pathdb.cancerimagingarchive.net/system/files/wsi/ross/Osteosarcoma-UT/converted/Osteosarcoma-UT/Training-Set-2/set12/P9-B6-15408-27469.tiff,P9 B6-15408-27469,PENDING-IMAGES,PENDING-IMAGES,PENDING-IMAGES,Non-Tumor,NON_TUMOR,,,P9,,TCIA Osteosarcoma-Tumor-Assessment DOI 10.7937/tcia.2019.bvhjhdas; PathDB collectionId 18 (updated 2023-12-01),PENDING-G2,
P9-B6-17146-14469,http://pathdb.cancerimagingarchive.net/system/files/wsi/ross/Osteosarcoma-UT/converted/Osteosarcoma-UT/Training-Set-2/set12/P9-B6-17146-14469.tiff,P9 B6-17146-14469,PENDING-IMAGES,PENDING-IMAGES,PENDING-IMAGES,Non-Tumor,NON_TUMOR,,,P9,,TCIA Osteosarcoma-Tumor-Assessment DOI 10.7937/tcia.2019.bvhjhdas; PathDB collectionId 18 (updated 2023-12-01),PENDING-G2,
P9-B6-17176-31590,http://pathdb.cancerimagingarchive.net/system/files/wsi/ross/Osteosarcoma-UT/converted/Osteosarcoma-UT/Training-Set-2/set12/P9-B6-17176-31590.tiff,P9 B6-17176-31590,PENDING-IMAGES,PENDING-IMAGES,PENDING-IMAGES,Non-Tumor,NON_TUMOR,,,P9,,TCIA Osteosarcoma-Tumor-Assessment DOI 10.7937/tcia.2019.bvhjhdas; PathDB collectionId 18 (updated 2023-12-01),PENDING-G2,
P9-B6-17918-19733,http://pathdb.cancerimagingarchive.net/system/files/wsi/ross/Osteosarcoma-UT/converted/Osteosarcoma-UT/Training-Set-2/set12/P9-B6-17918-19733.tiff,P9 B6-17918-19733,PENDING-IMAGES,PENDING-IMAGES,PENDING-IMAGES,Non-Tumor,NON_TUMOR,,,P9,,TCIA Osteosarcoma-Tumor-Assessment DOI 10.7937/tcia.2019.bvhjhdas; PathDB collectionId 18 (updated 2023-12-01),PENDING-G2,
P9-B6-18080-13972,http://pathdb.cancerimagingarchive.net/system/files/wsi/ross/Osteosarcoma-UT/converted/Osteosarcoma-UT/Training-Set-2/set12/P9-B6-18080-13972.tiff,P9 B6-18080-13972,PENDING-IMAGES,PENDING-IMAGES,PENDING-IMAGES,Non-Tumor,NON_TUMOR,,,P9,,TCIA Osteosarcoma-Tumor-Assessment DOI 10.7937/tcia.2019.bvhjhdas; PathDB collectionId 18 (updated 2023-12-01),PENDING-G2,
P9-B6-18107-15557,http://pathdb.cancerimagingarchive.net/system/files/wsi/ross/Osteosarcoma-UT/converted/Osteosarcoma-UT/Training-Set-2/set12/P9-B6-18107-15557.tiff,P9 B6-18107-15557,PENDING-IMAGES,PENDING-IMAGES,PENDING-IMAGES,Non-Tumor,NON_TUMOR,,,P9,,TCIA Osteosarcoma-Tumor-Assessment DOI 10.7937/tcia.2019.bvhjhdas; PathDB collectionId 18 (updated 2023-12-01),PENDING-G2,
P9-B6-18722-31321,http://pathdb.cancerimagingarchive.net/system/files/wsi/ross/Osteosarcoma-UT/converted/Osteosarcoma-UT/Training-Set-2/set12/P9-B6-18722-31321.tiff,P9 B6-18722-31321,PENDING-IMAGES,PENDING-IMAGES,PENDING-IMAGES,Non-Tumor,NON_TUMOR,,,P9,,TCIA Osteosarcoma-Tumor-Assessment DOI 10.7937/tcia.2019.bvhjhdas; PathDB collectionId 18 (updated 2023-12-01),PENDING-G2,
P9-B6-19328-19600,http://pathdb.cancerimagingarchive.net/system/files/wsi/ross/Osteosarcoma-UT/converted/Osteosarcoma-UT/Training-Set-1/set11/P9-B6-19328-19600.tiff,P9 B6-19328-19600,PENDING-IMAGES,PENDING-IMAGES,PENDING-IMAGES,Non-Tumor,NON_TUMOR,,,P9,,TCIA Osteosarcoma-Tumor-Assessment DOI 10.7937/tcia.2019.bvhjhdas; PathDB collectionId 18 (updated 2023-12-01),PENDING-G2,
P9-B6-19704-3257,http://pathdb.cancerimagingarchive.net/system/files/wsi/ross/Osteosarcoma-UT/converted/Osteosarcoma-UT/Training-Set-1/set11/P9-B6-19704-3257.tiff,P9 B6-19704-3257,PENDING-IMAGES,PENDING-IMAGES,PENDING-IMAGES,Non-Tumor,NON_TUMOR,,,P9,,TCIA Osteosarcoma-Tumor-Assessment DOI 10.7937/tcia.2019.bvhjhdas; PathDB collectionId 18 (updated 2023-12-01),PENDING-G2,
P9-B6-19992-23631,http://pathdb.cancerimagingarchive.net/system/files/wsi/ross/Osteosarcoma-UT/converted/Osteosarcoma-UT/Training-Set-1/set11/P9-B6-19992-23631.tiff,P9 B6-19992-23631,PENDING-IMAGES,PENDING-IMAGES,PENDING-IMAGES,Non-Tumor,NON_TUMOR,,,P9,,TCIA Osteosarcoma-Tumor-Assessment DOI 10.7937/tcia.2019.bvhjhdas; PathDB collectionId 18 (updated 2023-12-01),PENDING-G2,
P9-B6-20458-6118,http://pathdb.cancerimagingarchive.net/system/files/wsi/ross/Osteosarcoma-UT/converted/Osteosarcoma-UT/Training-Set-1/set11/P9-B6-20458-6118.tiff,P9 B6-20458-6118,PENDING-IMAGES,PENDING-IMAGES,PENDING-IMAGES,Non-Tumor,NON_TUMOR,,,P9,,TCIA Osteosarcoma-Tumor-Assessment DOI 10.7937/tcia.2019.bvhjhdas; PathDB collectionId 18 (updated 2023-12-01),PENDING-G2,
P9-B6-22762-13561,http://pathdb.cancerimagingarchive.net/system/files/wsi/ross/Osteosarcoma-UT/converted/Osteosarcoma-UT/Training-Set-1/set11/P9-B6-22762-13561.tiff,P9 B6-22762-13561,PENDING-IMAGES,PENDING-IMAGES,PENDING-IMAGES,Non-Tumor,NON_TUMOR,,,P9,,TCIA Osteosarcoma-Tumor-Assessment DOI 10.7937/tcia.2019.bvhjhdas; PathDB collectionId 18 (updated 2023-12-01),PENDING-G2,
P9-B6-23023-20652,http://pathdb.cancerimagingarchive.net/system/files/wsi/ross/Osteosarcoma-UT/converted/Osteosarcoma-UT/Training-Set-1/set11/P9-B6-23023-20652.tiff,P9 B6-23023-20652,PENDING-IMAGES,PENDING-IMAGES,PENDING-IMAGES,Non-Tumor,NON_TUMOR,,,P9,,TCIA Osteosarcoma-Tumor-Assessment DOI 10.7937/tcia.2019.bvhjhdas; PathDB collectionId 18 (updated 2023-12-01),PENDING-G2,
P9-B6-23209-22319,http://pathdb.cancerimagingarchive.net/system/files/wsi/ross/Osteosarcoma-UT/converted/Osteosarcoma-UT/Training-Set-1/set11/P9-B6-23209-22319.tiff,P9 B6-23209-22319,PENDING-IMAGES,PENDING-IMAGES,PENDING-IMAGES,Non-Tumor,NON_TUMOR,,,P9,,TCIA Osteosarcoma-Tumor-Assessment DOI 10.7937/tcia.2019.bvhjhdas; PathDB collectionId 18 (updated 2023-12-01),PENDING-G2,
P9-B6-23429-20864,http://pathdb.cancerimagingarchive.net/system/files/wsi/ross/Osteosarcoma-UT/converted/Osteosarcoma-UT/Training-Set-1/set11/P9-B6-23429-20864.tiff,P9 B6-23429-20864,PENDING-IMAGES,PENDING-IMAGES,PENDING-IMAGES,Non-Tumor,NON_TUMOR,,,P9,,TCIA Osteosarcoma-Tumor-Assessment DOI 10.7937/tcia.2019.bvhjhdas; PathDB collectionId 18 (updated 2023-12-01),PENDING-G2,
P9-B6-2451-23298,http://pathdb.cancerimagingarchive.net/system/files/wsi/ross/Osteosarcoma-UT/converted/Osteosarcoma-UT/Training-Set-2/set12/P9-B6-2451-23298.tiff,P9 B6-2451-23298,PENDING-IMAGES,PENDING-IMAGES,PENDING-IMAGES,Non-Tumor,NON_TUMOR,,,P9,,TCIA Osteosarcoma-Tumor-Assessment DOI 10.7937/tcia.2019.bvhjhdas; PathDB collectionId 18 (updated 2023-12-01),PENDING-G2,
P9-B6-24779-30011,http://pathdb.cancerimagingarchive.net/system/files/wsi/ross/Osteosarcoma-UT/converted/Osteosarcoma-UT/Training-Set-1/set11/P9-B6-24779-30011.tiff,P9 B6-24779-30011,PENDING-IMAGES,PENDING-IMAGES,PENDING-IMAGES,Non-Tumor,NON_TUMOR,,,P9,,TCIA Osteosarcoma-Tumor-Assessment DOI 10.7937/tcia.2019.bvhjhdas; PathDB collectionId 18 (updated 2023-12-01),PENDING-G2,
P9-B6-25039-13328,http://pathdb.cancerimagingarchive.net/system/files/wsi/ross/Osteosarcoma-UT/converted/Osteosarcoma-UT/Training-Set-1/set11/P9-B6-25039-13328.tiff,P9 B6-25039-13328,PENDING-IMAGES,PENDING-IMAGES,PENDING-IMAGES,Non-Tumor,NON_TUMOR,,,P9,,TCIA Osteosarcoma-Tumor-Assessment DOI 10.7937/tcia.2019.bvhjhdas; PathDB collectionId 18 (updated 2023-12-01),PENDING-G2,
P9-B6-27036-22226,http://pathdb.cancerimagingarchive.net/system/files/wsi/ross/Osteosarcoma-UT/converted/Osteosarcoma-UT/Training-Set-1/set11/P9-B6-27036-22226.tiff,P9 B6-27036-22226,PENDING-IMAGES,PENDING-IMAGES,PENDING-IMAGES,Non-Tumor,NON_TUMOR,,,P9,,TCIA Osteosarcoma-Tumor-Assessment DOI 10.7937/tcia.2019.bvhjhdas; PathDB collectionId 18 (updated 2023-12-01),PENDING-G2,
P9-B6-29196-14072,http://pathdb.cancerimagingarchive.net/system/files/wsi/ross/Osteosarcoma-UT/converted/Osteosarcoma-UT/Training-Set-1/set11/P9-B6-29196-14072.tiff,P9 B6-29196-14072,PENDING-IMAGES,PENDING-IMAGES,PENDING-IMAGES,Non-Tumor,NON_TUMOR,,,P9,,TCIA Osteosarcoma-Tumor-Assessment DOI 10.7937/tcia.2019.bvhjhdas; PathDB collectionId 18 (updated 2023-12-01),PENDING-G2,
P9-B6-5195-29864,http://pathdb.cancerimagingarchive.net/system/files/wsi/ross/Osteosarcoma-UT/converted/Osteosarcoma-UT/Training-Set-2/set12/P9-B6-5195-29864.tiff,P9 B6-5195-29864,PENDING-IMAGES,PENDING-IMAGES,PENDING-IMAGES,Non-Tumor,NON_TUMOR,,,P9,,TCIA Osteosarcoma-Tumor-Assessment DOI 10.7937/tcia.2019.bvhjhdas; PathDB collectionId 18 (updated 2023-12-01),PENDING-G2,
P9-B6-6130-23430,http://pathdb.cancerimagingarchive.net/system/files/wsi/ross/Osteosarcoma-UT/converted/Osteosarcoma-UT/Training-Set-2/set12/P9-B6-6130-23430.tiff,P9 B6-6130-23430,PENDING-IMAGES,PENDING-IMAGES,PENDING-IMAGES,Non-Tumor,NON_TUMOR,,,P9,,TCIA Osteosarcoma-Tumor-Assessment DOI 10.7937/tcia.2019.bvhjhdas; PathDB collectionId 18 (updated 2023-12-01),PENDING-G2,
P9-B6-7024-29103,http://pathdb.cancerimagingarchive.net/system/files/wsi/ross/Osteosarcoma-UT/converted/Osteosarcoma-UT/Training-Set-2/set12/P9-B6-7024-29103.tiff,P9 B6-7024-29103,PENDING-IMAGES,PENDING-IMAGES,PENDING-IMAGES,Non-Tumor,NON_TUMOR,,,P9,,TCIA Osteosarcoma-Tumor-Assessment DOI 10.7937/tcia.2019.bvhjhdas; PathDB collectionId 18 (updated 2023-12-01),PENDING-G2,
P9-B6-9887-18682,http://pathdb.cancerimagingarchive.net/system/files/wsi/ross/Osteosarcoma-UT/converted/Osteosarcoma-UT/Training-Set-2/set12/P9-B6-9887-18682.tiff,P9 B6-9887-18682,PENDING-IMAGES,PENDING-IMAGES,PENDING-IMAGES,Non-Tumor,NON_TUMOR,,,P9,,TCIA Osteosarcoma-Tumor-Assessment DOI 10.7937/tcia.2019.bvhjhdas; PathDB collectionId 18 (updated 2023-12-01),PENDING-G2,
P9-B7-10723-33887,http://pathdb.cancerimagingarchive.net/system/files/wsi/ross/Osteosarcoma-UT/converted/Osteosarcoma-UT/Training-Set-2/set12/P9-B7-10723-33887.tiff,P9 B7-10723-33887,PENDING-IMAGES,PENDING-IMAGES,PENDING-IMAGES,Non-Tumor,NON_TUMOR,,,P9,,TCIA Osteosarcoma-Tumor-Assessment DOI 10.7937/tcia.2019.bvhjhdas; PathDB collectionId 18 (updated 2023-12-01),PENDING-G2,
P9-B7-13277-26914,http://pathdb.cancerimagingarchive.net/system/files/wsi/ross/Osteosarcoma-UT/converted/Osteosarcoma-UT/Training-Set-2/set12/P9-B7-13277-26914.tiff,P9 B7-13277-26914,PENDING-IMAGES,PENDING-IMAGES,PENDING-IMAGES,Non-Tumor,NON_TUMOR,,,P9,,TCIA Osteosarcoma-Tumor-Assessment DOI 10.7937/tcia.2019.bvhjhdas; PathDB collectionId 18 (updated 2023-12-01),PENDING-G2,
P9-B7-13453-27559,http://pathdb.cancerimagingarchive.net/system/files/wsi/ross/Osteosarcoma-UT/converted/Osteosarcoma-UT/Training-Set-2/set12/P9-B7-13453-27559.tiff,P9 B7-13453-27559,PENDING-IMAGES,PENDING-IMAGES,PENDING-IMAGES,Non-Tumor,NON_TUMOR,,,P9,,TCIA Osteosarcoma-Tumor-Assessment DOI 10.7937/tcia.2019.bvhjhdas; PathDB collectionId 18 (updated 2023-12-01),PENDING-G2,
P9-B7-14699-28544,http://pathdb.cancerimagingarchive.net/system/files/wsi/ross/Osteosarcoma-UT/converted/Osteosarcoma-UT/Training-Set-2/set12/P9-B7-14699-28544.tiff,P9 B7-14699-28544,PENDING-IMAGES,PENDING-IMAGES,PENDING-IMAGES,Non-Tumor,NON_TUMOR,,,P9,,TCIA Osteosarcoma-Tumor-Assessment DOI 10.7937/tcia.2019.bvhjhdas; PathDB collectionId 18 (updated 2023-12-01),PENDING-G2,
P9-B7-17432-9890,http://pathdb.cancerimagingarchive.net/system/files/wsi/ross/Osteosarcoma-UT/converted/Osteosarcoma-UT/Training-Set-2/set12/P9-B7-17432-9890.tiff,P9 B7-17432-9890,PENDING-IMAGES,PENDING-IMAGES,PENDING-IMAGES,Non-Tumor,NON_TUMOR,,,P9,,TCIA Osteosarcoma-Tumor-Assessment DOI 10.7937/tcia.2019.bvhjhdas; PathDB collectionId 18 (updated 2023-12-01),PENDING-G2,
P9-B7-17824-13368,http://pathdb.cancerimagingarchive.net/system/files/wsi/ross/Osteosarcoma-UT/converted/Osteosarcoma-UT/Training-Set-2/set12/P9-B7-17824-13368.tiff,P9 B7-17824-13368,PENDING-IMAGES,PENDING-IMAGES,PENDING-IMAGES,Non-Tumor,NON_TUMOR,,,P9,,TCIA Osteosarcoma-Tumor-Assessment DOI 10.7937/tcia.2019.bvhjhdas; PathDB collectionId 18 (updated 2023-12-01),PENDING-G2,
P9-B7-21432-27614,http://pathdb.cancerimagingarchive.net/system/files/wsi/ross/Osteosarcoma-UT/converted/Osteosarcoma-UT/Training-Set-2/set12/P9-B7-21432-27614.tiff,P9 B7-21432-27614,PENDING-IMAGES,PENDING-IMAGES,PENDING-IMAGES,Non-Tumor,NON_TUMOR,,,P9,,TCIA Osteosarcoma-Tumor-Assessment DOI 10.7937/tcia.2019.bvhjhdas; PathDB collectionId 18 (updated 2023-12-01),PENDING-G2,
P9-B7-21767-26717,http://pathdb.cancerimagingarchive.net/system/files/wsi/ross/Osteosarcoma-UT/converted/Osteosarcoma-UT/Training-Set-2/set12/P9-B7-21767-26717.tiff,P9 B7-21767-26717,PENDING-IMAGES,PENDING-IMAGES,PENDING-IMAGES,Non-Tumor,NON_TUMOR,,,P9,,TCIA Osteosarcoma-Tumor-Assessment DOI 10.7937/tcia.2019.bvhjhdas; PathDB collectionId 18 (updated 2023-12-01),PENDING-G2,
P9-B7-22066-28200,http://pathdb.cancerimagingarchive.net/system/files/wsi/ross/Osteosarcoma-UT/converted/Osteosarcoma-UT/Training-Set-2/set12/P9-B7-22066-28200.tiff,P9 B7-22066-28200,PENDING-IMAGES,PENDING-IMAGES,PENDING-IMAGES,Non-Tumor,NON_TUMOR,,,P9,,TCIA Osteosarcoma-Tumor-Assessment DOI 10.7937/tcia.2019.bvhjhdas; PathDB collectionId 18 (updated 2023-12-01),PENDING-G2,
P9-B7-23277-6246,http://pathdb.cancerimagingarchive.net/system/files/wsi/ross/Osteosarcoma-UT/converted/Osteosarcoma-UT/Training-Set-1/set11/P9-B7-23277-6246.tiff,P9 B7-23277-6246,PENDING-IMAGES,PENDING-IMAGES,PENDING-IMAGES,Non-Tumor,NON_TUMOR,,,P9,,TCIA Osteosarcoma-Tumor-Assessment DOI 10.7937/tcia.2019.bvhjhdas; PathDB collectionId 18 (updated 2023-12-01),PENDING-G2,
P9-B7-23373-11741,http://pathdb.cancerimagingarchive.net/system/files/wsi/ross/Osteosarcoma-UT/converted/Osteosarcoma-UT/Training-Set-1/set11/P9-B7-23373-11741.tiff,P9 B7-23373-11741,PENDING-IMAGES,PENDING-IMAGES,PENDING-IMAGES,Non-Tumor,NON_TUMOR,,,P9,,TCIA Osteosarcoma-Tumor-Assessment DOI 10.7937/tcia.2019.bvhjhdas; PathDB collectionId 18 (updated 2023-12-01),PENDING-G2,
P9-B7-24872-12722,http://pathdb.cancerimagingarchive.net/system/files/wsi/ross/Osteosarcoma-UT/converted/Osteosarcoma-UT/Training-Set-1/set11/P9-B7-24872-12722.tiff,P9 B7-24872-12722,PENDING-IMAGES,PENDING-IMAGES,PENDING-IMAGES,Non-Tumor,NON_TUMOR,,,P9,,TCIA Osteosarcoma-Tumor-Assessment DOI 10.7937/tcia.2019.bvhjhdas; PathDB collectionId 18 (updated 2023-12-01),PENDING-G2,
P9-B7-26719-8006,http://pathdb.cancerimagingarchive.net/system/files/wsi/ross/Osteosarcoma-UT/converted/Osteosarcoma-UT/Training-Set-1/set11/P9-B7-26719-8006.tiff,P9 B7-26719-8006,PENDING-IMAGES,PENDING-IMAGES,PENDING-IMAGES,Non-Tumor,NON_TUMOR,,,P9,,TCIA Osteosarcoma-Tumor-Assessment DOI 10.7937/tcia.2019.bvhjhdas; PathDB collectionId 18 (updated 2023-12-01),PENDING-G2,
P9-B7-27737-7637,http://pathdb.cancerimagingarchive.net/system/files/wsi/ross/Osteosarcoma-UT/converted/Osteosarcoma-UT/Training-Set-1/set11/P9-B7-27737-7637.tiff,P9 B7-27737-7637,PENDING-IMAGES,PENDING-IMAGES,PENDING-IMAGES,Non-Tumor,NON_TUMOR,,,P9,,TCIA Osteosarcoma-Tumor-Assessment DOI 10.7937/tcia.2019.bvhjhdas; PathDB collectionId 18 (updated 2023-12-01),PENDING-G2,
P9-B7-27830-11834,http://pathdb.cancerimagingarchive.net/system/files/wsi/ross/Osteosarcoma-UT/converted/Osteosarcoma-UT/Training-Set-1/set11/P9-B7-27830-11834.tiff,P9 B7-27830-11834,PENDING-IMAGES,PENDING-IMAGES,PENDING-IMAGES,Non-Tumor,NON_TUMOR,,,P9,,TCIA Osteosarcoma-Tumor-Assessment DOI 10.7937/tcia.2019.bvhjhdas; PathDB collectionId 18 (updated 2023-12-01),PENDING-G2,
P9-B7-31436-18746,http://pathdb.cancerimagingarchive.net/system/files/wsi/ross/Osteosarcoma-UT/converted/Osteosarcoma-UT/Training-Set-1/set11/P9-B7-31436-18746.tiff,P9 B7-31436-18746,PENDING-IMAGES,PENDING-IMAGES,PENDING-IMAGES,Non-Tumor,NON_TUMOR,,,P9,,TCIA Osteosarcoma-Tumor-Assessment DOI 10.7937/tcia.2019.bvhjhdas; PathDB collectionId 18 (updated 2023-12-01),PENDING-G2,
P9-B7-32198-19590,http://pathdb.cancerimagingarchive.net/system/files/wsi/ross/Osteosarcoma-UT/converted/Osteosarcoma-UT/Training-Set-1/set11/P9-B7-32198-19590.tiff,P9 B7-32198-19590,PENDING-IMAGES,PENDING-IMAGES,PENDING-IMAGES,Non-Tumor,NON_TUMOR,,,P9,,TCIA Osteosarcoma-Tumor-Assessment DOI 10.7937/tcia.2019.bvhjhdas; PathDB collectionId 18 (updated 2023-12-01),PENDING-G2,
P9-B7-35456-21995,http://pathdb.cancerimagingarchive.net/system/files/wsi/ross/Osteosarcoma-UT/converted/Osteosarcoma-UT/Training-Set-1/set11/P9-B7-35456-21995.tiff,P9 B7-35456-21995,PENDING-IMAGES,PENDING-IMAGES,PENDING-IMAGES,Non-Tumor,NON_TUMOR,,,P9,,TCIA Osteosarcoma-Tumor-Assessment DOI 10.7937/tcia.2019.bvhjhdas; PathDB collectionId 18 (updated 2023-12-01),PENDING-G2,
P9-B7-3806-21832,http://pathdb.cancerimagingarchive.net/system/files/wsi/ross/Osteosarcoma-UT/converted/Osteosarcoma-UT/Training-Set-2/set12/P9-B7-3806-21832.tiff,P9 B7-3806-21832,PENDING-IMAGES,PENDING-IMAGES,PENDING-IMAGES,Non-Tumor,NON_TUMOR,,,P9,,TCIA Osteosarcoma-Tumor-Assessment DOI 10.7937/tcia.2019.bvhjhdas; PathDB collectionId 18 (updated 2023-12-01),PENDING-G2,
P9-B7-4168-28271,http://pathdb.cancerimagingarchive.net/system/files/wsi/ross/Osteosarcoma-UT/converted/Osteosarcoma-UT/Training-Set-2/set12/P9-B7-4168-28271.tiff,P9 B7-4168-28271,PENDING-IMAGES,PENDING-IMAGES,PENDING-IMAGES,Non-Tumor,NON_TUMOR,,,P9,,TCIA Osteosarcoma-Tumor-Assessment DOI 10.7937/tcia.2019.bvhjhdas; PathDB collectionId 18 (updated 2023-12-01),PENDING-G2,
P9-B7-5454-29446,http://pathdb.cancerimagingarchive.net/system/files/wsi/ross/Osteosarcoma-UT/converted/Osteosarcoma-UT/Training-Set-2/set12/P9-B7-5454-29446.tiff,P9 B7-5454-29446,PENDING-IMAGES,PENDING-IMAGES,PENDING-IMAGES,Non-Tumor,NON_TUMOR,,,P9,,TCIA Osteosarcoma-Tumor-Assessment DOI 10.7937/tcia.2019.bvhjhdas; PathDB collectionId 18 (updated 2023-12-01),PENDING-G2,
P9-B7-6105-28215,http://pathdb.cancerimagingarchive.net/system/files/wsi/ross/Osteosarcoma-UT/converted/Osteosarcoma-UT/Training-Set-2/set12/P9-B7-6105-28215.tiff,P9 B7-6105-28215,PENDING-IMAGES,PENDING-IMAGES,PENDING-IMAGES,Non-Tumor,NON_TUMOR,,,P9,,TCIA Osteosarcoma-Tumor-Assessment DOI 10.7937/tcia.2019.bvhjhdas; PathDB collectionId 18 (updated 2023-12-01),PENDING-G2,
P9-B7-7568-14821,http://pathdb.cancerimagingarchive.net/system/files/wsi/ross/Osteosarcoma-UT/converted/Osteosarcoma-UT/Training-Set-2/set12/P9-B7-7568-14821.tiff,P9 B7-7568-14821,PENDING-IMAGES,PENDING-IMAGES,PENDING-IMAGES,Non-Tumor,NON_TUMOR,,,P9,,TCIA Osteosarcoma-Tumor-Assessment DOI 10.7937/tcia.2019.bvhjhdas; PathDB collectionId 18 (updated 2023-12-01),PENDING-G2,
P9-B7-8325-33733,http://pathdb.cancerimagingarchive.net/system/files/wsi/ross/Osteosarcoma-UT/converted/Osteosarcoma-UT/Training-Set-2/set12/P9-B7-8325-33733.tiff,P9 B7-8325-33733,PENDING-IMAGES,PENDING-IMAGES,PENDING-IMAGES,Non-Tumor,NON_TUMOR,,,P9,,TCIA Osteosarcoma-Tumor-Assessment DOI 10.7937/tcia.2019.bvhjhdas; PathDB collectionId 18 (updated 2023-12-01),PENDING-G2,
