image_id,group,canonical_label,label_index,local_path,primary_qc_status,training_eligible
Case-3-A10-10547-25283,Case-3,NON_TUMOR,0,C:\Users\enkso\.kiro\crew\scratch\runtime-0a306834\osteopatch_full_ingestion\tiffs\Case-3-A10-10547-25283.tiff,PASS,True
Case-3-A10-10566-40206,Case-3,NON_TUMOR,0,C:\Users\enkso\.kiro\crew\scratch\runtime-0a306834\osteopatch_full_ingestion\tiffs\Case-3-A10-10566-40206.tiff,PASS,True
Case-3-A10-13444-20223,Case-3,NON_TUMOR,0,C:\Users\enkso\.kiro\crew\scratch\runtime-0a306834\osteopatch_full_ingestion\tiffs\Case-3-A10-13444-20223.tiff,PASS,True
Case-3-A10-14507-37285,Case-3,NON_TUMOR,0,C:\Users\enkso\.kiro\crew\scratch\runtime-0a306834\osteopatch_full_ingestion\tiffs\Case-3-A10-14507-37285.tiff,PASS,True
Case-3-A10-14726-26052,Case-3,NON_TUMOR,0,C:\Users\enkso\.kiro\crew\scratch\runtime-0a306834\osteopatch_full_ingestion\tiffs\Case-3-A10-14726-26052.tiff,PASS,True
Case-3-A10-3671-14840,Case-3,NON_TUMOR,0,C:\Users\enkso\.kiro\crew\scratch\runtime-0a306834\osteopatch_full_ingestion\tiffs\Case-3-A10-3671-14840.tiff,PASS,True
Case-3-A10-43563-32168,Case-3,NON_TUMOR,0,C:\Users\enkso\.kiro\crew\scratch\runtime-0a306834\osteopatch_full_ingestion\tiffs\Case-3-A10-43563-32168.tiff,PASS,True
Case-3-A10-6162-33852,Case-3,NON_TUMOR,0,C:\Users\enkso\.kiro\crew\scratch\runtime-0a306834\osteopatch_full_ingestion\tiffs\Case-3-A10-6162-33852.tiff,PASS,True
Case-3-A10-6747-12959,Case-3,NON_TUMOR,0,C:\Users\enkso\.kiro\crew\scratch\runtime-0a306834\osteopatch_full_ingestion\tiffs\Case-3-A10-6747-12959.tiff,PASS,True
Case-3-A10-6935-14250,Case-3,NON_TUMOR,0,C:\Users\enkso\.kiro\crew\scratch\runtime-0a306834\osteopatch_full_ingestion\tiffs\Case-3-A10-6935-14250.tiff,PASS,True
Case-3-A10-9695-39638,Case-3,NON_TUMOR,0,C:\Users\enkso\.kiro\crew\scratch\runtime-0a306834\osteopatch_full_ingestion\tiffs\Case-3-A10-9695-39638.tiff,PASS,True
Case-3-A12-14795-35402,Case-3,NON_TUMOR,0,C:\Users\enkso\.kiro\crew\scratch\runtime-0a306834\osteopatch_full_ingestion\tiffs\Case-3-A12-14795-35402.tiff,PASS,True
Case-3-A12-17700-32032,Case-3,NON_TUMOR,0,C:\Users\enkso\.kiro\crew\scratch\runtime-0a306834\osteopatch_full_ingestion\tiffs\Case-3-A12-17700-32032.tiff,PASS,True
Case-3-A12-3094-27426,Case-3,NON_TUMOR,0,C:\Users\enkso\.kiro\crew\scratch\runtime-0a306834\osteopatch_full_ingestion\tiffs\Case-3-A12-3094-27426.tiff,PASS,True
Case-3-A12-3218-15469,Case-3,NON_TUMOR,0,C:\Users\enkso\.kiro\crew\scratch\runtime-0a306834\osteopatch_full_ingestion\tiffs\Case-3-A12-3218-15469.tiff,PASS,True
Case-3-A12-34294-35557,Case-3,NON_TUMOR,0,C:\Users\enkso\.kiro\crew\scratch\runtime-0a306834\osteopatch_full_ingestion\tiffs\Case-3-A12-34294-35557.tiff,PASS,True
Case-3-A12-38883-35759,Case-3,NON_TUMOR,0,C:\Users\enkso\.kiro\crew\scratch\runtime-0a306834\osteopatch_full_ingestion\tiffs\Case-3-A12-38883-35759.tiff,PASS,True
Case-3-A12-4590-32528,Case-3,NON_TUMOR,0,C:\Users\enkso\.kiro\crew\scratch\runtime-0a306834\osteopatch_full_ingestion\tiffs\Case-3-A12-4590-32528.tiff,PASS,True
Case-3-A13-18067-22685,Case-3,NON_TUMOR,0,C:\Users\enkso\.kiro\crew\scratch\runtime-0a306834\osteopatch_full_ingestion\tiffs\Case-3-A13-18067-22685.tiff,PASS,True
Case-3-A13-18373-28000,Case-3,NON_TUMOR,0,C:\Users\enkso\.kiro\crew\scratch\runtime-0a306834\osteopatch_full_ingestion\tiffs\Case-3-A13-18373-28000.tiff,PASS,True
Case-3-A13-25714-32133,Case-3,NON_TUMOR,0,C:\Users\enkso\.kiro\crew\scratch\runtime-0a306834\osteopatch_full_ingestion\tiffs\Case-3-A13-25714-32133.tiff,PASS,True
Case-3-A13-3967-28506,Case-3,NON_TUMOR,0,C:\Users\enkso\.kiro\crew\scratch\runtime-0a306834\osteopatch_full_ingestion\tiffs\Case-3-A13-3967-28506.tiff,PASS,True
Case-3-A13-5020-19174,Case-3,NON_TUMOR,0,C:\Users\enkso\.kiro\crew\scratch\runtime-0a306834\osteopatch_full_ingestion\tiffs\Case-3-A13-5020-19174.tiff,PASS,True
Case-3-A13-6266-11957,Case-3,NON_TUMOR,0,C:\Users\enkso\.kiro\crew\scratch\runtime-0a306834\osteopatch_full_ingestion\tiffs\Case-3-A13-6266-11957.tiff,PASS,True
Case-3-A13-6749-8498,Case-3,NON_TUMOR,0,C:\Users\enkso\.kiro\crew\scratch\runtime-0a306834\osteopatch_full_ingestion\tiffs\Case-3-A13-6749-8498.tiff,PASS,True
Case-3-A13-8917-22529,Case-3,NON_TUMOR,0,C:\Users\enkso\.kiro\crew\scratch\runtime-0a306834\osteopatch_full_ingestion\tiffs\Case-3-A13-8917-22529.tiff,PASS,True
Case-3-A13-9953-21807,Case-3,NON_TUMOR,0,C:\Users\enkso\.kiro\crew\scratch\runtime-0a306834\osteopatch_full_ingestion\tiffs\Case-3-A13-9953-21807.tiff,PASS,True
Case-3-A14-10618-25632,Case-3,NON_TUMOR,0,C:\Users\enkso\.kiro\crew\scratch\runtime-0a306834\osteopatch_full_ingestion\tiffs\Case-3-A14-10618-25632.tiff,PASS,True
Case-3-A14-16152-29957,Case-3,NON_TUMOR,0,C:\Users\enkso\.kiro\crew\scratch\runtime-0a306834\osteopatch_full_ingestion\tiffs\Case-3-A14-16152-29957.tiff,PASS,True
Case-3-A14-31044-35995,Case-3,NON_TUMOR,0,C:\Users\enkso\.kiro\crew\scratch\runtime-0a306834\osteopatch_full_ingestion\tiffs\Case-3-A14-31044-35995.tiff,PASS,True
Case-3-A14-34677-35228,Case-3,NON_TUMOR,0,C:\Users\enkso\.kiro\crew\scratch\runtime-0a306834\osteopatch_full_ingestion\tiffs\Case-3-A14-34677-35228.tiff,PASS,True
Case-3-A14-35691-34445,Case-3,NON_TUMOR,0,C:\Users\enkso\.kiro\crew\scratch\runtime-0a306834\osteopatch_full_ingestion\tiffs\Case-3-A14-35691-34445.tiff,PASS,True
Case-3-A14-39989-31599,Case-3,NON_TUMOR,0,C:\Users\enkso\.kiro\crew\scratch\runtime-0a306834\osteopatch_full_ingestion\tiffs\Case-3-A14-39989-31599.tiff,PASS,True
Case-3-A14-44682-31013,Case-3,NON_TUMOR,0,C:\Users\enkso\.kiro\crew\scratch\runtime-0a306834\osteopatch_full_ingestion\tiffs\Case-3-A14-44682-31013.tiff,PASS,True
Case-3-A14-7460-21553,Case-3,NON_TUMOR,0,C:\Users\enkso\.kiro\crew\scratch\runtime-0a306834\osteopatch_full_ingestion\tiffs\Case-3-A14-7460-21553.tiff,PASS,True
Case-3-A15-10555-31474,Case-3,NON_TUMOR,0,C:\Users\enkso\.kiro\crew\scratch\runtime-0a306834\osteopatch_full_ingestion\tiffs\Case-3-A15-10555-31474.tiff,PASS,True
Case-3-A15-11584-17031,Case-3,NON_TUMOR,0,C:\Users\enkso\.kiro\crew\scratch\runtime-0a306834\osteopatch_full_ingestion\tiffs\Case-3-A15-11584-17031.tiff,PASS,True
Case-3-A15-13769-20416,Case-3,NON_TUMOR,0,C:\Users\enkso\.kiro\crew\scratch\runtime-0a306834\osteopatch_full_ingestion\tiffs\Case-3-A15-13769-20416.tiff,PASS,True
Case-3-A15-17017-30243,Case-3,NON_TUMOR,0,C:\Users\enkso\.kiro\crew\scratch\runtime-0a306834\osteopatch_full_ingestion\tiffs\Case-3-A15-17017-30243.tiff,PASS,True
Case-3-A15-18345-32676,Case-3,NON_TUMOR,0,C:\Users\enkso\.kiro\crew\scratch\runtime-0a306834\osteopatch_full_ingestion\tiffs\Case-3-A15-18345-32676.tiff,PASS,True
Case-3-A15-19473-25342,Case-3,NON_TUMOR,0,C:\Users\enkso\.kiro\crew\scratch\runtime-0a306834\osteopatch_full_ingestion\tiffs\Case-3-A15-19473-25342.tiff,PASS,True
Case-3-A15-27719-34322,Case-3,NON_TUMOR,0,C:\Users\enkso\.kiro\crew\scratch\runtime-0a306834\osteopatch_full_ingestion\tiffs\Case-3-A15-27719-34322.tiff,PASS,True
Case-3-A15-28616-30170,Case-3,NON_TUMOR,0,C:\Users\enkso\.kiro\crew\scratch\runtime-0a306834\osteopatch_full_ingestion\tiffs\Case-3-A15-28616-30170.tiff,PASS,True
Case-3-A15-2939-11262,Case-3,NON_TUMOR,0,C:\Users\enkso\.kiro\crew\scratch\runtime-0a306834\osteopatch_full_ingestion\tiffs\Case-3-A15-2939-11262.tiff,PASS,True
Case-3-A15-37036-30140,Case-3,NON_TUMOR,0,C:\Users\enkso\.kiro\crew\scratch\runtime-0a306834\osteopatch_full_ingestion\tiffs\Case-3-A15-37036-30140.tiff,PASS,True
Case-3-A15-3785-32371,Case-3,NON_TUMOR,0,C:\Users\enkso\.kiro\crew\scratch\runtime-0a306834\osteopatch_full_ingestion\tiffs\Case-3-A15-3785-32371.tiff,PASS,True
Case-3-A15-6063-36714,Case-3,NON_TUMOR,0,C:\Users\enkso\.kiro\crew\scratch\runtime-0a306834\osteopatch_full_ingestion\tiffs\Case-3-A15-6063-36714.tiff,PASS,True
Case-3-A15-6568-18811,Case-3,NON_TUMOR,0,C:\Users\enkso\.kiro\crew\scratch\runtime-0a306834\osteopatch_full_ingestion\tiffs\Case-3-A15-6568-18811.tiff,PASS,True
Case-3-A16-12207-22669,Case-3,NON_TUMOR,0,C:\Users\enkso\.kiro\crew\scratch\runtime-0a306834\osteopatch_full_ingestion\tiffs\Case-3-A16-12207-22669.tiff,PASS,True
Case-3-A16-12872-19040,Case-3,NON_TUMOR,0,C:\Users\enkso\.kiro\crew\scratch\runtime-0a306834\osteopatch_full_ingestion\tiffs\Case-3-A16-12872-19040.tiff,PASS,True
Case-3-A16-6841-16910,Case-3,NON_TUMOR,0,C:\Users\enkso\.kiro\crew\scratch\runtime-0a306834\osteopatch_full_ingestion\tiffs\Case-3-A16-6841-16910.tiff,PASS,True
Case-3-A16-7295-31391,Case-3,NON_TUMOR,0,C:\Users\enkso\.kiro\crew\scratch\runtime-0a306834\osteopatch_full_ingestion\tiffs\Case-3-A16-7295-31391.tiff,PASS,True
Case-3-A16-9134-12603,Case-3,NON_TUMOR,0,C:\Users\enkso\.kiro\crew\scratch\runtime-0a306834\osteopatch_full_ingestion\tiffs\Case-3-A16-9134-12603.tiff,PASS,True
Case-3-A17-12247-30984,Case-3,NON_TUMOR,0,C:\Users\enkso\.kiro\crew\scratch\runtime-0a306834\osteopatch_full_ingestion\tiffs\Case-3-A17-12247-30984.tiff,PASS,True
Case-3-A17-13333-19421,Case-3,NON_TUMOR,0,C:\Users\enkso\.kiro\crew\scratch\runtime-0a306834\osteopatch_full_ingestion\tiffs\Case-3-A17-13333-19421.tiff,PASS,True
Case-3-A17-14482-34987,Case-3,NON_TUMOR,0,C:\Users\enkso\.kiro\crew\scratch\runtime-0a306834\osteopatch_full_ingestion\tiffs\Case-3-A17-14482-34987.tiff,PASS,True
Case-3-A17-15765-20926,Case-3,NON_TUMOR,0,C:\Users\enkso\.kiro\crew\scratch\runtime-0a306834\osteopatch_full_ingestion\tiffs\Case-3-A17-15765-20926.tiff,PASS,True
Case-3-A17-18662-24877,Case-3,NON_TUMOR,0,C:\Users\enkso\.kiro\crew\scratch\runtime-0a306834\osteopatch_full_ingestion\tiffs\Case-3-A17-18662-24877.tiff,PASS,True
Case-3-A17-27836-33168,Case-3,NON_TUMOR,0,C:\Users\enkso\.kiro\crew\scratch\runtime-0a306834\osteopatch_full_ingestion\tiffs\Case-3-A17-27836-33168.tiff,PASS,True
Case-3-A17-44121-29500,Case-3,NON_TUMOR,0,C:\Users\enkso\.kiro\crew\scratch\runtime-0a306834\osteopatch_full_ingestion\tiffs\Case-3-A17-44121-29500.tiff,PASS,True
Case-3-A17-5652-20182,Case-3,NON_TUMOR,0,C:\Users\enkso\.kiro\crew\scratch\runtime-0a306834\osteopatch_full_ingestion\tiffs\Case-3-A17-5652-20182.tiff,PASS,True
Case-3-A17-7799-34542,Case-3,NON_TUMOR,0,C:\Users\enkso\.kiro\crew\scratch\runtime-0a306834\osteopatch_full_ingestion\tiffs\Case-3-A17-7799-34542.tiff,PASS,True
Case-3-A17-8146-19462,Case-3,NON_TUMOR,0,C:\Users\enkso\.kiro\crew\scratch\runtime-0a306834\osteopatch_full_ingestion\tiffs\Case-3-A17-8146-19462.tiff,PASS,True
Case-3-A18-11012-16647,Case-3,NON_TUMOR,0,C:\Users\enkso\.kiro\crew\scratch\runtime-0a306834\osteopatch_full_ingestion\tiffs\Case-3-A18-11012-16647.tiff,PASS,True
Case-3-A18-13866-37377,Case-3,NON_TUMOR,0,C:\Users\enkso\.kiro\crew\scratch\runtime-0a306834\osteopatch_full_ingestion\tiffs\Case-3-A18-13866-37377.tiff,PASS,True
Case-3-A18-19765-24396,Case-3,NON_TUMOR,0,C:\Users\enkso\.kiro\crew\scratch\runtime-0a306834\osteopatch_full_ingestion\tiffs\Case-3-A18-19765-24396.tiff,PASS,True
Case-3-A18-19927-30678,Case-3,NON_TUMOR,0,C:\Users\enkso\.kiro\crew\scratch\runtime-0a306834\osteopatch_full_ingestion\tiffs\Case-3-A18-19927-30678.tiff,PASS,True
Case-3-A18-3816-24060,Case-3,NON_TUMOR,0,C:\Users\enkso\.kiro\crew\scratch\runtime-0a306834\osteopatch_full_ingestion\tiffs\Case-3-A18-3816-24060.tiff,PASS,True
Case-3-A18-41302-32324,Case-3,NON_TUMOR,0,C:\Users\enkso\.kiro\crew\scratch\runtime-0a306834\osteopatch_full_ingestion\tiffs\Case-3-A18-41302-32324.tiff,PASS,True
Case-3-A18-6551-37204,Case-3,NON_TUMOR,0,C:\Users\enkso\.kiro\crew\scratch\runtime-0a306834\osteopatch_full_ingestion\tiffs\Case-3-A18-6551-37204.tiff,PASS,True
Case-3-A18-9303-23566,Case-3,NON_TUMOR,0,C:\Users\enkso\.kiro\crew\scratch\runtime-0a306834\osteopatch_full_ingestion\tiffs\Case-3-A18-9303-23566.tiff,PASS,True
Case-3-A18-9709-20966,Case-3,NON_TUMOR,0,C:\Users\enkso\.kiro\crew\scratch\runtime-0a306834\osteopatch_full_ingestion\tiffs\Case-3-A18-9709-20966.tiff,PASS,True
Case-3-A18-9712-32113,Case-3,NON_TUMOR,0,C:\Users\enkso\.kiro\crew\scratch\runtime-0a306834\osteopatch_full_ingestion\tiffs\Case-3-A18-9712-32113.tiff,PASS,True
Case-3-A7-10464-40567,Case-3,NON_TUMOR,0,C:\Users\enkso\.kiro\crew\scratch\runtime-0a306834\osteopatch_full_ingestion\tiffs\Case-3-A7-10464-40567.tiff,PASS,True
Case-3-A7-12689-31503,Case-3,NON_TUMOR,0,C:\Users\enkso\.kiro\crew\scratch\runtime-0a306834\osteopatch_full_ingestion\tiffs\Case-3-A7-12689-31503.tiff,PASS,True
Case-3-A7-12921-34202,Case-3,NON_TUMOR,0,C:\Users\enkso\.kiro\crew\scratch\runtime-0a306834\osteopatch_full_ingestion\tiffs\Case-3-A7-12921-34202.tiff,PASS,True
Case-3-A7-13460-33035,Case-3,NON_TUMOR,0,C:\Users\enkso\.kiro\crew\scratch\runtime-0a306834\osteopatch_full_ingestion\tiffs\Case-3-A7-13460-33035.tiff,PASS,True
Case-3-A7-14113-31320,Case-3,NON_TUMOR,0,C:\Users\enkso\.kiro\crew\scratch\runtime-0a306834\osteopatch_full_ingestion\tiffs\Case-3-A7-14113-31320.tiff,PASS,True
Case-3-A7-16948-19208,Case-3,NON_TUMOR,0,C:\Users\enkso\.kiro\crew\scratch\runtime-0a306834\osteopatch_full_ingestion\tiffs\Case-3-A7-16948-19208.tiff,PASS,True
Case-3-A7-29290-29183,Case-3,NON_TUMOR,0,C:\Users\enkso\.kiro\crew\scratch\runtime-0a306834\osteopatch_full_ingestion\tiffs\Case-3-A7-29290-29183.tiff,PASS,True
Case-3-A7-34476-34669,Case-3,NON_TUMOR,0,C:\Users\enkso\.kiro\crew\scratch\runtime-0a306834\osteopatch_full_ingestion\tiffs\Case-3-A7-34476-34669.tiff,PASS,True
Case-3-A7-36958-32140,Case-3,NON_TUMOR,0,C:\Users\enkso\.kiro\crew\scratch\runtime-0a306834\osteopatch_full_ingestion\tiffs\Case-3-A7-36958-32140.tiff,PASS,True
Case-3-A7-3774-28397,Case-3,NON_TUMOR,0,C:\Users\enkso\.kiro\crew\scratch\runtime-0a306834\osteopatch_full_ingestion\tiffs\Case-3-A7-3774-28397.tiff,PASS,True
Case-3-A7-40281-28771,Case-3,NON_TUMOR,0,C:\Users\enkso\.kiro\crew\scratch\runtime-0a306834\osteopatch_full_ingestion\tiffs\Case-3-A7-40281-28771.tiff,PASS,True
Case-3-A7-5014-31757,Case-3,NON_TUMOR,0,C:\Users\enkso\.kiro\crew\scratch\runtime-0a306834\osteopatch_full_ingestion\tiffs\Case-3-A7-5014-31757.tiff,PASS,True
Case-3-A7-8126-12734,Case-3,NON_TUMOR,0,C:\Users\enkso\.kiro\crew\scratch\runtime-0a306834\osteopatch_full_ingestion\tiffs\Case-3-A7-8126-12734.tiff,PASS,True
Case-3-A8-10396-34864,Case-3,NON_TUMOR,0,C:\Users\enkso\.kiro\crew\scratch\runtime-0a306834\osteopatch_full_ingestion\tiffs\Case-3-A8-10396-34864.tiff,PASS,True
Case-3-A8-11491-21160,Case-3,NON_TUMOR,0,C:\Users\enkso\.kiro\crew\scratch\runtime-0a306834\osteopatch_full_ingestion\tiffs\Case-3-A8-11491-21160.tiff,PASS,True
Case-3-A8-14916-20753,Case-3,NON_TUMOR,0,C:\Users\enkso\.kiro\crew\scratch\runtime-0a306834\osteopatch_full_ingestion\tiffs\Case-3-A8-14916-20753.tiff,PASS,True
Case-3-A8-17308-25507,Case-3,NON_TUMOR,0,C:\Users\enkso\.kiro\crew\scratch\runtime-0a306834\osteopatch_full_ingestion\tiffs\Case-3-A8-17308-25507.tiff,PASS,True
Case-3-A8-17525-23399,Case-3,NON_TUMOR,0,C:\Users\enkso\.kiro\crew\scratch\runtime-0a306834\osteopatch_full_ingestion\tiffs\Case-3-A8-17525-23399.tiff,PASS,True
Case-3-A8-17777-30759,Case-3,NON_TUMOR,0,C:\Users\enkso\.kiro\crew\scratch\runtime-0a306834\osteopatch_full_ingestion\tiffs\Case-3-A8-17777-30759.tiff,PASS,True
Case-3-A8-21347-28454,Case-3,NON_TUMOR,0,C:\Users\enkso\.kiro\crew\scratch\runtime-0a306834\osteopatch_full_ingestion\tiffs\Case-3-A8-21347-28454.tiff,PASS,True
Case-3-A8-28656-29882,Case-3,NON_TUMOR,0,C:\Users\enkso\.kiro\crew\scratch\runtime-0a306834\osteopatch_full_ingestion\tiffs\Case-3-A8-28656-29882.tiff,PASS,True
Case-3-A8-8347-14021,Case-3,NON_TUMOR,0,C:\Users\enkso\.kiro\crew\scratch\runtime-0a306834\osteopatch_full_ingestion\tiffs\Case-3-A8-8347-14021.tiff,PASS,True
Case-3-A12-37374-17669,Case-3,VIABLE_TUMOR,1,C:\Users\enkso\.kiro\crew\scratch\runtime-0a306834\osteopatch_full_ingestion\tiffs\Case-3-A12-37374-17669.tiff,PASS,True
Case-3-A12-37793-17155,Case-3,VIABLE_TUMOR,1,C:\Users\enkso\.kiro\crew\scratch\runtime-0a306834\osteopatch_full_ingestion\tiffs\Case-3-A12-37793-17155.tiff,PASS,True
Case-3-A14-37149-17859,Case-3,VIABLE_TUMOR,1,C:\Users\enkso\.kiro\crew\scratch\runtime-0a306834\osteopatch_full_ingestion\tiffs\Case-3-A14-37149-17859.tiff,PASS,True
Case-3-A10-14813-24100,Case-3,NECROSIS,2,C:\Users\enkso\.kiro\crew\scratch\runtime-0a306834\osteopatch_full_ingestion\tiffs\Case-3-A10-14813-24100.tiff,PASS,True
Case-3-A10-17206-19249,Case-3,NECROSIS,2,C:\Users\enkso\.kiro\crew\scratch\runtime-0a306834\osteopatch_full_ingestion\tiffs\Case-3-A10-17206-19249.tiff,PASS,True
Case-3-A10-19799-5772,Case-3,NECROSIS,2,C:\Users\enkso\.kiro\crew\scratch\runtime-0a306834\osteopatch_full_ingestion\tiffs\Case-3-A10-19799-5772.tiff,PASS,True
Case-3-A10-25071-24159,Case-3,NECROSIS,2,C:\Users\enkso\.kiro\crew\scratch\runtime-0a306834\osteopatch_full_ingestion\tiffs\Case-3-A10-25071-24159.tiff,PASS,True
Case-3-A10-26546-21577,Case-3,NECROSIS,2,C:\Users\enkso\.kiro\crew\scratch\runtime-0a306834\osteopatch_full_ingestion\tiffs\Case-3-A10-26546-21577.tiff,PASS,True
Case-3-A10-26935-6593,Case-3,NECROSIS,2,C:\Users\enkso\.kiro\crew\scratch\runtime-0a306834\osteopatch_full_ingestion\tiffs\Case-3-A10-26935-6593.tiff,PASS,True
Case-3-A10-28110-17616,Case-3,NECROSIS,2,C:\Users\enkso\.kiro\crew\scratch\runtime-0a306834\osteopatch_full_ingestion\tiffs\Case-3-A10-28110-17616.tiff,PASS,True
Case-3-A10-28463-9497,Case-3,NECROSIS,2,C:\Users\enkso\.kiro\crew\scratch\runtime-0a306834\osteopatch_full_ingestion\tiffs\Case-3-A10-28463-9497.tiff,PASS,True
Case-3-A10-32184-17317,Case-3,NECROSIS,2,C:\Users\enkso\.kiro\crew\scratch\runtime-0a306834\osteopatch_full_ingestion\tiffs\Case-3-A10-32184-17317.tiff,PASS,True
Case-3-A10-33239-2811,Case-3,NECROSIS,2,C:\Users\enkso\.kiro\crew\scratch\runtime-0a306834\osteopatch_full_ingestion\tiffs\Case-3-A10-33239-2811.tiff,PASS,True
Case-3-A10-37695-6276,Case-3,NECROSIS,2,C:\Users\enkso\.kiro\crew\scratch\runtime-0a306834\osteopatch_full_ingestion\tiffs\Case-3-A10-37695-6276.tiff,PASS,True
Case-3-A10-42682-16878,Case-3,NECROSIS,2,C:\Users\enkso\.kiro\crew\scratch\runtime-0a306834\osteopatch_full_ingestion\tiffs\Case-3-A10-42682-16878.tiff,PASS,True
Case-3-A10-43205-4260,Case-3,NECROSIS,2,C:\Users\enkso\.kiro\crew\scratch\runtime-0a306834\osteopatch_full_ingestion\tiffs\Case-3-A10-43205-4260.tiff,PASS,True
Case-3-A10-43279-17240,Case-3,NECROSIS,2,C:\Users\enkso\.kiro\crew\scratch\runtime-0a306834\osteopatch_full_ingestion\tiffs\Case-3-A10-43279-17240.tiff,PASS,True
Case-3-A10-7101-7481,Case-3,NECROSIS,2,C:\Users\enkso\.kiro\crew\scratch\runtime-0a306834\osteopatch_full_ingestion\tiffs\Case-3-A10-7101-7481.tiff,PASS,True
Case-3-A12-16067-9053,Case-3,NECROSIS,2,C:\Users\enkso\.kiro\crew\scratch\runtime-0a306834\osteopatch_full_ingestion\tiffs\Case-3-A12-16067-9053.tiff,PASS,True
Case-3-A12-18156-14343,Case-3,NECROSIS,2,C:\Users\enkso\.kiro\crew\scratch\runtime-0a306834\osteopatch_full_ingestion\tiffs\Case-3-A12-18156-14343.tiff,PASS,True
Case-3-A12-19907-12559,Case-3,NECROSIS,2,C:\Users\enkso\.kiro\crew\scratch\runtime-0a306834\osteopatch_full_ingestion\tiffs\Case-3-A12-19907-12559.tiff,PASS,True
Case-3-A12-20939-18996,Case-3,NECROSIS,2,C:\Users\enkso\.kiro\crew\scratch\runtime-0a306834\osteopatch_full_ingestion\tiffs\Case-3-A12-20939-18996.tiff,PASS,True
Case-3-A12-24008-4724,Case-3,NECROSIS,2,C:\Users\enkso\.kiro\crew\scratch\runtime-0a306834\osteopatch_full_ingestion\tiffs\Case-3-A12-24008-4724.tiff,PASS,True
Case-3-A12-24626-4413,Case-3,NECROSIS,2,C:\Users\enkso\.kiro\crew\scratch\runtime-0a306834\osteopatch_full_ingestion\tiffs\Case-3-A12-24626-4413.tiff,PASS,True
Case-3-A12-26266-6931,Case-3,NECROSIS,2,C:\Users\enkso\.kiro\crew\scratch\runtime-0a306834\osteopatch_full_ingestion\tiffs\Case-3-A12-26266-6931.tiff,PASS,True
Case-3-A12-27307-29117,Case-3,NECROSIS,2,C:\Users\enkso\.kiro\crew\scratch\runtime-0a306834\osteopatch_full_ingestion\tiffs\Case-3-A12-27307-29117.tiff,PASS,True
Case-3-A12-28029-11197,Case-3,NECROSIS,2,C:\Users\enkso\.kiro\crew\scratch\runtime-0a306834\osteopatch_full_ingestion\tiffs\Case-3-A12-28029-11197.tiff,PASS,True
Case-3-A12-29223-26617,Case-3,NECROSIS,2,C:\Users\enkso\.kiro\crew\scratch\runtime-0a306834\osteopatch_full_ingestion\tiffs\Case-3-A12-29223-26617.tiff,PASS,True
Case-3-A12-29860-25889,Case-3,NECROSIS,2,C:\Users\enkso\.kiro\crew\scratch\runtime-0a306834\osteopatch_full_ingestion\tiffs\Case-3-A12-29860-25889.tiff,PASS,True
Case-3-A12-30696-5036,Case-3,NECROSIS,2,C:\Users\enkso\.kiro\crew\scratch\runtime-0a306834\osteopatch_full_ingestion\tiffs\Case-3-A12-30696-5036.tiff,PASS,True
Case-3-A12-32422-16245,Case-3,NECROSIS,2,C:\Users\enkso\.kiro\crew\scratch\runtime-0a306834\osteopatch_full_ingestion\tiffs\Case-3-A12-32422-16245.tiff,PASS,True
Case-3-A12-33164-13699,Case-3,NECROSIS,2,C:\Users\enkso\.kiro\crew\scratch\runtime-0a306834\osteopatch_full_ingestion\tiffs\Case-3-A12-33164-13699.tiff,PASS,True
Case-3-A12-39264-6515,Case-3,NECROSIS,2,C:\Users\enkso\.kiro\crew\scratch\runtime-0a306834\osteopatch_full_ingestion\tiffs\Case-3-A12-39264-6515.tiff,PASS,True
Case-3-A12-42160-4982,Case-3,NECROSIS,2,C:\Users\enkso\.kiro\crew\scratch\runtime-0a306834\osteopatch_full_ingestion\tiffs\Case-3-A12-42160-4982.tiff,PASS,True
Case-3-A12-43202-17223,Case-3,NECROSIS,2,C:\Users\enkso\.kiro\crew\scratch\runtime-0a306834\osteopatch_full_ingestion\tiffs\Case-3-A12-43202-17223.tiff,PASS,True
Case-3-A12-8900-9585,Case-3,NECROSIS,2,C:\Users\enkso\.kiro\crew\scratch\runtime-0a306834\osteopatch_full_ingestion\tiffs\Case-3-A12-8900-9585.tiff,PASS,True
Case-3-A13-11064-6880,Case-3,NECROSIS,2,C:\Users\enkso\.kiro\crew\scratch\runtime-0a306834\osteopatch_full_ingestion\tiffs\Case-3-A13-11064-6880.tiff,PASS,True
Case-3-A13-12886-26466,Case-3,NECROSIS,2,C:\Users\enkso\.kiro\crew\scratch\runtime-0a306834\osteopatch_full_ingestion\tiffs\Case-3-A13-12886-26466.tiff,PASS,True
Case-3-A13-14922-4693,Case-3,NECROSIS,2,C:\Users\enkso\.kiro\crew\scratch\runtime-0a306834\osteopatch_full_ingestion\tiffs\Case-3-A13-14922-4693.tiff,PASS,True
Case-3-A13-20812-5829,Case-3,NECROSIS,2,C:\Users\enkso\.kiro\crew\scratch\runtime-0a306834\osteopatch_full_ingestion\tiffs\Case-3-A13-20812-5829.tiff,PASS,True
Case-3-A13-23909-10851,Case-3,NECROSIS,2,C:\Users\enkso\.kiro\crew\scratch\runtime-0a306834\osteopatch_full_ingestion\tiffs\Case-3-A13-23909-10851.tiff,PASS,True
Case-3-A13-25994-9457,Case-3,NECROSIS,2,C:\Users\enkso\.kiro\crew\scratch\runtime-0a306834\osteopatch_full_ingestion\tiffs\Case-3-A13-25994-9457.tiff,PASS,True
Case-3-A13-26025-19725,Case-3,NECROSIS,2,C:\Users\enkso\.kiro\crew\scratch\runtime-0a306834\osteopatch_full_ingestion\tiffs\Case-3-A13-26025-19725.tiff,PASS,True
Case-3-A13-26388-12521,Case-3,NECROSIS,2,C:\Users\enkso\.kiro\crew\scratch\runtime-0a306834\osteopatch_full_ingestion\tiffs\Case-3-A13-26388-12521.tiff,PASS,True
Case-3-A13-29731-5963,Case-3,NECROSIS,2,C:\Users\enkso\.kiro\crew\scratch\runtime-0a306834\osteopatch_full_ingestion\tiffs\Case-3-A13-29731-5963.tiff,PASS,True
Case-3-A13-30465-16520,Case-3,NECROSIS,2,C:\Users\enkso\.kiro\crew\scratch\runtime-0a306834\osteopatch_full_ingestion\tiffs\Case-3-A13-30465-16520.tiff,PASS,True
Case-3-A13-30624-3328,Case-3,NECROSIS,2,C:\Users\enkso\.kiro\crew\scratch\runtime-0a306834\osteopatch_full_ingestion\tiffs\Case-3-A13-30624-3328.tiff,PASS,True
Case-3-A13-32860-19573,Case-3,NECROSIS,2,C:\Users\enkso\.kiro\crew\scratch\runtime-0a306834\osteopatch_full_ingestion\tiffs\Case-3-A13-32860-19573.tiff,PASS,True
Case-3-A13-33512-19541,Case-3,NECROSIS,2,C:\Users\enkso\.kiro\crew\scratch\runtime-0a306834\osteopatch_full_ingestion\tiffs\Case-3-A13-33512-19541.tiff,PASS,True
Case-3-A13-35123-3915,Case-3,NECROSIS,2,C:\Users\enkso\.kiro\crew\scratch\runtime-0a306834\osteopatch_full_ingestion\tiffs\Case-3-A13-35123-3915.tiff,PASS,True
Case-3-A13-40883-4236,Case-3,NECROSIS,2,C:\Users\enkso\.kiro\crew\scratch\runtime-0a306834\osteopatch_full_ingestion\tiffs\Case-3-A13-40883-4236.tiff,PASS,True
Case-3-A13-41207-24818,Case-3,NECROSIS,2,C:\Users\enkso\.kiro\crew\scratch\runtime-0a306834\osteopatch_full_ingestion\tiffs\Case-3-A13-41207-24818.tiff,PASS,True
Case-3-A14-12561-9880,Case-3,NECROSIS,2,C:\Users\enkso\.kiro\crew\scratch\runtime-0a306834\osteopatch_full_ingestion\tiffs\Case-3-A14-12561-9880.tiff,PASS,True
Case-3-A14-16417-3901,Case-3,NECROSIS,2,C:\Users\enkso\.kiro\crew\scratch\runtime-0a306834\osteopatch_full_ingestion\tiffs\Case-3-A14-16417-3901.tiff,PASS,True
Case-3-A14-17915-18084,Case-3,NECROSIS,2,C:\Users\enkso\.kiro\crew\scratch\runtime-0a306834\osteopatch_full_ingestion\tiffs\Case-3-A14-17915-18084.tiff,PASS,True
Case-3-A14-18021-13552,Case-3,NECROSIS,2,C:\Users\enkso\.kiro\crew\scratch\runtime-0a306834\osteopatch_full_ingestion\tiffs\Case-3-A14-18021-13552.tiff,PASS,True
Case-3-A14-18644-6337,Case-3,NECROSIS,2,C:\Users\enkso\.kiro\crew\scratch\runtime-0a306834\osteopatch_full_ingestion\tiffs\Case-3-A14-18644-6337.tiff,PASS,True
Case-3-A14-20876-5533,Case-3,NECROSIS,2,C:\Users\enkso\.kiro\crew\scratch\runtime-0a306834\osteopatch_full_ingestion\tiffs\Case-3-A14-20876-5533.tiff,PASS,True
Case-3-A14-25077-2887,Case-3,NECROSIS,2,C:\Users\enkso\.kiro\crew\scratch\runtime-0a306834\osteopatch_full_ingestion\tiffs\Case-3-A14-25077-2887.tiff,PASS,True
Case-3-A14-25376-17951,Case-3,NECROSIS,2,C:\Users\enkso\.kiro\crew\scratch\runtime-0a306834\osteopatch_full_ingestion\tiffs\Case-3-A14-25376-17951.tiff,PASS,True
Case-3-A14-26126-3286,Case-3,NECROSIS,2,C:\Users\enkso\.kiro\crew\scratch\runtime-0a306834\osteopatch_full_ingestion\tiffs\Case-3-A14-26126-3286.tiff,PASS,True
Case-3-A14-27770-6278,Case-3,NECROSIS,2,C:\Users\enkso\.kiro\crew\scratch\runtime-0a306834\osteopatch_full_ingestion\tiffs\Case-3-A14-27770-6278.tiff,PASS,True
Case-3-A14-32589-6663,Case-3,NECROSIS,2,C:\Users\enkso\.kiro\crew\scratch\runtime-0a306834\osteopatch_full_ingestion\tiffs\Case-3-A14-32589-6663.tiff,PASS,True
Case-3-A14-34515-24089,Case-3,NECROSIS,2,C:\Users\enkso\.kiro\crew\scratch\runtime-0a306834\osteopatch_full_ingestion\tiffs\Case-3-A14-34515-24089.tiff,PASS,True
Case-3-A14-39214-1868,Case-3,NECROSIS,2,C:\Users\enkso\.kiro\crew\scratch\runtime-0a306834\osteopatch_full_ingestion\tiffs\Case-3-A14-39214-1868.tiff,PASS,True
Case-3-A14-40672-19680,Case-3,NECROSIS,2,C:\Users\enkso\.kiro\crew\scratch\runtime-0a306834\osteopatch_full_ingestion\tiffs\Case-3-A14-40672-19680.tiff,PASS,True
Case-3-A14-4535-11753,Case-3,NECROSIS,2,C:\Users\enkso\.kiro\crew\scratch\runtime-0a306834\osteopatch_full_ingestion\tiffs\Case-3-A14-4535-11753.tiff,PASS,True
Case-3-A15-12529-2824,Case-3,NECROSIS,2,C:\Users\enkso\.kiro\crew\scratch\runtime-0a306834\osteopatch_full_ingestion\tiffs\Case-3-A15-12529-2824.tiff,PASS,True
Case-3-A15-16783-7651,Case-3,NECROSIS,2,C:\Users\enkso\.kiro\crew\scratch\runtime-0a306834\osteopatch_full_ingestion\tiffs\Case-3-A15-16783-7651.tiff,PASS,True
Case-3-A15-19602-20751,Case-3,NECROSIS,2,C:\Users\enkso\.kiro\crew\scratch\runtime-0a306834\osteopatch_full_ingestion\tiffs\Case-3-A15-19602-20751.tiff,PASS,True
Case-3-A15-25441-4885,Case-3,NECROSIS,2,C:\Users\enkso\.kiro\crew\scratch\runtime-0a306834\osteopatch_full_ingestion\tiffs\Case-3-A15-25441-4885.tiff,PASS,True
Case-3-A15-29596-14862,Case-3,NECROSIS,2,C:\Users\enkso\.kiro\crew\scratch\runtime-0a306834\osteopatch_full_ingestion\tiffs\Case-3-A15-29596-14862.tiff,PASS,True
Case-3-A15-31956-20390,Case-3,NECROSIS,2,C:\Users\enkso\.kiro\crew\scratch\runtime-0a306834\osteopatch_full_ingestion\tiffs\Case-3-A15-31956-20390.tiff,PASS,True
Case-3-A15-32427-21534,Case-3,NECROSIS,2,C:\Users\enkso\.kiro\crew\scratch\runtime-0a306834\osteopatch_full_ingestion\tiffs\Case-3-A15-32427-21534.tiff,PASS,True
Case-3-A15-32664-16876,Case-3,NECROSIS,2,C:\Users\enkso\.kiro\crew\scratch\runtime-0a306834\osteopatch_full_ingestion\tiffs\Case-3-A15-32664-16876.tiff,PASS,True
Case-3-A15-34291-15707,Case-3,NECROSIS,2,C:\Users\enkso\.kiro\crew\scratch\runtime-0a306834\osteopatch_full_ingestion\tiffs\Case-3-A15-34291-15707.tiff,PASS,True
Case-3-A15-34793-16511,Case-3,NECROSIS,2,C:\Users\enkso\.kiro\crew\scratch\runtime-0a306834\osteopatch_full_ingestion\tiffs\Case-3-A15-34793-16511.tiff,PASS,True
Case-3-A15-38347-25444,Case-3,NECROSIS,2,C:\Users\enkso\.kiro\crew\scratch\runtime-0a306834\osteopatch_full_ingestion\tiffs\Case-3-A15-38347-25444.tiff,PASS,True
Case-3-A15-41229-4171,Case-3,NECROSIS,2,C:\Users\enkso\.kiro\crew\scratch\runtime-0a306834\osteopatch_full_ingestion\tiffs\Case-3-A15-41229-4171.tiff,PASS,True
Case-3-A15-4922-2530,Case-3,NECROSIS,2,C:\Users\enkso\.kiro\crew\scratch\runtime-0a306834\osteopatch_full_ingestion\tiffs\Case-3-A15-4922-2530.tiff,PASS,True
Case-3-A16-15703-4602,Case-3,NECROSIS,2,C:\Users\enkso\.kiro\crew\scratch\runtime-0a306834\osteopatch_full_ingestion\tiffs\Case-3-A16-15703-4602.tiff,PASS,True
Case-3-A16-16526-13063,Case-3,NECROSIS,2,C:\Users\enkso\.kiro\crew\scratch\runtime-0a306834\osteopatch_full_ingestion\tiffs\Case-3-A16-16526-13063.tiff,PASS,True
Case-3-A16-17478-7786,Case-3,NECROSIS,2,C:\Users\enkso\.kiro\crew\scratch\runtime-0a306834\osteopatch_full_ingestion\tiffs\Case-3-A16-17478-7786.tiff,PASS,True
Case-3-A16-18494-17234,Case-3,NECROSIS,2,C:\Users\enkso\.kiro\crew\scratch\runtime-0a306834\osteopatch_full_ingestion\tiffs\Case-3-A16-18494-17234.tiff,PASS,True
Case-3-A16-18579-5543,Case-3,NECROSIS,2,C:\Users\enkso\.kiro\crew\scratch\runtime-0a306834\osteopatch_full_ingestion\tiffs\Case-3-A16-18579-5543.tiff,PASS,True
Case-3-A16-20932-16777,Case-3,NECROSIS,2,C:\Users\enkso\.kiro\crew\scratch\runtime-0a306834\osteopatch_full_ingestion\tiffs\Case-3-A16-20932-16777.tiff,PASS,True
Case-3-A16-21084-22389,Case-3,NECROSIS,2,C:\Users\enkso\.kiro\crew\scratch\runtime-0a306834\osteopatch_full_ingestion\tiffs\Case-3-A16-21084-22389.tiff,PASS,True
Case-3-A16-21555-14170,Case-3,NECROSIS,2,C:\Users\enkso\.kiro\crew\scratch\runtime-0a306834\osteopatch_full_ingestion\tiffs\Case-3-A16-21555-14170.tiff,PASS,True
Case-3-A16-22513-3757,Case-3,NECROSIS,2,C:\Users\enkso\.kiro\crew\scratch\runtime-0a306834\osteopatch_full_ingestion\tiffs\Case-3-A16-22513-3757.tiff,PASS,True
Case-3-A16-23455-14529,Case-3,NECROSIS,2,C:\Users\enkso\.kiro\crew\scratch\runtime-0a306834\osteopatch_full_ingestion\tiffs\Case-3-A16-23455-14529.tiff,PASS,True
Case-3-A16-23679-14549,Case-3,NECROSIS,2,C:\Users\enkso\.kiro\crew\scratch\runtime-0a306834\osteopatch_full_ingestion\tiffs\Case-3-A16-23679-14549.tiff,PASS,True
Case-3-A16-24669-5556,Case-3,NECROSIS,2,C:\Users\enkso\.kiro\crew\scratch\runtime-0a306834\osteopatch_full_ingestion\tiffs\Case-3-A16-24669-5556.tiff,PASS,True
Case-3-A16-25344-6555,Case-3,NECROSIS,2,C:\Users\enkso\.kiro\crew\scratch\runtime-0a306834\osteopatch_full_ingestion\tiffs\Case-3-A16-25344-6555.tiff,PASS,True
Case-3-A16-29058-10941,Case-3,NECROSIS,2,C:\Users\enkso\.kiro\crew\scratch\runtime-0a306834\osteopatch_full_ingestion\tiffs\Case-3-A16-29058-10941.tiff,PASS,True
Case-3-A16-30229-10876,Case-3,NECROSIS,2,C:\Users\enkso\.kiro\crew\scratch\runtime-0a306834\osteopatch_full_ingestion\tiffs\Case-3-A16-30229-10876.tiff,PASS,True
Case-3-A16-31398-22850,Case-3,NECROSIS,2,C:\Users\enkso\.kiro\crew\scratch\runtime-0a306834\osteopatch_full_ingestion\tiffs\Case-3-A16-31398-22850.tiff,PASS,True
Case-3-A16-32696-21122,Case-3,NECROSIS,2,C:\Users\enkso\.kiro\crew\scratch\runtime-0a306834\osteopatch_full_ingestion\tiffs\Case-3-A16-32696-21122.tiff,PASS,True
Case-3-A16-35442-28193,Case-3,NECROSIS,2,C:\Users\enkso\.kiro\crew\scratch\runtime-0a306834\osteopatch_full_ingestion\tiffs\Case-3-A16-35442-28193.tiff,PASS,True
Case-3-A16-35584-14421,Case-3,NECROSIS,2,C:\Users\enkso\.kiro\crew\scratch\runtime-0a306834\osteopatch_full_ingestion\tiffs\Case-3-A16-35584-14421.tiff,PASS,True
Case-3-A16-35991-7626,Case-3,NECROSIS,2,C:\Users\enkso\.kiro\crew\scratch\runtime-0a306834\osteopatch_full_ingestion\tiffs\Case-3-A16-35991-7626.tiff,PASS,True
Case-3-A16-36233-10925,Case-3,NECROSIS,2,C:\Users\enkso\.kiro\crew\scratch\runtime-0a306834\osteopatch_full_ingestion\tiffs\Case-3-A16-36233-10925.tiff,PASS,True
Case-3-A16-3833-2415,Case-3,NECROSIS,2,C:\Users\enkso\.kiro\crew\scratch\runtime-0a306834\osteopatch_full_ingestion\tiffs\Case-3-A16-3833-2415.tiff,PASS,True
Case-3-A16-40231-27051,Case-3,NECROSIS,2,C:\Users\enkso\.kiro\crew\scratch\runtime-0a306834\osteopatch_full_ingestion\tiffs\Case-3-A16-40231-27051.tiff,PASS,True
Case-3-A16-6244-27384,Case-3,NECROSIS,2,C:\Users\enkso\.kiro\crew\scratch\runtime-0a306834\osteopatch_full_ingestion\tiffs\Case-3-A16-6244-27384.tiff,PASS,True
Case-3-A17-12112-17050,Case-3,NECROSIS,2,C:\Users\enkso\.kiro\crew\scratch\runtime-0a306834\osteopatch_full_ingestion\tiffs\Case-3-A17-12112-17050.tiff,PASS,True
Case-3-A17-16570-4475,Case-3,NECROSIS,2,C:\Users\enkso\.kiro\crew\scratch\runtime-0a306834\osteopatch_full_ingestion\tiffs\Case-3-A17-16570-4475.tiff,PASS,True
Case-3-A17-18676-13247,Case-3,NECROSIS,2,C:\Users\enkso\.kiro\crew\scratch\runtime-0a306834\osteopatch_full_ingestion\tiffs\Case-3-A17-18676-13247.tiff,PASS,True
Case-3-A17-25048-1930,Case-3,NECROSIS,2,C:\Users\enkso\.kiro\crew\scratch\runtime-0a306834\osteopatch_full_ingestion\tiffs\Case-3-A17-25048-1930.tiff,PASS,True
Case-3-A17-26576-11618,Case-3,NECROSIS,2,C:\Users\enkso\.kiro\crew\scratch\runtime-0a306834\osteopatch_full_ingestion\tiffs\Case-3-A17-26576-11618.tiff,PASS,True
Case-3-A17-27172-22922,Case-3,NECROSIS,2,C:\Users\enkso\.kiro\crew\scratch\runtime-0a306834\osteopatch_full_ingestion\tiffs\Case-3-A17-27172-22922.tiff,PASS,True
Case-3-A17-29372-19206,Case-3,NECROSIS,2,C:\Users\enkso\.kiro\crew\scratch\runtime-0a306834\osteopatch_full_ingestion\tiffs\Case-3-A17-29372-19206.tiff,PASS,True
Case-3-A17-32230-20244,Case-3,NECROSIS,2,C:\Users\enkso\.kiro\crew\scratch\runtime-0a306834\osteopatch_full_ingestion\tiffs\Case-3-A17-32230-20244.tiff,PASS,True
Case-3-A17-38169-7823,Case-3,NECROSIS,2,C:\Users\enkso\.kiro\crew\scratch\runtime-0a306834\osteopatch_full_ingestion\tiffs\Case-3-A17-38169-7823.tiff,PASS,True
Case-3-A17-38558-18797,Case-3,NECROSIS,2,C:\Users\enkso\.kiro\crew\scratch\runtime-0a306834\osteopatch_full_ingestion\tiffs\Case-3-A17-38558-18797.tiff,PASS,True
Case-3-A17-39258-10719,Case-3,NECROSIS,2,C:\Users\enkso\.kiro\crew\scratch\runtime-0a306834\osteopatch_full_ingestion\tiffs\Case-3-A17-39258-10719.tiff,PASS,True
Case-3-A17-39482-17002,Case-3,NECROSIS,2,C:\Users\enkso\.kiro\crew\scratch\runtime-0a306834\osteopatch_full_ingestion\tiffs\Case-3-A17-39482-17002.tiff,PASS,True
Case-3-A17-4064-3304,Case-3,NECROSIS,2,C:\Users\enkso\.kiro\crew\scratch\runtime-0a306834\osteopatch_full_ingestion\tiffs\Case-3-A17-4064-3304.tiff,PASS,True
Case-3-A17-42739-1928,Case-3,NECROSIS,2,C:\Users\enkso\.kiro\crew\scratch\runtime-0a306834\osteopatch_full_ingestion\tiffs\Case-3-A17-42739-1928.tiff,PASS,True
Case-3-A17-6827-25257,Case-3,NECROSIS,2,C:\Users\enkso\.kiro\crew\scratch\runtime-0a306834\osteopatch_full_ingestion\tiffs\Case-3-A17-6827-25257.tiff,PASS,True
Case-3-A18-11113-4790,Case-3,NECROSIS,2,C:\Users\enkso\.kiro\crew\scratch\runtime-0a306834\osteopatch_full_ingestion\tiffs\Case-3-A18-11113-4790.tiff,PASS,True
Case-3-A18-14183-14592,Case-3,NECROSIS,2,C:\Users\enkso\.kiro\crew\scratch\runtime-0a306834\osteopatch_full_ingestion\tiffs\Case-3-A18-14183-14592.tiff,PASS,True
Case-3-A18-16291-27049,Case-3,NECROSIS,2,C:\Users\enkso\.kiro\crew\scratch\runtime-0a306834\osteopatch_full_ingestion\tiffs\Case-3-A18-16291-27049.tiff,PASS,True
Case-3-A18-21774-29686,Case-3,NECROSIS,2,C:\Users\enkso\.kiro\crew\scratch\runtime-0a306834\osteopatch_full_ingestion\tiffs\Case-3-A18-21774-29686.tiff,PASS,True
Case-3-A18-22725-7679,Case-3,NECROSIS,2,C:\Users\enkso\.kiro\crew\scratch\runtime-0a306834\osteopatch_full_ingestion\tiffs\Case-3-A18-22725-7679.tiff,PASS,True
Case-3-A18-26671-8353,Case-3,NECROSIS,2,C:\Users\enkso\.kiro\crew\scratch\runtime-0a306834\osteopatch_full_ingestion\tiffs\Case-3-A18-26671-8353.tiff,PASS,True
Case-3-A18-28050-10869,Case-3,NECROSIS,2,C:\Users\enkso\.kiro\crew\scratch\runtime-0a306834\osteopatch_full_ingestion\tiffs\Case-3-A18-28050-10869.tiff,PASS,True
Case-3-A18-29907-24273,Case-3,NECROSIS,2,C:\Users\enkso\.kiro\crew\scratch\runtime-0a306834\osteopatch_full_ingestion\tiffs\Case-3-A18-29907-24273.tiff,PASS,True
Case-3-A18-30239-1991,Case-3,NECROSIS,2,C:\Users\enkso\.kiro\crew\scratch\runtime-0a306834\osteopatch_full_ingestion\tiffs\Case-3-A18-30239-1991.tiff,PASS,True
Case-3-A18-37523-16456,Case-3,NECROSIS,2,C:\Users\enkso\.kiro\crew\scratch\runtime-0a306834\osteopatch_full_ingestion\tiffs\Case-3-A18-37523-16456.tiff,PASS,True
Case-3-A18-37940-12063,Case-3,NECROSIS,2,C:\Users\enkso\.kiro\crew\scratch\runtime-0a306834\osteopatch_full_ingestion\tiffs\Case-3-A18-37940-12063.tiff,PASS,True
Case-3-A18-39897-25655,Case-3,NECROSIS,2,C:\Users\enkso\.kiro\crew\scratch\runtime-0a306834\osteopatch_full_ingestion\tiffs\Case-3-A18-39897-25655.tiff,PASS,True
Case-3-A18-41611-21066,Case-3,NECROSIS,2,C:\Users\enkso\.kiro\crew\scratch\runtime-0a306834\osteopatch_full_ingestion\tiffs\Case-3-A18-41611-21066.tiff,PASS,True
Case-3-A18-41817-26873,Case-3,NECROSIS,2,C:\Users\enkso\.kiro\crew\scratch\runtime-0a306834\osteopatch_full_ingestion\tiffs\Case-3-A18-41817-26873.tiff,PASS,True
Case-3-A18-42378-16271,Case-3,NECROSIS,2,C:\Users\enkso\.kiro\crew\scratch\runtime-0a306834\osteopatch_full_ingestion\tiffs\Case-3-A18-42378-16271.tiff,PASS,True
Case-3-A18-6464-3819,Case-3,NECROSIS,2,C:\Users\enkso\.kiro\crew\scratch\runtime-0a306834\osteopatch_full_ingestion\tiffs\Case-3-A18-6464-3819.tiff,PASS,True
Case-3-A7-11686-7821,Case-3,NECROSIS,2,C:\Users\enkso\.kiro\crew\scratch\runtime-0a306834\osteopatch_full_ingestion\tiffs\Case-3-A7-11686-7821.tiff,PASS,True
Case-3-A7-13231-25695,Case-3,NECROSIS,2,C:\Users\enkso\.kiro\crew\scratch\runtime-0a306834\osteopatch_full_ingestion\tiffs\Case-3-A7-13231-25695.tiff,PASS,True
Case-3-A7-13363-2996,Case-3,NECROSIS,2,C:\Users\enkso\.kiro\crew\scratch\runtime-0a306834\osteopatch_full_ingestion\tiffs\Case-3-A7-13363-2996.tiff,PASS,True
Case-3-A7-14703-16558,Case-3,NECROSIS,2,C:\Users\enkso\.kiro\crew\scratch\runtime-0a306834\osteopatch_full_ingestion\tiffs\Case-3-A7-14703-16558.tiff,PASS,True
Case-3-A7-18669-5101,Case-3,NECROSIS,2,C:\Users\enkso\.kiro\crew\scratch\runtime-0a306834\osteopatch_full_ingestion\tiffs\Case-3-A7-18669-5101.tiff,PASS,True
Case-3-A7-19592-19096,Case-3,NECROSIS,2,C:\Users\enkso\.kiro\crew\scratch\runtime-0a306834\osteopatch_full_ingestion\tiffs\Case-3-A7-19592-19096.tiff,PASS,True
Case-3-A7-22533-27072,Case-3,NECROSIS,2,C:\Users\enkso\.kiro\crew\scratch\runtime-0a306834\osteopatch_full_ingestion\tiffs\Case-3-A7-22533-27072.tiff,PASS,True
Case-3-A7-25131-12730,Case-3,NECROSIS,2,C:\Users\enkso\.kiro\crew\scratch\runtime-0a306834\osteopatch_full_ingestion\tiffs\Case-3-A7-25131-12730.tiff,PASS,True
Case-3-A7-25309-2061,Case-3,NECROSIS,2,C:\Users\enkso\.kiro\crew\scratch\runtime-0a306834\osteopatch_full_ingestion\tiffs\Case-3-A7-25309-2061.tiff,PASS,True
Case-3-A7-27102-7995,Case-3,NECROSIS,2,C:\Users\enkso\.kiro\crew\scratch\runtime-0a306834\osteopatch_full_ingestion\tiffs\Case-3-A7-27102-7995.tiff,PASS,True
Case-3-A7-29420-19979,Case-3,NECROSIS,2,C:\Users\enkso\.kiro\crew\scratch\runtime-0a306834\osteopatch_full_ingestion\tiffs\Case-3-A7-29420-19979.tiff,PASS,True
Case-3-A7-31694-7282,Case-3,NECROSIS,2,C:\Users\enkso\.kiro\crew\scratch\runtime-0a306834\osteopatch_full_ingestion\tiffs\Case-3-A7-31694-7282.tiff,PASS,True
Case-3-A7-31801-6579,Case-3,NECROSIS,2,C:\Users\enkso\.kiro\crew\scratch\runtime-0a306834\osteopatch_full_ingestion\tiffs\Case-3-A7-31801-6579.tiff,PASS,True
Case-3-A7-32878-13552,Case-3,NECROSIS,2,C:\Users\enkso\.kiro\crew\scratch\runtime-0a306834\osteopatch_full_ingestion\tiffs\Case-3-A7-32878-13552.tiff,PASS,True
Case-3-A7-35188-7457,Case-3,NECROSIS,2,C:\Users\enkso\.kiro\crew\scratch\runtime-0a306834\osteopatch_full_ingestion\tiffs\Case-3-A7-35188-7457.tiff,PASS,True
Case-3-A7-36617-26705,Case-3,NECROSIS,2,C:\Users\enkso\.kiro\crew\scratch\runtime-0a306834\osteopatch_full_ingestion\tiffs\Case-3-A7-36617-26705.tiff,PASS,True
Case-3-A7-39090-2995,Case-3,NECROSIS,2,C:\Users\enkso\.kiro\crew\scratch\runtime-0a306834\osteopatch_full_ingestion\tiffs\Case-3-A7-39090-2995.tiff,PASS,True
Case-3-A8-19213-13280,Case-3,NECROSIS,2,C:\Users\enkso\.kiro\crew\scratch\runtime-0a306834\osteopatch_full_ingestion\tiffs\Case-3-A8-19213-13280.tiff,PASS,True
Case-3-A8-20541-20421,Case-3,NECROSIS,2,C:\Users\enkso\.kiro\crew\scratch\runtime-0a306834\osteopatch_full_ingestion\tiffs\Case-3-A8-20541-20421.tiff,PASS,True
Case-3-A8-20812-18023,Case-3,NECROSIS,2,C:\Users\enkso\.kiro\crew\scratch\runtime-0a306834\osteopatch_full_ingestion\tiffs\Case-3-A8-20812-18023.tiff,PASS,True
Case-3-A8-23069-11985,Case-3,NECROSIS,2,C:\Users\enkso\.kiro\crew\scratch\runtime-0a306834\osteopatch_full_ingestion\tiffs\Case-3-A8-23069-11985.tiff,PASS,True
Case-3-A8-25825-20639,Case-3,NECROSIS,2,C:\Users\enkso\.kiro\crew\scratch\runtime-0a306834\osteopatch_full_ingestion\tiffs\Case-3-A8-25825-20639.tiff,PASS,True
Case-3-A8-27422-14386,Case-3,NECROSIS,2,C:\Users\enkso\.kiro\crew\scratch\runtime-0a306834\osteopatch_full_ingestion\tiffs\Case-3-A8-27422-14386.tiff,PASS,True
Case-3-A8-34597-15691,Case-3,NECROSIS,2,C:\Users\enkso\.kiro\crew\scratch\runtime-0a306834\osteopatch_full_ingestion\tiffs\Case-3-A8-34597-15691.tiff,PASS,True
Case-3-A8-35052-27260,Case-3,NECROSIS,2,C:\Users\enkso\.kiro\crew\scratch\runtime-0a306834\osteopatch_full_ingestion\tiffs\Case-3-A8-35052-27260.tiff,PASS,True
Case-3-A8-3678-6946,Case-3,NECROSIS,2,C:\Users\enkso\.kiro\crew\scratch\runtime-0a306834\osteopatch_full_ingestion\tiffs\Case-3-A8-3678-6946.tiff,PASS,True
Case-3-A8-38100-23063,Case-3,NECROSIS,2,C:\Users\enkso\.kiro\crew\scratch\runtime-0a306834\osteopatch_full_ingestion\tiffs\Case-3-A8-38100-23063.tiff,PASS,True
Case-3-A8-38575-19060,Case-3,NECROSIS,2,C:\Users\enkso\.kiro\crew\scratch\runtime-0a306834\osteopatch_full_ingestion\tiffs\Case-3-A8-38575-19060.tiff,PASS,True
Case-3-A8-38576-12372,Case-3,NECROSIS,2,C:\Users\enkso\.kiro\crew\scratch\runtime-0a306834\osteopatch_full_ingestion\tiffs\Case-3-A8-38576-12372.tiff,PASS,True
Case-3-A8-40327-2954,Case-3,NECROSIS,2,C:\Users\enkso\.kiro\crew\scratch\runtime-0a306834\osteopatch_full_ingestion\tiffs\Case-3-A8-40327-2954.tiff,PASS,True
Case-3-A8-42144-11358,Case-3,NECROSIS,2,C:\Users\enkso\.kiro\crew\scratch\runtime-0a306834\osteopatch_full_ingestion\tiffs\Case-3-A8-42144-11358.tiff,PASS,True
Case-3-A8-42275-18820,Case-3,NECROSIS,2,C:\Users\enkso\.kiro\crew\scratch\runtime-0a306834\osteopatch_full_ingestion\tiffs\Case-3-A8-42275-18820.tiff,PASS,True
Case-3-A8-8708-9689,Case-3,NECROSIS,2,C:\Users\enkso\.kiro\crew\scratch\runtime-0a306834\osteopatch_full_ingestion\tiffs\Case-3-A8-8708-9689.tiff,PASS,True
Case-3-A8-9677-9114,Case-3,NECROSIS,2,C:\Users\enkso\.kiro\crew\scratch\runtime-0a306834\osteopatch_full_ingestion\tiffs\Case-3-A8-9677-9114.tiff,PASS,True
Case-4-C21-43834-23094,Case-4,NON_TUMOR,0,C:\Users\enkso\.kiro\crew\scratch\runtime-0a306834\osteopatch_full_ingestion\tiffs\Case-4-C21-43834-23094.tiff,PASS,True
Case-4-C21-44291-25760,Case-4,NON_TUMOR,0,C:\Users\enkso\.kiro\crew\scratch\runtime-0a306834\osteopatch_full_ingestion\tiffs\Case-4-C21-44291-25760.tiff,PASS,True
Case-4-C22-26476-28003,Case-4,NON_TUMOR,0,C:\Users\enkso\.kiro\crew\scratch\runtime-0a306834\osteopatch_full_ingestion\tiffs\Case-4-C22-26476-28003.tiff,PASS,True
Case-4-C22-29668-36352,Case-4,NON_TUMOR,0,C:\Users\enkso\.kiro\crew\scratch\runtime-0a306834\osteopatch_full_ingestion\tiffs\Case-4-C22-29668-36352.tiff,PASS,True
Case-4-C22-29696-31650,Case-4,NON_TUMOR,0,C:\Users\enkso\.kiro\crew\scratch\runtime-0a306834\osteopatch_full_ingestion\tiffs\Case-4-C22-29696-31650.tiff,PASS,True
Case-4-C22-42649-20389,Case-4,NON_TUMOR,0,C:\Users\enkso\.kiro\crew\scratch\runtime-0a306834\osteopatch_full_ingestion\tiffs\Case-4-C22-42649-20389.tiff,PASS,True
Case-4-C22-43370-22832,Case-4,NON_TUMOR,0,C:\Users\enkso\.kiro\crew\scratch\runtime-0a306834\osteopatch_full_ingestion\tiffs\Case-4-C22-43370-22832.tiff,PASS,True
Case-4-C22-44617-22886,Case-4,NON_TUMOR,0,C:\Users\enkso\.kiro\crew\scratch\runtime-0a306834\osteopatch_full_ingestion\tiffs\Case-4-C22-44617-22886.tiff,PASS,True
Case-4-C22-45017-21723,Case-4,NON_TUMOR,0,C:\Users\enkso\.kiro\crew\scratch\runtime-0a306834\osteopatch_full_ingestion\tiffs\Case-4-C22-45017-21723.tiff,PASS,True
Case-4-C24-22210-6774,Case-4,NON_TUMOR,0,C:\Users\enkso\.kiro\crew\scratch\runtime-0a306834\osteopatch_full_ingestion\tiffs\Case-4-C24-22210-6774.tiff,PASS,True
Case-4-C24-41653-14996,Case-4,NON_TUMOR,0,C:\Users\enkso\.kiro\crew\scratch\runtime-0a306834\osteopatch_full_ingestion\tiffs\Case-4-C24-41653-14996.tiff,PASS,True
Case-4-C27-29294-5191,Case-4,NON_TUMOR,0,C:\Users\enkso\.kiro\crew\scratch\runtime-0a306834\osteopatch_full_ingestion\tiffs\Case-4-C27-29294-5191.tiff,PASS,True
Case-4-C27-45200-21938,Case-4,NON_TUMOR,0,C:\Users\enkso\.kiro\crew\scratch\runtime-0a306834\osteopatch_full_ingestion\tiffs\Case-4-C27-45200-21938.tiff,PASS,True
Case-4-C27-45262-20988,Case-4,NON_TUMOR,0,C:\Users\enkso\.kiro\crew\scratch\runtime-0a306834\osteopatch_full_ingestion\tiffs\Case-4-C27-45262-20988.tiff,PASS,True
Case-4-C28-31042-23166,Case-4,NON_TUMOR,0,C:\Users\enkso\.kiro\crew\scratch\runtime-0a306834\osteopatch_full_ingestion\tiffs\Case-4-C28-31042-23166.tiff,PASS,True
Case-4-C28-33944-22211,Case-4,NON_TUMOR,0,C:\Users\enkso\.kiro\crew\scratch\runtime-0a306834\osteopatch_full_ingestion\tiffs\Case-4-C28-33944-22211.tiff,PASS,True
Case-4-C28-42724-16956,Case-4,NON_TUMOR,0,C:\Users\enkso\.kiro\crew\scratch\runtime-0a306834\osteopatch_full_ingestion\tiffs\Case-4-C28-42724-16956.tiff,PASS,True
Case-4-C29-40078-13241,Case-4,NON_TUMOR,0,C:\Users\enkso\.kiro\crew\scratch\runtime-0a306834\osteopatch_full_ingestion\tiffs\Case-4-C29-40078-13241.tiff,PASS,True
Case-4-C31-17846-20505,Case-4,NON_TUMOR,0,C:\Users\enkso\.kiro\crew\scratch\runtime-0a306834\osteopatch_full_ingestion\tiffs\Case-4-C31-17846-20505.tiff,PASS,True
Case-4-C34-42840-21049,Case-4,NON_TUMOR,0,C:\Users\enkso\.kiro\crew\scratch\runtime-0a306834\osteopatch_full_ingestion\tiffs\Case-4-C34-42840-21049.tiff,PASS,True
Case-4-C34-43977-24577,Case-4,NON_TUMOR,0,C:\Users\enkso\.kiro\crew\scratch\runtime-0a306834\osteopatch_full_ingestion\tiffs\Case-4-C34-43977-24577.tiff,PASS,True
Case-4-C34-44491-21355,Case-4,NON_TUMOR,0,C:\Users\enkso\.kiro\crew\scratch\runtime-0a306834\osteopatch_full_ingestion\tiffs\Case-4-C34-44491-21355.tiff,PASS,True
Case-4-C48-10054-9391,Case-4,NON_TUMOR,0,C:\Users\enkso\.kiro\crew\scratch\runtime-0a306834\osteopatch_full_ingestion\tiffs\Case-4-C48-10054-9391.tiff,PASS,True
Case-4-C48-11401-19048,Case-4,NON_TUMOR,0,C:\Users\enkso\.kiro\crew\scratch\runtime-0a306834\osteopatch_full_ingestion\tiffs\Case-4-C48-11401-19048.tiff,PASS,True
Case-4-C48-11503-15470,Case-4,NON_TUMOR,0,C:\Users\enkso\.kiro\crew\scratch\runtime-0a306834\osteopatch_full_ingestion\tiffs\Case-4-C48-11503-15470.tiff,PASS,True
Case-4-C48-12897-21186,Case-4,NON_TUMOR,0,C:\Users\enkso\.kiro\crew\scratch\runtime-0a306834\osteopatch_full_ingestion\tiffs\Case-4-C48-12897-21186.tiff,PASS,True
Case-4-C48-13345-34577,Case-4,NON_TUMOR,0,C:\Users\enkso\.kiro\crew\scratch\runtime-0a306834\osteopatch_full_ingestion\tiffs\Case-4-C48-13345-34577.tiff,PASS,True
Case-4-C48-13927-22247,Case-4,NON_TUMOR,0,C:\Users\enkso\.kiro\crew\scratch\runtime-0a306834\osteopatch_full_ingestion\tiffs\Case-4-C48-13927-22247.tiff,PASS,True
Case-4-C48-15768-33767,Case-4,NON_TUMOR,0,C:\Users\enkso\.kiro\crew\scratch\runtime-0a306834\osteopatch_full_ingestion\tiffs\Case-4-C48-15768-33767.tiff,PASS,True
Case-4-C48-16689-23057,Case-4,NON_TUMOR,0,C:\Users\enkso\.kiro\crew\scratch\runtime-0a306834\osteopatch_full_ingestion\tiffs\Case-4-C48-16689-23057.tiff,PASS,True
Case-4-C48-16969-13515,Case-4,NON_TUMOR,0,C:\Users\enkso\.kiro\crew\scratch\runtime-0a306834\osteopatch_full_ingestion\tiffs\Case-4-C48-16969-13515.tiff,PASS,True
Case-4-C48-18049-17102,Case-4,NON_TUMOR,0,C:\Users\enkso\.kiro\crew\scratch\runtime-0a306834\osteopatch_full_ingestion\tiffs\Case-4-C48-18049-17102.tiff,PASS,True
Case-4-C48-18251-9611,Case-4,NON_TUMOR,0,C:\Users\enkso\.kiro\crew\scratch\runtime-0a306834\osteopatch_full_ingestion\tiffs\Case-4-C48-18251-9611.tiff,PASS,True
Case-4-C48-20603-33127,Case-4,NON_TUMOR,0,C:\Users\enkso\.kiro\crew\scratch\runtime-0a306834\osteopatch_full_ingestion\tiffs\Case-4-C48-20603-33127.tiff,PASS,True
Case-4-C48-22668-21127,Case-4,NON_TUMOR,0,C:\Users\enkso\.kiro\crew\scratch\runtime-0a306834\osteopatch_full_ingestion\tiffs\Case-4-C48-22668-21127.tiff,PASS,True
Case-4-C48-24306-19063,Case-4,NON_TUMOR,0,C:\Users\enkso\.kiro\crew\scratch\runtime-0a306834\osteopatch_full_ingestion\tiffs\Case-4-C48-24306-19063.tiff,PASS,True
Case-4-C48-25702-19790,Case-4,NON_TUMOR,0,C:\Users\enkso\.kiro\crew\scratch\runtime-0a306834\osteopatch_full_ingestion\tiffs\Case-4-C48-25702-19790.tiff,PASS,True
Case-4-C48-25796-23436,Case-4,NON_TUMOR,0,C:\Users\enkso\.kiro\crew\scratch\runtime-0a306834\osteopatch_full_ingestion\tiffs\Case-4-C48-25796-23436.tiff,PASS,True
Case-4-C48-30653-11701,Case-4,NON_TUMOR,0,C:\Users\enkso\.kiro\crew\scratch\runtime-0a306834\osteopatch_full_ingestion\tiffs\Case-4-C48-30653-11701.tiff,PASS,True
Case-4-C48-31199-23583,Case-4,NON_TUMOR,0,C:\Users\enkso\.kiro\crew\scratch\runtime-0a306834\osteopatch_full_ingestion\tiffs\Case-4-C48-31199-23583.tiff,PASS,True
Case-4-C48-33197-21550,Case-4,NON_TUMOR,0,C:\Users\enkso\.kiro\crew\scratch\runtime-0a306834\osteopatch_full_ingestion\tiffs\Case-4-C48-33197-21550.tiff,PASS,True
Case-4-C48-5806-29232,Case-4,NON_TUMOR,0,C:\Users\enkso\.kiro\crew\scratch\runtime-0a306834\osteopatch_full_ingestion\tiffs\Case-4-C48-5806-29232.tiff,PASS,True
Case-4-C48-6884-30966,Case-4,NON_TUMOR,0,C:\Users\enkso\.kiro\crew\scratch\runtime-0a306834\osteopatch_full_ingestion\tiffs\Case-4-C48-6884-30966.tiff,PASS,True
Case-4-C48-7455-17146,Case-4,NON_TUMOR,0,C:\Users\enkso\.kiro\crew\scratch\runtime-0a306834\osteopatch_full_ingestion\tiffs\Case-4-C48-7455-17146.tiff,PASS,True
Case-4-C48-9825-35299,Case-4,NON_TUMOR,0,C:\Users\enkso\.kiro\crew\scratch\runtime-0a306834\osteopatch_full_ingestion\tiffs\Case-4-C48-9825-35299.tiff,PASS,True
Case-4-C52-11233-29470,Case-4,NON_TUMOR,0,C:\Users\enkso\.kiro\crew\scratch\runtime-0a306834\osteopatch_full_ingestion\tiffs\Case-4-C52-11233-29470.tiff,PASS,True
Case-4-C52-13339-30012,Case-4,NON_TUMOR,0,C:\Users\enkso\.kiro\crew\scratch\runtime-0a306834\osteopatch_full_ingestion\tiffs\Case-4-C52-13339-30012.tiff,PASS,True
Case-4-C52-14134-24972,Case-4,NON_TUMOR,0,C:\Users\enkso\.kiro\crew\scratch\runtime-0a306834\osteopatch_full_ingestion\tiffs\Case-4-C52-14134-24972.tiff,PASS,True
Case-4-C52-15553-8379,Case-4,NON_TUMOR,0,C:\Users\enkso\.kiro\crew\scratch\runtime-0a306834\osteopatch_full_ingestion\tiffs\Case-4-C52-15553-8379.tiff,PASS,True
Case-4-C52-15705-16485,Case-4,NON_TUMOR,0,C:\Users\enkso\.kiro\crew\scratch\runtime-0a306834\osteopatch_full_ingestion\tiffs\Case-4-C52-15705-16485.tiff,PASS,True
Case-4-C52-18944-30575,Case-4,NON_TUMOR,0,C:\Users\enkso\.kiro\crew\scratch\runtime-0a306834\osteopatch_full_ingestion\tiffs\Case-4-C52-18944-30575.tiff,PASS,True
Case-4-C52-19923-24025,Case-4,NON_TUMOR,0,C:\Users\enkso\.kiro\crew\scratch\runtime-0a306834\osteopatch_full_ingestion\tiffs\Case-4-C52-19923-24025.tiff,PASS,True
Case-4-C52-20522-23796,Case-4,NON_TUMOR,0,C:\Users\enkso\.kiro\crew\scratch\runtime-0a306834\osteopatch_full_ingestion\tiffs\Case-4-C52-20522-23796.tiff,PASS,True
Case-4-C52-20801-18450,Case-4,NON_TUMOR,0,C:\Users\enkso\.kiro\crew\scratch\runtime-0a306834\osteopatch_full_ingestion\tiffs\Case-4-C52-20801-18450.tiff,PASS,True
Case-4-C52-21343-29072,Case-4,NON_TUMOR,0,C:\Users\enkso\.kiro\crew\scratch\runtime-0a306834\osteopatch_full_ingestion\tiffs\Case-4-C52-21343-29072.tiff,PASS,True
Case-4-C52-21604-27567,Case-4,NON_TUMOR,0,C:\Users\enkso\.kiro\crew\scratch\runtime-0a306834\osteopatch_full_ingestion\tiffs\Case-4-C52-21604-27567.tiff,PASS,True
Case-4-C52-25156-26369,Case-4,NON_TUMOR,0,C:\Users\enkso\.kiro\crew\scratch\runtime-0a306834\osteopatch_full_ingestion\tiffs\Case-4-C52-25156-26369.tiff,PASS,True
Case-4-C52-25833-10809,Case-4,NON_TUMOR,0,C:\Users\enkso\.kiro\crew\scratch\runtime-0a306834\osteopatch_full_ingestion\tiffs\Case-4-C52-25833-10809.tiff,PASS,True
Case-4-C52-26347-9834,Case-4,NON_TUMOR,0,C:\Users\enkso\.kiro\crew\scratch\runtime-0a306834\osteopatch_full_ingestion\tiffs\Case-4-C52-26347-9834.tiff,PASS,True
Case-4-C52-26738-16962,Case-4,NON_TUMOR,0,C:\Users\enkso\.kiro\crew\scratch\runtime-0a306834\osteopatch_full_ingestion\tiffs\Case-4-C52-26738-16962.tiff,PASS,True
Case-4-C52-29179-7955,Case-4,NON_TUMOR,0,C:\Users\enkso\.kiro\crew\scratch\runtime-0a306834\osteopatch_full_ingestion\tiffs\Case-4-C52-29179-7955.tiff,PASS,True
Case-4-C52-29621-7946,Case-4,NON_TUMOR,0,C:\Users\enkso\.kiro\crew\scratch\runtime-0a306834\osteopatch_full_ingestion\tiffs\Case-4-C52-29621-7946.tiff,PASS,True
Case-4-C52-29962-9726,Case-4,NON_TUMOR,0,C:\Users\enkso\.kiro\crew\scratch\runtime-0a306834\osteopatch_full_ingestion\tiffs\Case-4-C52-29962-9726.tiff,PASS,True
Case-4-C52-3074-22909,Case-4,NON_TUMOR,0,C:\Users\enkso\.kiro\crew\scratch\runtime-0a306834\osteopatch_full_ingestion\tiffs\Case-4-C52-3074-22909.tiff,PASS,True
Case-4-C52-31860-26250,Case-4,NON_TUMOR,0,C:\Users\enkso\.kiro\crew\scratch\runtime-0a306834\osteopatch_full_ingestion\tiffs\Case-4-C52-31860-26250.tiff,PASS,True
Case-4-C52-32157-20231,Case-4,NON_TUMOR,0,C:\Users\enkso\.kiro\crew\scratch\runtime-0a306834\osteopatch_full_ingestion\tiffs\Case-4-C52-32157-20231.tiff,PASS,True
Case-4-C52-35139-22514,Case-4,NON_TUMOR,0,C:\Users\enkso\.kiro\crew\scratch\runtime-0a306834\osteopatch_full_ingestion\tiffs\Case-4-C52-35139-22514.tiff,PASS,True
Case-4-C52-5072-27768,Case-4,NON_TUMOR,0,C:\Users\enkso\.kiro\crew\scratch\runtime-0a306834\osteopatch_full_ingestion\tiffs\Case-4-C52-5072-27768.tiff,PASS,True
Case-4-C52-6011-11096,Case-4,NON_TUMOR,0,C:\Users\enkso\.kiro\crew\scratch\runtime-0a306834\osteopatch_full_ingestion\tiffs\Case-4-C52-6011-11096.tiff,PASS,True
Case-4-C52-7119-24770,Case-4,NON_TUMOR,0,C:\Users\enkso\.kiro\crew\scratch\runtime-0a306834\osteopatch_full_ingestion\tiffs\Case-4-C52-7119-24770.tiff,PASS,True
Case-4-C52-8069-17662,Case-4,NON_TUMOR,0,C:\Users\enkso\.kiro\crew\scratch\runtime-0a306834\osteopatch_full_ingestion\tiffs\Case-4-C52-8069-17662.tiff,PASS,True
Case-4-C52-9452-34640,Case-4,NON_TUMOR,0,C:\Users\enkso\.kiro\crew\scratch\runtime-0a306834\osteopatch_full_ingestion\tiffs\Case-4-C52-9452-34640.tiff,PASS,True
Case-4-C21-20675-9095,Case-4,VIABLE_TUMOR,1,C:\Users\enkso\.kiro\crew\scratch\runtime-0a306834\osteopatch_full_ingestion\tiffs\Case-4-C21-20675-9095.tiff,PASS,True
Case-4-C21-22607-7946,Case-4,VIABLE_TUMOR,1,C:\Users\enkso\.kiro\crew\scratch\runtime-0a306834\osteopatch_full_ingestion\tiffs\Case-4-C21-22607-7946.tiff,PASS,True
Case-4-C21-25306-21689,Case-4,VIABLE_TUMOR,1,C:\Users\enkso\.kiro\crew\scratch\runtime-0a306834\osteopatch_full_ingestion\tiffs\Case-4-C21-25306-21689.tiff,PASS,True
Case-4-C21-26326-8633,Case-4,VIABLE_TUMOR,1,C:\Users\enkso\.kiro\crew\scratch\runtime-0a306834\osteopatch_full_ingestion\tiffs\Case-4-C21-26326-8633.tiff,PASS,True
Case-4-C21-28314-22979,Case-4,VIABLE_TUMOR,1,C:\Users\enkso\.kiro\crew\scratch\runtime-0a306834\osteopatch_full_ingestion\tiffs\Case-4-C21-28314-22979.tiff,PASS,True
Case-4-C21-29101-18901,Case-4,VIABLE_TUMOR,1,C:\Users\enkso\.kiro\crew\scratch\runtime-0a306834\osteopatch_full_ingestion\tiffs\Case-4-C21-29101-18901.tiff,PASS,True
Case-4-C21-34438-19627,Case-4,VIABLE_TUMOR,1,C:\Users\enkso\.kiro\crew\scratch\runtime-0a306834\osteopatch_full_ingestion\tiffs\Case-4-C21-34438-19627.tiff,PASS,True
Case-4-C21-35538-25356,Case-4,VIABLE_TUMOR,1,C:\Users\enkso\.kiro\crew\scratch\runtime-0a306834\osteopatch_full_ingestion\tiffs\Case-4-C21-35538-25356.tiff,PASS,True
Case-4-C21-37411-12734,Case-4,VIABLE_TUMOR,1,C:\Users\enkso\.kiro\crew\scratch\runtime-0a306834\osteopatch_full_ingestion\tiffs\Case-4-C21-37411-12734.tiff,PASS,True
Case-4-C21-38458-18002,Case-4,VIABLE_TUMOR,1,C:\Users\enkso\.kiro\crew\scratch\runtime-0a306834\osteopatch_full_ingestion\tiffs\Case-4-C21-38458-18002.tiff,PASS,True
Case-4-C21-39931-19569,Case-4,VIABLE_TUMOR,1,C:\Users\enkso\.kiro\crew\scratch\runtime-0a306834\osteopatch_full_ingestion\tiffs\Case-4-C21-39931-19569.tiff,PASS,True
Case-4-C21-40652-23162,Case-4,VIABLE_TUMOR,1,C:\Users\enkso\.kiro\crew\scratch\runtime-0a306834\osteopatch_full_ingestion\tiffs\Case-4-C21-40652-23162.tiff,PASS,True
Case-4-C21-42043-16377,Case-4,VIABLE_TUMOR,1,C:\Users\enkso\.kiro\crew\scratch\runtime-0a306834\osteopatch_full_ingestion\tiffs\Case-4-C21-42043-16377.tiff,PASS,True
Case-4-C22-20420-19004,Case-4,VIABLE_TUMOR,1,C:\Users\enkso\.kiro\crew\scratch\runtime-0a306834\osteopatch_full_ingestion\tiffs\Case-4-C22-20420-19004.tiff,PASS,True
Case-4-C22-21902-8062,Case-4,VIABLE_TUMOR,1,C:\Users\enkso\.kiro\crew\scratch\runtime-0a306834\osteopatch_full_ingestion\tiffs\Case-4-C22-21902-8062.tiff,PASS,True
Case-4-C22-22350-18241,Case-4,VIABLE_TUMOR,1,C:\Users\enkso\.kiro\crew\scratch\runtime-0a306834\osteopatch_full_ingestion\tiffs\Case-4-C22-22350-18241.tiff,PASS,True
Case-4-C22-25017-13207,Case-4,VIABLE_TUMOR,1,C:\Users\enkso\.kiro\crew\scratch\runtime-0a306834\osteopatch_full_ingestion\tiffs\Case-4-C22-25017-13207.tiff,PASS,True
Case-4-C22-25541-21407,Case-4,VIABLE_TUMOR,1,C:\Users\enkso\.kiro\crew\scratch\runtime-0a306834\osteopatch_full_ingestion\tiffs\Case-4-C22-25541-21407.tiff,PASS,True
Case-4-C22-25642-6919,Case-4,VIABLE_TUMOR,1,C:\Users\enkso\.kiro\crew\scratch\runtime-0a306834\osteopatch_full_ingestion\tiffs\Case-4-C22-25642-6919.tiff,PASS,True
Case-4-C22-30748-20982,Case-4,VIABLE_TUMOR,1,C:\Users\enkso\.kiro\crew\scratch\runtime-0a306834\osteopatch_full_ingestion\tiffs\Case-4-C22-30748-20982.tiff,PASS,True
Case-4-C22-36438-11846,Case-4,VIABLE_TUMOR,1,C:\Users\enkso\.kiro\crew\scratch\runtime-0a306834\osteopatch_full_ingestion\tiffs\Case-4-C22-36438-11846.tiff,PASS,True
Case-4-C22-38307-25291,Case-4,VIABLE_TUMOR,1,C:\Users\enkso\.kiro\crew\scratch\runtime-0a306834\osteopatch_full_ingestion\tiffs\Case-4-C22-38307-25291.tiff,PASS,True
Case-4-C22-39386-26786,Case-4,VIABLE_TUMOR,1,C:\Users\enkso\.kiro\crew\scratch\runtime-0a306834\osteopatch_full_ingestion\tiffs\Case-4-C22-39386-26786.tiff,PASS,True
Case-4-C22-39913-22780,Case-4,VIABLE_TUMOR,1,C:\Users\enkso\.kiro\crew\scratch\runtime-0a306834\osteopatch_full_ingestion\tiffs\Case-4-C22-39913-22780.tiff,PASS,True
Case-4-C24-21495-20987,Case-4,VIABLE_TUMOR,1,C:\Users\enkso\.kiro\crew\scratch\runtime-0a306834\osteopatch_full_ingestion\tiffs\Case-4-C24-21495-20987.tiff,PASS,True
Case-4-C24-23753-20581,Case-4,VIABLE_TUMOR,1,C:\Users\enkso\.kiro\crew\scratch\runtime-0a306834\osteopatch_full_ingestion\tiffs\Case-4-C24-23753-20581.tiff,PASS,True
Case-4-C24-26502-13028,Case-4,VIABLE_TUMOR,1,C:\Users\enkso\.kiro\crew\scratch\runtime-0a306834\osteopatch_full_ingestion\tiffs\Case-4-C24-26502-13028.tiff,PASS,True
Case-4-C24-27750-16066,Case-4,VIABLE_TUMOR,1,C:\Users\enkso\.kiro\crew\scratch\runtime-0a306834\osteopatch_full_ingestion\tiffs\Case-4-C24-27750-16066.tiff,PASS,True
Case-4-C24-30007-11532,Case-4,VIABLE_TUMOR,1,C:\Users\enkso\.kiro\crew\scratch\runtime-0a306834\osteopatch_full_ingestion\tiffs\Case-4-C24-30007-11532.tiff,PASS,True
Case-4-C24-30709-15038,Case-4,VIABLE_TUMOR,1,C:\Users\enkso\.kiro\crew\scratch\runtime-0a306834\osteopatch_full_ingestion\tiffs\Case-4-C24-30709-15038.tiff,PASS,True
Case-4-C24-31951-18510,Case-4,VIABLE_TUMOR,1,C:\Users\enkso\.kiro\crew\scratch\runtime-0a306834\osteopatch_full_ingestion\tiffs\Case-4-C24-31951-18510.tiff,PASS,True
Case-4-C24-32113-11600,Case-4,VIABLE_TUMOR,1,C:\Users\enkso\.kiro\crew\scratch\runtime-0a306834\osteopatch_full_ingestion\tiffs\Case-4-C24-32113-11600.tiff,PASS,True
Case-4-C24-37205-16940,Case-4,VIABLE_TUMOR,1,C:\Users\enkso\.kiro\crew\scratch\runtime-0a306834\osteopatch_full_ingestion\tiffs\Case-4-C24-37205-16940.tiff,PASS,True
Case-4-C24-37783-13734,Case-4,VIABLE_TUMOR,1,C:\Users\enkso\.kiro\crew\scratch\runtime-0a306834\osteopatch_full_ingestion\tiffs\Case-4-C24-37783-13734.tiff,PASS,True
Case-4-C24-38186-21797,Case-4,VIABLE_TUMOR,1,C:\Users\enkso\.kiro\crew\scratch\runtime-0a306834\osteopatch_full_ingestion\tiffs\Case-4-C24-38186-21797.tiff,PASS,True
Case-4-C27-16512-14137,Case-4,VIABLE_TUMOR,1,C:\Users\enkso\.kiro\crew\scratch\runtime-0a306834\osteopatch_full_ingestion\tiffs\Case-4-C27-16512-14137.tiff,PASS,True
Case-4-C27-23395-17702,Case-4,VIABLE_TUMOR,1,C:\Users\enkso\.kiro\crew\scratch\runtime-0a306834\osteopatch_full_ingestion\tiffs\Case-4-C27-23395-17702.tiff,PASS,True
Case-4-C27-25232-22735,Case-4,VIABLE_TUMOR,1,C:\Users\enkso\.kiro\crew\scratch\runtime-0a306834\osteopatch_full_ingestion\tiffs\Case-4-C27-25232-22735.tiff,PASS,True
Case-4-C27-27433-14234,Case-4,VIABLE_TUMOR,1,C:\Users\enkso\.kiro\crew\scratch\runtime-0a306834\osteopatch_full_ingestion\tiffs\Case-4-C27-27433-14234.tiff,PASS,True
Case-4-C27-28136-19724,Case-4,VIABLE_TUMOR,1,C:\Users\enkso\.kiro\crew\scratch\runtime-0a306834\osteopatch_full_ingestion\tiffs\Case-4-C27-28136-19724.tiff,PASS,True
Case-4-C27-29439-7838,Case-4,VIABLE_TUMOR,1,C:\Users\enkso\.kiro\crew\scratch\runtime-0a306834\osteopatch_full_ingestion\tiffs\Case-4-C27-29439-7838.tiff,PASS,True
Case-4-C27-32061-22260,Case-4,VIABLE_TUMOR,1,C:\Users\enkso\.kiro\crew\scratch\runtime-0a306834\osteopatch_full_ingestion\tiffs\Case-4-C27-32061-22260.tiff,PASS,True
Case-4-C27-32431-19828,Case-4,VIABLE_TUMOR,1,C:\Users\enkso\.kiro\crew\scratch\runtime-0a306834\osteopatch_full_ingestion\tiffs\Case-4-C27-32431-19828.tiff,PASS,True
Case-4-C27-34169-23534,Case-4,VIABLE_TUMOR,1,C:\Users\enkso\.kiro\crew\scratch\runtime-0a306834\osteopatch_full_ingestion\tiffs\Case-4-C27-34169-23534.tiff,PASS,True
Case-4-C27-37395-26388,Case-4,VIABLE_TUMOR,1,C:\Users\enkso\.kiro\crew\scratch\runtime-0a306834\osteopatch_full_ingestion\tiffs\Case-4-C27-37395-26388.tiff,PASS,True
Case-4-C27-37440-28310,Case-4,VIABLE_TUMOR,1,C:\Users\enkso\.kiro\crew\scratch\runtime-0a306834\osteopatch_full_ingestion\tiffs\Case-4-C27-37440-28310.tiff,PASS,True
Case-4-C27-42354-19379,Case-4,VIABLE_TUMOR,1,C:\Users\enkso\.kiro\crew\scratch\runtime-0a306834\osteopatch_full_ingestion\tiffs\Case-4-C27-42354-19379.tiff,PASS,True
Case-4-C28-17394-10525,Case-4,VIABLE_TUMOR,1,C:\Users\enkso\.kiro\crew\scratch\runtime-0a306834\osteopatch_full_ingestion\tiffs\Case-4-C28-17394-10525.tiff,PASS,True
Case-4-C28-17483-12238,Case-4,VIABLE_TUMOR,1,C:\Users\enkso\.kiro\crew\scratch\runtime-0a306834\osteopatch_full_ingestion\tiffs\Case-4-C28-17483-12238.tiff,PASS,True
Case-4-C28-25473-14283,Case-4,VIABLE_TUMOR,1,C:\Users\enkso\.kiro\crew\scratch\runtime-0a306834\osteopatch_full_ingestion\tiffs\Case-4-C28-25473-14283.tiff,PASS,True
Case-4-C28-26851-15411,Case-4,VIABLE_TUMOR,1,C:\Users\enkso\.kiro\crew\scratch\runtime-0a306834\osteopatch_full_ingestion\tiffs\Case-4-C28-26851-15411.tiff,PASS,True
Case-4-C28-27016-13463,Case-4,VIABLE_TUMOR,1,C:\Users\enkso\.kiro\crew\scratch\runtime-0a306834\osteopatch_full_ingestion\tiffs\Case-4-C28-27016-13463.tiff,PASS,True
Case-4-C28-28569-15469,Case-4,VIABLE_TUMOR,1,C:\Users\enkso\.kiro\crew\scratch\runtime-0a306834\osteopatch_full_ingestion\tiffs\Case-4-C28-28569-15469.tiff,PASS,True
Case-4-C28-30588-18732,Case-4,VIABLE_TUMOR,1,C:\Users\enkso\.kiro\crew\scratch\runtime-0a306834\osteopatch_full_ingestion\tiffs\Case-4-C28-30588-18732.tiff,PASS,True
Case-4-C28-30914-19280,Case-4,VIABLE_TUMOR,1,C:\Users\enkso\.kiro\crew\scratch\runtime-0a306834\osteopatch_full_ingestion\tiffs\Case-4-C28-30914-19280.tiff,PASS,True
Case-4-C28-36370-18227,Case-4,VIABLE_TUMOR,1,C:\Users\enkso\.kiro\crew\scratch\runtime-0a306834\osteopatch_full_ingestion\tiffs\Case-4-C28-36370-18227.tiff,PASS,True
Case-4-C28-39674-17239,Case-4,VIABLE_TUMOR,1,C:\Users\enkso\.kiro\crew\scratch\runtime-0a306834\osteopatch_full_ingestion\tiffs\Case-4-C28-39674-17239.tiff,PASS,True
Case-4-C28-39877-24842,Case-4,VIABLE_TUMOR,1,C:\Users\enkso\.kiro\crew\scratch\runtime-0a306834\osteopatch_full_ingestion\tiffs\Case-4-C28-39877-24842.tiff,PASS,True
Case-4-C28-41935-19673,Case-4,VIABLE_TUMOR,1,C:\Users\enkso\.kiro\crew\scratch\runtime-0a306834\osteopatch_full_ingestion\tiffs\Case-4-C28-41935-19673.tiff,PASS,True
Case-4-C29-14846-11791,Case-4,VIABLE_TUMOR,1,C:\Users\enkso\.kiro\crew\scratch\runtime-0a306834\osteopatch_full_ingestion\tiffs\Case-4-C29-14846-11791.tiff,PASS,True
Case-4-C29-15569-11401,Case-4,VIABLE_TUMOR,1,C:\Users\enkso\.kiro\crew\scratch\runtime-0a306834\osteopatch_full_ingestion\tiffs\Case-4-C29-15569-11401.tiff,PASS,True
Case-4-C29-22107-10482,Case-4,VIABLE_TUMOR,1,C:\Users\enkso\.kiro\crew\scratch\runtime-0a306834\osteopatch_full_ingestion\tiffs\Case-4-C29-22107-10482.tiff,PASS,True
Case-4-C29-23938-15097,Case-4,VIABLE_TUMOR,1,C:\Users\enkso\.kiro\crew\scratch\runtime-0a306834\osteopatch_full_ingestion\tiffs\Case-4-C29-23938-15097.tiff,PASS,True
Case-4-C29-24903-19562,Case-4,VIABLE_TUMOR,1,C:\Users\enkso\.kiro\crew\scratch\runtime-0a306834\osteopatch_full_ingestion\tiffs\Case-4-C29-24903-19562.tiff,PASS,True
Case-4-C29-29639-16570,Case-4,VIABLE_TUMOR,1,C:\Users\enkso\.kiro\crew\scratch\runtime-0a306834\osteopatch_full_ingestion\tiffs\Case-4-C29-29639-16570.tiff,PASS,True
Case-4-C29-30319-13766,Case-4,VIABLE_TUMOR,1,C:\Users\enkso\.kiro\crew\scratch\runtime-0a306834\osteopatch_full_ingestion\tiffs\Case-4-C29-30319-13766.tiff,PASS,True
Case-4-C29-31670-19505,Case-4,VIABLE_TUMOR,1,C:\Users\enkso\.kiro\crew\scratch\runtime-0a306834\osteopatch_full_ingestion\tiffs\Case-4-C29-31670-19505.tiff,PASS,True
Case-4-C31-16379-15830,Case-4,VIABLE_TUMOR,1,C:\Users\enkso\.kiro\crew\scratch\runtime-0a306834\osteopatch_full_ingestion\tiffs\Case-4-C31-16379-15830.tiff,PASS,True
Case-4-C31-23051-12507,Case-4,VIABLE_TUMOR,1,C:\Users\enkso\.kiro\crew\scratch\runtime-0a306834\osteopatch_full_ingestion\tiffs\Case-4-C31-23051-12507.tiff,PASS,True
Case-4-C31-24654-15629,Case-4,VIABLE_TUMOR,1,C:\Users\enkso\.kiro\crew\scratch\runtime-0a306834\osteopatch_full_ingestion\tiffs\Case-4-C31-24654-15629.tiff,PASS,True
Case-4-C31-24669-10300,Case-4,VIABLE_TUMOR,1,C:\Users\enkso\.kiro\crew\scratch\runtime-0a306834\osteopatch_full_ingestion\tiffs\Case-4-C31-24669-10300.tiff,PASS,True
Case-4-C31-25176-8074,Case-4,VIABLE_TUMOR,1,C:\Users\enkso\.kiro\crew\scratch\runtime-0a306834\osteopatch_full_ingestion\tiffs\Case-4-C31-25176-8074.tiff,PASS,True
Case-4-C31-27678-14221,Case-4,VIABLE_TUMOR,1,C:\Users\enkso\.kiro\crew\scratch\runtime-0a306834\osteopatch_full_ingestion\tiffs\Case-4-C31-27678-14221.tiff,PASS,True
Case-4-C31-30577-21392,Case-4,VIABLE_TUMOR,1,C:\Users\enkso\.kiro\crew\scratch\runtime-0a306834\osteopatch_full_ingestion\tiffs\Case-4-C31-30577-21392.tiff,PASS,True
Case-4-C31-32902-21086,Case-4,VIABLE_TUMOR,1,C:\Users\enkso\.kiro\crew\scratch\runtime-0a306834\osteopatch_full_ingestion\tiffs\Case-4-C31-32902-21086.tiff,PASS,True
Case-4-C31-35324-16735,Case-4,VIABLE_TUMOR,1,C:\Users\enkso\.kiro\crew\scratch\runtime-0a306834\osteopatch_full_ingestion\tiffs\Case-4-C31-35324-16735.tiff,PASS,True
Case-4-C31-35929-17743,Case-4,VIABLE_TUMOR,1,C:\Users\enkso\.kiro\crew\scratch\runtime-0a306834\osteopatch_full_ingestion\tiffs\Case-4-C31-35929-17743.tiff,PASS,True
Case-4-C31-41557-17880,Case-4,VIABLE_TUMOR,1,C:\Users\enkso\.kiro\crew\scratch\runtime-0a306834\osteopatch_full_ingestion\tiffs\Case-4-C31-41557-17880.tiff,PASS,True
Case-4-C34-23917-10671,Case-4,VIABLE_TUMOR,1,C:\Users\enkso\.kiro\crew\scratch\runtime-0a306834\osteopatch_full_ingestion\tiffs\Case-4-C34-23917-10671.tiff,PASS,True
Case-4-C34-24821-20023,Case-4,VIABLE_TUMOR,1,C:\Users\enkso\.kiro\crew\scratch\runtime-0a306834\osteopatch_full_ingestion\tiffs\Case-4-C34-24821-20023.tiff,PASS,True
Case-4-C34-25269-6322,Case-4,VIABLE_TUMOR,1,C:\Users\enkso\.kiro\crew\scratch\runtime-0a306834\osteopatch_full_ingestion\tiffs\Case-4-C34-25269-6322.tiff,PASS,True
Case-4-C34-28567-20375,Case-4,VIABLE_TUMOR,1,C:\Users\enkso\.kiro\crew\scratch\runtime-0a306834\osteopatch_full_ingestion\tiffs\Case-4-C34-28567-20375.tiff,PASS,True
Case-4-C34-30175-9259,Case-4,VIABLE_TUMOR,1,C:\Users\enkso\.kiro\crew\scratch\runtime-0a306834\osteopatch_full_ingestion\tiffs\Case-4-C34-30175-9259.tiff,PASS,True
Case-4-C34-33534-16910,Case-4,VIABLE_TUMOR,1,C:\Users\enkso\.kiro\crew\scratch\runtime-0a306834\osteopatch_full_ingestion\tiffs\Case-4-C34-33534-16910.tiff,PASS,True
Case-4-C34-38608-21388,Case-4,VIABLE_TUMOR,1,C:\Users\enkso\.kiro\crew\scratch\runtime-0a306834\osteopatch_full_ingestion\tiffs\Case-4-C34-38608-21388.tiff,PASS,True
Case-4-C21-11229-17093,Case-4,NECROSIS,2,C:\Users\enkso\.kiro\crew\scratch\runtime-0a306834\osteopatch_full_ingestion\tiffs\Case-4-C21-11229-17093.tiff,PASS,True
Case-4-C21-13339-24727,Case-4,NECROSIS,2,C:\Users\enkso\.kiro\crew\scratch\runtime-0a306834\osteopatch_full_ingestion\tiffs\Case-4-C21-13339-24727.tiff,PASS,True
Case-4-C21-14246-18799,Case-4,NECROSIS,2,C:\Users\enkso\.kiro\crew\scratch\runtime-0a306834\osteopatch_full_ingestion\tiffs\Case-4-C21-14246-18799.tiff,PASS,True
Case-4-C21-17996-22366,Case-4,NECROSIS,2,C:\Users\enkso\.kiro\crew\scratch\runtime-0a306834\osteopatch_full_ingestion\tiffs\Case-4-C21-17996-22366.tiff,PASS,True
Case-4-C21-22035-24818,Case-4,NECROSIS,2,C:\Users\enkso\.kiro\crew\scratch\runtime-0a306834\osteopatch_full_ingestion\tiffs\Case-4-C21-22035-24818.tiff,PASS,True
Case-4-C21-23743-36254,Case-4,NECROSIS,2,C:\Users\enkso\.kiro\crew\scratch\runtime-0a306834\osteopatch_full_ingestion\tiffs\Case-4-C21-23743-36254.tiff,PASS,True
Case-4-C21-25396-25798,Case-4,NECROSIS,2,C:\Users\enkso\.kiro\crew\scratch\runtime-0a306834\osteopatch_full_ingestion\tiffs\Case-4-C21-25396-25798.tiff,PASS,True
Case-4-C21-27726-37043,Case-4,NECROSIS,2,C:\Users\enkso\.kiro\crew\scratch\runtime-0a306834\osteopatch_full_ingestion\tiffs\Case-4-C21-27726-37043.tiff,PASS,True
Case-4-C21-29849-33988,Case-4,NECROSIS,2,C:\Users\enkso\.kiro\crew\scratch\runtime-0a306834\osteopatch_full_ingestion\tiffs\Case-4-C21-29849-33988.tiff,PASS,True
Case-4-C21-30599-31986,Case-4,NECROSIS,2,C:\Users\enkso\.kiro\crew\scratch\runtime-0a306834\osteopatch_full_ingestion\tiffs\Case-4-C21-30599-31986.tiff,PASS,True
Case-4-C21-34899-31136,Case-4,NECROSIS,2,C:\Users\enkso\.kiro\crew\scratch\runtime-0a306834\osteopatch_full_ingestion\tiffs\Case-4-C21-34899-31136.tiff,PASS,True
Case-4-C22-13293-17406,Case-4,NECROSIS,2,C:\Users\enkso\.kiro\crew\scratch\runtime-0a306834\osteopatch_full_ingestion\tiffs\Case-4-C22-13293-17406.tiff,PASS,True
Case-4-C22-14193-24204,Case-4,NECROSIS,2,C:\Users\enkso\.kiro\crew\scratch\runtime-0a306834\osteopatch_full_ingestion\tiffs\Case-4-C22-14193-24204.tiff,PASS,True
Case-4-C22-14852-25038,Case-4,NECROSIS,2,C:\Users\enkso\.kiro\crew\scratch\runtime-0a306834\osteopatch_full_ingestion\tiffs\Case-4-C22-14852-25038.tiff,PASS,True
Case-4-C22-19399-25392,Case-4,NECROSIS,2,C:\Users\enkso\.kiro\crew\scratch\runtime-0a306834\osteopatch_full_ingestion\tiffs\Case-4-C22-19399-25392.tiff,PASS,True
Case-4-C22-43141-24748,Case-4,NECROSIS,2,C:\Users\enkso\.kiro\crew\scratch\runtime-0a306834\osteopatch_full_ingestion\tiffs\Case-4-C22-43141-24748.tiff,PASS,True
Case-4-C24-13844-15938,Case-4,NECROSIS,2,C:\Users\enkso\.kiro\crew\scratch\runtime-0a306834\osteopatch_full_ingestion\tiffs\Case-4-C24-13844-15938.tiff,PASS,True
Case-4-C24-16355-22492,Case-4,NECROSIS,2,C:\Users\enkso\.kiro\crew\scratch\runtime-0a306834\osteopatch_full_ingestion\tiffs\Case-4-C24-16355-22492.tiff,PASS,True
Case-4-C24-20641-21743,Case-4,NECROSIS,2,C:\Users\enkso\.kiro\crew\scratch\runtime-0a306834\osteopatch_full_ingestion\tiffs\Case-4-C24-20641-21743.tiff,PASS,True
Case-4-C24-21905-23241,Case-4,NECROSIS,2,C:\Users\enkso\.kiro\crew\scratch\runtime-0a306834\osteopatch_full_ingestion\tiffs\Case-4-C24-21905-23241.tiff,PASS,True
Case-4-C24-25985-25656,Case-4,NECROSIS,2,C:\Users\enkso\.kiro\crew\scratch\runtime-0a306834\osteopatch_full_ingestion\tiffs\Case-4-C24-25985-25656.tiff,PASS,True
Case-4-C24-26202-34731,Case-4,NECROSIS,2,C:\Users\enkso\.kiro\crew\scratch\runtime-0a306834\osteopatch_full_ingestion\tiffs\Case-4-C24-26202-34731.tiff,PASS,True
Case-4-C24-28082-3132,Case-4,NECROSIS,2,C:\Users\enkso\.kiro\crew\scratch\runtime-0a306834\osteopatch_full_ingestion\tiffs\Case-4-C24-28082-3132.tiff,PASS,True
Case-4-C24-30822-32457,Case-4,NECROSIS,2,C:\Users\enkso\.kiro\crew\scratch\runtime-0a306834\osteopatch_full_ingestion\tiffs\Case-4-C24-30822-32457.tiff,PASS,True
Case-4-C24-31203-32244,Case-4,NECROSIS,2,C:\Users\enkso\.kiro\crew\scratch\runtime-0a306834\osteopatch_full_ingestion\tiffs\Case-4-C24-31203-32244.tiff,PASS,True
Case-4-C24-32721-26127,Case-4,NECROSIS,2,C:\Users\enkso\.kiro\crew\scratch\runtime-0a306834\osteopatch_full_ingestion\tiffs\Case-4-C24-32721-26127.tiff,PASS,True
Case-4-C24-37864-31739,Case-4,NECROSIS,2,C:\Users\enkso\.kiro\crew\scratch\runtime-0a306834\osteopatch_full_ingestion\tiffs\Case-4-C24-37864-31739.tiff,PASS,True
Case-4-C27-11262-18851,Case-4,NECROSIS,2,C:\Users\enkso\.kiro\crew\scratch\runtime-0a306834\osteopatch_full_ingestion\tiffs\Case-4-C27-11262-18851.tiff,PASS,True
Case-4-C27-12292-22142,Case-4,NECROSIS,2,C:\Users\enkso\.kiro\crew\scratch\runtime-0a306834\osteopatch_full_ingestion\tiffs\Case-4-C27-12292-22142.tiff,PASS,True
Case-4-C27-12979-14786,Case-4,NECROSIS,2,C:\Users\enkso\.kiro\crew\scratch\runtime-0a306834\osteopatch_full_ingestion\tiffs\Case-4-C27-12979-14786.tiff,PASS,True
Case-4-C27-16245-18671,Case-4,NECROSIS,2,C:\Users\enkso\.kiro\crew\scratch\runtime-0a306834\osteopatch_full_ingestion\tiffs\Case-4-C27-16245-18671.tiff,PASS,True
Case-4-C27-18794-30075,Case-4,NECROSIS,2,C:\Users\enkso\.kiro\crew\scratch\runtime-0a306834\osteopatch_full_ingestion\tiffs\Case-4-C27-18794-30075.tiff,PASS,True
Case-4-C27-30307-29497,Case-4,NECROSIS,2,C:\Users\enkso\.kiro\crew\scratch\runtime-0a306834\osteopatch_full_ingestion\tiffs\Case-4-C27-30307-29497.tiff,PASS,True
Case-4-C27-37658-29791,Case-4,NECROSIS,2,C:\Users\enkso\.kiro\crew\scratch\runtime-0a306834\osteopatch_full_ingestion\tiffs\Case-4-C27-37658-29791.tiff,PASS,True
Case-4-C27-40436-21740,Case-4,NECROSIS,2,C:\Users\enkso\.kiro\crew\scratch\runtime-0a306834\osteopatch_full_ingestion\tiffs\Case-4-C27-40436-21740.tiff,PASS,True
Case-4-C28-10217-20283,Case-4,NECROSIS,2,C:\Users\enkso\.kiro\crew\scratch\runtime-0a306834\osteopatch_full_ingestion\tiffs\Case-4-C28-10217-20283.tiff,PASS,True
Case-4-C28-13005-20274,Case-4,NECROSIS,2,C:\Users\enkso\.kiro\crew\scratch\runtime-0a306834\osteopatch_full_ingestion\tiffs\Case-4-C28-13005-20274.tiff,PASS,True
Case-4-C28-22588-34168,Case-4,NECROSIS,2,C:\Users\enkso\.kiro\crew\scratch\runtime-0a306834\osteopatch_full_ingestion\tiffs\Case-4-C28-22588-34168.tiff,PASS,True
Case-4-C28-27602-26398,Case-4,NECROSIS,2,C:\Users\enkso\.kiro\crew\scratch\runtime-0a306834\osteopatch_full_ingestion\tiffs\Case-4-C28-27602-26398.tiff,PASS,True
Case-4-C28-34272-29721,Case-4,NECROSIS,2,C:\Users\enkso\.kiro\crew\scratch\runtime-0a306834\osteopatch_full_ingestion\tiffs\Case-4-C28-34272-29721.tiff,PASS,True
Case-4-C28-35755-28991,Case-4,NECROSIS,2,C:\Users\enkso\.kiro\crew\scratch\runtime-0a306834\osteopatch_full_ingestion\tiffs\Case-4-C28-35755-28991.tiff,PASS,True
Case-4-C28-42525-25070,Case-4,NECROSIS,2,C:\Users\enkso\.kiro\crew\scratch\runtime-0a306834\osteopatch_full_ingestion\tiffs\Case-4-C28-42525-25070.tiff,PASS,True
Case-4-C29-13332-20182,Case-4,NECROSIS,2,C:\Users\enkso\.kiro\crew\scratch\runtime-0a306834\osteopatch_full_ingestion\tiffs\Case-4-C29-13332-20182.tiff,PASS,True
Case-4-C29-15182-28434,Case-4,NECROSIS,2,C:\Users\enkso\.kiro\crew\scratch\runtime-0a306834\osteopatch_full_ingestion\tiffs\Case-4-C29-15182-28434.tiff,PASS,True
Case-4-C29-15887-24394,Case-4,NECROSIS,2,C:\Users\enkso\.kiro\crew\scratch\runtime-0a306834\osteopatch_full_ingestion\tiffs\Case-4-C29-15887-24394.tiff,PASS,True
Case-4-C29-16874-21863,Case-4,NECROSIS,2,C:\Users\enkso\.kiro\crew\scratch\runtime-0a306834\osteopatch_full_ingestion\tiffs\Case-4-C29-16874-21863.tiff,PASS,True
Case-4-C29-17972-31834,Case-4,NECROSIS,2,C:\Users\enkso\.kiro\crew\scratch\runtime-0a306834\osteopatch_full_ingestion\tiffs\Case-4-C29-17972-31834.tiff,PASS,True
Case-4-C29-18029-22098,Case-4,NECROSIS,2,C:\Users\enkso\.kiro\crew\scratch\runtime-0a306834\osteopatch_full_ingestion\tiffs\Case-4-C29-18029-22098.tiff,PASS,True
Case-4-C29-22504-33746,Case-4,NECROSIS,2,C:\Users\enkso\.kiro\crew\scratch\runtime-0a306834\osteopatch_full_ingestion\tiffs\Case-4-C29-22504-33746.tiff,PASS,True
Case-4-C29-26385-28225,Case-4,NECROSIS,2,C:\Users\enkso\.kiro\crew\scratch\runtime-0a306834\osteopatch_full_ingestion\tiffs\Case-4-C29-26385-28225.tiff,PASS,True
Case-4-C29-26451-27935,Case-4,NECROSIS,2,C:\Users\enkso\.kiro\crew\scratch\runtime-0a306834\osteopatch_full_ingestion\tiffs\Case-4-C29-26451-27935.tiff,PASS,True
Case-4-C29-26629-4434,Case-4,NECROSIS,2,C:\Users\enkso\.kiro\crew\scratch\runtime-0a306834\osteopatch_full_ingestion\tiffs\Case-4-C29-26629-4434.tiff,PASS,True
Case-4-C29-27987-31224,Case-4,NECROSIS,2,C:\Users\enkso\.kiro\crew\scratch\runtime-0a306834\osteopatch_full_ingestion\tiffs\Case-4-C29-27987-31224.tiff,PASS,True
Case-4-C29-30502-34418,Case-4,NECROSIS,2,C:\Users\enkso\.kiro\crew\scratch\runtime-0a306834\osteopatch_full_ingestion\tiffs\Case-4-C29-30502-34418.tiff,PASS,True
Case-4-C29-31054-35813,Case-4,NECROSIS,2,C:\Users\enkso\.kiro\crew\scratch\runtime-0a306834\osteopatch_full_ingestion\tiffs\Case-4-C29-31054-35813.tiff,PASS,True
Case-4-C29-31369-33022,Case-4,NECROSIS,2,C:\Users\enkso\.kiro\crew\scratch\runtime-0a306834\osteopatch_full_ingestion\tiffs\Case-4-C29-31369-33022.tiff,PASS,True
Case-4-C29-33826-27241,Case-4,NECROSIS,2,C:\Users\enkso\.kiro\crew\scratch\runtime-0a306834\osteopatch_full_ingestion\tiffs\Case-4-C29-33826-27241.tiff,PASS,True
Case-4-C31-10015-17952,Case-4,NECROSIS,2,C:\Users\enkso\.kiro\crew\scratch\runtime-0a306834\osteopatch_full_ingestion\tiffs\Case-4-C31-10015-17952.tiff,PASS,True
Case-4-C31-11369-15049,Case-4,NECROSIS,2,C:\Users\enkso\.kiro\crew\scratch\runtime-0a306834\osteopatch_full_ingestion\tiffs\Case-4-C31-11369-15049.tiff,PASS,True
Case-4-C31-12983-18446,Case-4,NECROSIS,2,C:\Users\enkso\.kiro\crew\scratch\runtime-0a306834\osteopatch_full_ingestion\tiffs\Case-4-C31-12983-18446.tiff,PASS,True
Case-4-C31-13026-17709,Case-4,NECROSIS,2,C:\Users\enkso\.kiro\crew\scratch\runtime-0a306834\osteopatch_full_ingestion\tiffs\Case-4-C31-13026-17709.tiff,PASS,True
Case-4-C31-17180-22686,Case-4,NECROSIS,2,C:\Users\enkso\.kiro\crew\scratch\runtime-0a306834\osteopatch_full_ingestion\tiffs\Case-4-C31-17180-22686.tiff,PASS,True
Case-4-C31-19720-30902,Case-4,NECROSIS,2,C:\Users\enkso\.kiro\crew\scratch\runtime-0a306834\osteopatch_full_ingestion\tiffs\Case-4-C31-19720-30902.tiff,PASS,True
Case-4-C31-19780-23823,Case-4,NECROSIS,2,C:\Users\enkso\.kiro\crew\scratch\runtime-0a306834\osteopatch_full_ingestion\tiffs\Case-4-C31-19780-23823.tiff,PASS,True
Case-4-C31-20022-32809,Case-4,NECROSIS,2,C:\Users\enkso\.kiro\crew\scratch\runtime-0a306834\osteopatch_full_ingestion\tiffs\Case-4-C31-20022-32809.tiff,PASS,True
Case-4-C31-22851-36922,Case-4,NECROSIS,2,C:\Users\enkso\.kiro\crew\scratch\runtime-0a306834\osteopatch_full_ingestion\tiffs\Case-4-C31-22851-36922.tiff,PASS,True
Case-4-C31-25781-32079,Case-4,NECROSIS,2,C:\Users\enkso\.kiro\crew\scratch\runtime-0a306834\osteopatch_full_ingestion\tiffs\Case-4-C31-25781-32079.tiff,PASS,True
Case-4-C31-28807-3942,Case-4,NECROSIS,2,C:\Users\enkso\.kiro\crew\scratch\runtime-0a306834\osteopatch_full_ingestion\tiffs\Case-4-C31-28807-3942.tiff,PASS,True
Case-4-C31-36283-29598,Case-4,NECROSIS,2,C:\Users\enkso\.kiro\crew\scratch\runtime-0a306834\osteopatch_full_ingestion\tiffs\Case-4-C31-36283-29598.tiff,PASS,True
Case-4-C31-37390-31078,Case-4,NECROSIS,2,C:\Users\enkso\.kiro\crew\scratch\runtime-0a306834\osteopatch_full_ingestion\tiffs\Case-4-C31-37390-31078.tiff,PASS,True
Case-4-C34-17385-28312,Case-4,NECROSIS,2,C:\Users\enkso\.kiro\crew\scratch\runtime-0a306834\osteopatch_full_ingestion\tiffs\Case-4-C34-17385-28312.tiff,PASS,True
Case-4-C34-17486-25030,Case-4,NECROSIS,2,C:\Users\enkso\.kiro\crew\scratch\runtime-0a306834\osteopatch_full_ingestion\tiffs\Case-4-C34-17486-25030.tiff,PASS,True
Case-4-C34-21897-31957,Case-4,NECROSIS,2,C:\Users\enkso\.kiro\crew\scratch\runtime-0a306834\osteopatch_full_ingestion\tiffs\Case-4-C34-21897-31957.tiff,PASS,True
Case-4-C34-22699-32728,Case-4,NECROSIS,2,C:\Users\enkso\.kiro\crew\scratch\runtime-0a306834\osteopatch_full_ingestion\tiffs\Case-4-C34-22699-32728.tiff,PASS,True
Case-4-C34-23929-34222,Case-4,NECROSIS,2,C:\Users\enkso\.kiro\crew\scratch\runtime-0a306834\osteopatch_full_ingestion\tiffs\Case-4-C34-23929-34222.tiff,PASS,True
Case-4-C34-25397-27112,Case-4,NECROSIS,2,C:\Users\enkso\.kiro\crew\scratch\runtime-0a306834\osteopatch_full_ingestion\tiffs\Case-4-C34-25397-27112.tiff,PASS,True
Case-4-C34-26259-33892,Case-4,NECROSIS,2,C:\Users\enkso\.kiro\crew\scratch\runtime-0a306834\osteopatch_full_ingestion\tiffs\Case-4-C34-26259-33892.tiff,PASS,True
Case-4-C34-27849-28579,Case-4,NECROSIS,2,C:\Users\enkso\.kiro\crew\scratch\runtime-0a306834\osteopatch_full_ingestion\tiffs\Case-4-C34-27849-28579.tiff,PASS,True
Case-4-C34-28490-3882,Case-4,NECROSIS,2,C:\Users\enkso\.kiro\crew\scratch\runtime-0a306834\osteopatch_full_ingestion\tiffs\Case-4-C34-28490-3882.tiff,PASS,True
Case-4-C34-29374-30806,Case-4,NECROSIS,2,C:\Users\enkso\.kiro\crew\scratch\runtime-0a306834\osteopatch_full_ingestion\tiffs\Case-4-C34-29374-30806.tiff,PASS,True
Case-4-C34-31245-35957,Case-4,NECROSIS,2,C:\Users\enkso\.kiro\crew\scratch\runtime-0a306834\osteopatch_full_ingestion\tiffs\Case-4-C34-31245-35957.tiff,PASS,True
Case-4-C34-31582-34370,Case-4,NECROSIS,2,C:\Users\enkso\.kiro\crew\scratch\runtime-0a306834\osteopatch_full_ingestion\tiffs\Case-4-C34-31582-34370.tiff,PASS,True
Case-4-C34-34486-29517,Case-4,NECROSIS,2,C:\Users\enkso\.kiro\crew\scratch\runtime-0a306834\osteopatch_full_ingestion\tiffs\Case-4-C34-34486-29517.tiff,PASS,True
Case-4-C34-37729-30592,Case-4,NECROSIS,2,C:\Users\enkso\.kiro\crew\scratch\runtime-0a306834\osteopatch_full_ingestion\tiffs\Case-4-C34-37729-30592.tiff,PASS,True
Case-4-C34-40371-21884,Case-4,NECROSIS,2,C:\Users\enkso\.kiro\crew\scratch\runtime-0a306834\osteopatch_full_ingestion\tiffs\Case-4-C34-40371-21884.tiff,PASS,True
Case-4-C34-41931-27880,Case-4,NECROSIS,2,C:\Users\enkso\.kiro\crew\scratch\runtime-0a306834\osteopatch_full_ingestion\tiffs\Case-4-C34-41931-27880.tiff,PASS,True
Case-48-P5-C13-30344-16782,Case-48,NON_TUMOR,0,C:\Users\enkso\.kiro\crew\scratch\runtime-0a306834\osteopatch_full_ingestion\tiffs\Case-48-P5-C13-30344-16782.tiff,PASS,True
Case-48-P5-C13-31558-32206,Case-48,NON_TUMOR,0,C:\Users\enkso\.kiro\crew\scratch\runtime-0a306834\osteopatch_full_ingestion\tiffs\Case-48-P5-C13-31558-32206.tiff,PASS,True
Case-48-P5-C13-34777-26855,Case-48,NON_TUMOR,0,C:\Users\enkso\.kiro\crew\scratch\runtime-0a306834\osteopatch_full_ingestion\tiffs\Case-48-P5-C13-34777-26855.tiff,PASS,True
Case-48-P5-C13-41185-25631,Case-48,NON_TUMOR,0,C:\Users\enkso\.kiro\crew\scratch\runtime-0a306834\osteopatch_full_ingestion\tiffs\Case-48-P5-C13-41185-25631.tiff,PASS,True
Case-48-P5-C13-42156-28960,Case-48,NON_TUMOR,0,C:\Users\enkso\.kiro\crew\scratch\runtime-0a306834\osteopatch_full_ingestion\tiffs\Case-48-P5-C13-42156-28960.tiff,PASS,True
Case-48-P5-C13-42974-19458,Case-48,NON_TUMOR,0,C:\Users\enkso\.kiro\crew\scratch\runtime-0a306834\osteopatch_full_ingestion\tiffs\Case-48-P5-C13-42974-19458.tiff,PASS,True
Case-48-P5-C13-43922-21112,Case-48,NON_TUMOR,0,C:\Users\enkso\.kiro\crew\scratch\runtime-0a306834\osteopatch_full_ingestion\tiffs\Case-48-P5-C13-43922-21112.tiff,PASS,True
Case-48-P5-C13-56220-35584,Case-48,NON_TUMOR,0,C:\Users\enkso\.kiro\crew\scratch\runtime-0a306834\osteopatch_full_ingestion\tiffs\Case-48-P5-C13-56220-35584.tiff,PASS,True
Case-48-P5-C14-24924-23750,Case-48,NON_TUMOR,0,C:\Users\enkso\.kiro\crew\scratch\runtime-0a306834\osteopatch_full_ingestion\tiffs\Case-48-P5-C14-24924-23750.tiff,PASS,True
Case-48-P5-C14-30314-23881,Case-48,NON_TUMOR,0,C:\Users\enkso\.kiro\crew\scratch\runtime-0a306834\osteopatch_full_ingestion\tiffs\Case-48-P5-C14-30314-23881.tiff,PASS,True
Case-48-P5-C14-34550-19673,Case-48,NON_TUMOR,0,C:\Users\enkso\.kiro\crew\scratch\runtime-0a306834\osteopatch_full_ingestion\tiffs\Case-48-P5-C14-34550-19673.tiff,PASS,True
Case-48-P5-C14-34559-25361,Case-48,NON_TUMOR,0,C:\Users\enkso\.kiro\crew\scratch\runtime-0a306834\osteopatch_full_ingestion\tiffs\Case-48-P5-C14-34559-25361.tiff,PASS,True
Case-48-P5-C14-34681-15663,Case-48,NON_TUMOR,0,C:\Users\enkso\.kiro\crew\scratch\runtime-0a306834\osteopatch_full_ingestion\tiffs\Case-48-P5-C14-34681-15663.tiff,PASS,True
Case-48-P5-C14-37397-27331,Case-48,NON_TUMOR,0,C:\Users\enkso\.kiro\crew\scratch\runtime-0a306834\osteopatch_full_ingestion\tiffs\Case-48-P5-C14-37397-27331.tiff,PASS,True
Case-48-P5-C14-39001-28941,Case-48,NON_TUMOR,0,C:\Users\enkso\.kiro\crew\scratch\runtime-0a306834\osteopatch_full_ingestion\tiffs\Case-48-P5-C14-39001-28941.tiff,PASS,True
Case-48-P5-C14-41747-26404,Case-48,NON_TUMOR,0,C:\Users\enkso\.kiro\crew\scratch\runtime-0a306834\osteopatch_full_ingestion\tiffs\Case-48-P5-C14-41747-26404.tiff,PASS,True
Case-48-P5-C14-42219-24715,Case-48,NON_TUMOR,0,C:\Users\enkso\.kiro\crew\scratch\runtime-0a306834\osteopatch_full_ingestion\tiffs\Case-48-P5-C14-42219-24715.tiff,PASS,True
Case-48-P5-C14-44612-17510,Case-48,NON_TUMOR,0,C:\Users\enkso\.kiro\crew\scratch\runtime-0a306834\osteopatch_full_ingestion\tiffs\Case-48-P5-C14-44612-17510.tiff,PASS,True
Case-48-P5-C14-54203-39127,Case-48,NON_TUMOR,0,C:\Users\enkso\.kiro\crew\scratch\runtime-0a306834\osteopatch_full_ingestion\tiffs\Case-48-P5-C14-54203-39127.tiff,PASS,True
Case-48-P5-C14-55921-40389,Case-48,NON_TUMOR,0,C:\Users\enkso\.kiro\crew\scratch\runtime-0a306834\osteopatch_full_ingestion\tiffs\Case-48-P5-C14-55921-40389.tiff,PASS,True
Case-48-P5-C15-14907-22432,Case-48,NON_TUMOR,0,C:\Users\enkso\.kiro\crew\scratch\runtime-0a306834\osteopatch_full_ingestion\tiffs\Case-48-P5-C15-14907-22432.tiff,PASS,True
Case-48-P5-C15-16934-23981,Case-48,NON_TUMOR,0,C:\Users\enkso\.kiro\crew\scratch\runtime-0a306834\osteopatch_full_ingestion\tiffs\Case-48-P5-C15-16934-23981.tiff,PASS,True
Case-48-P5-C15-17885-28625,Case-48,NON_TUMOR,0,C:\Users\enkso\.kiro\crew\scratch\runtime-0a306834\osteopatch_full_ingestion\tiffs\Case-48-P5-C15-17885-28625.tiff,PASS,True
Case-48-P5-C15-38668-29527,Case-48,NON_TUMOR,0,C:\Users\enkso\.kiro\crew\scratch\runtime-0a306834\osteopatch_full_ingestion\tiffs\Case-48-P5-C15-38668-29527.tiff,PASS,True
Case-48-P5-C15-42605-29137,Case-48,NON_TUMOR,0,C:\Users\enkso\.kiro\crew\scratch\runtime-0a306834\osteopatch_full_ingestion\tiffs\Case-48-P5-C15-42605-29137.tiff,PASS,True
Case-48-P5-C15-7821-18054,Case-48,NON_TUMOR,0,C:\Users\enkso\.kiro\crew\scratch\runtime-0a306834\osteopatch_full_ingestion\tiffs\Case-48-P5-C15-7821-18054.tiff,PASS,True
Case-48-P5-C16-16775-22744,Case-48,NON_TUMOR,0,C:\Users\enkso\.kiro\crew\scratch\runtime-0a306834\osteopatch_full_ingestion\tiffs\Case-48-P5-C16-16775-22744.tiff,PASS,True
Case-48-P5-C16-31710-28486,Case-48,NON_TUMOR,0,C:\Users\enkso\.kiro\crew\scratch\runtime-0a306834\osteopatch_full_ingestion\tiffs\Case-48-P5-C16-31710-28486.tiff,PASS,True
Case-48-P5-C16-44299-6790,Case-48,NON_TUMOR,0,C:\Users\enkso\.kiro\crew\scratch\runtime-0a306834\osteopatch_full_ingestion\tiffs\Case-48-P5-C16-44299-6790.tiff,PASS,True
Case-48-P5-C16-5406-13863,Case-48,NON_TUMOR,0,C:\Users\enkso\.kiro\crew\scratch\runtime-0a306834\osteopatch_full_ingestion\tiffs\Case-48-P5-C16-5406-13863.tiff,PASS,True
Case-48-P5-C17-30525-29681,Case-48,NON_TUMOR,0,C:\Users\enkso\.kiro\crew\scratch\runtime-0a306834\osteopatch_full_ingestion\tiffs\Case-48-P5-C17-30525-29681.tiff,PASS,True
Case-48-P5-C17-37699-30210,Case-48,NON_TUMOR,0,C:\Users\enkso\.kiro\crew\scratch\runtime-0a306834\osteopatch_full_ingestion\tiffs\Case-48-P5-C17-37699-30210.tiff,PASS,True
Case-48-P5-C17-40131-29101,Case-48,NON_TUMOR,0,C:\Users\enkso\.kiro\crew\scratch\runtime-0a306834\osteopatch_full_ingestion\tiffs\Case-48-P5-C17-40131-29101.tiff,PASS,True
Case-48-P5-C17-47640-27910,Case-48,NON_TUMOR,0,C:\Users\enkso\.kiro\crew\scratch\runtime-0a306834\osteopatch_full_ingestion\tiffs\Case-48-P5-C17-47640-27910.tiff,PASS,True
Case-48-P5-C17-7752-15521,Case-48,NON_TUMOR,0,C:\Users\enkso\.kiro\crew\scratch\runtime-0a306834\osteopatch_full_ingestion\tiffs\Case-48-P5-C17-7752-15521.tiff,PASS,True
Case-48-P5-C18-15219-24510,Case-48,NON_TUMOR,0,C:\Users\enkso\.kiro\crew\scratch\runtime-0a306834\osteopatch_full_ingestion\tiffs\Case-48-P5-C18-15219-24510.tiff,PASS,True
Case-48-P5-C18-17610-25605,Case-48,NON_TUMOR,0,C:\Users\enkso\.kiro\crew\scratch\runtime-0a306834\osteopatch_full_ingestion\tiffs\Case-48-P5-C18-17610-25605.tiff,PASS,True
Case-48-P5-C18-22374-30391,Case-48,NON_TUMOR,0,C:\Users\enkso\.kiro\crew\scratch\runtime-0a306834\osteopatch_full_ingestion\tiffs\Case-48-P5-C18-22374-30391.tiff,PASS,True
Case-48-P5-C18-30468-34044,Case-48,NON_TUMOR,0,C:\Users\enkso\.kiro\crew\scratch\runtime-0a306834\osteopatch_full_ingestion\tiffs\Case-48-P5-C18-30468-34044.tiff,PASS,True
Case-48-P5-C18-33916-33907,Case-48,NON_TUMOR,0,C:\Users\enkso\.kiro\crew\scratch\runtime-0a306834\osteopatch_full_ingestion\tiffs\Case-48-P5-C18-33916-33907.tiff,PASS,True
Case-48-P5-C18-9652-19230,Case-48,NON_TUMOR,0,C:\Users\enkso\.kiro\crew\scratch\runtime-0a306834\osteopatch_full_ingestion\tiffs\Case-48-P5-C18-9652-19230.tiff,PASS,True
Case-48-P5-C19-11220-21709,Case-48,NON_TUMOR,0,C:\Users\enkso\.kiro\crew\scratch\runtime-0a306834\osteopatch_full_ingestion\tiffs\Case-48-P5-C19-11220-21709.tiff,PASS,True
Case-48-P5-C19-13067-24621,Case-48,NON_TUMOR,0,C:\Users\enkso\.kiro\crew\scratch\runtime-0a306834\osteopatch_full_ingestion\tiffs\Case-48-P5-C19-13067-24621.tiff,PASS,True
Case-48-P5-C19-14308-25500,Case-48,NON_TUMOR,0,C:\Users\enkso\.kiro\crew\scratch\runtime-0a306834\osteopatch_full_ingestion\tiffs\Case-48-P5-C19-14308-25500.tiff,PASS,True
Case-48-P5-C19-19015-27466,Case-48,NON_TUMOR,0,C:\Users\enkso\.kiro\crew\scratch\runtime-0a306834\osteopatch_full_ingestion\tiffs\Case-48-P5-C19-19015-27466.tiff,PASS,True
Case-48-P5-C19-26094-27297,Case-48,NON_TUMOR,0,C:\Users\enkso\.kiro\crew\scratch\runtime-0a306834\osteopatch_full_ingestion\tiffs\Case-48-P5-C19-26094-27297.tiff,PASS,True
Case-48-P5-C19-26657-32338,Case-48,NON_TUMOR,0,C:\Users\enkso\.kiro\crew\scratch\runtime-0a306834\osteopatch_full_ingestion\tiffs\Case-48-P5-C19-26657-32338.tiff,PASS,True
Case-48-P5-C19-27826-27316,Case-48,NON_TUMOR,0,C:\Users\enkso\.kiro\crew\scratch\runtime-0a306834\osteopatch_full_ingestion\tiffs\Case-48-P5-C19-27826-27316.tiff,PASS,True
Case-48-P5-C19-28560-27834,Case-48,NON_TUMOR,0,C:\Users\enkso\.kiro\crew\scratch\runtime-0a306834\osteopatch_full_ingestion\tiffs\Case-48-P5-C19-28560-27834.tiff,PASS,True
Case-48-P5-C19-30501-31832,Case-48,NON_TUMOR,0,C:\Users\enkso\.kiro\crew\scratch\runtime-0a306834\osteopatch_full_ingestion\tiffs\Case-48-P5-C19-30501-31832.tiff,PASS,True
Case-48-P5-C19-47082-29959,Case-48,NON_TUMOR,0,C:\Users\enkso\.kiro\crew\scratch\runtime-0a306834\osteopatch_full_ingestion\tiffs\Case-48-P5-C19-47082-29959.tiff,PASS,True
Case-48-P5-C20-11443-19302,Case-48,NON_TUMOR,0,C:\Users\enkso\.kiro\crew\scratch\runtime-0a306834\osteopatch_full_ingestion\tiffs\Case-48-P5-C20-11443-19302.tiff,PASS,True
Case-48-P5-C20-12605-20018,Case-48,NON_TUMOR,0,C:\Users\enkso\.kiro\crew\scratch\runtime-0a306834\osteopatch_full_ingestion\tiffs\Case-48-P5-C20-12605-20018.tiff,PASS,True
Case-48-P5-C20-28430-29841,Case-48,NON_TUMOR,0,C:\Users\enkso\.kiro\crew\scratch\runtime-0a306834\osteopatch_full_ingestion\tiffs\Case-48-P5-C20-28430-29841.tiff,PASS,True
Case-48-P5-C20-44108-28521,Case-48,NON_TUMOR,0,C:\Users\enkso\.kiro\crew\scratch\runtime-0a306834\osteopatch_full_ingestion\tiffs\Case-48-P5-C20-44108-28521.tiff,PASS,True
Case-48-P5-C20-7234-13196,Case-48,NON_TUMOR,0,C:\Users\enkso\.kiro\crew\scratch\runtime-0a306834\osteopatch_full_ingestion\tiffs\Case-48-P5-C20-7234-13196.tiff,PASS,True
Case-48-P5-C20-7949-14990,Case-48,NON_TUMOR,0,C:\Users\enkso\.kiro\crew\scratch\runtime-0a306834\osteopatch_full_ingestion\tiffs\Case-48-P5-C20-7949-14990.tiff,PASS,True
Case-48-P5-C20-8427-20401,Case-48,NON_TUMOR,0,C:\Users\enkso\.kiro\crew\scratch\runtime-0a306834\osteopatch_full_ingestion\tiffs\Case-48-P5-C20-8427-20401.tiff,PASS,True
Case-48-P5-C20-9712-22991,Case-48,NON_TUMOR,0,C:\Users\enkso\.kiro\crew\scratch\runtime-0a306834\osteopatch_full_ingestion\tiffs\Case-48-P5-C20-9712-22991.tiff,PASS,True
Case-48-P5-C21-19402-23915,Case-48,NON_TUMOR,0,C:\Users\enkso\.kiro\crew\scratch\runtime-0a306834\osteopatch_full_ingestion\tiffs\Case-48-P5-C21-19402-23915.tiff,PASS,True
Case-48-P5-C21-19527-27711,Case-48,NON_TUMOR,0,C:\Users\enkso\.kiro\crew\scratch\runtime-0a306834\osteopatch_full_ingestion\tiffs\Case-48-P5-C21-19527-27711.tiff,PASS,True
Case-48-P5-C21-28107-32141,Case-48,NON_TUMOR,0,C:\Users\enkso\.kiro\crew\scratch\runtime-0a306834\osteopatch_full_ingestion\tiffs\Case-48-P5-C21-28107-32141.tiff,PASS,True
Case-48-P5-C21-40591-33043,Case-48,NON_TUMOR,0,C:\Users\enkso\.kiro\crew\scratch\runtime-0a306834\osteopatch_full_ingestion\tiffs\Case-48-P5-C21-40591-33043.tiff,PASS,True
Case-48-P5-C21-45322-31087,Case-48,NON_TUMOR,0,C:\Users\enkso\.kiro\crew\scratch\runtime-0a306834\osteopatch_full_ingestion\tiffs\Case-48-P5-C21-45322-31087.tiff,PASS,True
Case-48-P5-C21-46100-29884,Case-48,NON_TUMOR,0,C:\Users\enkso\.kiro\crew\scratch\runtime-0a306834\osteopatch_full_ingestion\tiffs\Case-48-P5-C21-46100-29884.tiff,PASS,True
Case-48-P5-C21-51030-28827,Case-48,NON_TUMOR,0,C:\Users\enkso\.kiro\crew\scratch\runtime-0a306834\osteopatch_full_ingestion\tiffs\Case-48-P5-C21-51030-28827.tiff,PASS,True
Case-48-P5-C21-8898-15670,Case-48,NON_TUMOR,0,C:\Users\enkso\.kiro\crew\scratch\runtime-0a306834\osteopatch_full_ingestion\tiffs\Case-48-P5-C21-8898-15670.tiff,PASS,True
Case-48-P5-C22-10542-19412,Case-48,NON_TUMOR,0,C:\Users\enkso\.kiro\crew\scratch\runtime-0a306834\osteopatch_full_ingestion\tiffs\Case-48-P5-C22-10542-19412.tiff,PASS,True
Case-48-P5-C22-13977-20055,Case-48,NON_TUMOR,0,C:\Users\enkso\.kiro\crew\scratch\runtime-0a306834\osteopatch_full_ingestion\tiffs\Case-48-P5-C22-13977-20055.tiff,PASS,True
Case-48-P5-C22-14392-22302,Case-48,NON_TUMOR,0,C:\Users\enkso\.kiro\crew\scratch\runtime-0a306834\osteopatch_full_ingestion\tiffs\Case-48-P5-C22-14392-22302.tiff,PASS,True
Case-48-P5-C22-29810-28152,Case-48,NON_TUMOR,0,C:\Users\enkso\.kiro\crew\scratch\runtime-0a306834\osteopatch_full_ingestion\tiffs\Case-48-P5-C22-29810-28152.tiff,PASS,True
Case-48-P5-C22-50594-23644,Case-48,NON_TUMOR,0,C:\Users\enkso\.kiro\crew\scratch\runtime-0a306834\osteopatch_full_ingestion\tiffs\Case-48-P5-C22-50594-23644.tiff,PASS,True
Case-48-P5-C23-10747-20258,Case-48,NON_TUMOR,0,C:\Users\enkso\.kiro\crew\scratch\runtime-0a306834\osteopatch_full_ingestion\tiffs\Case-48-P5-C23-10747-20258.tiff,PASS,True
Case-48-P5-C23-13674-18318,Case-48,NON_TUMOR,0,C:\Users\enkso\.kiro\crew\scratch\runtime-0a306834\osteopatch_full_ingestion\tiffs\Case-48-P5-C23-13674-18318.tiff,PASS,True
Case-48-P5-C23-32821-29229,Case-48,NON_TUMOR,0,C:\Users\enkso\.kiro\crew\scratch\runtime-0a306834\osteopatch_full_ingestion\tiffs\Case-48-P5-C23-32821-29229.tiff,PASS,True
Case-48-P5-C23-40661-11039,Case-48,NON_TUMOR,0,C:\Users\enkso\.kiro\crew\scratch\runtime-0a306834\osteopatch_full_ingestion\tiffs\Case-48-P5-C23-40661-11039.tiff,PASS,True
Case-48-P5-C23-46530-30085,Case-48,NON_TUMOR,0,C:\Users\enkso\.kiro\crew\scratch\runtime-0a306834\osteopatch_full_ingestion\tiffs\Case-48-P5-C23-46530-30085.tiff,PASS,True
Case-48-P5-C23-46857-10945,Case-48,NON_TUMOR,0,C:\Users\enkso\.kiro\crew\scratch\runtime-0a306834\osteopatch_full_ingestion\tiffs\Case-48-P5-C23-46857-10945.tiff,PASS,True
Case-48-P5-C23-47339-30578,Case-48,NON_TUMOR,0,C:\Users\enkso\.kiro\crew\scratch\runtime-0a306834\osteopatch_full_ingestion\tiffs\Case-48-P5-C23-47339-30578.tiff,PASS,True
Case-48-P5-C24-12193-15641,Case-48,NON_TUMOR,0,C:\Users\enkso\.kiro\crew\scratch\runtime-0a306834\osteopatch_full_ingestion\tiffs\Case-48-P5-C24-12193-15641.tiff,PASS,True
Case-48-P5-C24-15473-17927,Case-48,NON_TUMOR,0,C:\Users\enkso\.kiro\crew\scratch\runtime-0a306834\osteopatch_full_ingestion\tiffs\Case-48-P5-C24-15473-17927.tiff,PASS,True
Case-48-P5-C24-17000-3955,Case-48,NON_TUMOR,0,C:\Users\enkso\.kiro\crew\scratch\runtime-0a306834\osteopatch_full_ingestion\tiffs\Case-48-P5-C24-17000-3955.tiff,PASS,True
Case-48-P5-C24-21560-34143,Case-48,NON_TUMOR,0,C:\Users\enkso\.kiro\crew\scratch\runtime-0a306834\osteopatch_full_ingestion\tiffs\Case-48-P5-C24-21560-34143.tiff,PASS,True
Case-48-P5-C24-21763-16611,Case-48,NON_TUMOR,0,C:\Users\enkso\.kiro\crew\scratch\runtime-0a306834\osteopatch_full_ingestion\tiffs\Case-48-P5-C24-21763-16611.tiff,PASS,True
Case-48-P5-C24-21815-17299,Case-48,NON_TUMOR,0,C:\Users\enkso\.kiro\crew\scratch\runtime-0a306834\osteopatch_full_ingestion\tiffs\Case-48-P5-C24-21815-17299.tiff,PASS,True
Case-48-P5-C24-24437-18106,Case-48,NON_TUMOR,0,C:\Users\enkso\.kiro\crew\scratch\runtime-0a306834\osteopatch_full_ingestion\tiffs\Case-48-P5-C24-24437-18106.tiff,PASS,True
Case-48-P5-C24-26818-12582,Case-48,NON_TUMOR,0,C:\Users\enkso\.kiro\crew\scratch\runtime-0a306834\osteopatch_full_ingestion\tiffs\Case-48-P5-C24-26818-12582.tiff,PASS,True
Case-48-P5-C24-27048-31771,Case-48,NON_TUMOR,0,C:\Users\enkso\.kiro\crew\scratch\runtime-0a306834\osteopatch_full_ingestion\tiffs\Case-48-P5-C24-27048-31771.tiff,PASS,True
Case-48-P5-C24-27657-16224,Case-48,NON_TUMOR,0,C:\Users\enkso\.kiro\crew\scratch\runtime-0a306834\osteopatch_full_ingestion\tiffs\Case-48-P5-C24-27657-16224.tiff,PASS,True
Case-48-P5-C24-29276-10680,Case-48,NON_TUMOR,0,C:\Users\enkso\.kiro\crew\scratch\runtime-0a306834\osteopatch_full_ingestion\tiffs\Case-48-P5-C24-29276-10680.tiff,PASS,True
Case-48-P5-C24-30259-11826,Case-48,NON_TUMOR,0,C:\Users\enkso\.kiro\crew\scratch\runtime-0a306834\osteopatch_full_ingestion\tiffs\Case-48-P5-C24-30259-11826.tiff,PASS,True
Case-48-P5-C24-37333-35425,Case-48,NON_TUMOR,0,C:\Users\enkso\.kiro\crew\scratch\runtime-0a306834\osteopatch_full_ingestion\tiffs\Case-48-P5-C24-37333-35425.tiff,PASS,True
Case-48-P5-C24-38091-32786,Case-48,NON_TUMOR,0,C:\Users\enkso\.kiro\crew\scratch\runtime-0a306834\osteopatch_full_ingestion\tiffs\Case-48-P5-C24-38091-32786.tiff,PASS,True
Case-48-P5-C24-39421-35791,Case-48,NON_TUMOR,0,C:\Users\enkso\.kiro\crew\scratch\runtime-0a306834\osteopatch_full_ingestion\tiffs\Case-48-P5-C24-39421-35791.tiff,PASS,True
Case-48-P5-C24-39614-21477,Case-48,NON_TUMOR,0,C:\Users\enkso\.kiro\crew\scratch\runtime-0a306834\osteopatch_full_ingestion\tiffs\Case-48-P5-C24-39614-21477.tiff,PASS,True
Case-48-P5-C24-44425-22814,Case-48,NON_TUMOR,0,C:\Users\enkso\.kiro\crew\scratch\runtime-0a306834\osteopatch_full_ingestion\tiffs\Case-48-P5-C24-44425-22814.tiff,PASS,True
Case-48-P5-C24-45358-16505,Case-48,NON_TUMOR,0,C:\Users\enkso\.kiro\crew\scratch\runtime-0a306834\osteopatch_full_ingestion\tiffs\Case-48-P5-C24-45358-16505.tiff,PASS,True
Case-48-P5-C24-5972-23007,Case-48,NON_TUMOR,0,C:\Users\enkso\.kiro\crew\scratch\runtime-0a306834\osteopatch_full_ingestion\tiffs\Case-48-P5-C24-5972-23007.tiff,PASS,True
Case-48-P5-C24-8126-17022,Case-48,NON_TUMOR,0,C:\Users\enkso\.kiro\crew\scratch\runtime-0a306834\osteopatch_full_ingestion\tiffs\Case-48-P5-C24-8126-17022.tiff,PASS,True
Case-48-P5-C24-9713-21393,Case-48,NON_TUMOR,0,C:\Users\enkso\.kiro\crew\scratch\runtime-0a306834\osteopatch_full_ingestion\tiffs\Case-48-P5-C24-9713-21393.tiff,PASS,True
Case-48-P5-C25-12809-12456,Case-48,NON_TUMOR,0,C:\Users\enkso\.kiro\crew\scratch\runtime-0a306834\osteopatch_full_ingestion\tiffs\Case-48-P5-C25-12809-12456.tiff,PASS,True
Case-48-P5-C25-12843-22806,Case-48,NON_TUMOR,0,C:\Users\enkso\.kiro\crew\scratch\runtime-0a306834\osteopatch_full_ingestion\tiffs\Case-48-P5-C25-12843-22806.tiff,PASS,True
Case-48-P5-C25-14114-21655,Case-48,NON_TUMOR,0,C:\Users\enkso\.kiro\crew\scratch\runtime-0a306834\osteopatch_full_ingestion\tiffs\Case-48-P5-C25-14114-21655.tiff,PASS,True
Case-48-P5-C25-17864-19558,Case-48,NON_TUMOR,0,C:\Users\enkso\.kiro\crew\scratch\runtime-0a306834\osteopatch_full_ingestion\tiffs\Case-48-P5-C25-17864-19558.tiff,PASS,True
Case-48-P5-C25-18486-7532,Case-48,NON_TUMOR,0,C:\Users\enkso\.kiro\crew\scratch\runtime-0a306834\osteopatch_full_ingestion\tiffs\Case-48-P5-C25-18486-7532.tiff,PASS,True
Case-48-P5-C25-20304-11543,Case-48,NON_TUMOR,0,C:\Users\enkso\.kiro\crew\scratch\runtime-0a306834\osteopatch_full_ingestion\tiffs\Case-48-P5-C25-20304-11543.tiff,PASS,True
Case-48-P5-C25-20418-21432,Case-48,NON_TUMOR,0,C:\Users\enkso\.kiro\crew\scratch\runtime-0a306834\osteopatch_full_ingestion\tiffs\Case-48-P5-C25-20418-21432.tiff,PASS,True
Case-48-P5-C25-20536-9499,Case-48,NON_TUMOR,0,C:\Users\enkso\.kiro\crew\scratch\runtime-0a306834\osteopatch_full_ingestion\tiffs\Case-48-P5-C25-20536-9499.tiff,PASS,True
Case-48-P5-C25-26246-2368,Case-48,NON_TUMOR,0,C:\Users\enkso\.kiro\crew\scratch\runtime-0a306834\osteopatch_full_ingestion\tiffs\Case-48-P5-C25-26246-2368.tiff,PASS,True
Case-48-P5-C25-26937-1708,Case-48,NON_TUMOR,0,C:\Users\enkso\.kiro\crew\scratch\runtime-0a306834\osteopatch_full_ingestion\tiffs\Case-48-P5-C25-26937-1708.tiff,PASS,True
Case-48-P5-C25-29486-14939,Case-48,NON_TUMOR,0,C:\Users\enkso\.kiro\crew\scratch\runtime-0a306834\osteopatch_full_ingestion\tiffs\Case-48-P5-C25-29486-14939.tiff,PASS,True
Case-48-P5-C25-29797-38536,Case-48,NON_TUMOR,0,C:\Users\enkso\.kiro\crew\scratch\runtime-0a306834\osteopatch_full_ingestion\tiffs\Case-48-P5-C25-29797-38536.tiff,PASS,True
Case-48-P5-C25-31139-13405,Case-48,NON_TUMOR,0,C:\Users\enkso\.kiro\crew\scratch\runtime-0a306834\osteopatch_full_ingestion\tiffs\Case-48-P5-C25-31139-13405.tiff,PASS,True
Case-48-P5-C25-31766-30946,Case-48,NON_TUMOR,0,C:\Users\enkso\.kiro\crew\scratch\runtime-0a306834\osteopatch_full_ingestion\tiffs\Case-48-P5-C25-31766-30946.tiff,PASS,True
Case-48-P5-C25-32201-30326,Case-48,NON_TUMOR,0,C:\Users\enkso\.kiro\crew\scratch\runtime-0a306834\osteopatch_full_ingestion\tiffs\Case-48-P5-C25-32201-30326.tiff,PASS,True
Case-48-P5-C25-32661-30441,Case-48,NON_TUMOR,0,C:\Users\enkso\.kiro\crew\scratch\runtime-0a306834\osteopatch_full_ingestion\tiffs\Case-48-P5-C25-32661-30441.tiff,PASS,True
Case-48-P5-C25-35044-30800,Case-48,NON_TUMOR,0,C:\Users\enkso\.kiro\crew\scratch\runtime-0a306834\osteopatch_full_ingestion\tiffs\Case-48-P5-C25-35044-30800.tiff,PASS,True
Case-48-P5-C25-35701-21325,Case-48,NON_TUMOR,0,C:\Users\enkso\.kiro\crew\scratch\runtime-0a306834\osteopatch_full_ingestion\tiffs\Case-48-P5-C25-35701-21325.tiff,PASS,True
Case-48-P5-C25-37421-34911,Case-48,NON_TUMOR,0,C:\Users\enkso\.kiro\crew\scratch\runtime-0a306834\osteopatch_full_ingestion\tiffs\Case-48-P5-C25-37421-34911.tiff,PASS,True
Case-48-P5-C25-37498-35824,Case-48,NON_TUMOR,0,C:\Users\enkso\.kiro\crew\scratch\runtime-0a306834\osteopatch_full_ingestion\tiffs\Case-48-P5-C25-37498-35824.tiff,PASS,True
Case-48-P5-C25-39181-21965,Case-48,NON_TUMOR,0,C:\Users\enkso\.kiro\crew\scratch\runtime-0a306834\osteopatch_full_ingestion\tiffs\Case-48-P5-C25-39181-21965.tiff,PASS,True
Case-48-P5-C25-41901-28675,Case-48,NON_TUMOR,0,C:\Users\enkso\.kiro\crew\scratch\runtime-0a306834\osteopatch_full_ingestion\tiffs\Case-48-P5-C25-41901-28675.tiff,PASS,True
Case-48-P5-C25-51442-22185,Case-48,NON_TUMOR,0,C:\Users\enkso\.kiro\crew\scratch\runtime-0a306834\osteopatch_full_ingestion\tiffs\Case-48-P5-C25-51442-22185.tiff,PASS,True
Case-48-P5-C25-5819-20106,Case-48,NON_TUMOR,0,C:\Users\enkso\.kiro\crew\scratch\runtime-0a306834\osteopatch_full_ingestion\tiffs\Case-48-P5-C25-5819-20106.tiff,PASS,True
Case-48-P5-C25-7779-23788,Case-48,NON_TUMOR,0,C:\Users\enkso\.kiro\crew\scratch\runtime-0a306834\osteopatch_full_ingestion\tiffs\Case-48-P5-C25-7779-23788.tiff,PASS,True
Case-48-P5-C25-8387-24405,Case-48,NON_TUMOR,0,C:\Users\enkso\.kiro\crew\scratch\runtime-0a306834\osteopatch_full_ingestion\tiffs\Case-48-P5-C25-8387-24405.tiff,PASS,True
Case-48-P5-C13-28480-4550,Case-48,VIABLE_TUMOR,1,C:\Users\enkso\.kiro\crew\scratch\runtime-0a306834\osteopatch_full_ingestion\tiffs\Case-48-P5-C13-28480-4550.tiff,PASS,True
Case-48-P5-C13-33156-9373,Case-48,VIABLE_TUMOR,1,C:\Users\enkso\.kiro\crew\scratch\runtime-0a306834\osteopatch_full_ingestion\tiffs\Case-48-P5-C13-33156-9373.tiff,PASS,True
Case-48-P5-C13-35186-4450,Case-48,VIABLE_TUMOR,1,C:\Users\enkso\.kiro\crew\scratch\runtime-0a306834\osteopatch_full_ingestion\tiffs\Case-48-P5-C13-35186-4450.tiff,PASS,True
Case-48-P5-C13-35786-2519,Case-48,VIABLE_TUMOR,1,C:\Users\enkso\.kiro\crew\scratch\runtime-0a306834\osteopatch_full_ingestion\tiffs\Case-48-P5-C13-35786-2519.tiff,PASS,True
Case-48-P5-C13-36274-5595,Case-48,VIABLE_TUMOR,1,C:\Users\enkso\.kiro\crew\scratch\runtime-0a306834\osteopatch_full_ingestion\tiffs\Case-48-P5-C13-36274-5595.tiff,PASS,True
Case-48-P5-C13-36431-2977,Case-48,VIABLE_TUMOR,1,C:\Users\enkso\.kiro\crew\scratch\runtime-0a306834\osteopatch_full_ingestion\tiffs\Case-48-P5-C13-36431-2977.tiff,PASS,True
Case-48-P5-C13-40217-4387,Case-48,VIABLE_TUMOR,1,C:\Users\enkso\.kiro\crew\scratch\runtime-0a306834\osteopatch_full_ingestion\tiffs\Case-48-P5-C13-40217-4387.tiff,PASS,True
Case-48-P5-C13-45972-4022,Case-48,VIABLE_TUMOR,1,C:\Users\enkso\.kiro\crew\scratch\runtime-0a306834\osteopatch_full_ingestion\tiffs\Case-48-P5-C13-45972-4022.tiff,PASS,True
Case-48-P5-C13-47517-9280,Case-48,VIABLE_TUMOR,1,C:\Users\enkso\.kiro\crew\scratch\runtime-0a306834\osteopatch_full_ingestion\tiffs\Case-48-P5-C13-47517-9280.tiff,PASS,True
Case-48-P5-C13-47829-6226,Case-48,VIABLE_TUMOR,1,C:\Users\enkso\.kiro\crew\scratch\runtime-0a306834\osteopatch_full_ingestion\tiffs\Case-48-P5-C13-47829-6226.tiff,PASS,True
Case-48-P5-C13-64007-12122,Case-48,VIABLE_TUMOR,1,C:\Users\enkso\.kiro\crew\scratch\runtime-0a306834\osteopatch_full_ingestion\tiffs\Case-48-P5-C13-64007-12122.tiff,PASS,True
Case-48-P5-C14-29041-7944,Case-48,VIABLE_TUMOR,1,C:\Users\enkso\.kiro\crew\scratch\runtime-0a306834\osteopatch_full_ingestion\tiffs\Case-48-P5-C14-29041-7944.tiff,PASS,True
Case-48-P5-C14-32278-10661,Case-48,VIABLE_TUMOR,1,C:\Users\enkso\.kiro\crew\scratch\runtime-0a306834\osteopatch_full_ingestion\tiffs\Case-48-P5-C14-32278-10661.tiff,PASS,True
Case-48-P5-C14-39467-6941,Case-48,VIABLE_TUMOR,1,C:\Users\enkso\.kiro\crew\scratch\runtime-0a306834\osteopatch_full_ingestion\tiffs\Case-48-P5-C14-39467-6941.tiff,PASS,True
Case-48-P5-C14-41089-9651,Case-48,VIABLE_TUMOR,1,C:\Users\enkso\.kiro\crew\scratch\runtime-0a306834\osteopatch_full_ingestion\tiffs\Case-48-P5-C14-41089-9651.tiff,PASS,True
Case-48-P5-C14-44941-18452,Case-48,VIABLE_TUMOR,1,C:\Users\enkso\.kiro\crew\scratch\runtime-0a306834\osteopatch_full_ingestion\tiffs\Case-48-P5-C14-44941-18452.tiff,PASS,True
Case-48-P5-C14-50416-27346,Case-48,VIABLE_TUMOR,1,C:\Users\enkso\.kiro\crew\scratch\runtime-0a306834\osteopatch_full_ingestion\tiffs\Case-48-P5-C14-50416-27346.tiff,PASS,True
Case-48-P5-C14-50604-21283,Case-48,VIABLE_TUMOR,1,C:\Users\enkso\.kiro\crew\scratch\runtime-0a306834\osteopatch_full_ingestion\tiffs\Case-48-P5-C14-50604-21283.tiff,PASS,True
Case-48-P5-C14-52144-3660,Case-48,VIABLE_TUMOR,1,C:\Users\enkso\.kiro\crew\scratch\runtime-0a306834\osteopatch_full_ingestion\tiffs\Case-48-P5-C14-52144-3660.tiff,PASS,True
Case-48-P5-C14-54171-23668,Case-48,VIABLE_TUMOR,1,C:\Users\enkso\.kiro\crew\scratch\runtime-0a306834\osteopatch_full_ingestion\tiffs\Case-48-P5-C14-54171-23668.tiff,PASS,True
Case-48-P5-C14-56563-30345,Case-48,VIABLE_TUMOR,1,C:\Users\enkso\.kiro\crew\scratch\runtime-0a306834\osteopatch_full_ingestion\tiffs\Case-48-P5-C14-56563-30345.tiff,PASS,True
Case-48-P5-C14-59148-13815,Case-48,VIABLE_TUMOR,1,C:\Users\enkso\.kiro\crew\scratch\runtime-0a306834\osteopatch_full_ingestion\tiffs\Case-48-P5-C14-59148-13815.tiff,PASS,True
Case-48-P5-C14-59834-18325,Case-48,VIABLE_TUMOR,1,C:\Users\enkso\.kiro\crew\scratch\runtime-0a306834\osteopatch_full_ingestion\tiffs\Case-48-P5-C14-59834-18325.tiff,PASS,True
Case-48-P5-C14-65736-13805,Case-48,VIABLE_TUMOR,1,C:\Users\enkso\.kiro\crew\scratch\runtime-0a306834\osteopatch_full_ingestion\tiffs\Case-48-P5-C14-65736-13805.tiff,PASS,True
Case-48-P5-C14-67137-24045,Case-48,VIABLE_TUMOR,1,C:\Users\enkso\.kiro\crew\scratch\runtime-0a306834\osteopatch_full_ingestion\tiffs\Case-48-P5-C14-67137-24045.tiff,PASS,True
Case-48-P5-C15-13694-12591,Case-48,VIABLE_TUMOR,1,C:\Users\enkso\.kiro\crew\scratch\runtime-0a306834\osteopatch_full_ingestion\tiffs\Case-48-P5-C15-13694-12591.tiff,PASS,True
Case-48-P5-C15-15457-16306,Case-48,VIABLE_TUMOR,1,C:\Users\enkso\.kiro\crew\scratch\runtime-0a306834\osteopatch_full_ingestion\tiffs\Case-48-P5-C15-15457-16306.tiff,PASS,True
Case-48-P5-C15-18011-21615,Case-48,VIABLE_TUMOR,1,C:\Users\enkso\.kiro\crew\scratch\runtime-0a306834\osteopatch_full_ingestion\tiffs\Case-48-P5-C15-18011-21615.tiff,PASS,True
Case-48-P5-C15-23409-12305,Case-48,VIABLE_TUMOR,1,C:\Users\enkso\.kiro\crew\scratch\runtime-0a306834\osteopatch_full_ingestion\tiffs\Case-48-P5-C15-23409-12305.tiff,PASS,True
Case-48-P5-C15-25805-11251,Case-48,VIABLE_TUMOR,1,C:\Users\enkso\.kiro\crew\scratch\runtime-0a306834\osteopatch_full_ingestion\tiffs\Case-48-P5-C15-25805-11251.tiff,PASS,True
Case-48-P5-C15-36624-27407,Case-48,VIABLE_TUMOR,1,C:\Users\enkso\.kiro\crew\scratch\runtime-0a306834\osteopatch_full_ingestion\tiffs\Case-48-P5-C15-36624-27407.tiff,PASS,True
Case-48-P5-C15-37073-10134,Case-48,VIABLE_TUMOR,1,C:\Users\enkso\.kiro\crew\scratch\runtime-0a306834\osteopatch_full_ingestion\tiffs\Case-48-P5-C15-37073-10134.tiff,PASS,True
Case-48-P5-C15-37609-3244,Case-48,VIABLE_TUMOR,1,C:\Users\enkso\.kiro\crew\scratch\runtime-0a306834\osteopatch_full_ingestion\tiffs\Case-48-P5-C15-37609-3244.tiff,PASS,True
Case-48-P5-C15-38051-19362,Case-48,VIABLE_TUMOR,1,C:\Users\enkso\.kiro\crew\scratch\runtime-0a306834\osteopatch_full_ingestion\tiffs\Case-48-P5-C15-38051-19362.tiff,PASS,True
Case-48-P5-C15-38858-22308,Case-48,VIABLE_TUMOR,1,C:\Users\enkso\.kiro\crew\scratch\runtime-0a306834\osteopatch_full_ingestion\tiffs\Case-48-P5-C15-38858-22308.tiff,PASS,True
Case-48-P5-C15-40502-3547,Case-48,VIABLE_TUMOR,1,C:\Users\enkso\.kiro\crew\scratch\runtime-0a306834\osteopatch_full_ingestion\tiffs\Case-48-P5-C15-40502-3547.tiff,PASS,True
Case-48-P5-C15-41629-16134,Case-48,VIABLE_TUMOR,1,C:\Users\enkso\.kiro\crew\scratch\runtime-0a306834\osteopatch_full_ingestion\tiffs\Case-48-P5-C15-41629-16134.tiff,PASS,True
Case-48-P5-C15-42793-18458,Case-48,VIABLE_TUMOR,1,C:\Users\enkso\.kiro\crew\scratch\runtime-0a306834\osteopatch_full_ingestion\tiffs\Case-48-P5-C15-42793-18458.tiff,PASS,True
Case-48-P5-C15-45773-17581,Case-48,VIABLE_TUMOR,1,C:\Users\enkso\.kiro\crew\scratch\runtime-0a306834\osteopatch_full_ingestion\tiffs\Case-48-P5-C15-45773-17581.tiff,PASS,True
Case-48-P5-C15-48711-15150,Case-48,VIABLE_TUMOR,1,C:\Users\enkso\.kiro\crew\scratch\runtime-0a306834\osteopatch_full_ingestion\tiffs\Case-48-P5-C15-48711-15150.tiff,PASS,True
Case-48-P5-C15-48775-26545,Case-48,VIABLE_TUMOR,1,C:\Users\enkso\.kiro\crew\scratch\runtime-0a306834\osteopatch_full_ingestion\tiffs\Case-48-P5-C15-48775-26545.tiff,PASS,True
Case-48-P5-C15-48808-15798,Case-48,VIABLE_TUMOR,1,C:\Users\enkso\.kiro\crew\scratch\runtime-0a306834\osteopatch_full_ingestion\tiffs\Case-48-P5-C15-48808-15798.tiff,PASS,True
Case-48-P5-C15-49012-23798,Case-48,VIABLE_TUMOR,1,C:\Users\enkso\.kiro\crew\scratch\runtime-0a306834\osteopatch_full_ingestion\tiffs\Case-48-P5-C15-49012-23798.tiff,PASS,True
Case-48-P5-C15-9871-11637,Case-48,VIABLE_TUMOR,1,C:\Users\enkso\.kiro\crew\scratch\runtime-0a306834\osteopatch_full_ingestion\tiffs\Case-48-P5-C15-9871-11637.tiff,PASS,True
Case-48-P5-C16-12239-11981,Case-48,VIABLE_TUMOR,1,C:\Users\enkso\.kiro\crew\scratch\runtime-0a306834\osteopatch_full_ingestion\tiffs\Case-48-P5-C16-12239-11981.tiff,PASS,True
Case-48-P5-C16-14238-13009,Case-48,VIABLE_TUMOR,1,C:\Users\enkso\.kiro\crew\scratch\runtime-0a306834\osteopatch_full_ingestion\tiffs\Case-48-P5-C16-14238-13009.tiff,PASS,True
Case-48-P5-C16-14955-12886,Case-48,VIABLE_TUMOR,1,C:\Users\enkso\.kiro\crew\scratch\runtime-0a306834\osteopatch_full_ingestion\tiffs\Case-48-P5-C16-14955-12886.tiff,PASS,True
Case-48-P5-C16-15926-10929,Case-48,VIABLE_TUMOR,1,C:\Users\enkso\.kiro\crew\scratch\runtime-0a306834\osteopatch_full_ingestion\tiffs\Case-48-P5-C16-15926-10929.tiff,PASS,True
Case-48-P5-C16-20627-20759,Case-48,VIABLE_TUMOR,1,C:\Users\enkso\.kiro\crew\scratch\runtime-0a306834\osteopatch_full_ingestion\tiffs\Case-48-P5-C16-20627-20759.tiff,PASS,True
Case-48-P5-C16-22496-8538,Case-48,VIABLE_TUMOR,1,C:\Users\enkso\.kiro\crew\scratch\runtime-0a306834\osteopatch_full_ingestion\tiffs\Case-48-P5-C16-22496-8538.tiff,PASS,True
Case-48-P5-C16-25369-21517,Case-48,VIABLE_TUMOR,1,C:\Users\enkso\.kiro\crew\scratch\runtime-0a306834\osteopatch_full_ingestion\tiffs\Case-48-P5-C16-25369-21517.tiff,PASS,True
Case-48-P5-C16-26938-16149,Case-48,VIABLE_TUMOR,1,C:\Users\enkso\.kiro\crew\scratch\runtime-0a306834\osteopatch_full_ingestion\tiffs\Case-48-P5-C16-26938-16149.tiff,PASS,True
Case-48-P5-C16-29805-9678,Case-48,VIABLE_TUMOR,1,C:\Users\enkso\.kiro\crew\scratch\runtime-0a306834\osteopatch_full_ingestion\tiffs\Case-48-P5-C16-29805-9678.tiff,PASS,True
Case-48-P5-C16-39161-16929,Case-48,VIABLE_TUMOR,1,C:\Users\enkso\.kiro\crew\scratch\runtime-0a306834\osteopatch_full_ingestion\tiffs\Case-48-P5-C16-39161-16929.tiff,PASS,True
Case-48-P5-C16-39748-2743,Case-48,VIABLE_TUMOR,1,C:\Users\enkso\.kiro\crew\scratch\runtime-0a306834\osteopatch_full_ingestion\tiffs\Case-48-P5-C16-39748-2743.tiff,PASS,True
Case-48-P5-C16-42343-20669,Case-48,VIABLE_TUMOR,1,C:\Users\enkso\.kiro\crew\scratch\runtime-0a306834\osteopatch_full_ingestion\tiffs\Case-48-P5-C16-42343-20669.tiff,PASS,True
Case-48-P5-C16-43159-11972,Case-48,VIABLE_TUMOR,1,C:\Users\enkso\.kiro\crew\scratch\runtime-0a306834\osteopatch_full_ingestion\tiffs\Case-48-P5-C16-43159-11972.tiff,PASS,True
Case-48-P5-C16-44867-23581,Case-48,VIABLE_TUMOR,1,C:\Users\enkso\.kiro\crew\scratch\runtime-0a306834\osteopatch_full_ingestion\tiffs\Case-48-P5-C16-44867-23581.tiff,PASS,True
Case-48-P5-C16-46142-13796,Case-48,VIABLE_TUMOR,1,C:\Users\enkso\.kiro\crew\scratch\runtime-0a306834\osteopatch_full_ingestion\tiffs\Case-48-P5-C16-46142-13796.tiff,PASS,True
Case-48-P5-C16-47760-19513,Case-48,VIABLE_TUMOR,1,C:\Users\enkso\.kiro\crew\scratch\runtime-0a306834\osteopatch_full_ingestion\tiffs\Case-48-P5-C16-47760-19513.tiff,PASS,True
Case-48-P5-C16-50052-16053,Case-48,VIABLE_TUMOR,1,C:\Users\enkso\.kiro\crew\scratch\runtime-0a306834\osteopatch_full_ingestion\tiffs\Case-48-P5-C16-50052-16053.tiff,PASS,True
Case-48-P5-C16-50396-24840,Case-48,VIABLE_TUMOR,1,C:\Users\enkso\.kiro\crew\scratch\runtime-0a306834\osteopatch_full_ingestion\tiffs\Case-48-P5-C16-50396-24840.tiff,PASS,True
Case-48-P5-C16-50924-16162,Case-48,VIABLE_TUMOR,1,C:\Users\enkso\.kiro\crew\scratch\runtime-0a306834\osteopatch_full_ingestion\tiffs\Case-48-P5-C16-50924-16162.tiff,PASS,True
Case-48-P5-C16-52243-22493,Case-48,VIABLE_TUMOR,1,C:\Users\enkso\.kiro\crew\scratch\runtime-0a306834\osteopatch_full_ingestion\tiffs\Case-48-P5-C16-52243-22493.tiff,PASS,True
Case-48-P5-C16-53844-23083,Case-48,VIABLE_TUMOR,1,C:\Users\enkso\.kiro\crew\scratch\runtime-0a306834\osteopatch_full_ingestion\tiffs\Case-48-P5-C16-53844-23083.tiff,PASS,True
Case-48-P5-C16-54563-21138,Case-48,VIABLE_TUMOR,1,C:\Users\enkso\.kiro\crew\scratch\runtime-0a306834\osteopatch_full_ingestion\tiffs\Case-48-P5-C16-54563-21138.tiff,PASS,True
Case-48-P5-C17-19137-20611,Case-48,VIABLE_TUMOR,1,C:\Users\enkso\.kiro\crew\scratch\runtime-0a306834\osteopatch_full_ingestion\tiffs\Case-48-P5-C17-19137-20611.tiff,PASS,True
Case-48-P5-C17-26817-18603,Case-48,VIABLE_TUMOR,1,C:\Users\enkso\.kiro\crew\scratch\runtime-0a306834\osteopatch_full_ingestion\tiffs\Case-48-P5-C17-26817-18603.tiff,PASS,True
Case-48-P5-C17-27681-16299,Case-48,VIABLE_TUMOR,1,C:\Users\enkso\.kiro\crew\scratch\runtime-0a306834\osteopatch_full_ingestion\tiffs\Case-48-P5-C17-27681-16299.tiff,PASS,True
Case-48-P5-C17-29452-16131,Case-48,VIABLE_TUMOR,1,C:\Users\enkso\.kiro\crew\scratch\runtime-0a306834\osteopatch_full_ingestion\tiffs\Case-48-P5-C17-29452-16131.tiff,PASS,True
Case-48-P5-C17-34283-5396,Case-48,VIABLE_TUMOR,1,C:\Users\enkso\.kiro\crew\scratch\runtime-0a306834\osteopatch_full_ingestion\tiffs\Case-48-P5-C17-34283-5396.tiff,PASS,True
Case-48-P5-C17-36719-14729,Case-48,VIABLE_TUMOR,1,C:\Users\enkso\.kiro\crew\scratch\runtime-0a306834\osteopatch_full_ingestion\tiffs\Case-48-P5-C17-36719-14729.tiff,PASS,True
Case-48-P5-C17-36804-20443,Case-48,VIABLE_TUMOR,1,C:\Users\enkso\.kiro\crew\scratch\runtime-0a306834\osteopatch_full_ingestion\tiffs\Case-48-P5-C17-36804-20443.tiff,PASS,True
Case-48-P5-C17-37516-18051,Case-48,VIABLE_TUMOR,1,C:\Users\enkso\.kiro\crew\scratch\runtime-0a306834\osteopatch_full_ingestion\tiffs\Case-48-P5-C17-37516-18051.tiff,PASS,True
Case-48-P5-C17-37994-3037,Case-48,VIABLE_TUMOR,1,C:\Users\enkso\.kiro\crew\scratch\runtime-0a306834\osteopatch_full_ingestion\tiffs\Case-48-P5-C17-37994-3037.tiff,PASS,True
Case-48-P5-C17-40867-15033,Case-48,VIABLE_TUMOR,1,C:\Users\enkso\.kiro\crew\scratch\runtime-0a306834\osteopatch_full_ingestion\tiffs\Case-48-P5-C17-40867-15033.tiff,PASS,True
Case-48-P5-C17-41411-21807,Case-48,VIABLE_TUMOR,1,C:\Users\enkso\.kiro\crew\scratch\runtime-0a306834\osteopatch_full_ingestion\tiffs\Case-48-P5-C17-41411-21807.tiff,PASS,True
Case-48-P5-C17-41961-10093,Case-48,VIABLE_TUMOR,1,C:\Users\enkso\.kiro\crew\scratch\runtime-0a306834\osteopatch_full_ingestion\tiffs\Case-48-P5-C17-41961-10093.tiff,PASS,True
Case-48-P5-C17-42670-17152,Case-48,VIABLE_TUMOR,1,C:\Users\enkso\.kiro\crew\scratch\runtime-0a306834\osteopatch_full_ingestion\tiffs\Case-48-P5-C17-42670-17152.tiff,PASS,True
Case-48-P5-C17-43432-26216,Case-48,VIABLE_TUMOR,1,C:\Users\enkso\.kiro\crew\scratch\runtime-0a306834\osteopatch_full_ingestion\tiffs\Case-48-P5-C17-43432-26216.tiff,PASS,True
Case-48-P5-C17-44027-22381,Case-48,VIABLE_TUMOR,1,C:\Users\enkso\.kiro\crew\scratch\runtime-0a306834\osteopatch_full_ingestion\tiffs\Case-48-P5-C17-44027-22381.tiff,PASS,True
Case-48-P5-C17-45932-5812,Case-48,VIABLE_TUMOR,1,C:\Users\enkso\.kiro\crew\scratch\runtime-0a306834\osteopatch_full_ingestion\tiffs\Case-48-P5-C17-45932-5812.tiff,PASS,True
Case-48-P5-C17-46317-15755,Case-48,VIABLE_TUMOR,1,C:\Users\enkso\.kiro\crew\scratch\runtime-0a306834\osteopatch_full_ingestion\tiffs\Case-48-P5-C17-46317-15755.tiff,PASS,True
Case-48-P5-C17-47230-17655,Case-48,VIABLE_TUMOR,1,C:\Users\enkso\.kiro\crew\scratch\runtime-0a306834\osteopatch_full_ingestion\tiffs\Case-48-P5-C17-47230-17655.tiff,PASS,True
Case-48-P5-C17-50335-6425,Case-48,VIABLE_TUMOR,1,C:\Users\enkso\.kiro\crew\scratch\runtime-0a306834\osteopatch_full_ingestion\tiffs\Case-48-P5-C17-50335-6425.tiff,PASS,True
Case-48-P5-C17-50358-11013,Case-48,VIABLE_TUMOR,1,C:\Users\enkso\.kiro\crew\scratch\runtime-0a306834\osteopatch_full_ingestion\tiffs\Case-48-P5-C17-50358-11013.tiff,PASS,True
Case-48-P5-C17-51854-21097,Case-48,VIABLE_TUMOR,1,C:\Users\enkso\.kiro\crew\scratch\runtime-0a306834\osteopatch_full_ingestion\tiffs\Case-48-P5-C17-51854-21097.tiff,PASS,True
Case-48-P5-C18-15651-15050,Case-48,VIABLE_TUMOR,1,C:\Users\enkso\.kiro\crew\scratch\runtime-0a306834\osteopatch_full_ingestion\tiffs\Case-48-P5-C18-15651-15050.tiff,PASS,True
Case-48-P5-C18-19933-18958,Case-48,VIABLE_TUMOR,1,C:\Users\enkso\.kiro\crew\scratch\runtime-0a306834\osteopatch_full_ingestion\tiffs\Case-48-P5-C18-19933-18958.tiff,PASS,True
Case-48-P5-C18-20516-10701,Case-48,VIABLE_TUMOR,1,C:\Users\enkso\.kiro\crew\scratch\runtime-0a306834\osteopatch_full_ingestion\tiffs\Case-48-P5-C18-20516-10701.tiff,PASS,True
Case-48-P5-C18-24383-21699,Case-48,VIABLE_TUMOR,1,C:\Users\enkso\.kiro\crew\scratch\runtime-0a306834\osteopatch_full_ingestion\tiffs\Case-48-P5-C18-24383-21699.tiff,PASS,True
Case-48-P5-C18-29043-24256,Case-48,VIABLE_TUMOR,1,C:\Users\enkso\.kiro\crew\scratch\runtime-0a306834\osteopatch_full_ingestion\tiffs\Case-48-P5-C18-29043-24256.tiff,PASS,True
Case-48-P5-C18-29063-22986,Case-48,VIABLE_TUMOR,1,C:\Users\enkso\.kiro\crew\scratch\runtime-0a306834\osteopatch_full_ingestion\tiffs\Case-48-P5-C18-29063-22986.tiff,PASS,True
Case-48-P5-C18-32596-23573,Case-48,VIABLE_TUMOR,1,C:\Users\enkso\.kiro\crew\scratch\runtime-0a306834\osteopatch_full_ingestion\tiffs\Case-48-P5-C18-32596-23573.tiff,PASS,True
Case-48-P5-C18-32717-16452,Case-48,VIABLE_TUMOR,1,C:\Users\enkso\.kiro\crew\scratch\runtime-0a306834\osteopatch_full_ingestion\tiffs\Case-48-P5-C18-32717-16452.tiff,PASS,True
Case-48-P5-C18-33022-7038,Case-48,VIABLE_TUMOR,1,C:\Users\enkso\.kiro\crew\scratch\runtime-0a306834\osteopatch_full_ingestion\tiffs\Case-48-P5-C18-33022-7038.tiff,PASS,True
Case-48-P5-C18-36407-15875,Case-48,VIABLE_TUMOR,1,C:\Users\enkso\.kiro\crew\scratch\runtime-0a306834\osteopatch_full_ingestion\tiffs\Case-48-P5-C18-36407-15875.tiff,PASS,True
Case-48-P5-C18-37200-16213,Case-48,VIABLE_TUMOR,1,C:\Users\enkso\.kiro\crew\scratch\runtime-0a306834\osteopatch_full_ingestion\tiffs\Case-48-P5-C18-37200-16213.tiff,PASS,True
Case-48-P5-C18-37612-15623,Case-48,VIABLE_TUMOR,1,C:\Users\enkso\.kiro\crew\scratch\runtime-0a306834\osteopatch_full_ingestion\tiffs\Case-48-P5-C18-37612-15623.tiff,PASS,True
Case-48-P5-C18-40902-9870,Case-48,VIABLE_TUMOR,1,C:\Users\enkso\.kiro\crew\scratch\runtime-0a306834\osteopatch_full_ingestion\tiffs\Case-48-P5-C18-40902-9870.tiff,PASS,True
Case-48-P5-C18-42373-6994,Case-48,VIABLE_TUMOR,1,C:\Users\enkso\.kiro\crew\scratch\runtime-0a306834\osteopatch_full_ingestion\tiffs\Case-48-P5-C18-42373-6994.tiff,PASS,True
Case-48-P5-C18-43324-24367,Case-48,VIABLE_TUMOR,1,C:\Users\enkso\.kiro\crew\scratch\runtime-0a306834\osteopatch_full_ingestion\tiffs\Case-48-P5-C18-43324-24367.tiff,PASS,True
Case-48-P5-C18-46136-24608,Case-48,VIABLE_TUMOR,1,C:\Users\enkso\.kiro\crew\scratch\runtime-0a306834\osteopatch_full_ingestion\tiffs\Case-48-P5-C18-46136-24608.tiff,PASS,True
Case-48-P5-C18-47653-31606,Case-48,VIABLE_TUMOR,1,C:\Users\enkso\.kiro\crew\scratch\runtime-0a306834\osteopatch_full_ingestion\tiffs\Case-48-P5-C18-47653-31606.tiff,PASS,True
Case-48-P5-C18-51237-22363,Case-48,VIABLE_TUMOR,1,C:\Users\enkso\.kiro\crew\scratch\runtime-0a306834\osteopatch_full_ingestion\tiffs\Case-48-P5-C18-51237-22363.tiff,PASS,True
Case-48-P5-C18-51418-18002,Case-48,VIABLE_TUMOR,1,C:\Users\enkso\.kiro\crew\scratch\runtime-0a306834\osteopatch_full_ingestion\tiffs\Case-48-P5-C18-51418-18002.tiff,PASS,True
Case-48-P5-C19-14441-14866,Case-48,VIABLE_TUMOR,1,C:\Users\enkso\.kiro\crew\scratch\runtime-0a306834\osteopatch_full_ingestion\tiffs\Case-48-P5-C19-14441-14866.tiff,PASS,True
Case-48-P5-C19-15367-19854,Case-48,VIABLE_TUMOR,1,C:\Users\enkso\.kiro\crew\scratch\runtime-0a306834\osteopatch_full_ingestion\tiffs\Case-48-P5-C19-15367-19854.tiff,PASS,True
Case-48-P5-C19-26506-10723,Case-48,VIABLE_TUMOR,1,C:\Users\enkso\.kiro\crew\scratch\runtime-0a306834\osteopatch_full_ingestion\tiffs\Case-48-P5-C19-26506-10723.tiff,PASS,True
Case-48-P5-C19-26719-18659,Case-48,VIABLE_TUMOR,1,C:\Users\enkso\.kiro\crew\scratch\runtime-0a306834\osteopatch_full_ingestion\tiffs\Case-48-P5-C19-26719-18659.tiff,PASS,True
Case-48-P5-C19-27056-17848,Case-48,VIABLE_TUMOR,1,C:\Users\enkso\.kiro\crew\scratch\runtime-0a306834\osteopatch_full_ingestion\tiffs\Case-48-P5-C19-27056-17848.tiff,PASS,True
Case-48-P5-C19-28887-22427,Case-48,VIABLE_TUMOR,1,C:\Users\enkso\.kiro\crew\scratch\runtime-0a306834\osteopatch_full_ingestion\tiffs\Case-48-P5-C19-28887-22427.tiff,PASS,True
Case-48-P5-C19-30892-14643,Case-48,VIABLE_TUMOR,1,C:\Users\enkso\.kiro\crew\scratch\runtime-0a306834\osteopatch_full_ingestion\tiffs\Case-48-P5-C19-30892-14643.tiff,PASS,True
Case-48-P5-C19-31003-6587,Case-48,VIABLE_TUMOR,1,C:\Users\enkso\.kiro\crew\scratch\runtime-0a306834\osteopatch_full_ingestion\tiffs\Case-48-P5-C19-31003-6587.tiff,PASS,True
Case-48-P5-C19-31868-8754,Case-48,VIABLE_TUMOR,1,C:\Users\enkso\.kiro\crew\scratch\runtime-0a306834\osteopatch_full_ingestion\tiffs\Case-48-P5-C19-31868-8754.tiff,PASS,True
Case-48-P5-C19-36599-9672,Case-48,VIABLE_TUMOR,1,C:\Users\enkso\.kiro\crew\scratch\runtime-0a306834\osteopatch_full_ingestion\tiffs\Case-48-P5-C19-36599-9672.tiff,PASS,True
Case-48-P5-C19-36772-18960,Case-48,VIABLE_TUMOR,1,C:\Users\enkso\.kiro\crew\scratch\runtime-0a306834\osteopatch_full_ingestion\tiffs\Case-48-P5-C19-36772-18960.tiff,PASS,True
Case-48-P5-C19-37421-11802,Case-48,VIABLE_TUMOR,1,C:\Users\enkso\.kiro\crew\scratch\runtime-0a306834\osteopatch_full_ingestion\tiffs\Case-48-P5-C19-37421-11802.tiff,PASS,True
Case-48-P5-C19-40049-22382,Case-48,VIABLE_TUMOR,1,C:\Users\enkso\.kiro\crew\scratch\runtime-0a306834\osteopatch_full_ingestion\tiffs\Case-48-P5-C19-40049-22382.tiff,PASS,True
Case-48-P5-C19-40702-20386,Case-48,VIABLE_TUMOR,1,C:\Users\enkso\.kiro\crew\scratch\runtime-0a306834\osteopatch_full_ingestion\tiffs\Case-48-P5-C19-40702-20386.tiff,PASS,True
Case-48-P5-C19-41884-18067,Case-48,VIABLE_TUMOR,1,C:\Users\enkso\.kiro\crew\scratch\runtime-0a306834\osteopatch_full_ingestion\tiffs\Case-48-P5-C19-41884-18067.tiff,PASS,True
Case-48-P5-C19-43378-18456,Case-48,VIABLE_TUMOR,1,C:\Users\enkso\.kiro\crew\scratch\runtime-0a306834\osteopatch_full_ingestion\tiffs\Case-48-P5-C19-43378-18456.tiff,PASS,True
Case-48-P5-C19-43954-23941,Case-48,VIABLE_TUMOR,1,C:\Users\enkso\.kiro\crew\scratch\runtime-0a306834\osteopatch_full_ingestion\tiffs\Case-48-P5-C19-43954-23941.tiff,PASS,True
Case-48-P5-C19-48632-11190,Case-48,VIABLE_TUMOR,1,C:\Users\enkso\.kiro\crew\scratch\runtime-0a306834\osteopatch_full_ingestion\tiffs\Case-48-P5-C19-48632-11190.tiff,PASS,True
Case-48-P5-C19-51505-17925,Case-48,VIABLE_TUMOR,1,C:\Users\enkso\.kiro\crew\scratch\runtime-0a306834\osteopatch_full_ingestion\tiffs\Case-48-P5-C19-51505-17925.tiff,PASS,True
Case-48-P5-C19-51520-22044,Case-48,VIABLE_TUMOR,1,C:\Users\enkso\.kiro\crew\scratch\runtime-0a306834\osteopatch_full_ingestion\tiffs\Case-48-P5-C19-51520-22044.tiff,PASS,True
Case-48-P5-C20-15162-19423,Case-48,VIABLE_TUMOR,1,C:\Users\enkso\.kiro\crew\scratch\runtime-0a306834\osteopatch_full_ingestion\tiffs\Case-48-P5-C20-15162-19423.tiff,PASS,True
Case-48-P5-C20-20964-23796,Case-48,VIABLE_TUMOR,1,C:\Users\enkso\.kiro\crew\scratch\runtime-0a306834\osteopatch_full_ingestion\tiffs\Case-48-P5-C20-20964-23796.tiff,PASS,True
Case-48-P5-C20-23452-15492,Case-48,VIABLE_TUMOR,1,C:\Users\enkso\.kiro\crew\scratch\runtime-0a306834\osteopatch_full_ingestion\tiffs\Case-48-P5-C20-23452-15492.tiff,PASS,True
Case-48-P5-C20-23915-20256,Case-48,VIABLE_TUMOR,1,C:\Users\enkso\.kiro\crew\scratch\runtime-0a306834\osteopatch_full_ingestion\tiffs\Case-48-P5-C20-23915-20256.tiff,PASS,True
Case-48-P5-C20-33672-6381,Case-48,VIABLE_TUMOR,1,C:\Users\enkso\.kiro\crew\scratch\runtime-0a306834\osteopatch_full_ingestion\tiffs\Case-48-P5-C20-33672-6381.tiff,PASS,True
Case-48-P5-C20-34597-27525,Case-48,VIABLE_TUMOR,1,C:\Users\enkso\.kiro\crew\scratch\runtime-0a306834\osteopatch_full_ingestion\tiffs\Case-48-P5-C20-34597-27525.tiff,PASS,True
Case-48-P5-C20-36537-9437,Case-48,VIABLE_TUMOR,1,C:\Users\enkso\.kiro\crew\scratch\runtime-0a306834\osteopatch_full_ingestion\tiffs\Case-48-P5-C20-36537-9437.tiff,PASS,True
Case-48-P5-C20-37287-24574,Case-48,VIABLE_TUMOR,1,C:\Users\enkso\.kiro\crew\scratch\runtime-0a306834\osteopatch_full_ingestion\tiffs\Case-48-P5-C20-37287-24574.tiff,PASS,True
Case-48-P5-C20-39704-11268,Case-48,VIABLE_TUMOR,1,C:\Users\enkso\.kiro\crew\scratch\runtime-0a306834\osteopatch_full_ingestion\tiffs\Case-48-P5-C20-39704-11268.tiff,PASS,True
Case-48-P5-C20-45622-14695,Case-48,VIABLE_TUMOR,1,C:\Users\enkso\.kiro\crew\scratch\runtime-0a306834\osteopatch_full_ingestion\tiffs\Case-48-P5-C20-45622-14695.tiff,PASS,True
Case-48-P5-C20-46837-16405,Case-48,VIABLE_TUMOR,1,C:\Users\enkso\.kiro\crew\scratch\runtime-0a306834\osteopatch_full_ingestion\tiffs\Case-48-P5-C20-46837-16405.tiff,PASS,True
Case-48-P5-C20-47763-12780,Case-48,VIABLE_TUMOR,1,C:\Users\enkso\.kiro\crew\scratch\runtime-0a306834\osteopatch_full_ingestion\tiffs\Case-48-P5-C20-47763-12780.tiff,PASS,True
Case-48-P5-C20-51201-13842,Case-48,VIABLE_TUMOR,1,C:\Users\enkso\.kiro\crew\scratch\runtime-0a306834\osteopatch_full_ingestion\tiffs\Case-48-P5-C20-51201-13842.tiff,PASS,True
Case-48-P5-C20-51615-14123,Case-48,VIABLE_TUMOR,1,C:\Users\enkso\.kiro\crew\scratch\runtime-0a306834\osteopatch_full_ingestion\tiffs\Case-48-P5-C20-51615-14123.tiff,PASS,True
Case-48-P5-C20-52344-15596,Case-48,VIABLE_TUMOR,1,C:\Users\enkso\.kiro\crew\scratch\runtime-0a306834\osteopatch_full_ingestion\tiffs\Case-48-P5-C20-52344-15596.tiff,PASS,True
Case-48-P5-C20-52983-12499,Case-48,VIABLE_TUMOR,1,C:\Users\enkso\.kiro\crew\scratch\runtime-0a306834\osteopatch_full_ingestion\tiffs\Case-48-P5-C20-52983-12499.tiff,PASS,True
Case-48-P5-C20-53379-18032,Case-48,VIABLE_TUMOR,1,C:\Users\enkso\.kiro\crew\scratch\runtime-0a306834\osteopatch_full_ingestion\tiffs\Case-48-P5-C20-53379-18032.tiff,PASS,True
Case-48-P5-C20-54244-17885,Case-48,VIABLE_TUMOR,1,C:\Users\enkso\.kiro\crew\scratch\runtime-0a306834\osteopatch_full_ingestion\tiffs\Case-48-P5-C20-54244-17885.tiff,PASS,True
Case-48-P5-C20-8674-13881,Case-48,VIABLE_TUMOR,1,C:\Users\enkso\.kiro\crew\scratch\runtime-0a306834\osteopatch_full_ingestion\tiffs\Case-48-P5-C20-8674-13881.tiff,PASS,True
Case-48-P5-C21-10548-16103,Case-48,VIABLE_TUMOR,1,C:\Users\enkso\.kiro\crew\scratch\runtime-0a306834\osteopatch_full_ingestion\tiffs\Case-48-P5-C21-10548-16103.tiff,PASS,True
Case-48-P5-C21-12077-14707,Case-48,VIABLE_TUMOR,1,C:\Users\enkso\.kiro\crew\scratch\runtime-0a306834\osteopatch_full_ingestion\tiffs\Case-48-P5-C21-12077-14707.tiff,PASS,True
Case-48-P5-C21-16402-14274,Case-48,VIABLE_TUMOR,1,C:\Users\enkso\.kiro\crew\scratch\runtime-0a306834\osteopatch_full_ingestion\tiffs\Case-48-P5-C21-16402-14274.tiff,PASS,True
Case-48-P5-C21-17366-10237,Case-48,VIABLE_TUMOR,1,C:\Users\enkso\.kiro\crew\scratch\runtime-0a306834\osteopatch_full_ingestion\tiffs\Case-48-P5-C21-17366-10237.tiff,PASS,True
Case-48-P5-C21-22691-12407,Case-48,VIABLE_TUMOR,1,C:\Users\enkso\.kiro\crew\scratch\runtime-0a306834\osteopatch_full_ingestion\tiffs\Case-48-P5-C21-22691-12407.tiff,PASS,True
Case-48-P5-C21-23229-19992,Case-48,VIABLE_TUMOR,1,C:\Users\enkso\.kiro\crew\scratch\runtime-0a306834\osteopatch_full_ingestion\tiffs\Case-48-P5-C21-23229-19992.tiff,PASS,True
Case-48-P5-C21-25947-25506,Case-48,VIABLE_TUMOR,1,C:\Users\enkso\.kiro\crew\scratch\runtime-0a306834\osteopatch_full_ingestion\tiffs\Case-48-P5-C21-25947-25506.tiff,PASS,True
Case-48-P5-C21-35299-19753,Case-48,VIABLE_TUMOR,1,C:\Users\enkso\.kiro\crew\scratch\runtime-0a306834\osteopatch_full_ingestion\tiffs\Case-48-P5-C21-35299-19753.tiff,PASS,True
Case-48-P5-C21-35903-16346,Case-48,VIABLE_TUMOR,1,C:\Users\enkso\.kiro\crew\scratch\runtime-0a306834\osteopatch_full_ingestion\tiffs\Case-48-P5-C21-35903-16346.tiff,PASS,True
Case-48-P5-C21-36006-23109,Case-48,VIABLE_TUMOR,1,C:\Users\enkso\.kiro\crew\scratch\runtime-0a306834\osteopatch_full_ingestion\tiffs\Case-48-P5-C21-36006-23109.tiff,PASS,True
Case-48-P5-C21-38065-16064,Case-48,VIABLE_TUMOR,1,C:\Users\enkso\.kiro\crew\scratch\runtime-0a306834\osteopatch_full_ingestion\tiffs\Case-48-P5-C21-38065-16064.tiff,PASS,True
Case-48-P5-C21-40791-19023,Case-48,VIABLE_TUMOR,1,C:\Users\enkso\.kiro\crew\scratch\runtime-0a306834\osteopatch_full_ingestion\tiffs\Case-48-P5-C21-40791-19023.tiff,PASS,True
Case-48-P5-C21-41788-27797,Case-48,VIABLE_TUMOR,1,C:\Users\enkso\.kiro\crew\scratch\runtime-0a306834\osteopatch_full_ingestion\tiffs\Case-48-P5-C21-41788-27797.tiff,PASS,True
Case-48-P5-C21-43325-2248,Case-48,VIABLE_TUMOR,1,C:\Users\enkso\.kiro\crew\scratch\runtime-0a306834\osteopatch_full_ingestion\tiffs\Case-48-P5-C21-43325-2248.tiff,PASS,True
Case-48-P5-C21-45348-15985,Case-48,VIABLE_TUMOR,1,C:\Users\enkso\.kiro\crew\scratch\runtime-0a306834\osteopatch_full_ingestion\tiffs\Case-48-P5-C21-45348-15985.tiff,PASS,True
Case-48-P5-C21-45909-8019,Case-48,VIABLE_TUMOR,1,C:\Users\enkso\.kiro\crew\scratch\runtime-0a306834\osteopatch_full_ingestion\tiffs\Case-48-P5-C21-45909-8019.tiff,PASS,True
Case-48-P5-C21-46692-23838,Case-48,VIABLE_TUMOR,1,C:\Users\enkso\.kiro\crew\scratch\runtime-0a306834\osteopatch_full_ingestion\tiffs\Case-48-P5-C21-46692-23838.tiff,PASS,True
Case-48-P5-C21-48446-3802,Case-48,VIABLE_TUMOR,1,C:\Users\enkso\.kiro\crew\scratch\runtime-0a306834\osteopatch_full_ingestion\tiffs\Case-48-P5-C21-48446-3802.tiff,PASS,True
Case-48-P5-C21-50643-22090,Case-48,VIABLE_TUMOR,1,C:\Users\enkso\.kiro\crew\scratch\runtime-0a306834\osteopatch_full_ingestion\tiffs\Case-48-P5-C21-50643-22090.tiff,PASS,True
Case-48-P5-C21-52961-18393,Case-48,VIABLE_TUMOR,1,C:\Users\enkso\.kiro\crew\scratch\runtime-0a306834\osteopatch_full_ingestion\tiffs\Case-48-P5-C21-52961-18393.tiff,PASS,True
Case-48-P5-C22-14726-13837,Case-48,VIABLE_TUMOR,1,C:\Users\enkso\.kiro\crew\scratch\runtime-0a306834\osteopatch_full_ingestion\tiffs\Case-48-P5-C22-14726-13837.tiff,PASS,True
Case-48-P5-C22-17464-9867,Case-48,VIABLE_TUMOR,1,C:\Users\enkso\.kiro\crew\scratch\runtime-0a306834\osteopatch_full_ingestion\tiffs\Case-48-P5-C22-17464-9867.tiff,PASS,True
Case-48-P5-C22-25507-14943,Case-48,VIABLE_TUMOR,1,C:\Users\enkso\.kiro\crew\scratch\runtime-0a306834\osteopatch_full_ingestion\tiffs\Case-48-P5-C22-25507-14943.tiff,PASS,True
Case-48-P5-C22-26068-19668,Case-48,VIABLE_TUMOR,1,C:\Users\enkso\.kiro\crew\scratch\runtime-0a306834\osteopatch_full_ingestion\tiffs\Case-48-P5-C22-26068-19668.tiff,PASS,True
Case-48-P5-C22-33153-19473,Case-48,VIABLE_TUMOR,1,C:\Users\enkso\.kiro\crew\scratch\runtime-0a306834\osteopatch_full_ingestion\tiffs\Case-48-P5-C22-33153-19473.tiff,PASS,True
Case-48-P5-C22-33543-8004,Case-48,VIABLE_TUMOR,1,C:\Users\enkso\.kiro\crew\scratch\runtime-0a306834\osteopatch_full_ingestion\tiffs\Case-48-P5-C22-33543-8004.tiff,PASS,True
Case-48-P5-C22-33640-5373,Case-48,VIABLE_TUMOR,1,C:\Users\enkso\.kiro\crew\scratch\runtime-0a306834\osteopatch_full_ingestion\tiffs\Case-48-P5-C22-33640-5373.tiff,PASS,True
Case-48-P5-C22-34058-4542,Case-48,VIABLE_TUMOR,1,C:\Users\enkso\.kiro\crew\scratch\runtime-0a306834\osteopatch_full_ingestion\tiffs\Case-48-P5-C22-34058-4542.tiff,PASS,True
Case-48-P5-C22-41496-16304,Case-48,VIABLE_TUMOR,1,C:\Users\enkso\.kiro\crew\scratch\runtime-0a306834\osteopatch_full_ingestion\tiffs\Case-48-P5-C22-41496-16304.tiff,PASS,True
Case-48-P5-C22-45202-17053,Case-48,VIABLE_TUMOR,1,C:\Users\enkso\.kiro\crew\scratch\runtime-0a306834\osteopatch_full_ingestion\tiffs\Case-48-P5-C22-45202-17053.tiff,PASS,True
Case-48-P5-C22-45260-4742,Case-48,VIABLE_TUMOR,1,C:\Users\enkso\.kiro\crew\scratch\runtime-0a306834\osteopatch_full_ingestion\tiffs\Case-48-P5-C22-45260-4742.tiff,PASS,True
Case-48-P5-C22-45517-9307,Case-48,VIABLE_TUMOR,1,C:\Users\enkso\.kiro\crew\scratch\runtime-0a306834\osteopatch_full_ingestion\tiffs\Case-48-P5-C22-45517-9307.tiff,PASS,True
Case-48-P5-C22-45776-7378,Case-48,VIABLE_TUMOR,1,C:\Users\enkso\.kiro\crew\scratch\runtime-0a306834\osteopatch_full_ingestion\tiffs\Case-48-P5-C22-45776-7378.tiff,PASS,True
Case-48-P5-C22-45824-16584,Case-48,VIABLE_TUMOR,1,C:\Users\enkso\.kiro\crew\scratch\runtime-0a306834\osteopatch_full_ingestion\tiffs\Case-48-P5-C22-45824-16584.tiff,PASS,True
Case-48-P5-C22-46134-22320,Case-48,VIABLE_TUMOR,1,C:\Users\enkso\.kiro\crew\scratch\runtime-0a306834\osteopatch_full_ingestion\tiffs\Case-48-P5-C22-46134-22320.tiff,PASS,True
Case-48-P5-C22-46689-25261,Case-48,VIABLE_TUMOR,1,C:\Users\enkso\.kiro\crew\scratch\runtime-0a306834\osteopatch_full_ingestion\tiffs\Case-48-P5-C22-46689-25261.tiff,PASS,True
Case-48-P5-C22-47843-3919,Case-48,VIABLE_TUMOR,1,C:\Users\enkso\.kiro\crew\scratch\runtime-0a306834\osteopatch_full_ingestion\tiffs\Case-48-P5-C22-47843-3919.tiff,PASS,True
Case-48-P5-C22-48383-3948,Case-48,VIABLE_TUMOR,1,C:\Users\enkso\.kiro\crew\scratch\runtime-0a306834\osteopatch_full_ingestion\tiffs\Case-48-P5-C22-48383-3948.tiff,PASS,True
Case-48-P5-C22-51881-12030,Case-48,VIABLE_TUMOR,1,C:\Users\enkso\.kiro\crew\scratch\runtime-0a306834\osteopatch_full_ingestion\tiffs\Case-48-P5-C22-51881-12030.tiff,PASS,True
Case-48-P5-C23-15409-20333,Case-48,VIABLE_TUMOR,1,C:\Users\enkso\.kiro\crew\scratch\runtime-0a306834\osteopatch_full_ingestion\tiffs\Case-48-P5-C23-15409-20333.tiff,PASS,True
Case-48-P5-C23-18472-17481,Case-48,VIABLE_TUMOR,1,C:\Users\enkso\.kiro\crew\scratch\runtime-0a306834\osteopatch_full_ingestion\tiffs\Case-48-P5-C23-18472-17481.tiff,PASS,True
Case-48-P5-C23-19579-22034,Case-48,VIABLE_TUMOR,1,C:\Users\enkso\.kiro\crew\scratch\runtime-0a306834\osteopatch_full_ingestion\tiffs\Case-48-P5-C23-19579-22034.tiff,PASS,True
Case-48-P5-C23-23240-21386,Case-48,VIABLE_TUMOR,1,C:\Users\enkso\.kiro\crew\scratch\runtime-0a306834\osteopatch_full_ingestion\tiffs\Case-48-P5-C23-23240-21386.tiff,PASS,True
Case-48-P5-C23-27501-16553,Case-48,VIABLE_TUMOR,1,C:\Users\enkso\.kiro\crew\scratch\runtime-0a306834\osteopatch_full_ingestion\tiffs\Case-48-P5-C23-27501-16553.tiff,PASS,True
Case-48-P5-C23-28780-10637,Case-48,VIABLE_TUMOR,1,C:\Users\enkso\.kiro\crew\scratch\runtime-0a306834\osteopatch_full_ingestion\tiffs\Case-48-P5-C23-28780-10637.tiff,PASS,True
Case-48-P5-C23-29641-13214,Case-48,VIABLE_TUMOR,1,C:\Users\enkso\.kiro\crew\scratch\runtime-0a306834\osteopatch_full_ingestion\tiffs\Case-48-P5-C23-29641-13214.tiff,PASS,True
Case-48-P5-C23-29743-6511,Case-48,VIABLE_TUMOR,1,C:\Users\enkso\.kiro\crew\scratch\runtime-0a306834\osteopatch_full_ingestion\tiffs\Case-48-P5-C23-29743-6511.tiff,PASS,True
Case-48-P5-C23-33786-5204,Case-48,VIABLE_TUMOR,1,C:\Users\enkso\.kiro\crew\scratch\runtime-0a306834\osteopatch_full_ingestion\tiffs\Case-48-P5-C23-33786-5204.tiff,PASS,True
Case-48-P5-C23-34741-19829,Case-48,VIABLE_TUMOR,1,C:\Users\enkso\.kiro\crew\scratch\runtime-0a306834\osteopatch_full_ingestion\tiffs\Case-48-P5-C23-34741-19829.tiff,PASS,True
Case-48-P5-C23-36139-19852,Case-48,VIABLE_TUMOR,1,C:\Users\enkso\.kiro\crew\scratch\runtime-0a306834\osteopatch_full_ingestion\tiffs\Case-48-P5-C23-36139-19852.tiff,PASS,True
Case-48-P5-C23-36214-9904,Case-48,VIABLE_TUMOR,1,C:\Users\enkso\.kiro\crew\scratch\runtime-0a306834\osteopatch_full_ingestion\tiffs\Case-48-P5-C23-36214-9904.tiff,PASS,True
Case-48-P5-C23-37489-18137,Case-48,VIABLE_TUMOR,1,C:\Users\enkso\.kiro\crew\scratch\runtime-0a306834\osteopatch_full_ingestion\tiffs\Case-48-P5-C23-37489-18137.tiff,PASS,True
Case-48-P5-C23-37654-23879,Case-48,VIABLE_TUMOR,1,C:\Users\enkso\.kiro\crew\scratch\runtime-0a306834\osteopatch_full_ingestion\tiffs\Case-48-P5-C23-37654-23879.tiff,PASS,True
Case-48-P5-C23-45260-15418,Case-48,VIABLE_TUMOR,1,C:\Users\enkso\.kiro\crew\scratch\runtime-0a306834\osteopatch_full_ingestion\tiffs\Case-48-P5-C23-45260-15418.tiff,PASS,True
Case-48-P5-C23-47543-18036,Case-48,VIABLE_TUMOR,1,C:\Users\enkso\.kiro\crew\scratch\runtime-0a306834\osteopatch_full_ingestion\tiffs\Case-48-P5-C23-47543-18036.tiff,PASS,True
Case-48-P5-C23-49586-9920,Case-48,VIABLE_TUMOR,1,C:\Users\enkso\.kiro\crew\scratch\runtime-0a306834\osteopatch_full_ingestion\tiffs\Case-48-P5-C23-49586-9920.tiff,PASS,True
Case-48-P5-C23-54011-19464,Case-48,VIABLE_TUMOR,1,C:\Users\enkso\.kiro\crew\scratch\runtime-0a306834\osteopatch_full_ingestion\tiffs\Case-48-P5-C23-54011-19464.tiff,PASS,True
Case-48-P5-C13-24121-14200,Case-48,NECROSIS,2,C:\Users\enkso\.kiro\crew\scratch\runtime-0a306834\osteopatch_full_ingestion\tiffs\Case-48-P5-C13-24121-14200.tiff,PASS,True
Case-48-P5-C13-46592-17295,Case-48,NECROSIS,2,C:\Users\enkso\.kiro\crew\scratch\runtime-0a306834\osteopatch_full_ingestion\tiffs\Case-48-P5-C13-46592-17295.tiff,PASS,True
P9-B11-10159-22267,P9,NON_TUMOR,0,C:\Users\enkso\.kiro\crew\scratch\runtime-0a306834\osteopatch_full_ingestion\tiffs\P9-B11-10159-22267.tiff,PASS,True
P9-B11-10954-27548,P9,NON_TUMOR,0,C:\Users\enkso\.kiro\crew\scratch\runtime-0a306834\osteopatch_full_ingestion\tiffs\P9-B11-10954-27548.tiff,PASS,True
P9-B11-11002-19483,P9,NON_TUMOR,0,C:\Users\enkso\.kiro\crew\scratch\runtime-0a306834\osteopatch_full_ingestion\tiffs\P9-B11-11002-19483.tiff,PASS,True
P9-B11-14643-10873,P9,NON_TUMOR,0,C:\Users\enkso\.kiro\crew\scratch\runtime-0a306834\osteopatch_full_ingestion\tiffs\P9-B11-14643-10873.tiff,PASS,True
P9-B11-16073-4565,P9,NON_TUMOR,0,C:\Users\enkso\.kiro\crew\scratch\runtime-0a306834\osteopatch_full_ingestion\tiffs\P9-B11-16073-4565.tiff,PASS,True
P9-B11-16083-27658,P9,NON_TUMOR,0,C:\Users\enkso\.kiro\crew\scratch\runtime-0a306834\osteopatch_full_ingestion\tiffs\P9-B11-16083-27658.tiff,PASS,True
P9-B11-16430-12424,P9,NON_TUMOR,0,C:\Users\enkso\.kiro\crew\scratch\runtime-0a306834\osteopatch_full_ingestion\tiffs\P9-B11-16430-12424.tiff,PASS,True
P9-B11-16749-7610,P9,NON_TUMOR,0,C:\Users\enkso\.kiro\crew\scratch\runtime-0a306834\osteopatch_full_ingestion\tiffs\P9-B11-16749-7610.tiff,PASS,True
P9-B11-16810-24014,P9,NON_TUMOR,0,C:\Users\enkso\.kiro\crew\scratch\runtime-0a306834\osteopatch_full_ingestion\tiffs\P9-B11-16810-24014.tiff,PASS,True
P9-B11-18148-24277,P9,NON_TUMOR,0,C:\Users\enkso\.kiro\crew\scratch\runtime-0a306834\osteopatch_full_ingestion\tiffs\P9-B11-18148-24277.tiff,PASS,True
P9-B11-19719-21996,P9,NON_TUMOR,0,C:\Users\enkso\.kiro\crew\scratch\runtime-0a306834\osteopatch_full_ingestion\tiffs\P9-B11-19719-21996.tiff,PASS,True
P9-B11-20225-12843,P9,NON_TUMOR,0,C:\Users\enkso\.kiro\crew\scratch\runtime-0a306834\osteopatch_full_ingestion\tiffs\P9-B11-20225-12843.tiff,PASS,True
P9-B11-21394-5645,P9,NON_TUMOR,0,C:\Users\enkso\.kiro\crew\scratch\runtime-0a306834\osteopatch_full_ingestion\tiffs\P9-B11-21394-5645.tiff,PASS,True
P9-B11-26303-28482,P9,NON_TUMOR,0,C:\Users\enkso\.kiro\crew\scratch\runtime-0a306834\osteopatch_full_ingestion\tiffs\P9-B11-26303-28482.tiff,PASS,True
P9-B11-26308-7596,P9,NON_TUMOR,0,C:\Users\enkso\.kiro\crew\scratch\runtime-0a306834\osteopatch_full_ingestion\tiffs\P9-B11-26308-7596.tiff,PASS,True
P9-B11-26343-18701,P9,NON_TUMOR,0,C:\Users\enkso\.kiro\crew\scratch\runtime-0a306834\osteopatch_full_ingestion\tiffs\P9-B11-26343-18701.tiff,PASS,True
P9-B11-26402-13634,P9,NON_TUMOR,0,C:\Users\enkso\.kiro\crew\scratch\runtime-0a306834\osteopatch_full_ingestion\tiffs\P9-B11-26402-13634.tiff,PASS,True
P9-B11-29902-13822,P9,NON_TUMOR,0,C:\Users\enkso\.kiro\crew\scratch\runtime-0a306834\osteopatch_full_ingestion\tiffs\P9-B11-29902-13822.tiff,PASS,True
P9-B11-30287-7531,P9,NON_TUMOR,0,C:\Users\enkso\.kiro\crew\scratch\runtime-0a306834\osteopatch_full_ingestion\tiffs\P9-B11-30287-7531.tiff,PASS,True
P9-B11-34379-16878,P9,NON_TUMOR,0,C:\Users\enkso\.kiro\crew\scratch\runtime-0a306834\osteopatch_full_ingestion\tiffs\P9-B11-34379-16878.tiff,PASS,True
P9-B11-35942-19663,P9,NON_TUMOR,0,C:\Users\enkso\.kiro\crew\scratch\runtime-0a306834\osteopatch_full_ingestion\tiffs\P9-B11-35942-19663.tiff,PASS,True
P9-B11-5522-26247,P9,NON_TUMOR,0,C:\Users\enkso\.kiro\crew\scratch\runtime-0a306834\osteopatch_full_ingestion\tiffs\P9-B11-5522-26247.tiff,PASS,True
P9-B11-6871-31252,P9,NON_TUMOR,0,C:\Users\enkso\.kiro\crew\scratch\runtime-0a306834\osteopatch_full_ingestion\tiffs\P9-B11-6871-31252.tiff,PASS,True
P9-B12-10654-27260,P9,NON_TUMOR,0,C:\Users\enkso\.kiro\crew\scratch\runtime-0a306834\osteopatch_full_ingestion\tiffs\P9-B12-10654-27260.tiff,PASS,True
P9-B12-10806-33872,P9,NON_TUMOR,0,C:\Users\enkso\.kiro\crew\scratch\runtime-0a306834\osteopatch_full_ingestion\tiffs\P9-B12-10806-33872.tiff,PASS,True
P9-B12-13935-21508,P9,NON_TUMOR,0,C:\Users\enkso\.kiro\crew\scratch\runtime-0a306834\osteopatch_full_ingestion\tiffs\P9-B12-13935-21508.tiff,PASS,True
P9-B12-14125-15905,P9,NON_TUMOR,0,C:\Users\enkso\.kiro\crew\scratch\runtime-0a306834\osteopatch_full_ingestion\tiffs\P9-B12-14125-15905.tiff,PASS,True
P9-B12-1528-19097,P9,NON_TUMOR,0,C:\Users\enkso\.kiro\crew\scratch\runtime-0a306834\osteopatch_full_ingestion\tiffs\P9-B12-1528-19097.tiff,PASS,True
P9-B12-15791-34183,P9,NON_TUMOR,0,C:\Users\enkso\.kiro\crew\scratch\runtime-0a306834\osteopatch_full_ingestion\tiffs\P9-B12-15791-34183.tiff,PASS,True
P9-B12-16016-24828,P9,NON_TUMOR,0,C:\Users\enkso\.kiro\crew\scratch\runtime-0a306834\osteopatch_full_ingestion\tiffs\P9-B12-16016-24828.tiff,PASS,True
P9-B12-16205-18441,P9,NON_TUMOR,0,C:\Users\enkso\.kiro\crew\scratch\runtime-0a306834\osteopatch_full_ingestion\tiffs\P9-B12-16205-18441.tiff,PASS,True
P9-B12-16776-15675,P9,NON_TUMOR,0,C:\Users\enkso\.kiro\crew\scratch\runtime-0a306834\osteopatch_full_ingestion\tiffs\P9-B12-16776-15675.tiff,PASS,True
P9-B12-16864-22190,P9,NON_TUMOR,0,C:\Users\enkso\.kiro\crew\scratch\runtime-0a306834\osteopatch_full_ingestion\tiffs\P9-B12-16864-22190.tiff,PASS,True
P9-B12-17951-15665,P9,NON_TUMOR,0,C:\Users\enkso\.kiro\crew\scratch\runtime-0a306834\osteopatch_full_ingestion\tiffs\P9-B12-17951-15665.tiff,PASS,True
P9-B12-18729-28478,P9,NON_TUMOR,0,C:\Users\enkso\.kiro\crew\scratch\runtime-0a306834\osteopatch_full_ingestion\tiffs\P9-B12-18729-28478.tiff,PASS,True
P9-B12-21385-26109,P9,NON_TUMOR,0,C:\Users\enkso\.kiro\crew\scratch\runtime-0a306834\osteopatch_full_ingestion\tiffs\P9-B12-21385-26109.tiff,PASS,True
P9-B12-22760-3440,P9,NON_TUMOR,0,C:\Users\enkso\.kiro\crew\scratch\runtime-0a306834\osteopatch_full_ingestion\tiffs\P9-B12-22760-3440.tiff,PASS,True
P9-B12-22944-25112,P9,NON_TUMOR,0,C:\Users\enkso\.kiro\crew\scratch\runtime-0a306834\osteopatch_full_ingestion\tiffs\P9-B12-22944-25112.tiff,PASS,True
P9-B12-23055-29024,P9,NON_TUMOR,0,C:\Users\enkso\.kiro\crew\scratch\runtime-0a306834\osteopatch_full_ingestion\tiffs\P9-B12-23055-29024.tiff,PASS,True
P9-B12-23537-5923,P9,NON_TUMOR,0,C:\Users\enkso\.kiro\crew\scratch\runtime-0a306834\osteopatch_full_ingestion\tiffs\P9-B12-23537-5923.tiff,PASS,True
P9-B12-25916-5462,P9,NON_TUMOR,0,C:\Users\enkso\.kiro\crew\scratch\runtime-0a306834\osteopatch_full_ingestion\tiffs\P9-B12-25916-5462.tiff,PASS,True
P9-B12-27373-27674,P9,NON_TUMOR,0,C:\Users\enkso\.kiro\crew\scratch\runtime-0a306834\osteopatch_full_ingestion\tiffs\P9-B12-27373-27674.tiff,PASS,True
P9-B12-29086-24068,P9,NON_TUMOR,0,C:\Users\enkso\.kiro\crew\scratch\runtime-0a306834\osteopatch_full_ingestion\tiffs\P9-B12-29086-24068.tiff,PASS,True
P9-B12-29972-10692,P9,NON_TUMOR,0,C:\Users\enkso\.kiro\crew\scratch\runtime-0a306834\osteopatch_full_ingestion\tiffs\P9-B12-29972-10692.tiff,PASS,True
P9-B12-30756-25977,P9,NON_TUMOR,0,C:\Users\enkso\.kiro\crew\scratch\runtime-0a306834\osteopatch_full_ingestion\tiffs\P9-B12-30756-25977.tiff,PASS,True
P9-B12-30770-23009,P9,NON_TUMOR,0,C:\Users\enkso\.kiro\crew\scratch\runtime-0a306834\osteopatch_full_ingestion\tiffs\P9-B12-30770-23009.tiff,PASS,True
P9-B12-31177-18166,P9,NON_TUMOR,0,C:\Users\enkso\.kiro\crew\scratch\runtime-0a306834\osteopatch_full_ingestion\tiffs\P9-B12-31177-18166.tiff,PASS,True
P9-B12-33745-16087,P9,NON_TUMOR,0,C:\Users\enkso\.kiro\crew\scratch\runtime-0a306834\osteopatch_full_ingestion\tiffs\P9-B12-33745-16087.tiff,PASS,True
P9-B12-7286-14751,P9,NON_TUMOR,0,C:\Users\enkso\.kiro\crew\scratch\runtime-0a306834\osteopatch_full_ingestion\tiffs\P9-B12-7286-14751.tiff,PASS,True
P9-B12-7917-18432,P9,NON_TUMOR,0,C:\Users\enkso\.kiro\crew\scratch\runtime-0a306834\osteopatch_full_ingestion\tiffs\P9-B12-7917-18432.tiff,PASS,True
P9-B27-12460-16377,P9,NON_TUMOR,0,C:\Users\enkso\.kiro\crew\scratch\runtime-0a306834\osteopatch_full_ingestion\tiffs\P9-B27-12460-16377.tiff,PASS,True
P9-B27-14462-34695,P9,NON_TUMOR,0,C:\Users\enkso\.kiro\crew\scratch\runtime-0a306834\osteopatch_full_ingestion\tiffs\P9-B27-14462-34695.tiff,PASS,True
P9-B27-16009-8612,P9,NON_TUMOR,0,C:\Users\enkso\.kiro\crew\scratch\runtime-0a306834\osteopatch_full_ingestion\tiffs\P9-B27-16009-8612.tiff,PASS,True
P9-B27-17480-8356,P9,NON_TUMOR,0,C:\Users\enkso\.kiro\crew\scratch\runtime-0a306834\osteopatch_full_ingestion\tiffs\P9-B27-17480-8356.tiff,PASS,True
P9-B27-20395-30971,P9,NON_TUMOR,0,C:\Users\enkso\.kiro\crew\scratch\runtime-0a306834\osteopatch_full_ingestion\tiffs\P9-B27-20395-30971.tiff,PASS,True
P9-B27-20913-9107,P9,NON_TUMOR,0,C:\Users\enkso\.kiro\crew\scratch\runtime-0a306834\osteopatch_full_ingestion\tiffs\P9-B27-20913-9107.tiff,PASS,True
P9-B27-22893-27985,P9,NON_TUMOR,0,C:\Users\enkso\.kiro\crew\scratch\runtime-0a306834\osteopatch_full_ingestion\tiffs\P9-B27-22893-27985.tiff,PASS,True
P9-B27-23402-16368,P9,NON_TUMOR,0,C:\Users\enkso\.kiro\crew\scratch\runtime-0a306834\osteopatch_full_ingestion\tiffs\P9-B27-23402-16368.tiff,PASS,True
P9-B27-24181-31257,P9,NON_TUMOR,0,C:\Users\enkso\.kiro\crew\scratch\runtime-0a306834\osteopatch_full_ingestion\tiffs\P9-B27-24181-31257.tiff,PASS,True
P9-B27-24733-4169,P9,NON_TUMOR,0,C:\Users\enkso\.kiro\crew\scratch\runtime-0a306834\osteopatch_full_ingestion\tiffs\P9-B27-24733-4169.tiff,PASS,True
P9-B27-25164-29040,P9,NON_TUMOR,0,C:\Users\enkso\.kiro\crew\scratch\runtime-0a306834\osteopatch_full_ingestion\tiffs\P9-B27-25164-29040.tiff,PASS,True
P9-B27-25739-23378,P9,NON_TUMOR,0,C:\Users\enkso\.kiro\crew\scratch\runtime-0a306834\osteopatch_full_ingestion\tiffs\P9-B27-25739-23378.tiff,PASS,True
P9-B27-26731-20410,P9,NON_TUMOR,0,C:\Users\enkso\.kiro\crew\scratch\runtime-0a306834\osteopatch_full_ingestion\tiffs\P9-B27-26731-20410.tiff,PASS,True
P9-B27-26824-12635,P9,NON_TUMOR,0,C:\Users\enkso\.kiro\crew\scratch\runtime-0a306834\osteopatch_full_ingestion\tiffs\P9-B27-26824-12635.tiff,PASS,True
P9-B27-29220-27404,P9,NON_TUMOR,0,C:\Users\enkso\.kiro\crew\scratch\runtime-0a306834\osteopatch_full_ingestion\tiffs\P9-B27-29220-27404.tiff,PASS,True
P9-B27-3237-19787,P9,NON_TUMOR,0,C:\Users\enkso\.kiro\crew\scratch\runtime-0a306834\osteopatch_full_ingestion\tiffs\P9-B27-3237-19787.tiff,PASS,True
P9-B27-32593-22757,P9,NON_TUMOR,0,C:\Users\enkso\.kiro\crew\scratch\runtime-0a306834\osteopatch_full_ingestion\tiffs\P9-B27-32593-22757.tiff,PASS,True
P9-B27-32861-24034,P9,NON_TUMOR,0,C:\Users\enkso\.kiro\crew\scratch\runtime-0a306834\osteopatch_full_ingestion\tiffs\P9-B27-32861-24034.tiff,PASS,True
P9-B27-33859-19909,P9,NON_TUMOR,0,C:\Users\enkso\.kiro\crew\scratch\runtime-0a306834\osteopatch_full_ingestion\tiffs\P9-B27-33859-19909.tiff,PASS,True
P9-B27-4044-15408,P9,NON_TUMOR,0,C:\Users\enkso\.kiro\crew\scratch\runtime-0a306834\osteopatch_full_ingestion\tiffs\P9-B27-4044-15408.tiff,PASS,True
P9-B27-7490-21036,P9,NON_TUMOR,0,C:\Users\enkso\.kiro\crew\scratch\runtime-0a306834\osteopatch_full_ingestion\tiffs\P9-B27-7490-21036.tiff,PASS,True
P9-B27-7514-15190,P9,NON_TUMOR,0,C:\Users\enkso\.kiro\crew\scratch\runtime-0a306834\osteopatch_full_ingestion\tiffs\P9-B27-7514-15190.tiff,PASS,True
P9-B27-8203-28059,P9,NON_TUMOR,0,C:\Users\enkso\.kiro\crew\scratch\runtime-0a306834\osteopatch_full_ingestion\tiffs\P9-B27-8203-28059.tiff,PASS,True
P9-B27-9346-28187,P9,NON_TUMOR,0,C:\Users\enkso\.kiro\crew\scratch\runtime-0a306834\osteopatch_full_ingestion\tiffs\P9-B27-9346-28187.tiff,PASS,True
P9-B28-11013-9554,P9,NON_TUMOR,0,C:\Users\enkso\.kiro\crew\scratch\runtime-0a306834\osteopatch_full_ingestion\tiffs\P9-B28-11013-9554.tiff,PASS,True
P9-B28-11927-9548,P9,NON_TUMOR,0,C:\Users\enkso\.kiro\crew\scratch\runtime-0a306834\osteopatch_full_ingestion\tiffs\P9-B28-11927-9548.tiff,PASS,True
P9-B28-12901-5993,P9,NON_TUMOR,0,C:\Users\enkso\.kiro\crew\scratch\runtime-0a306834\osteopatch_full_ingestion\tiffs\P9-B28-12901-5993.tiff,PASS,True
P9-B28-14182-7718,P9,NON_TUMOR,0,C:\Users\enkso\.kiro\crew\scratch\runtime-0a306834\osteopatch_full_ingestion\tiffs\P9-B28-14182-7718.tiff,PASS,True
P9-B28-14508-11698,P9,NON_TUMOR,0,C:\Users\enkso\.kiro\crew\scratch\runtime-0a306834\osteopatch_full_ingestion\tiffs\P9-B28-14508-11698.tiff,PASS,True
P9-B28-14987-29631,P9,NON_TUMOR,0,C:\Users\enkso\.kiro\crew\scratch\runtime-0a306834\osteopatch_full_ingestion\tiffs\P9-B28-14987-29631.tiff,PASS,True
P9-B28-15374-32337,P9,NON_TUMOR,0,C:\Users\enkso\.kiro\crew\scratch\runtime-0a306834\osteopatch_full_ingestion\tiffs\P9-B28-15374-32337.tiff,PASS,True
P9-B28-15856-19913,P9,NON_TUMOR,0,C:\Users\enkso\.kiro\crew\scratch\runtime-0a306834\osteopatch_full_ingestion\tiffs\P9-B28-15856-19913.tiff,PASS,True
P9-B28-17157-16037,P9,NON_TUMOR,0,C:\Users\enkso\.kiro\crew\scratch\runtime-0a306834\osteopatch_full_ingestion\tiffs\P9-B28-17157-16037.tiff,PASS,True
P9-B28-18049-26737,P9,NON_TUMOR,0,C:\Users\enkso\.kiro\crew\scratch\runtime-0a306834\osteopatch_full_ingestion\tiffs\P9-B28-18049-26737.tiff,PASS,True
P9-B28-19864-33157,P9,NON_TUMOR,0,C:\Users\enkso\.kiro\crew\scratch\runtime-0a306834\osteopatch_full_ingestion\tiffs\P9-B28-19864-33157.tiff,PASS,True
P9-B28-22141-15533,P9,NON_TUMOR,0,C:\Users\enkso\.kiro\crew\scratch\runtime-0a306834\osteopatch_full_ingestion\tiffs\P9-B28-22141-15533.tiff,PASS,True
P9-B28-22294-32166,P9,NON_TUMOR,0,C:\Users\enkso\.kiro\crew\scratch\runtime-0a306834\osteopatch_full_ingestion\tiffs\P9-B28-22294-32166.tiff,PASS,True
P9-B28-23153-16435,P9,NON_TUMOR,0,C:\Users\enkso\.kiro\crew\scratch\runtime-0a306834\osteopatch_full_ingestion\tiffs\P9-B28-23153-16435.tiff,PASS,True
P9-B28-23691-19742,P9,NON_TUMOR,0,C:\Users\enkso\.kiro\crew\scratch\runtime-0a306834\osteopatch_full_ingestion\tiffs\P9-B28-23691-19742.tiff,PASS,True
P9-B28-25314-10006,P9,NON_TUMOR,0,C:\Users\enkso\.kiro\crew\scratch\runtime-0a306834\osteopatch_full_ingestion\tiffs\P9-B28-25314-10006.tiff,PASS,True
P9-B28-26096-29717,P9,NON_TUMOR,0,C:\Users\enkso\.kiro\crew\scratch\runtime-0a306834\osteopatch_full_ingestion\tiffs\P9-B28-26096-29717.tiff,PASS,True
P9-B28-26855-15884,P9,NON_TUMOR,0,C:\Users\enkso\.kiro\crew\scratch\runtime-0a306834\osteopatch_full_ingestion\tiffs\P9-B28-26855-15884.tiff,PASS,True
P9-B28-27408-11967,P9,NON_TUMOR,0,C:\Users\enkso\.kiro\crew\scratch\runtime-0a306834\osteopatch_full_ingestion\tiffs\P9-B28-27408-11967.tiff,PASS,True
P9-B28-30940-15637,P9,NON_TUMOR,0,C:\Users\enkso\.kiro\crew\scratch\runtime-0a306834\osteopatch_full_ingestion\tiffs\P9-B28-30940-15637.tiff,PASS,True
P9-B28-31159-9949,P9,NON_TUMOR,0,C:\Users\enkso\.kiro\crew\scratch\runtime-0a306834\osteopatch_full_ingestion\tiffs\P9-B28-31159-9949.tiff,PASS,True
P9-B28-34690-20420,P9,NON_TUMOR,0,C:\Users\enkso\.kiro\crew\scratch\runtime-0a306834\osteopatch_full_ingestion\tiffs\P9-B28-34690-20420.tiff,PASS,True
P9-B28-4455-17128,P9,NON_TUMOR,0,C:\Users\enkso\.kiro\crew\scratch\runtime-0a306834\osteopatch_full_ingestion\tiffs\P9-B28-4455-17128.tiff,PASS,True
P9-B28-4816-22317,P9,NON_TUMOR,0,C:\Users\enkso\.kiro\crew\scratch\runtime-0a306834\osteopatch_full_ingestion\tiffs\P9-B28-4816-22317.tiff,PASS,True
P9-B28-6717-20778,P9,NON_TUMOR,0,C:\Users\enkso\.kiro\crew\scratch\runtime-0a306834\osteopatch_full_ingestion\tiffs\P9-B28-6717-20778.tiff,PASS,True
P9-B28-8403-19923,P9,NON_TUMOR,0,C:\Users\enkso\.kiro\crew\scratch\runtime-0a306834\osteopatch_full_ingestion\tiffs\P9-B28-8403-19923.tiff,PASS,True
P9-B34-10616-22327,P9,NON_TUMOR,0,C:\Users\enkso\.kiro\crew\scratch\runtime-0a306834\osteopatch_full_ingestion\tiffs\P9-B34-10616-22327.tiff,PASS,True
P9-B34-11480-15755,P9,NON_TUMOR,0,C:\Users\enkso\.kiro\crew\scratch\runtime-0a306834\osteopatch_full_ingestion\tiffs\P9-B34-11480-15755.tiff,PASS,True
P9-B34-12550-21771,P9,NON_TUMOR,0,C:\Users\enkso\.kiro\crew\scratch\runtime-0a306834\osteopatch_full_ingestion\tiffs\P9-B34-12550-21771.tiff,PASS,True
P9-B34-17628-29682,P9,NON_TUMOR,0,C:\Users\enkso\.kiro\crew\scratch\runtime-0a306834\osteopatch_full_ingestion\tiffs\P9-B34-17628-29682.tiff,PASS,True
P9-B34-18605-6878,P9,NON_TUMOR,0,C:\Users\enkso\.kiro\crew\scratch\runtime-0a306834\osteopatch_full_ingestion\tiffs\P9-B34-18605-6878.tiff,PASS,True
P9-B34-22138-14146,P9,NON_TUMOR,0,C:\Users\enkso\.kiro\crew\scratch\runtime-0a306834\osteopatch_full_ingestion\tiffs\P9-B34-22138-14146.tiff,PASS,True
P9-B34-22505-3850,P9,NON_TUMOR,0,C:\Users\enkso\.kiro\crew\scratch\runtime-0a306834\osteopatch_full_ingestion\tiffs\P9-B34-22505-3850.tiff,PASS,True
P9-B34-22773-28922,P9,NON_TUMOR,0,C:\Users\enkso\.kiro\crew\scratch\runtime-0a306834\osteopatch_full_ingestion\tiffs\P9-B34-22773-28922.tiff,PASS,True
P9-B34-23472-28061,P9,NON_TUMOR,0,C:\Users\enkso\.kiro\crew\scratch\runtime-0a306834\osteopatch_full_ingestion\tiffs\P9-B34-23472-28061.tiff,PASS,True
P9-B34-24112-27360,P9,NON_TUMOR,0,C:\Users\enkso\.kiro\crew\scratch\runtime-0a306834\osteopatch_full_ingestion\tiffs\P9-B34-24112-27360.tiff,PASS,True
P9-B34-24786-29238,P9,NON_TUMOR,0,C:\Users\enkso\.kiro\crew\scratch\runtime-0a306834\osteopatch_full_ingestion\tiffs\P9-B34-24786-29238.tiff,PASS,True
P9-B34-24972-14320,P9,NON_TUMOR,0,C:\Users\enkso\.kiro\crew\scratch\runtime-0a306834\osteopatch_full_ingestion\tiffs\P9-B34-24972-14320.tiff,PASS,True
P9-B34-25704-20109,P9,NON_TUMOR,0,C:\Users\enkso\.kiro\crew\scratch\runtime-0a306834\osteopatch_full_ingestion\tiffs\P9-B34-25704-20109.tiff,PASS,True
P9-B34-26276-21044,P9,NON_TUMOR,0,C:\Users\enkso\.kiro\crew\scratch\runtime-0a306834\osteopatch_full_ingestion\tiffs\P9-B34-26276-21044.tiff,PASS,True
P9-B34-26396-10641,P9,NON_TUMOR,0,C:\Users\enkso\.kiro\crew\scratch\runtime-0a306834\osteopatch_full_ingestion\tiffs\P9-B34-26396-10641.tiff,PASS,True
P9-B34-29602-19976,P9,NON_TUMOR,0,C:\Users\enkso\.kiro\crew\scratch\runtime-0a306834\osteopatch_full_ingestion\tiffs\P9-B34-29602-19976.tiff,PASS,True
P9-B34-29961-25751,P9,NON_TUMOR,0,C:\Users\enkso\.kiro\crew\scratch\runtime-0a306834\osteopatch_full_ingestion\tiffs\P9-B34-29961-25751.tiff,PASS,True
P9-B34-31502-20976,P9,NON_TUMOR,0,C:\Users\enkso\.kiro\crew\scratch\runtime-0a306834\osteopatch_full_ingestion\tiffs\P9-B34-31502-20976.tiff,PASS,True
P9-B34-32214-14627,P9,NON_TUMOR,0,C:\Users\enkso\.kiro\crew\scratch\runtime-0a306834\osteopatch_full_ingestion\tiffs\P9-B34-32214-14627.tiff,PASS,True
P9-B34-34830-24344,P9,NON_TUMOR,0,C:\Users\enkso\.kiro\crew\scratch\runtime-0a306834\osteopatch_full_ingestion\tiffs\P9-B34-34830-24344.tiff,PASS,True
P9-B34-4804-20458,P9,NON_TUMOR,0,C:\Users\enkso\.kiro\crew\scratch\runtime-0a306834\osteopatch_full_ingestion\tiffs\P9-B34-4804-20458.tiff,PASS,True
P9-B34-5389-15014,P9,NON_TUMOR,0,C:\Users\enkso\.kiro\crew\scratch\runtime-0a306834\osteopatch_full_ingestion\tiffs\P9-B34-5389-15014.tiff,PASS,True
P9-B34-8114-26748,P9,NON_TUMOR,0,C:\Users\enkso\.kiro\crew\scratch\runtime-0a306834\osteopatch_full_ingestion\tiffs\P9-B34-8114-26748.tiff,PASS,True
P9-B34-8718-30889,P9,NON_TUMOR,0,C:\Users\enkso\.kiro\crew\scratch\runtime-0a306834\osteopatch_full_ingestion\tiffs\P9-B34-8718-30889.tiff,PASS,True
P9-B35-12438-25674,P9,NON_TUMOR,0,C:\Users\enkso\.kiro\crew\scratch\runtime-0a306834\osteopatch_full_ingestion\tiffs\P9-B35-12438-25674.tiff,PASS,True
P9-B35-12815-12096,P9,NON_TUMOR,0,C:\Users\enkso\.kiro\crew\scratch\runtime-0a306834\osteopatch_full_ingestion\tiffs\P9-B35-12815-12096.tiff,PASS,True
P9-B35-14505-12348,P9,NON_TUMOR,0,C:\Users\enkso\.kiro\crew\scratch\runtime-0a306834\osteopatch_full_ingestion\tiffs\P9-B35-14505-12348.tiff,PASS,True
P9-B35-15021-9557,P9,NON_TUMOR,0,C:\Users\enkso\.kiro\crew\scratch\runtime-0a306834\osteopatch_full_ingestion\tiffs\P9-B35-15021-9557.tiff,PASS,True
P9-B35-15208-10297,P9,NON_TUMOR,0,C:\Users\enkso\.kiro\crew\scratch\runtime-0a306834\osteopatch_full_ingestion\tiffs\P9-B35-15208-10297.tiff,PASS,True
P9-B35-16551-24506,P9,NON_TUMOR,0,C:\Users\enkso\.kiro\crew\scratch\runtime-0a306834\osteopatch_full_ingestion\tiffs\P9-B35-16551-24506.tiff,PASS,True
P9-B35-16877-31247,P9,NON_TUMOR,0,C:\Users\enkso\.kiro\crew\scratch\runtime-0a306834\osteopatch_full_ingestion\tiffs\P9-B35-16877-31247.tiff,PASS,True
P9-B35-17883-27584,P9,NON_TUMOR,0,C:\Users\enkso\.kiro\crew\scratch\runtime-0a306834\osteopatch_full_ingestion\tiffs\P9-B35-17883-27584.tiff,PASS,True
P9-B35-19533-30395,P9,NON_TUMOR,0,C:\Users\enkso\.kiro\crew\scratch\runtime-0a306834\osteopatch_full_ingestion\tiffs\P9-B35-19533-30395.tiff,PASS,True
P9-B35-22735-12061,P9,NON_TUMOR,0,C:\Users\enkso\.kiro\crew\scratch\runtime-0a306834\osteopatch_full_ingestion\tiffs\P9-B35-22735-12061.tiff,PASS,True
P9-B35-24085-20586,P9,NON_TUMOR,0,C:\Users\enkso\.kiro\crew\scratch\runtime-0a306834\osteopatch_full_ingestion\tiffs\P9-B35-24085-20586.tiff,PASS,True
P9-B35-24179-20080,P9,NON_TUMOR,0,C:\Users\enkso\.kiro\crew\scratch\runtime-0a306834\osteopatch_full_ingestion\tiffs\P9-B35-24179-20080.tiff,PASS,True
P9-B35-24524-30984,P9,NON_TUMOR,0,C:\Users\enkso\.kiro\crew\scratch\runtime-0a306834\osteopatch_full_ingestion\tiffs\P9-B35-24524-30984.tiff,PASS,True
P9-B35-24706-27321,P9,NON_TUMOR,0,C:\Users\enkso\.kiro\crew\scratch\runtime-0a306834\osteopatch_full_ingestion\tiffs\P9-B35-24706-27321.tiff,PASS,True
P9-B35-25420-14360,P9,NON_TUMOR,0,C:\Users\enkso\.kiro\crew\scratch\runtime-0a306834\osteopatch_full_ingestion\tiffs\P9-B35-25420-14360.tiff,PASS,True
P9-B35-26037-23313,P9,NON_TUMOR,0,C:\Users\enkso\.kiro\crew\scratch\runtime-0a306834\osteopatch_full_ingestion\tiffs\P9-B35-26037-23313.tiff,PASS,True
P9-B35-26526-8068,P9,NON_TUMOR,0,C:\Users\enkso\.kiro\crew\scratch\runtime-0a306834\osteopatch_full_ingestion\tiffs\P9-B35-26526-8068.tiff,PASS,True
P9-B35-32599-17175,P9,NON_TUMOR,0,C:\Users\enkso\.kiro\crew\scratch\runtime-0a306834\osteopatch_full_ingestion\tiffs\P9-B35-32599-17175.tiff,PASS,True
P9-B35-37035-24678,P9,NON_TUMOR,0,C:\Users\enkso\.kiro\crew\scratch\runtime-0a306834\osteopatch_full_ingestion\tiffs\P9-B35-37035-24678.tiff,PASS,True
P9-B35-4389-24585,P9,NON_TUMOR,0,C:\Users\enkso\.kiro\crew\scratch\runtime-0a306834\osteopatch_full_ingestion\tiffs\P9-B35-4389-24585.tiff,PASS,True
P9-B35-6618-26202,P9,NON_TUMOR,0,C:\Users\enkso\.kiro\crew\scratch\runtime-0a306834\osteopatch_full_ingestion\tiffs\P9-B35-6618-26202.tiff,PASS,True
P9-B35-8377-19050,P9,NON_TUMOR,0,C:\Users\enkso\.kiro\crew\scratch\runtime-0a306834\osteopatch_full_ingestion\tiffs\P9-B35-8377-19050.tiff,PASS,True
P9-B6-10488-27683,P9,NON_TUMOR,0,C:\Users\enkso\.kiro\crew\scratch\runtime-0a306834\osteopatch_full_ingestion\tiffs\P9-B6-10488-27683.tiff,PASS,True
P9-B6-11153-24729,P9,NON_TUMOR,0,C:\Users\enkso\.kiro\crew\scratch\runtime-0a306834\osteopatch_full_ingestion\tiffs\P9-B6-11153-24729.tiff,PASS,True
P9-B6-15408-27469,P9,NON_TUMOR,0,C:\Users\enkso\.kiro\crew\scratch\runtime-0a306834\osteopatch_full_ingestion\tiffs\P9-B6-15408-27469.tiff,PASS,True
P9-B6-17176-31590,P9,NON_TUMOR,0,C:\Users\enkso\.kiro\crew\scratch\runtime-0a306834\osteopatch_full_ingestion\tiffs\P9-B6-17176-31590.tiff,PASS,True
P9-B6-17918-19733,P9,NON_TUMOR,0,C:\Users\enkso\.kiro\crew\scratch\runtime-0a306834\osteopatch_full_ingestion\tiffs\P9-B6-17918-19733.tiff,PASS,True
P9-B6-18080-13972,P9,NON_TUMOR,0,C:\Users\enkso\.kiro\crew\scratch\runtime-0a306834\osteopatch_full_ingestion\tiffs\P9-B6-18080-13972.tiff,PASS,True
P9-B6-18107-15557,P9,NON_TUMOR,0,C:\Users\enkso\.kiro\crew\scratch\runtime-0a306834\osteopatch_full_ingestion\tiffs\P9-B6-18107-15557.tiff,PASS,True
P9-B6-18722-31321,P9,NON_TUMOR,0,C:\Users\enkso\.kiro\crew\scratch\runtime-0a306834\osteopatch_full_ingestion\tiffs\P9-B6-18722-31321.tiff,PASS,True
P9-B6-19328-19600,P9,NON_TUMOR,0,C:\Users\enkso\.kiro\crew\scratch\runtime-0a306834\osteopatch_full_ingestion\tiffs\P9-B6-19328-19600.tiff,PASS,True
P9-B6-19704-3257,P9,NON_TUMOR,0,C:\Users\enkso\.kiro\crew\scratch\runtime-0a306834\osteopatch_full_ingestion\tiffs\P9-B6-19704-3257.tiff,PASS,True
P9-B6-19992-23631,P9,NON_TUMOR,0,C:\Users\enkso\.kiro\crew\scratch\runtime-0a306834\osteopatch_full_ingestion\tiffs\P9-B6-19992-23631.tiff,PASS,True
P9-B6-20458-6118,P9,NON_TUMOR,0,C:\Users\enkso\.kiro\crew\scratch\runtime-0a306834\osteopatch_full_ingestion\tiffs\P9-B6-20458-6118.tiff,PASS,True
P9-B6-22762-13561,P9,NON_TUMOR,0,C:\Users\enkso\.kiro\crew\scratch\runtime-0a306834\osteopatch_full_ingestion\tiffs\P9-B6-22762-13561.tiff,PASS,True
P9-B6-23023-20652,P9,NON_TUMOR,0,C:\Users\enkso\.kiro\crew\scratch\runtime-0a306834\osteopatch_full_ingestion\tiffs\P9-B6-23023-20652.tiff,PASS,True
P9-B6-23209-22319,P9,NON_TUMOR,0,C:\Users\enkso\.kiro\crew\scratch\runtime-0a306834\osteopatch_full_ingestion\tiffs\P9-B6-23209-22319.tiff,PASS,True
P9-B6-24779-30011,P9,NON_TUMOR,0,C:\Users\enkso\.kiro\crew\scratch\runtime-0a306834\osteopatch_full_ingestion\tiffs\P9-B6-24779-30011.tiff,PASS,True
P9-B6-25039-13328,P9,NON_TUMOR,0,C:\Users\enkso\.kiro\crew\scratch\runtime-0a306834\osteopatch_full_ingestion\tiffs\P9-B6-25039-13328.tiff,PASS,True
P9-B6-27036-22226,P9,NON_TUMOR,0,C:\Users\enkso\.kiro\crew\scratch\runtime-0a306834\osteopatch_full_ingestion\tiffs\P9-B6-27036-22226.tiff,PASS,True
P9-B6-29196-14072,P9,NON_TUMOR,0,C:\Users\enkso\.kiro\crew\scratch\runtime-0a306834\osteopatch_full_ingestion\tiffs\P9-B6-29196-14072.tiff,PASS,True
P9-B6-6130-23430,P9,NON_TUMOR,0,C:\Users\enkso\.kiro\crew\scratch\runtime-0a306834\osteopatch_full_ingestion\tiffs\P9-B6-6130-23430.tiff,PASS,True
P9-B6-7024-29103,P9,NON_TUMOR,0,C:\Users\enkso\.kiro\crew\scratch\runtime-0a306834\osteopatch_full_ingestion\tiffs\P9-B6-7024-29103.tiff,PASS,True
P9-B6-9887-18682,P9,NON_TUMOR,0,C:\Users\enkso\.kiro\crew\scratch\runtime-0a306834\osteopatch_full_ingestion\tiffs\P9-B6-9887-18682.tiff,PASS,True
P9-B7-10723-33887,P9,NON_TUMOR,0,C:\Users\enkso\.kiro\crew\scratch\runtime-0a306834\osteopatch_full_ingestion\tiffs\P9-B7-10723-33887.tiff,PASS,True
P9-B7-13277-26914,P9,NON_TUMOR,0,C:\Users\enkso\.kiro\crew\scratch\runtime-0a306834\osteopatch_full_ingestion\tiffs\P9-B7-13277-26914.tiff,PASS,True
P9-B7-13453-27559,P9,NON_TUMOR,0,C:\Users\enkso\.kiro\crew\scratch\runtime-0a306834\osteopatch_full_ingestion\tiffs\P9-B7-13453-27559.tiff,PASS,True
P9-B7-14699-28544,P9,NON_TUMOR,0,C:\Users\enkso\.kiro\crew\scratch\runtime-0a306834\osteopatch_full_ingestion\tiffs\P9-B7-14699-28544.tiff,PASS,True
P9-B7-17432-9890,P9,NON_TUMOR,0,C:\Users\enkso\.kiro\crew\scratch\runtime-0a306834\osteopatch_full_ingestion\tiffs\P9-B7-17432-9890.tiff,PASS,True
P9-B7-17824-13368,P9,NON_TUMOR,0,C:\Users\enkso\.kiro\crew\scratch\runtime-0a306834\osteopatch_full_ingestion\tiffs\P9-B7-17824-13368.tiff,PASS,True
P9-B7-21432-27614,P9,NON_TUMOR,0,C:\Users\enkso\.kiro\crew\scratch\runtime-0a306834\osteopatch_full_ingestion\tiffs\P9-B7-21432-27614.tiff,PASS,True
P9-B7-21767-26717,P9,NON_TUMOR,0,C:\Users\enkso\.kiro\crew\scratch\runtime-0a306834\osteopatch_full_ingestion\tiffs\P9-B7-21767-26717.tiff,PASS,True
P9-B7-22066-28200,P9,NON_TUMOR,0,C:\Users\enkso\.kiro\crew\scratch\runtime-0a306834\osteopatch_full_ingestion\tiffs\P9-B7-22066-28200.tiff,PASS,True
P9-B7-23277-6246,P9,NON_TUMOR,0,C:\Users\enkso\.kiro\crew\scratch\runtime-0a306834\osteopatch_full_ingestion\tiffs\P9-B7-23277-6246.tiff,PASS,True
P9-B7-23373-11741,P9,NON_TUMOR,0,C:\Users\enkso\.kiro\crew\scratch\runtime-0a306834\osteopatch_full_ingestion\tiffs\P9-B7-23373-11741.tiff,PASS,True
P9-B7-24872-12722,P9,NON_TUMOR,0,C:\Users\enkso\.kiro\crew\scratch\runtime-0a306834\osteopatch_full_ingestion\tiffs\P9-B7-24872-12722.tiff,PASS,True
P9-B7-26719-8006,P9,NON_TUMOR,0,C:\Users\enkso\.kiro\crew\scratch\runtime-0a306834\osteopatch_full_ingestion\tiffs\P9-B7-26719-8006.tiff,PASS,True
P9-B7-27737-7637,P9,NON_TUMOR,0,C:\Users\enkso\.kiro\crew\scratch\runtime-0a306834\osteopatch_full_ingestion\tiffs\P9-B7-27737-7637.tiff,PASS,True
P9-B7-27830-11834,P9,NON_TUMOR,0,C:\Users\enkso\.kiro\crew\scratch\runtime-0a306834\osteopatch_full_ingestion\tiffs\P9-B7-27830-11834.tiff,PASS,True
P9-B7-31436-18746,P9,NON_TUMOR,0,C:\Users\enkso\.kiro\crew\scratch\runtime-0a306834\osteopatch_full_ingestion\tiffs\P9-B7-31436-18746.tiff,PASS,True
P9-B7-32198-19590,P9,NON_TUMOR,0,C:\Users\enkso\.kiro\crew\scratch\runtime-0a306834\osteopatch_full_ingestion\tiffs\P9-B7-32198-19590.tiff,PASS,True
P9-B7-35456-21995,P9,NON_TUMOR,0,C:\Users\enkso\.kiro\crew\scratch\runtime-0a306834\osteopatch_full_ingestion\tiffs\P9-B7-35456-21995.tiff,PASS,True
P9-B7-3806-21832,P9,NON_TUMOR,0,C:\Users\enkso\.kiro\crew\scratch\runtime-0a306834\osteopatch_full_ingestion\tiffs\P9-B7-3806-21832.tiff,PASS,True
P9-B7-5454-29446,P9,NON_TUMOR,0,C:\Users\enkso\.kiro\crew\scratch\runtime-0a306834\osteopatch_full_ingestion\tiffs\P9-B7-5454-29446.tiff,PASS,True
P9-B7-6105-28215,P9,NON_TUMOR,0,C:\Users\enkso\.kiro\crew\scratch\runtime-0a306834\osteopatch_full_ingestion\tiffs\P9-B7-6105-28215.tiff,PASS,True
P9-B7-7568-14821,P9,NON_TUMOR,0,C:\Users\enkso\.kiro\crew\scratch\runtime-0a306834\osteopatch_full_ingestion\tiffs\P9-B7-7568-14821.tiff,PASS,True
P9-B7-8325-33733,P9,NON_TUMOR,0,C:\Users\enkso\.kiro\crew\scratch\runtime-0a306834\osteopatch_full_ingestion\tiffs\P9-B7-8325-33733.tiff,PASS,True
