image_id,source_group,true_label,pred_label,score_NON_TUMOR,score_VIABLE_TUMOR,score_NECROSIS,outer_fold,model_id
Case-3-A10-10547-25283,Case-3,NON_TUMOR,NECROSIS,0.208037,0.25368,0.538284,Case-3,g4-logo-baseline-seed42::fold_Case-3
Case-3-A10-10566-40206,Case-3,NON_TUMOR,NON_TUMOR,0.957865,0.041896,0.000239,Case-3,g4-logo-baseline-seed42::fold_Case-3
Case-3-A10-13444-20223,Case-3,NON_TUMOR,VIABLE_TUMOR,0.264315,0.729482,0.006203,Case-3,g4-logo-baseline-seed42::fold_Case-3
Case-3-A10-14507-37285,Case-3,NON_TUMOR,NON_TUMOR,0.975207,0.023532,0.001261,Case-3,g4-logo-baseline-seed42::fold_Case-3
Case-3-A10-14726-26052,Case-3,NON_TUMOR,NON_TUMOR,0.870855,0.019443,0.109702,Case-3,g4-logo-baseline-seed42::fold_Case-3
Case-3-A10-3671-14840,Case-3,NON_TUMOR,NON_TUMOR,0.814931,0.182315,0.002753,Case-3,g4-logo-baseline-seed42::fold_Case-3
Case-3-A10-43563-32168,Case-3,NON_TUMOR,NON_TUMOR,0.969997,0.011416,0.018587,Case-3,g4-logo-baseline-seed42::fold_Case-3
Case-3-A10-6162-33852,Case-3,NON_TUMOR,NON_TUMOR,0.993284,0.005444,0.001272,Case-3,g4-logo-baseline-seed42::fold_Case-3
Case-3-A10-6747-12959,Case-3,NON_TUMOR,VIABLE_TUMOR,0.113647,0.515133,0.37122,Case-3,g4-logo-baseline-seed42::fold_Case-3
Case-3-A10-6935-14250,Case-3,NON_TUMOR,VIABLE_TUMOR,0.081315,0.902758,0.015927,Case-3,g4-logo-baseline-seed42::fold_Case-3
Case-3-A10-9695-39638,Case-3,NON_TUMOR,NON_TUMOR,0.878217,0.120707,0.001076,Case-3,g4-logo-baseline-seed42::fold_Case-3
Case-3-A12-14795-35402,Case-3,NON_TUMOR,NON_TUMOR,0.764743,0.18382,0.051437,Case-3,g4-logo-baseline-seed42::fold_Case-3
Case-3-A12-17700-32032,Case-3,NON_TUMOR,NON_TUMOR,0.995708,0.00384,0.000452,Case-3,g4-logo-baseline-seed42::fold_Case-3
Case-3-A12-3094-27426,Case-3,NON_TUMOR,VIABLE_TUMOR,0.332198,0.571493,0.096309,Case-3,g4-logo-baseline-seed42::fold_Case-3
Case-3-A12-3218-15469,Case-3,NON_TUMOR,NON_TUMOR,0.777195,0.14539,0.077415,Case-3,g4-logo-baseline-seed42::fold_Case-3
Case-3-A12-34294-35557,Case-3,NON_TUMOR,NON_TUMOR,0.899529,0.040275,0.060195,Case-3,g4-logo-baseline-seed42::fold_Case-3
Case-3-A12-38883-35759,Case-3,NON_TUMOR,NON_TUMOR,0.952693,0.002357,0.044951,Case-3,g4-logo-baseline-seed42::fold_Case-3
Case-3-A12-4590-32528,Case-3,NON_TUMOR,NON_TUMOR,0.998942,0.001004,5.4e-05,Case-3,g4-logo-baseline-seed42::fold_Case-3
Case-3-A13-18067-22685,Case-3,NON_TUMOR,NON_TUMOR,0.634389,0.073695,0.291915,Case-3,g4-logo-baseline-seed42::fold_Case-3
Case-3-A13-18373-28000,Case-3,NON_TUMOR,NECROSIS,0.147912,0.008707,0.843381,Case-3,g4-logo-baseline-seed42::fold_Case-3
Case-3-A13-25714-32133,Case-3,NON_TUMOR,NON_TUMOR,0.977868,0.019958,0.002174,Case-3,g4-logo-baseline-seed42::fold_Case-3
Case-3-A13-3967-28506,Case-3,NON_TUMOR,VIABLE_TUMOR,0.23331,0.763244,0.003446,Case-3,g4-logo-baseline-seed42::fold_Case-3
Case-3-A13-5020-19174,Case-3,NON_TUMOR,NON_TUMOR,0.768939,0.230493,0.000568,Case-3,g4-logo-baseline-seed42::fold_Case-3
Case-3-A13-6266-11957,Case-3,NON_TUMOR,NECROSIS,0.431181,0.050655,0.518164,Case-3,g4-logo-baseline-seed42::fold_Case-3
Case-3-A13-6749-8498,Case-3,NON_TUMOR,NECROSIS,0.044013,0.098219,0.857767,Case-3,g4-logo-baseline-seed42::fold_Case-3
Case-3-A13-8917-22529,Case-3,NON_TUMOR,VIABLE_TUMOR,0.347421,0.442656,0.209923,Case-3,g4-logo-baseline-seed42::fold_Case-3
Case-3-A13-9953-21807,Case-3,NON_TUMOR,NON_TUMOR,0.906133,0.036884,0.056983,Case-3,g4-logo-baseline-seed42::fold_Case-3
Case-3-A14-10618-25632,Case-3,NON_TUMOR,VIABLE_TUMOR,0.039166,0.885829,0.075004,Case-3,g4-logo-baseline-seed42::fold_Case-3
Case-3-A14-16152-29957,Case-3,NON_TUMOR,NON_TUMOR,0.958809,0.02901,0.012181,Case-3,g4-logo-baseline-seed42::fold_Case-3
Case-3-A14-31044-35995,Case-3,NON_TUMOR,NON_TUMOR,0.85748,0.030591,0.111929,Case-3,g4-logo-baseline-seed42::fold_Case-3
Case-3-A14-34677-35228,Case-3,NON_TUMOR,NON_TUMOR,0.709505,0.052452,0.238043,Case-3,g4-logo-baseline-seed42::fold_Case-3
Case-3-A14-35691-34445,Case-3,NON_TUMOR,NON_TUMOR,0.789802,0.023135,0.187062,Case-3,g4-logo-baseline-seed42::fold_Case-3
Case-3-A14-39989-31599,Case-3,NON_TUMOR,NON_TUMOR,0.998573,0.000921,0.000506,Case-3,g4-logo-baseline-seed42::fold_Case-3
Case-3-A14-44682-31013,Case-3,NON_TUMOR,NON_TUMOR,0.966008,0.030762,0.00323,Case-3,g4-logo-baseline-seed42::fold_Case-3
Case-3-A14-7460-21553,Case-3,NON_TUMOR,NON_TUMOR,0.872557,0.124025,0.003418,Case-3,g4-logo-baseline-seed42::fold_Case-3
Case-3-A15-10555-31474,Case-3,NON_TUMOR,NON_TUMOR,0.994774,0.003446,0.00178,Case-3,g4-logo-baseline-seed42::fold_Case-3
Case-3-A15-11584-17031,Case-3,NON_TUMOR,NON_TUMOR,0.672634,0.028152,0.299214,Case-3,g4-logo-baseline-seed42::fold_Case-3
Case-3-A15-13769-20416,Case-3,NON_TUMOR,NON_TUMOR,0.515102,0.479875,0.005023,Case-3,g4-logo-baseline-seed42::fold_Case-3
Case-3-A15-17017-30243,Case-3,NON_TUMOR,NON_TUMOR,0.995895,0.003564,0.000541,Case-3,g4-logo-baseline-seed42::fold_Case-3
Case-3-A15-18345-32676,Case-3,NON_TUMOR,NON_TUMOR,0.997833,0.000853,0.001314,Case-3,g4-logo-baseline-seed42::fold_Case-3
Case-3-A15-19473-25342,Case-3,NON_TUMOR,NECROSIS,0.167457,0.163644,0.668899,Case-3,g4-logo-baseline-seed42::fold_Case-3
Case-3-A15-27719-34322,Case-3,NON_TUMOR,NON_TUMOR,0.979059,0.008965,0.011976,Case-3,g4-logo-baseline-seed42::fold_Case-3
Case-3-A15-28616-30170,Case-3,NON_TUMOR,NON_TUMOR,0.998881,0.000832,0.000287,Case-3,g4-logo-baseline-seed42::fold_Case-3
Case-3-A15-2939-11262,Case-3,NON_TUMOR,NECROSIS,0.103214,0.178892,0.717894,Case-3,g4-logo-baseline-seed42::fold_Case-3
Case-3-A15-37036-30140,Case-3,NON_TUMOR,NON_TUMOR,0.990574,0.006166,0.00326,Case-3,g4-logo-baseline-seed42::fold_Case-3
Case-3-A15-3785-32371,Case-3,NON_TUMOR,NON_TUMOR,0.983954,0.015029,0.001017,Case-3,g4-logo-baseline-seed42::fold_Case-3
Case-3-A15-6063-36714,Case-3,NON_TUMOR,NECROSIS,0.257891,0.336967,0.405142,Case-3,g4-logo-baseline-seed42::fold_Case-3
Case-3-A15-6568-18811,Case-3,NON_TUMOR,NON_TUMOR,0.783287,0.210274,0.006439,Case-3,g4-logo-baseline-seed42::fold_Case-3
Case-3-A16-12207-22669,Case-3,NON_TUMOR,NON_TUMOR,0.979633,0.018894,0.001473,Case-3,g4-logo-baseline-seed42::fold_Case-3
Case-3-A16-12872-19040,Case-3,NON_TUMOR,NECROSIS,0.440193,0.031931,0.527876,Case-3,g4-logo-baseline-seed42::fold_Case-3
Case-3-A16-6841-16910,Case-3,NON_TUMOR,NON_TUMOR,0.482719,0.248656,0.268625,Case-3,g4-logo-baseline-seed42::fold_Case-3
Case-3-A16-7295-31391,Case-3,NON_TUMOR,NON_TUMOR,0.977813,0.011253,0.010935,Case-3,g4-logo-baseline-seed42::fold_Case-3
Case-3-A16-9134-12603,Case-3,NON_TUMOR,NON_TUMOR,0.508457,0.036712,0.454832,Case-3,g4-logo-baseline-seed42::fold_Case-3
Case-3-A17-12247-30984,Case-3,NON_TUMOR,NON_TUMOR,0.973232,0.020053,0.006715,Case-3,g4-logo-baseline-seed42::fold_Case-3
Case-3-A17-13333-19421,Case-3,NON_TUMOR,NECROSIS,0.314248,0.169908,0.515844,Case-3,g4-logo-baseline-seed42::fold_Case-3
Case-3-A17-14482-34987,Case-3,NON_TUMOR,NON_TUMOR,0.985065,0.00361,0.011325,Case-3,g4-logo-baseline-seed42::fold_Case-3
Case-3-A17-15765-20926,Case-3,NON_TUMOR,NECROSIS,0.214663,0.016924,0.768413,Case-3,g4-logo-baseline-seed42::fold_Case-3
Case-3-A17-18662-24877,Case-3,NON_TUMOR,NON_TUMOR,0.932734,0.024198,0.043068,Case-3,g4-logo-baseline-seed42::fold_Case-3
Case-3-A17-27836-33168,Case-3,NON_TUMOR,NON_TUMOR,0.996683,0.001963,0.001354,Case-3,g4-logo-baseline-seed42::fold_Case-3
Case-3-A17-44121-29500,Case-3,NON_TUMOR,NON_TUMOR,0.965522,0.028449,0.00603,Case-3,g4-logo-baseline-seed42::fold_Case-3
Case-3-A17-5652-20182,Case-3,NON_TUMOR,NON_TUMOR,0.99225,0.006852,0.000899,Case-3,g4-logo-baseline-seed42::fold_Case-3
Case-3-A17-7799-34542,Case-3,NON_TUMOR,NON_TUMOR,0.995545,0.004123,0.000333,Case-3,g4-logo-baseline-seed42::fold_Case-3
Case-3-A17-8146-19462,Case-3,NON_TUMOR,NON_TUMOR,0.562686,0.407572,0.029742,Case-3,g4-logo-baseline-seed42::fold_Case-3
Case-3-A18-11012-16647,Case-3,NON_TUMOR,NON_TUMOR,0.7445,0.112048,0.143452,Case-3,g4-logo-baseline-seed42::fold_Case-3
Case-3-A18-13866-37377,Case-3,NON_TUMOR,NON_TUMOR,0.984322,0.013312,0.002366,Case-3,g4-logo-baseline-seed42::fold_Case-3
Case-3-A18-19765-24396,Case-3,NON_TUMOR,NON_TUMOR,0.908999,0.078631,0.012369,Case-3,g4-logo-baseline-seed42::fold_Case-3
Case-3-A18-19927-30678,Case-3,NON_TUMOR,NON_TUMOR,0.988059,0.00671,0.005232,Case-3,g4-logo-baseline-seed42::fold_Case-3
Case-3-A18-3816-24060,Case-3,NON_TUMOR,NON_TUMOR,0.990755,0.009083,0.000161,Case-3,g4-logo-baseline-seed42::fold_Case-3
Case-3-A18-41302-32324,Case-3,NON_TUMOR,NON_TUMOR,0.940846,0.025037,0.034117,Case-3,g4-logo-baseline-seed42::fold_Case-3
Case-3-A18-6551-37204,Case-3,NON_TUMOR,NECROSIS,0.386717,0.056968,0.556314,Case-3,g4-logo-baseline-seed42::fold_Case-3
Case-3-A18-9303-23566,Case-3,NON_TUMOR,NON_TUMOR,0.770122,0.103639,0.126239,Case-3,g4-logo-baseline-seed42::fold_Case-3
Case-3-A18-9709-20966,Case-3,NON_TUMOR,NON_TUMOR,0.901522,0.051013,0.047465,Case-3,g4-logo-baseline-seed42::fold_Case-3
Case-3-A18-9712-32113,Case-3,NON_TUMOR,NON_TUMOR,0.998642,0.000729,0.000629,Case-3,g4-logo-baseline-seed42::fold_Case-3
Case-3-A7-10464-40567,Case-3,NON_TUMOR,NON_TUMOR,0.930404,0.069098,0.000498,Case-3,g4-logo-baseline-seed42::fold_Case-3
Case-3-A7-12689-31503,Case-3,NON_TUMOR,NON_TUMOR,0.996552,0.001913,0.001535,Case-3,g4-logo-baseline-seed42::fold_Case-3
Case-3-A7-12921-34202,Case-3,NON_TUMOR,NON_TUMOR,0.992575,0.002543,0.004882,Case-3,g4-logo-baseline-seed42::fold_Case-3
Case-3-A7-13460-33035,Case-3,NON_TUMOR,NON_TUMOR,0.986983,0.002992,0.010025,Case-3,g4-logo-baseline-seed42::fold_Case-3
Case-3-A7-14113-31320,Case-3,NON_TUMOR,NON_TUMOR,0.9882,0.006701,0.005099,Case-3,g4-logo-baseline-seed42::fold_Case-3
Case-3-A7-16948-19208,Case-3,NON_TUMOR,VIABLE_TUMOR,0.102765,0.496322,0.400912,Case-3,g4-logo-baseline-seed42::fold_Case-3
Case-3-A7-29290-29183,Case-3,NON_TUMOR,NON_TUMOR,0.99564,0.003856,0.000503,Case-3,g4-logo-baseline-seed42::fold_Case-3
Case-3-A7-34476-34669,Case-3,NON_TUMOR,NON_TUMOR,0.55833,0.006671,0.434998,Case-3,g4-logo-baseline-seed42::fold_Case-3
Case-3-A7-36958-32140,Case-3,NON_TUMOR,NON_TUMOR,0.987443,0.011707,0.00085,Case-3,g4-logo-baseline-seed42::fold_Case-3
Case-3-A7-3774-28397,Case-3,NON_TUMOR,VIABLE_TUMOR,0.245913,0.750706,0.003382,Case-3,g4-logo-baseline-seed42::fold_Case-3
Case-3-A7-40281-28771,Case-3,NON_TUMOR,NON_TUMOR,0.985068,0.013179,0.001753,Case-3,g4-logo-baseline-seed42::fold_Case-3
Case-3-A7-5014-31757,Case-3,NON_TUMOR,NON_TUMOR,0.990679,0.009094,0.000227,Case-3,g4-logo-baseline-seed42::fold_Case-3
Case-3-A7-8126-12734,Case-3,NON_TUMOR,VIABLE_TUMOR,0.082601,0.752626,0.164772,Case-3,g4-logo-baseline-seed42::fold_Case-3
Case-3-A8-10396-34864,Case-3,NON_TUMOR,NON_TUMOR,0.993649,0.002383,0.003968,Case-3,g4-logo-baseline-seed42::fold_Case-3
Case-3-A8-11491-21160,Case-3,NON_TUMOR,NON_TUMOR,0.899228,0.066062,0.03471,Case-3,g4-logo-baseline-seed42::fold_Case-3
Case-3-A8-14916-20753,Case-3,NON_TUMOR,NON_TUMOR,0.547318,0.007057,0.445626,Case-3,g4-logo-baseline-seed42::fold_Case-3
Case-3-A8-17308-25507,Case-3,NON_TUMOR,NON_TUMOR,0.583567,0.01097,0.405463,Case-3,g4-logo-baseline-seed42::fold_Case-3
Case-3-A8-17525-23399,Case-3,NON_TUMOR,NON_TUMOR,0.905262,0.011313,0.083424,Case-3,g4-logo-baseline-seed42::fold_Case-3
Case-3-A8-17777-30759,Case-3,NON_TUMOR,NON_TUMOR,0.995433,0.00442,0.000147,Case-3,g4-logo-baseline-seed42::fold_Case-3
Case-3-A8-21347-28454,Case-3,NON_TUMOR,NECROSIS,0.127725,0.068416,0.80386,Case-3,g4-logo-baseline-seed42::fold_Case-3
Case-3-A8-28656-29882,Case-3,NON_TUMOR,NON_TUMOR,0.999403,0.000343,0.000254,Case-3,g4-logo-baseline-seed42::fold_Case-3
Case-3-A8-8347-14021,Case-3,NON_TUMOR,VIABLE_TUMOR,0.31399,0.623631,0.06238,Case-3,g4-logo-baseline-seed42::fold_Case-3
Case-3-A12-37374-17669,Case-3,VIABLE_TUMOR,NECROSIS,0.008497,0.044482,0.947021,Case-3,g4-logo-baseline-seed42::fold_Case-3
Case-3-A12-37793-17155,Case-3,VIABLE_TUMOR,VIABLE_TUMOR,0.007956,0.648788,0.343255,Case-3,g4-logo-baseline-seed42::fold_Case-3
Case-3-A14-37149-17859,Case-3,VIABLE_TUMOR,NECROSIS,0.010067,0.057097,0.932835,Case-3,g4-logo-baseline-seed42::fold_Case-3
Case-3-A10-14813-24100,Case-3,NECROSIS,NECROSIS,0.281628,0.107124,0.611248,Case-3,g4-logo-baseline-seed42::fold_Case-3
Case-3-A10-17206-19249,Case-3,NECROSIS,NECROSIS,0.159615,0.3054,0.534985,Case-3,g4-logo-baseline-seed42::fold_Case-3
Case-3-A10-19799-5772,Case-3,NECROSIS,NECROSIS,0.022871,0.279749,0.69738,Case-3,g4-logo-baseline-seed42::fold_Case-3
Case-3-A10-25071-24159,Case-3,NECROSIS,NECROSIS,0.037127,0.054379,0.908494,Case-3,g4-logo-baseline-seed42::fold_Case-3
Case-3-A10-26546-21577,Case-3,NECROSIS,NECROSIS,0.314457,0.084039,0.601504,Case-3,g4-logo-baseline-seed42::fold_Case-3
Case-3-A10-26935-6593,Case-3,NECROSIS,NECROSIS,0.020236,0.086718,0.893046,Case-3,g4-logo-baseline-seed42::fold_Case-3
Case-3-A10-28110-17616,Case-3,NECROSIS,NECROSIS,0.004374,0.007587,0.988039,Case-3,g4-logo-baseline-seed42::fold_Case-3
Case-3-A10-28463-9497,Case-3,NECROSIS,NECROSIS,0.056075,0.024965,0.918959,Case-3,g4-logo-baseline-seed42::fold_Case-3
Case-3-A10-32184-17317,Case-3,NECROSIS,NECROSIS,0.004565,0.033141,0.962294,Case-3,g4-logo-baseline-seed42::fold_Case-3
Case-3-A10-33239-2811,Case-3,NECROSIS,VIABLE_TUMOR,0.01364,0.836837,0.149523,Case-3,g4-logo-baseline-seed42::fold_Case-3
Case-3-A10-37695-6276,Case-3,NECROSIS,NECROSIS,0.068561,0.364377,0.567063,Case-3,g4-logo-baseline-seed42::fold_Case-3
Case-3-A10-42682-16878,Case-3,NECROSIS,NECROSIS,0.004728,0.009469,0.985803,Case-3,g4-logo-baseline-seed42::fold_Case-3
Case-3-A10-43205-4260,Case-3,NECROSIS,NECROSIS,0.242745,0.017024,0.740231,Case-3,g4-logo-baseline-seed42::fold_Case-3
Case-3-A10-43279-17240,Case-3,NECROSIS,NECROSIS,0.019736,0.064056,0.916208,Case-3,g4-logo-baseline-seed42::fold_Case-3
Case-3-A10-7101-7481,Case-3,NECROSIS,NECROSIS,0.007401,0.062205,0.930393,Case-3,g4-logo-baseline-seed42::fold_Case-3
Case-3-A12-16067-9053,Case-3,NECROSIS,NECROSIS,0.017626,0.047954,0.93442,Case-3,g4-logo-baseline-seed42::fold_Case-3
Case-3-A12-18156-14343,Case-3,NECROSIS,NECROSIS,0.00474,0.01578,0.97948,Case-3,g4-logo-baseline-seed42::fold_Case-3
Case-3-A12-19907-12559,Case-3,NECROSIS,NECROSIS,0.026139,0.010203,0.963659,Case-3,g4-logo-baseline-seed42::fold_Case-3
Case-3-A12-20939-18996,Case-3,NECROSIS,NECROSIS,0.17217,0.015388,0.812441,Case-3,g4-logo-baseline-seed42::fold_Case-3
Case-3-A12-24008-4724,Case-3,NECROSIS,NECROSIS,0.014119,0.183038,0.802843,Case-3,g4-logo-baseline-seed42::fold_Case-3
Case-3-A12-24626-4413,Case-3,NECROSIS,NECROSIS,0.02034,0.320616,0.659044,Case-3,g4-logo-baseline-seed42::fold_Case-3
Case-3-A12-26266-6931,Case-3,NECROSIS,NECROSIS,0.042627,0.201842,0.755531,Case-3,g4-logo-baseline-seed42::fold_Case-3
Case-3-A12-27307-29117,Case-3,NECROSIS,NON_TUMOR,0.930053,0.035165,0.034782,Case-3,g4-logo-baseline-seed42::fold_Case-3
Case-3-A12-28029-11197,Case-3,NECROSIS,NECROSIS,0.055198,0.128031,0.816771,Case-3,g4-logo-baseline-seed42::fold_Case-3
Case-3-A12-29223-26617,Case-3,NECROSIS,NECROSIS,0.440581,0.037445,0.521973,Case-3,g4-logo-baseline-seed42::fold_Case-3
Case-3-A12-29860-25889,Case-3,NECROSIS,NECROSIS,0.360539,0.045227,0.594234,Case-3,g4-logo-baseline-seed42::fold_Case-3
Case-3-A12-30696-5036,Case-3,NECROSIS,NECROSIS,0.079708,0.025546,0.894746,Case-3,g4-logo-baseline-seed42::fold_Case-3
Case-3-A12-32422-16245,Case-3,NECROSIS,NECROSIS,0.028443,0.039149,0.932408,Case-3,g4-logo-baseline-seed42::fold_Case-3
Case-3-A12-33164-13699,Case-3,NECROSIS,NECROSIS,0.029731,0.004422,0.965846,Case-3,g4-logo-baseline-seed42::fold_Case-3
Case-3-A12-39264-6515,Case-3,NECROSIS,NECROSIS,0.016901,0.10246,0.880639,Case-3,g4-logo-baseline-seed42::fold_Case-3
Case-3-A12-42160-4982,Case-3,NECROSIS,NECROSIS,0.004966,0.001807,0.993226,Case-3,g4-logo-baseline-seed42::fold_Case-3
Case-3-A12-43202-17223,Case-3,NECROSIS,NECROSIS,0.018072,0.075497,0.906431,Case-3,g4-logo-baseline-seed42::fold_Case-3
Case-3-A12-8900-9585,Case-3,NECROSIS,NECROSIS,0.074752,0.074769,0.850478,Case-3,g4-logo-baseline-seed42::fold_Case-3
Case-3-A13-11064-6880,Case-3,NECROSIS,NECROSIS,0.01226,0.043381,0.944358,Case-3,g4-logo-baseline-seed42::fold_Case-3
Case-3-A13-12886-26466,Case-3,NECROSIS,NECROSIS,0.074968,0.20275,0.722282,Case-3,g4-logo-baseline-seed42::fold_Case-3
Case-3-A13-14922-4693,Case-3,NECROSIS,NECROSIS,0.010918,0.003766,0.985316,Case-3,g4-logo-baseline-seed42::fold_Case-3
Case-3-A13-20812-5829,Case-3,NECROSIS,VIABLE_TUMOR,0.020317,0.538666,0.441018,Case-3,g4-logo-baseline-seed42::fold_Case-3
Case-3-A13-23909-10851,Case-3,NECROSIS,NECROSIS,0.016905,0.006456,0.976639,Case-3,g4-logo-baseline-seed42::fold_Case-3
Case-3-A13-25994-9457,Case-3,NECROSIS,NECROSIS,0.065678,0.036616,0.897706,Case-3,g4-logo-baseline-seed42::fold_Case-3
Case-3-A13-26025-19725,Case-3,NECROSIS,NECROSIS,0.088309,0.033741,0.877951,Case-3,g4-logo-baseline-seed42::fold_Case-3
Case-3-A13-26388-12521,Case-3,NECROSIS,NECROSIS,0.041682,0.073537,0.884781,Case-3,g4-logo-baseline-seed42::fold_Case-3
Case-3-A13-29731-5963,Case-3,NECROSIS,NECROSIS,0.022258,0.093439,0.884303,Case-3,g4-logo-baseline-seed42::fold_Case-3
Case-3-A13-30465-16520,Case-3,NECROSIS,NECROSIS,0.035689,0.201777,0.762533,Case-3,g4-logo-baseline-seed42::fold_Case-3
Case-3-A13-30624-3328,Case-3,NECROSIS,NECROSIS,0.020177,0.116225,0.863598,Case-3,g4-logo-baseline-seed42::fold_Case-3
Case-3-A13-32860-19573,Case-3,NECROSIS,NECROSIS,0.008105,0.004941,0.986955,Case-3,g4-logo-baseline-seed42::fold_Case-3
Case-3-A13-33512-19541,Case-3,NECROSIS,NECROSIS,0.011949,0.015637,0.972414,Case-3,g4-logo-baseline-seed42::fold_Case-3
Case-3-A13-35123-3915,Case-3,NECROSIS,VIABLE_TUMOR,0.011075,0.629606,0.359319,Case-3,g4-logo-baseline-seed42::fold_Case-3
Case-3-A13-40883-4236,Case-3,NECROSIS,NECROSIS,0.008342,0.007196,0.984461,Case-3,g4-logo-baseline-seed42::fold_Case-3
Case-3-A13-41207-24818,Case-3,NECROSIS,NECROSIS,0.073164,0.031644,0.895192,Case-3,g4-logo-baseline-seed42::fold_Case-3
Case-3-A14-12561-9880,Case-3,NECROSIS,NECROSIS,0.007899,0.041624,0.950477,Case-3,g4-logo-baseline-seed42::fold_Case-3
Case-3-A14-16417-3901,Case-3,NECROSIS,NECROSIS,0.022578,0.324039,0.653383,Case-3,g4-logo-baseline-seed42::fold_Case-3
Case-3-A14-17915-18084,Case-3,NECROSIS,NECROSIS,0.041711,0.023843,0.934447,Case-3,g4-logo-baseline-seed42::fold_Case-3
Case-3-A14-18021-13552,Case-3,NECROSIS,NECROSIS,0.00701,0.036676,0.956313,Case-3,g4-logo-baseline-seed42::fold_Case-3
Case-3-A14-18644-6337,Case-3,NECROSIS,NECROSIS,0.006123,0.004034,0.989843,Case-3,g4-logo-baseline-seed42::fold_Case-3
Case-3-A14-20876-5533,Case-3,NECROSIS,VIABLE_TUMOR,0.018287,0.731634,0.250079,Case-3,g4-logo-baseline-seed42::fold_Case-3
Case-3-A14-25077-2887,Case-3,NECROSIS,NECROSIS,0.071545,0.067705,0.86075,Case-3,g4-logo-baseline-seed42::fold_Case-3
Case-3-A14-25376-17951,Case-3,NECROSIS,NECROSIS,0.004425,0.046283,0.949292,Case-3,g4-logo-baseline-seed42::fold_Case-3
Case-3-A14-26126-3286,Case-3,NECROSIS,NECROSIS,0.076971,0.041104,0.881925,Case-3,g4-logo-baseline-seed42::fold_Case-3
Case-3-A14-27770-6278,Case-3,NECROSIS,NECROSIS,0.022709,0.056022,0.921269,Case-3,g4-logo-baseline-seed42::fold_Case-3
Case-3-A14-32589-6663,Case-3,NECROSIS,NECROSIS,0.01715,0.047127,0.935723,Case-3,g4-logo-baseline-seed42::fold_Case-3
Case-3-A14-34515-24089,Case-3,NECROSIS,NECROSIS,0.010187,0.025754,0.964059,Case-3,g4-logo-baseline-seed42::fold_Case-3
Case-3-A14-39214-1868,Case-3,NECROSIS,NECROSIS,0.038897,0.082008,0.879096,Case-3,g4-logo-baseline-seed42::fold_Case-3
Case-3-A14-40672-19680,Case-3,NECROSIS,VIABLE_TUMOR,0.009979,0.681456,0.308565,Case-3,g4-logo-baseline-seed42::fold_Case-3
Case-3-A14-4535-11753,Case-3,NECROSIS,NECROSIS,0.111081,0.189351,0.699568,Case-3,g4-logo-baseline-seed42::fold_Case-3
Case-3-A15-12529-2824,Case-3,NECROSIS,NECROSIS,0.033154,0.104596,0.86225,Case-3,g4-logo-baseline-seed42::fold_Case-3
Case-3-A15-16783-7651,Case-3,NECROSIS,NECROSIS,0.004316,0.25352,0.742164,Case-3,g4-logo-baseline-seed42::fold_Case-3
Case-3-A15-19602-20751,Case-3,NECROSIS,NECROSIS,0.252825,0.331803,0.415373,Case-3,g4-logo-baseline-seed42::fold_Case-3
Case-3-A15-25441-4885,Case-3,NECROSIS,NECROSIS,0.051862,0.287427,0.660711,Case-3,g4-logo-baseline-seed42::fold_Case-3
Case-3-A15-29596-14862,Case-3,NECROSIS,NECROSIS,0.01565,0.069351,0.914999,Case-3,g4-logo-baseline-seed42::fold_Case-3
Case-3-A15-31956-20390,Case-3,NECROSIS,NECROSIS,0.016867,0.02694,0.956193,Case-3,g4-logo-baseline-seed42::fold_Case-3
Case-3-A15-32427-21534,Case-3,NECROSIS,NECROSIS,0.012257,0.053902,0.93384,Case-3,g4-logo-baseline-seed42::fold_Case-3
Case-3-A15-32664-16876,Case-3,NECROSIS,NECROSIS,0.009095,0.005541,0.985364,Case-3,g4-logo-baseline-seed42::fold_Case-3
Case-3-A15-34291-15707,Case-3,NECROSIS,NECROSIS,0.029642,0.038641,0.931716,Case-3,g4-logo-baseline-seed42::fold_Case-3
Case-3-A15-34793-16511,Case-3,NECROSIS,NECROSIS,0.010871,0.000894,0.988235,Case-3,g4-logo-baseline-seed42::fold_Case-3
Case-3-A15-38347-25444,Case-3,NECROSIS,NECROSIS,0.103862,0.00889,0.887248,Case-3,g4-logo-baseline-seed42::fold_Case-3
Case-3-A15-41229-4171,Case-3,NECROSIS,NECROSIS,0.00422,0.043982,0.951798,Case-3,g4-logo-baseline-seed42::fold_Case-3
Case-3-A15-4922-2530,Case-3,NECROSIS,NECROSIS,0.052284,0.341555,0.60616,Case-3,g4-logo-baseline-seed42::fold_Case-3
Case-3-A16-15703-4602,Case-3,NECROSIS,VIABLE_TUMOR,0.005507,0.71094,0.283554,Case-3,g4-logo-baseline-seed42::fold_Case-3
Case-3-A16-16526-13063,Case-3,NECROSIS,NECROSIS,0.009306,0.009514,0.98118,Case-3,g4-logo-baseline-seed42::fold_Case-3
Case-3-A16-17478-7786,Case-3,NECROSIS,VIABLE_TUMOR,0.018223,0.586858,0.394919,Case-3,g4-logo-baseline-seed42::fold_Case-3
Case-3-A16-18494-17234,Case-3,NECROSIS,NECROSIS,0.166654,0.034727,0.798619,Case-3,g4-logo-baseline-seed42::fold_Case-3
Case-3-A16-18579-5543,Case-3,NECROSIS,NECROSIS,0.016868,0.409194,0.573938,Case-3,g4-logo-baseline-seed42::fold_Case-3
Case-3-A16-20932-16777,Case-3,NECROSIS,NECROSIS,0.031257,0.053737,0.915006,Case-3,g4-logo-baseline-seed42::fold_Case-3
Case-3-A16-21084-22389,Case-3,NECROSIS,NECROSIS,0.310673,0.031971,0.657357,Case-3,g4-logo-baseline-seed42::fold_Case-3
Case-3-A16-21555-14170,Case-3,NECROSIS,NECROSIS,0.006153,0.059048,0.9348,Case-3,g4-logo-baseline-seed42::fold_Case-3
Case-3-A16-22513-3757,Case-3,NECROSIS,NECROSIS,0.010892,0.167681,0.821427,Case-3,g4-logo-baseline-seed42::fold_Case-3
Case-3-A16-23455-14529,Case-3,NECROSIS,NECROSIS,0.004506,0.004789,0.990705,Case-3,g4-logo-baseline-seed42::fold_Case-3
Case-3-A16-23679-14549,Case-3,NECROSIS,NECROSIS,0.004322,0.006645,0.989033,Case-3,g4-logo-baseline-seed42::fold_Case-3
Case-3-A16-24669-5556,Case-3,NECROSIS,NECROSIS,0.04385,0.066401,0.889749,Case-3,g4-logo-baseline-seed42::fold_Case-3
Case-3-A16-25344-6555,Case-3,NECROSIS,NECROSIS,0.07162,0.270892,0.657488,Case-3,g4-logo-baseline-seed42::fold_Case-3
Case-3-A16-29058-10941,Case-3,NECROSIS,NECROSIS,0.062011,0.175619,0.76237,Case-3,g4-logo-baseline-seed42::fold_Case-3
Case-3-A16-30229-10876,Case-3,NECROSIS,NECROSIS,0.014699,0.02943,0.955871,Case-3,g4-logo-baseline-seed42::fold_Case-3
Case-3-A16-31398-22850,Case-3,NECROSIS,VIABLE_TUMOR,0.159886,0.442462,0.397652,Case-3,g4-logo-baseline-seed42::fold_Case-3
Case-3-A16-32696-21122,Case-3,NECROSIS,NECROSIS,0.05783,0.081762,0.860408,Case-3,g4-logo-baseline-seed42::fold_Case-3
Case-3-A16-35442-28193,Case-3,NECROSIS,NON_TUMOR,0.986867,0.006472,0.006661,Case-3,g4-logo-baseline-seed42::fold_Case-3
Case-3-A16-35584-14421,Case-3,NECROSIS,NECROSIS,0.051448,0.020416,0.928136,Case-3,g4-logo-baseline-seed42::fold_Case-3
Case-3-A16-35991-7626,Case-3,NECROSIS,NECROSIS,0.021413,0.280687,0.6979,Case-3,g4-logo-baseline-seed42::fold_Case-3
Case-3-A16-36233-10925,Case-3,NECROSIS,NECROSIS,0.053075,0.015072,0.931853,Case-3,g4-logo-baseline-seed42::fold_Case-3
Case-3-A16-3833-2415,Case-3,NECROSIS,VIABLE_TUMOR,0.115974,0.528373,0.355653,Case-3,g4-logo-baseline-seed42::fold_Case-3
Case-3-A16-40231-27051,Case-3,NECROSIS,NECROSIS,0.033925,0.203978,0.762097,Case-3,g4-logo-baseline-seed42::fold_Case-3
Case-3-A16-6244-27384,Case-3,NECROSIS,VIABLE_TUMOR,0.175297,0.768947,0.055756,Case-3,g4-logo-baseline-seed42::fold_Case-3
Case-3-A17-12112-17050,Case-3,NECROSIS,NON_TUMOR,0.613977,0.033207,0.352817,Case-3,g4-logo-baseline-seed42::fold_Case-3
Case-3-A17-16570-4475,Case-3,NECROSIS,VIABLE_TUMOR,0.018696,0.526226,0.455078,Case-3,g4-logo-baseline-seed42::fold_Case-3
Case-3-A17-18676-13247,Case-3,NECROSIS,NECROSIS,0.007645,0.064755,0.9276,Case-3,g4-logo-baseline-seed42::fold_Case-3
Case-3-A17-25048-1930,Case-3,NECROSIS,NECROSIS,0.126358,0.344033,0.529609,Case-3,g4-logo-baseline-seed42::fold_Case-3
Case-3-A17-26576-11618,Case-3,NECROSIS,NECROSIS,0.013862,0.006135,0.980003,Case-3,g4-logo-baseline-seed42::fold_Case-3
Case-3-A17-27172-22922,Case-3,NECROSIS,NECROSIS,0.364731,0.075697,0.559573,Case-3,g4-logo-baseline-seed42::fold_Case-3
Case-3-A17-29372-19206,Case-3,NECROSIS,NECROSIS,0.015048,0.017151,0.967801,Case-3,g4-logo-baseline-seed42::fold_Case-3
Case-3-A17-32230-20244,Case-3,NECROSIS,NECROSIS,0.013089,0.015006,0.971905,Case-3,g4-logo-baseline-seed42::fold_Case-3
Case-3-A17-38169-7823,Case-3,NECROSIS,NECROSIS,0.160882,0.010868,0.82825,Case-3,g4-logo-baseline-seed42::fold_Case-3
Case-3-A17-38558-18797,Case-3,NECROSIS,NECROSIS,0.038303,0.017591,0.944107,Case-3,g4-logo-baseline-seed42::fold_Case-3
Case-3-A17-39258-10719,Case-3,NECROSIS,NECROSIS,0.027045,0.024944,0.948012,Case-3,g4-logo-baseline-seed42::fold_Case-3
Case-3-A17-39482-17002,Case-3,NECROSIS,NECROSIS,0.036156,0.014369,0.949475,Case-3,g4-logo-baseline-seed42::fold_Case-3
Case-3-A17-4064-3304,Case-3,NECROSIS,VIABLE_TUMOR,0.007999,0.936941,0.055061,Case-3,g4-logo-baseline-seed42::fold_Case-3
Case-3-A17-42739-1928,Case-3,NECROSIS,NECROSIS,0.044821,0.021009,0.93417,Case-3,g4-logo-baseline-seed42::fold_Case-3
Case-3-A17-6827-25257,Case-3,NECROSIS,NON_TUMOR,0.711293,0.186355,0.102352,Case-3,g4-logo-baseline-seed42::fold_Case-3
Case-3-A18-11113-4790,Case-3,NECROSIS,NECROSIS,0.009077,0.042185,0.948738,Case-3,g4-logo-baseline-seed42::fold_Case-3
Case-3-A18-14183-14592,Case-3,NECROSIS,NECROSIS,0.034221,0.013377,0.952402,Case-3,g4-logo-baseline-seed42::fold_Case-3
Case-3-A18-16291-27049,Case-3,NECROSIS,NECROSIS,0.319642,0.018017,0.662342,Case-3,g4-logo-baseline-seed42::fold_Case-3
Case-3-A18-21774-29686,Case-3,NECROSIS,NON_TUMOR,0.681568,0.316172,0.002259,Case-3,g4-logo-baseline-seed42::fold_Case-3
Case-3-A18-22725-7679,Case-3,NECROSIS,NECROSIS,0.020099,0.360257,0.619644,Case-3,g4-logo-baseline-seed42::fold_Case-3
Case-3-A18-26671-8353,Case-3,NECROSIS,NECROSIS,0.014434,0.025334,0.960233,Case-3,g4-logo-baseline-seed42::fold_Case-3
Case-3-A18-28050-10869,Case-3,NECROSIS,NECROSIS,0.0216,0.042444,0.935956,Case-3,g4-logo-baseline-seed42::fold_Case-3
Case-3-A18-29907-24273,Case-3,NECROSIS,NECROSIS,0.425894,0.075137,0.498969,Case-3,g4-logo-baseline-seed42::fold_Case-3
Case-3-A18-30239-1991,Case-3,NECROSIS,NECROSIS,0.066021,0.218024,0.715955,Case-3,g4-logo-baseline-seed42::fold_Case-3
Case-3-A18-37523-16456,Case-3,NECROSIS,VIABLE_TUMOR,0.002385,0.947329,0.050286,Case-3,g4-logo-baseline-seed42::fold_Case-3
Case-3-A18-37940-12063,Case-3,NECROSIS,NECROSIS,0.025422,0.013701,0.960877,Case-3,g4-logo-baseline-seed42::fold_Case-3
Case-3-A18-39897-25655,Case-3,NECROSIS,NECROSIS,0.259928,0.071084,0.668988,Case-3,g4-logo-baseline-seed42::fold_Case-3
Case-3-A18-41611-21066,Case-3,NECROSIS,VIABLE_TUMOR,0.005409,0.694106,0.300486,Case-3,g4-logo-baseline-seed42::fold_Case-3
Case-3-A18-41817-26873,Case-3,NECROSIS,VIABLE_TUMOR,0.19231,0.793976,0.013714,Case-3,g4-logo-baseline-seed42::fold_Case-3
Case-3-A18-42378-16271,Case-3,NECROSIS,NECROSIS,0.013356,0.003017,0.983626,Case-3,g4-logo-baseline-seed42::fold_Case-3
Case-3-A18-6464-3819,Case-3,NECROSIS,VIABLE_TUMOR,0.011899,0.7158,0.272302,Case-3,g4-logo-baseline-seed42::fold_Case-3
Case-3-A7-11686-7821,Case-3,NECROSIS,NECROSIS,0.010102,0.077409,0.91249,Case-3,g4-logo-baseline-seed42::fold_Case-3
Case-3-A7-13231-25695,Case-3,NECROSIS,NECROSIS,0.180097,0.021919,0.797984,Case-3,g4-logo-baseline-seed42::fold_Case-3
Case-3-A7-13363-2996,Case-3,NECROSIS,NECROSIS,0.021616,0.028523,0.949862,Case-3,g4-logo-baseline-seed42::fold_Case-3
Case-3-A7-14703-16558,Case-3,NECROSIS,NECROSIS,0.025109,0.023588,0.951303,Case-3,g4-logo-baseline-seed42::fold_Case-3
Case-3-A7-18669-5101,Case-3,NECROSIS,VIABLE_TUMOR,0.002819,0.773155,0.224026,Case-3,g4-logo-baseline-seed42::fold_Case-3
Case-3-A7-19592-19096,Case-3,NECROSIS,NECROSIS,0.201943,0.05259,0.745467,Case-3,g4-logo-baseline-seed42::fold_Case-3
Case-3-A7-22533-27072,Case-3,NECROSIS,NECROSIS,0.11663,0.204364,0.679006,Case-3,g4-logo-baseline-seed42::fold_Case-3
Case-3-A7-25131-12730,Case-3,NECROSIS,NECROSIS,0.060817,0.089729,0.849454,Case-3,g4-logo-baseline-seed42::fold_Case-3
Case-3-A7-25309-2061,Case-3,NECROSIS,NECROSIS,0.09875,0.259508,0.641742,Case-3,g4-logo-baseline-seed42::fold_Case-3
Case-3-A7-27102-7995,Case-3,NECROSIS,NECROSIS,0.019193,0.041795,0.939013,Case-3,g4-logo-baseline-seed42::fold_Case-3
Case-3-A7-29420-19979,Case-3,NECROSIS,NECROSIS,0.039422,0.006239,0.954339,Case-3,g4-logo-baseline-seed42::fold_Case-3
Case-3-A7-31694-7282,Case-3,NECROSIS,NECROSIS,0.028436,0.018146,0.953418,Case-3,g4-logo-baseline-seed42::fold_Case-3
Case-3-A7-31801-6579,Case-3,NECROSIS,NECROSIS,0.020433,0.010718,0.968849,Case-3,g4-logo-baseline-seed42::fold_Case-3
Case-3-A7-32878-13552,Case-3,NECROSIS,NECROSIS,0.023915,0.004149,0.971936,Case-3,g4-logo-baseline-seed42::fold_Case-3
Case-3-A7-35188-7457,Case-3,NECROSIS,VIABLE_TUMOR,0.009767,0.653137,0.337097,Case-3,g4-logo-baseline-seed42::fold_Case-3
Case-3-A7-36617-26705,Case-3,NECROSIS,NECROSIS,0.115037,0.023344,0.86162,Case-3,g4-logo-baseline-seed42::fold_Case-3
Case-3-A7-39090-2995,Case-3,NECROSIS,NECROSIS,0.007954,0.276044,0.716003,Case-3,g4-logo-baseline-seed42::fold_Case-3
Case-3-A8-19213-13280,Case-3,NECROSIS,NECROSIS,0.017912,0.061581,0.920507,Case-3,g4-logo-baseline-seed42::fold_Case-3
Case-3-A8-20541-20421,Case-3,NECROSIS,VIABLE_TUMOR,0.278867,0.483308,0.237824,Case-3,g4-logo-baseline-seed42::fold_Case-3
Case-3-A8-20812-18023,Case-3,NECROSIS,NECROSIS,0.058675,0.055029,0.886296,Case-3,g4-logo-baseline-seed42::fold_Case-3
Case-3-A8-23069-11985,Case-3,NECROSIS,NECROSIS,0.019623,0.023181,0.957196,Case-3,g4-logo-baseline-seed42::fold_Case-3
Case-3-A8-25825-20639,Case-3,NECROSIS,NECROSIS,0.243391,0.041715,0.714894,Case-3,g4-logo-baseline-seed42::fold_Case-3
Case-3-A8-27422-14386,Case-3,NECROSIS,NECROSIS,0.011629,0.004912,0.983459,Case-3,g4-logo-baseline-seed42::fold_Case-3
Case-3-A8-34597-15691,Case-3,NECROSIS,NECROSIS,0.015187,0.018999,0.965813,Case-3,g4-logo-baseline-seed42::fold_Case-3
Case-3-A8-35052-27260,Case-3,NECROSIS,NECROSIS,0.136366,0.00343,0.860204,Case-3,g4-logo-baseline-seed42::fold_Case-3
Case-3-A8-3678-6946,Case-3,NECROSIS,NECROSIS,0.073285,0.206932,0.719783,Case-3,g4-logo-baseline-seed42::fold_Case-3
Case-3-A8-38100-23063,Case-3,NECROSIS,NECROSIS,0.006293,0.004669,0.989038,Case-3,g4-logo-baseline-seed42::fold_Case-3
Case-3-A8-38575-19060,Case-3,NECROSIS,NECROSIS,0.018799,0.013282,0.967919,Case-3,g4-logo-baseline-seed42::fold_Case-3
Case-3-A8-38576-12372,Case-3,NECROSIS,NECROSIS,0.040582,0.003665,0.955753,Case-3,g4-logo-baseline-seed42::fold_Case-3
Case-3-A8-40327-2954,Case-3,NECROSIS,VIABLE_TUMOR,0.022538,0.866651,0.110811,Case-3,g4-logo-baseline-seed42::fold_Case-3
Case-3-A8-42144-11358,Case-3,NECROSIS,NECROSIS,0.032106,0.007037,0.960857,Case-3,g4-logo-baseline-seed42::fold_Case-3
Case-3-A8-42275-18820,Case-3,NECROSIS,VIABLE_TUMOR,0.021389,0.839159,0.139452,Case-3,g4-logo-baseline-seed42::fold_Case-3
Case-3-A8-8708-9689,Case-3,NECROSIS,NECROSIS,0.076569,0.127208,0.796223,Case-3,g4-logo-baseline-seed42::fold_Case-3
Case-3-A8-9677-9114,Case-3,NECROSIS,NECROSIS,0.010934,0.02398,0.965086,Case-3,g4-logo-baseline-seed42::fold_Case-3
Case-4-C21-43834-23094,Case-4,NON_TUMOR,NECROSIS,0.114867,0.118743,0.76639,Case-4,g4-logo-baseline-seed42::fold_Case-4
Case-4-C21-44291-25760,Case-4,NON_TUMOR,NECROSIS,0.052277,0.04269,0.905033,Case-4,g4-logo-baseline-seed42::fold_Case-4
Case-4-C22-26476-28003,Case-4,NON_TUMOR,NECROSIS,0.467562,0.003742,0.528696,Case-4,g4-logo-baseline-seed42::fold_Case-4
Case-4-C22-29668-36352,Case-4,NON_TUMOR,NECROSIS,0.066545,0.009511,0.923944,Case-4,g4-logo-baseline-seed42::fold_Case-4
Case-4-C22-29696-31650,Case-4,NON_TUMOR,NECROSIS,0.01267,0.040914,0.946416,Case-4,g4-logo-baseline-seed42::fold_Case-4
Case-4-C22-42649-20389,Case-4,NON_TUMOR,NECROSIS,0.272982,0.145081,0.581937,Case-4,g4-logo-baseline-seed42::fold_Case-4
Case-4-C22-43370-22832,Case-4,NON_TUMOR,NECROSIS,0.076953,0.052083,0.870964,Case-4,g4-logo-baseline-seed42::fold_Case-4
Case-4-C22-44617-22886,Case-4,NON_TUMOR,NON_TUMOR,0.486134,0.13698,0.376886,Case-4,g4-logo-baseline-seed42::fold_Case-4
Case-4-C22-45017-21723,Case-4,NON_TUMOR,NON_TUMOR,0.671957,0.092941,0.235102,Case-4,g4-logo-baseline-seed42::fold_Case-4
Case-4-C24-22210-6774,Case-4,NON_TUMOR,NECROSIS,0.107627,0.386594,0.50578,Case-4,g4-logo-baseline-seed42::fold_Case-4
Case-4-C24-41653-14996,Case-4,NON_TUMOR,NON_TUMOR,0.993347,0.000641,0.006011,Case-4,g4-logo-baseline-seed42::fold_Case-4
Case-4-C27-29294-5191,Case-4,NON_TUMOR,NECROSIS,0.239034,0.130414,0.630551,Case-4,g4-logo-baseline-seed42::fold_Case-4
Case-4-C27-45200-21938,Case-4,NON_TUMOR,NON_TUMOR,0.847989,0.093831,0.05818,Case-4,g4-logo-baseline-seed42::fold_Case-4
Case-4-C27-45262-20988,Case-4,NON_TUMOR,NON_TUMOR,0.983681,0.005105,0.011215,Case-4,g4-logo-baseline-seed42::fold_Case-4
Case-4-C28-31042-23166,Case-4,NON_TUMOR,NON_TUMOR,0.882196,0.034589,0.083216,Case-4,g4-logo-baseline-seed42::fold_Case-4
Case-4-C28-33944-22211,Case-4,NON_TUMOR,NECROSIS,0.191053,0.042281,0.766666,Case-4,g4-logo-baseline-seed42::fold_Case-4
Case-4-C28-42724-16956,Case-4,NON_TUMOR,NON_TUMOR,0.97872,0.000955,0.020325,Case-4,g4-logo-baseline-seed42::fold_Case-4
Case-4-C29-40078-13241,Case-4,NON_TUMOR,NON_TUMOR,0.979804,0.002323,0.017873,Case-4,g4-logo-baseline-seed42::fold_Case-4
Case-4-C31-17846-20505,Case-4,NON_TUMOR,NON_TUMOR,0.516261,0.008583,0.475156,Case-4,g4-logo-baseline-seed42::fold_Case-4
Case-4-C34-42840-21049,Case-4,NON_TUMOR,NECROSIS,0.202165,0.051693,0.746142,Case-4,g4-logo-baseline-seed42::fold_Case-4
Case-4-C34-43977-24577,Case-4,NON_TUMOR,NECROSIS,0.136359,0.131915,0.731726,Case-4,g4-logo-baseline-seed42::fold_Case-4
Case-4-C34-44491-21355,Case-4,NON_TUMOR,NON_TUMOR,0.809509,0.013312,0.17718,Case-4,g4-logo-baseline-seed42::fold_Case-4
Case-4-C48-10054-9391,Case-4,NON_TUMOR,NON_TUMOR,0.995526,0.001072,0.003402,Case-4,g4-logo-baseline-seed42::fold_Case-4
Case-4-C48-11401-19048,Case-4,NON_TUMOR,NON_TUMOR,0.994151,0.000371,0.005479,Case-4,g4-logo-baseline-seed42::fold_Case-4
Case-4-C48-11503-15470,Case-4,NON_TUMOR,NON_TUMOR,0.99898,0.000333,0.000687,Case-4,g4-logo-baseline-seed42::fold_Case-4
Case-4-C48-12897-21186,Case-4,NON_TUMOR,NON_TUMOR,0.988662,0.002216,0.009122,Case-4,g4-logo-baseline-seed42::fold_Case-4
Case-4-C48-13345-34577,Case-4,NON_TUMOR,NON_TUMOR,0.996254,0.001192,0.002554,Case-4,g4-logo-baseline-seed42::fold_Case-4
Case-4-C48-13927-22247,Case-4,NON_TUMOR,NON_TUMOR,0.806009,0.178545,0.015446,Case-4,g4-logo-baseline-seed42::fold_Case-4
Case-4-C48-15768-33767,Case-4,NON_TUMOR,NON_TUMOR,0.997508,0.000173,0.00232,Case-4,g4-logo-baseline-seed42::fold_Case-4
Case-4-C48-16689-23057,Case-4,NON_TUMOR,NON_TUMOR,0.982393,0.010758,0.006848,Case-4,g4-logo-baseline-seed42::fold_Case-4
Case-4-C48-16969-13515,Case-4,NON_TUMOR,NON_TUMOR,0.994443,0.001995,0.003562,Case-4,g4-logo-baseline-seed42::fold_Case-4
Case-4-C48-18049-17102,Case-4,NON_TUMOR,NON_TUMOR,0.999807,0.000153,4e-05,Case-4,g4-logo-baseline-seed42::fold_Case-4
Case-4-C48-18251-9611,Case-4,NON_TUMOR,NON_TUMOR,0.999807,8.6e-05,0.000107,Case-4,g4-logo-baseline-seed42::fold_Case-4
Case-4-C48-20603-33127,Case-4,NON_TUMOR,NON_TUMOR,0.97672,0.013756,0.009524,Case-4,g4-logo-baseline-seed42::fold_Case-4
Case-4-C48-22668-21127,Case-4,NON_TUMOR,NON_TUMOR,0.974385,0.010735,0.01488,Case-4,g4-logo-baseline-seed42::fold_Case-4
Case-4-C48-24306-19063,Case-4,NON_TUMOR,NON_TUMOR,0.998412,0.00092,0.000668,Case-4,g4-logo-baseline-seed42::fold_Case-4
Case-4-C48-25702-19790,Case-4,NON_TUMOR,NON_TUMOR,0.999033,6.3e-05,0.000904,Case-4,g4-logo-baseline-seed42::fold_Case-4
Case-4-C48-25796-23436,Case-4,NON_TUMOR,NON_TUMOR,0.969278,0.017785,0.012937,Case-4,g4-logo-baseline-seed42::fold_Case-4
Case-4-C48-30653-11701,Case-4,NON_TUMOR,NON_TUMOR,0.971399,0.007585,0.021015,Case-4,g4-logo-baseline-seed42::fold_Case-4
Case-4-C48-31199-23583,Case-4,NON_TUMOR,NON_TUMOR,0.998059,0.000455,0.001486,Case-4,g4-logo-baseline-seed42::fold_Case-4
Case-4-C48-33197-21550,Case-4,NON_TUMOR,NON_TUMOR,0.938784,0.006235,0.054981,Case-4,g4-logo-baseline-seed42::fold_Case-4
Case-4-C48-5806-29232,Case-4,NON_TUMOR,NON_TUMOR,0.999522,7.2e-05,0.000405,Case-4,g4-logo-baseline-seed42::fold_Case-4
Case-4-C48-6884-30966,Case-4,NON_TUMOR,NON_TUMOR,0.996389,0.002693,0.000917,Case-4,g4-logo-baseline-seed42::fold_Case-4
Case-4-C48-7455-17146,Case-4,NON_TUMOR,NON_TUMOR,0.999452,0.000221,0.000326,Case-4,g4-logo-baseline-seed42::fold_Case-4
Case-4-C48-9825-35299,Case-4,NON_TUMOR,NON_TUMOR,0.982257,0.002306,0.015437,Case-4,g4-logo-baseline-seed42::fold_Case-4
Case-4-C52-11233-29470,Case-4,NON_TUMOR,NON_TUMOR,0.998337,0.001154,0.000509,Case-4,g4-logo-baseline-seed42::fold_Case-4
Case-4-C52-13339-30012,Case-4,NON_TUMOR,NON_TUMOR,0.995988,0.002573,0.001439,Case-4,g4-logo-baseline-seed42::fold_Case-4
Case-4-C52-14134-24972,Case-4,NON_TUMOR,NON_TUMOR,0.98428,0.013711,0.00201,Case-4,g4-logo-baseline-seed42::fold_Case-4
Case-4-C52-15553-8379,Case-4,NON_TUMOR,NON_TUMOR,0.996235,0.001071,0.002695,Case-4,g4-logo-baseline-seed42::fold_Case-4
Case-4-C52-15705-16485,Case-4,NON_TUMOR,NON_TUMOR,0.998633,0.00085,0.000517,Case-4,g4-logo-baseline-seed42::fold_Case-4
Case-4-C52-18944-30575,Case-4,NON_TUMOR,NON_TUMOR,0.971785,0.013061,0.015154,Case-4,g4-logo-baseline-seed42::fold_Case-4
Case-4-C52-19923-24025,Case-4,NON_TUMOR,NON_TUMOR,0.999643,0.000257,0.0001,Case-4,g4-logo-baseline-seed42::fold_Case-4
Case-4-C52-20522-23796,Case-4,NON_TUMOR,NON_TUMOR,0.98385,0.008421,0.007729,Case-4,g4-logo-baseline-seed42::fold_Case-4
Case-4-C52-20801-18450,Case-4,NON_TUMOR,NON_TUMOR,0.988731,0.003223,0.008046,Case-4,g4-logo-baseline-seed42::fold_Case-4
Case-4-C52-21343-29072,Case-4,NON_TUMOR,NON_TUMOR,0.952398,0.006445,0.041157,Case-4,g4-logo-baseline-seed42::fold_Case-4
Case-4-C52-21604-27567,Case-4,NON_TUMOR,NON_TUMOR,0.946202,0.035866,0.017933,Case-4,g4-logo-baseline-seed42::fold_Case-4
Case-4-C52-25156-26369,Case-4,NON_TUMOR,NON_TUMOR,0.943525,0.011818,0.044658,Case-4,g4-logo-baseline-seed42::fold_Case-4
Case-4-C52-25833-10809,Case-4,NON_TUMOR,NON_TUMOR,0.999441,0.000535,2.4e-05,Case-4,g4-logo-baseline-seed42::fold_Case-4
Case-4-C52-26347-9834,Case-4,NON_TUMOR,NON_TUMOR,0.999561,0.000375,6.5e-05,Case-4,g4-logo-baseline-seed42::fold_Case-4
Case-4-C52-26738-16962,Case-4,NON_TUMOR,NON_TUMOR,0.997465,0.000784,0.00175,Case-4,g4-logo-baseline-seed42::fold_Case-4
Case-4-C52-29179-7955,Case-4,NON_TUMOR,NON_TUMOR,0.999292,0.000507,0.000202,Case-4,g4-logo-baseline-seed42::fold_Case-4
Case-4-C52-29621-7946,Case-4,NON_TUMOR,NON_TUMOR,0.999071,0.000534,0.000396,Case-4,g4-logo-baseline-seed42::fold_Case-4
Case-4-C52-29962-9726,Case-4,NON_TUMOR,NON_TUMOR,0.99632,0.002065,0.001615,Case-4,g4-logo-baseline-seed42::fold_Case-4
Case-4-C52-3074-22909,Case-4,NON_TUMOR,NON_TUMOR,0.996208,0.003199,0.000593,Case-4,g4-logo-baseline-seed42::fold_Case-4
Case-4-C52-31860-26250,Case-4,NON_TUMOR,NON_TUMOR,0.997162,0.000664,0.002174,Case-4,g4-logo-baseline-seed42::fold_Case-4
Case-4-C52-32157-20231,Case-4,NON_TUMOR,NON_TUMOR,0.998271,0.000312,0.001417,Case-4,g4-logo-baseline-seed42::fold_Case-4
Case-4-C52-35139-22514,Case-4,NON_TUMOR,NON_TUMOR,0.954128,0.00272,0.043152,Case-4,g4-logo-baseline-seed42::fold_Case-4
Case-4-C52-5072-27768,Case-4,NON_TUMOR,NON_TUMOR,0.987191,0.007294,0.005516,Case-4,g4-logo-baseline-seed42::fold_Case-4
Case-4-C52-6011-11096,Case-4,NON_TUMOR,NON_TUMOR,0.932539,0.008376,0.059085,Case-4,g4-logo-baseline-seed42::fold_Case-4
Case-4-C52-7119-24770,Case-4,NON_TUMOR,NON_TUMOR,0.991212,0.005933,0.002854,Case-4,g4-logo-baseline-seed42::fold_Case-4
Case-4-C52-8069-17662,Case-4,NON_TUMOR,NON_TUMOR,0.999927,5.6e-05,1.8e-05,Case-4,g4-logo-baseline-seed42::fold_Case-4
Case-4-C52-9452-34640,Case-4,NON_TUMOR,NON_TUMOR,0.969728,0.006203,0.024069,Case-4,g4-logo-baseline-seed42::fold_Case-4
Case-4-C21-20675-9095,Case-4,VIABLE_TUMOR,NECROSIS,0.129714,0.077152,0.793134,Case-4,g4-logo-baseline-seed42::fold_Case-4
Case-4-C21-22607-7946,Case-4,VIABLE_TUMOR,NON_TUMOR,0.464359,0.315811,0.21983,Case-4,g4-logo-baseline-seed42::fold_Case-4
Case-4-C21-25306-21689,Case-4,VIABLE_TUMOR,VIABLE_TUMOR,0.008725,0.694695,0.29658,Case-4,g4-logo-baseline-seed42::fold_Case-4
Case-4-C21-26326-8633,Case-4,VIABLE_TUMOR,NECROSIS,0.03709,0.1793,0.78361,Case-4,g4-logo-baseline-seed42::fold_Case-4
Case-4-C21-28314-22979,Case-4,VIABLE_TUMOR,NECROSIS,0.014223,0.184846,0.800931,Case-4,g4-logo-baseline-seed42::fold_Case-4
Case-4-C21-29101-18901,Case-4,VIABLE_TUMOR,NECROSIS,0.140151,0.149684,0.710165,Case-4,g4-logo-baseline-seed42::fold_Case-4
Case-4-C21-34438-19627,Case-4,VIABLE_TUMOR,NECROSIS,0.095447,0.245354,0.6592,Case-4,g4-logo-baseline-seed42::fold_Case-4
Case-4-C21-35538-25356,Case-4,VIABLE_TUMOR,NON_TUMOR,0.882948,0.011253,0.105799,Case-4,g4-logo-baseline-seed42::fold_Case-4
Case-4-C21-37411-12734,Case-4,VIABLE_TUMOR,NON_TUMOR,0.716668,0.004233,0.279099,Case-4,g4-logo-baseline-seed42::fold_Case-4
Case-4-C21-38458-18002,Case-4,VIABLE_TUMOR,NON_TUMOR,0.583053,0.299521,0.117426,Case-4,g4-logo-baseline-seed42::fold_Case-4
Case-4-C21-39931-19569,Case-4,VIABLE_TUMOR,NON_TUMOR,0.510877,0.100495,0.388628,Case-4,g4-logo-baseline-seed42::fold_Case-4
Case-4-C21-40652-23162,Case-4,VIABLE_TUMOR,NECROSIS,0.041762,0.020536,0.937702,Case-4,g4-logo-baseline-seed42::fold_Case-4
Case-4-C21-42043-16377,Case-4,VIABLE_TUMOR,NON_TUMOR,0.992226,0.000815,0.006959,Case-4,g4-logo-baseline-seed42::fold_Case-4
Case-4-C22-20420-19004,Case-4,VIABLE_TUMOR,VIABLE_TUMOR,0.028317,0.633271,0.338412,Case-4,g4-logo-baseline-seed42::fold_Case-4
Case-4-C22-21902-8062,Case-4,VIABLE_TUMOR,NECROSIS,0.027668,0.117941,0.854391,Case-4,g4-logo-baseline-seed42::fold_Case-4
Case-4-C22-22350-18241,Case-4,VIABLE_TUMOR,VIABLE_TUMOR,0.037329,0.497013,0.465658,Case-4,g4-logo-baseline-seed42::fold_Case-4
Case-4-C22-25017-13207,Case-4,VIABLE_TUMOR,VIABLE_TUMOR,0.011887,0.530001,0.458112,Case-4,g4-logo-baseline-seed42::fold_Case-4
Case-4-C22-25541-21407,Case-4,VIABLE_TUMOR,NECROSIS,0.010763,0.452774,0.536463,Case-4,g4-logo-baseline-seed42::fold_Case-4
Case-4-C22-25642-6919,Case-4,VIABLE_TUMOR,NECROSIS,0.02133,0.031057,0.947614,Case-4,g4-logo-baseline-seed42::fold_Case-4
Case-4-C22-30748-20982,Case-4,VIABLE_TUMOR,VIABLE_TUMOR,0.115756,0.65167,0.232574,Case-4,g4-logo-baseline-seed42::fold_Case-4
Case-4-C22-36438-11846,Case-4,VIABLE_TUMOR,NON_TUMOR,0.90959,0.011568,0.078841,Case-4,g4-logo-baseline-seed42::fold_Case-4
Case-4-C22-38307-25291,Case-4,VIABLE_TUMOR,NECROSIS,0.264254,0.039295,0.696451,Case-4,g4-logo-baseline-seed42::fold_Case-4
Case-4-C22-39386-26786,Case-4,VIABLE_TUMOR,NON_TUMOR,0.598016,0.143064,0.25892,Case-4,g4-logo-baseline-seed42::fold_Case-4
Case-4-C22-39913-22780,Case-4,VIABLE_TUMOR,NECROSIS,0.365916,0.054428,0.579656,Case-4,g4-logo-baseline-seed42::fold_Case-4
Case-4-C24-21495-20987,Case-4,VIABLE_TUMOR,NON_TUMOR,0.570944,0.122928,0.306128,Case-4,g4-logo-baseline-seed42::fold_Case-4
Case-4-C24-23753-20581,Case-4,VIABLE_TUMOR,VIABLE_TUMOR,0.001227,0.648778,0.349995,Case-4,g4-logo-baseline-seed42::fold_Case-4
Case-4-C24-26502-13028,Case-4,VIABLE_TUMOR,NECROSIS,0.137852,0.257019,0.605128,Case-4,g4-logo-baseline-seed42::fold_Case-4
Case-4-C24-27750-16066,Case-4,VIABLE_TUMOR,NECROSIS,0.160905,0.220133,0.618962,Case-4,g4-logo-baseline-seed42::fold_Case-4
Case-4-C24-30007-11532,Case-4,VIABLE_TUMOR,NECROSIS,0.005892,0.07756,0.916548,Case-4,g4-logo-baseline-seed42::fold_Case-4
Case-4-C24-30709-15038,Case-4,VIABLE_TUMOR,NECROSIS,0.125108,0.06911,0.805782,Case-4,g4-logo-baseline-seed42::fold_Case-4
Case-4-C24-31951-18510,Case-4,VIABLE_TUMOR,NECROSIS,0.051648,0.264675,0.683677,Case-4,g4-logo-baseline-seed42::fold_Case-4
Case-4-C24-32113-11600,Case-4,VIABLE_TUMOR,NON_TUMOR,0.470089,0.084051,0.44586,Case-4,g4-logo-baseline-seed42::fold_Case-4
Case-4-C24-37205-16940,Case-4,VIABLE_TUMOR,VIABLE_TUMOR,0.324085,0.41328,0.262634,Case-4,g4-logo-baseline-seed42::fold_Case-4
Case-4-C24-37783-13734,Case-4,VIABLE_TUMOR,NECROSIS,0.355461,0.044705,0.599834,Case-4,g4-logo-baseline-seed42::fold_Case-4
Case-4-C24-38186-21797,Case-4,VIABLE_TUMOR,NECROSIS,0.084271,0.356626,0.559103,Case-4,g4-logo-baseline-seed42::fold_Case-4
Case-4-C27-16512-14137,Case-4,VIABLE_TUMOR,NECROSIS,0.002707,0.20998,0.787312,Case-4,g4-logo-baseline-seed42::fold_Case-4
Case-4-C27-23395-17702,Case-4,VIABLE_TUMOR,VIABLE_TUMOR,0.007312,0.549457,0.443231,Case-4,g4-logo-baseline-seed42::fold_Case-4
Case-4-C27-25232-22735,Case-4,VIABLE_TUMOR,VIABLE_TUMOR,0.008978,0.805617,0.185404,Case-4,g4-logo-baseline-seed42::fold_Case-4
Case-4-C27-27433-14234,Case-4,VIABLE_TUMOR,VIABLE_TUMOR,0.024105,0.746254,0.229641,Case-4,g4-logo-baseline-seed42::fold_Case-4
Case-4-C27-28136-19724,Case-4,VIABLE_TUMOR,VIABLE_TUMOR,0.021866,0.534564,0.44357,Case-4,g4-logo-baseline-seed42::fold_Case-4
Case-4-C27-29439-7838,Case-4,VIABLE_TUMOR,NECROSIS,0.135089,0.119526,0.745385,Case-4,g4-logo-baseline-seed42::fold_Case-4
Case-4-C27-32061-22260,Case-4,VIABLE_TUMOR,NON_TUMOR,0.726807,0.033893,0.2393,Case-4,g4-logo-baseline-seed42::fold_Case-4
Case-4-C27-32431-19828,Case-4,VIABLE_TUMOR,VIABLE_TUMOR,0.03697,0.609641,0.353389,Case-4,g4-logo-baseline-seed42::fold_Case-4
Case-4-C27-34169-23534,Case-4,VIABLE_TUMOR,NON_TUMOR,0.610271,0.026009,0.36372,Case-4,g4-logo-baseline-seed42::fold_Case-4
Case-4-C27-37395-26388,Case-4,VIABLE_TUMOR,NECROSIS,0.036501,0.375728,0.58777,Case-4,g4-logo-baseline-seed42::fold_Case-4
Case-4-C27-37440-28310,Case-4,VIABLE_TUMOR,NON_TUMOR,0.590151,0.047323,0.362526,Case-4,g4-logo-baseline-seed42::fold_Case-4
Case-4-C27-42354-19379,Case-4,VIABLE_TUMOR,NON_TUMOR,0.677541,0.041383,0.281076,Case-4,g4-logo-baseline-seed42::fold_Case-4
Case-4-C28-17394-10525,Case-4,VIABLE_TUMOR,VIABLE_TUMOR,0.01392,0.676429,0.309651,Case-4,g4-logo-baseline-seed42::fold_Case-4
Case-4-C28-17483-12238,Case-4,VIABLE_TUMOR,NECROSIS,0.072888,0.351975,0.575137,Case-4,g4-logo-baseline-seed42::fold_Case-4
Case-4-C28-25473-14283,Case-4,VIABLE_TUMOR,NECROSIS,0.02545,0.455845,0.518704,Case-4,g4-logo-baseline-seed42::fold_Case-4
Case-4-C28-26851-15411,Case-4,VIABLE_TUMOR,NECROSIS,0.154571,0.312204,0.533225,Case-4,g4-logo-baseline-seed42::fold_Case-4
Case-4-C28-27016-13463,Case-4,VIABLE_TUMOR,NECROSIS,0.038814,0.371198,0.589989,Case-4,g4-logo-baseline-seed42::fold_Case-4
Case-4-C28-28569-15469,Case-4,VIABLE_TUMOR,NON_TUMOR,0.621423,0.042998,0.335579,Case-4,g4-logo-baseline-seed42::fold_Case-4
Case-4-C28-30588-18732,Case-4,VIABLE_TUMOR,NECROSIS,0.062033,0.272466,0.6655,Case-4,g4-logo-baseline-seed42::fold_Case-4
Case-4-C28-30914-19280,Case-4,VIABLE_TUMOR,NECROSIS,0.060339,0.251592,0.688069,Case-4,g4-logo-baseline-seed42::fold_Case-4
Case-4-C28-36370-18227,Case-4,VIABLE_TUMOR,NON_TUMOR,0.382254,0.29059,0.327155,Case-4,g4-logo-baseline-seed42::fold_Case-4
Case-4-C28-39674-17239,Case-4,VIABLE_TUMOR,VIABLE_TUMOR,0.015396,0.938421,0.046182,Case-4,g4-logo-baseline-seed42::fold_Case-4
Case-4-C28-39877-24842,Case-4,VIABLE_TUMOR,NECROSIS,0.062951,0.191024,0.746026,Case-4,g4-logo-baseline-seed42::fold_Case-4
Case-4-C28-41935-19673,Case-4,VIABLE_TUMOR,NECROSIS,0.177834,0.135379,0.686787,Case-4,g4-logo-baseline-seed42::fold_Case-4
Case-4-C29-14846-11791,Case-4,VIABLE_TUMOR,NECROSIS,0.010278,0.339883,0.649839,Case-4,g4-logo-baseline-seed42::fold_Case-4
Case-4-C29-15569-11401,Case-4,VIABLE_TUMOR,NECROSIS,0.011796,0.137709,0.850495,Case-4,g4-logo-baseline-seed42::fold_Case-4
Case-4-C29-22107-10482,Case-4,VIABLE_TUMOR,NECROSIS,0.026644,0.156449,0.816907,Case-4,g4-logo-baseline-seed42::fold_Case-4
Case-4-C29-23938-15097,Case-4,VIABLE_TUMOR,NECROSIS,0.045149,0.085031,0.86982,Case-4,g4-logo-baseline-seed42::fold_Case-4
Case-4-C29-24903-19562,Case-4,VIABLE_TUMOR,VIABLE_TUMOR,0.001949,0.829111,0.16894,Case-4,g4-logo-baseline-seed42::fold_Case-4
Case-4-C29-29639-16570,Case-4,VIABLE_TUMOR,NECROSIS,0.02731,0.428618,0.544073,Case-4,g4-logo-baseline-seed42::fold_Case-4
Case-4-C29-30319-13766,Case-4,VIABLE_TUMOR,NECROSIS,0.098403,0.048195,0.853401,Case-4,g4-logo-baseline-seed42::fold_Case-4
Case-4-C29-31670-19505,Case-4,VIABLE_TUMOR,NECROSIS,0.008156,0.29481,0.697034,Case-4,g4-logo-baseline-seed42::fold_Case-4
Case-4-C31-16379-15830,Case-4,VIABLE_TUMOR,NECROSIS,0.009647,0.274011,0.716342,Case-4,g4-logo-baseline-seed42::fold_Case-4
Case-4-C31-23051-12507,Case-4,VIABLE_TUMOR,NECROSIS,0.009775,0.109038,0.881187,Case-4,g4-logo-baseline-seed42::fold_Case-4
Case-4-C31-24654-15629,Case-4,VIABLE_TUMOR,NECROSIS,0.031772,0.19963,0.768597,Case-4,g4-logo-baseline-seed42::fold_Case-4
Case-4-C31-24669-10300,Case-4,VIABLE_TUMOR,NECROSIS,0.023168,0.311992,0.66484,Case-4,g4-logo-baseline-seed42::fold_Case-4
Case-4-C31-25176-8074,Case-4,VIABLE_TUMOR,NECROSIS,0.01347,0.09164,0.894889,Case-4,g4-logo-baseline-seed42::fold_Case-4
Case-4-C31-27678-14221,Case-4,VIABLE_TUMOR,VIABLE_TUMOR,0.021384,0.610336,0.36828,Case-4,g4-logo-baseline-seed42::fold_Case-4
Case-4-C31-30577-21392,Case-4,VIABLE_TUMOR,VIABLE_TUMOR,0.017103,0.696045,0.286853,Case-4,g4-logo-baseline-seed42::fold_Case-4
Case-4-C31-32902-21086,Case-4,VIABLE_TUMOR,NON_TUMOR,0.582451,0.145214,0.272334,Case-4,g4-logo-baseline-seed42::fold_Case-4
Case-4-C31-35324-16735,Case-4,VIABLE_TUMOR,VIABLE_TUMOR,0.149609,0.587105,0.263286,Case-4,g4-logo-baseline-seed42::fold_Case-4
Case-4-C31-35929-17743,Case-4,VIABLE_TUMOR,VIABLE_TUMOR,0.176978,0.576917,0.246105,Case-4,g4-logo-baseline-seed42::fold_Case-4
Case-4-C31-41557-17880,Case-4,VIABLE_TUMOR,NON_TUMOR,0.538064,0.312926,0.149009,Case-4,g4-logo-baseline-seed42::fold_Case-4
Case-4-C34-23917-10671,Case-4,VIABLE_TUMOR,NECROSIS,0.012465,0.125365,0.86217,Case-4,g4-logo-baseline-seed42::fold_Case-4
Case-4-C34-24821-20023,Case-4,VIABLE_TUMOR,VIABLE_TUMOR,0.000834,0.889251,0.109915,Case-4,g4-logo-baseline-seed42::fold_Case-4
Case-4-C34-25269-6322,Case-4,VIABLE_TUMOR,NECROSIS,0.011617,0.15206,0.836323,Case-4,g4-logo-baseline-seed42::fold_Case-4
Case-4-C34-28567-20375,Case-4,VIABLE_TUMOR,NECROSIS,0.042831,0.439043,0.518126,Case-4,g4-logo-baseline-seed42::fold_Case-4
Case-4-C34-30175-9259,Case-4,VIABLE_TUMOR,NECROSIS,0.160792,0.074197,0.765011,Case-4,g4-logo-baseline-seed42::fold_Case-4
Case-4-C34-33534-16910,Case-4,VIABLE_TUMOR,NECROSIS,0.271103,0.254964,0.473934,Case-4,g4-logo-baseline-seed42::fold_Case-4
Case-4-C34-38608-21388,Case-4,VIABLE_TUMOR,NECROSIS,0.054012,0.390329,0.555659,Case-4,g4-logo-baseline-seed42::fold_Case-4
Case-4-C21-11229-17093,Case-4,NECROSIS,NECROSIS,0.013996,0.003368,0.982636,Case-4,g4-logo-baseline-seed42::fold_Case-4
Case-4-C21-13339-24727,Case-4,NECROSIS,NECROSIS,0.364966,0.063777,0.571256,Case-4,g4-logo-baseline-seed42::fold_Case-4
Case-4-C21-14246-18799,Case-4,NECROSIS,NECROSIS,0.010234,0.014433,0.975333,Case-4,g4-logo-baseline-seed42::fold_Case-4
Case-4-C21-17996-22366,Case-4,NECROSIS,NECROSIS,0.100158,0.005303,0.894539,Case-4,g4-logo-baseline-seed42::fold_Case-4
Case-4-C21-22035-24818,Case-4,NECROSIS,NECROSIS,0.065483,0.003415,0.931102,Case-4,g4-logo-baseline-seed42::fold_Case-4
Case-4-C21-23743-36254,Case-4,NECROSIS,NECROSIS,0.062708,0.033581,0.903711,Case-4,g4-logo-baseline-seed42::fold_Case-4
Case-4-C21-25396-25798,Case-4,NECROSIS,NECROSIS,0.114641,0.03927,0.846088,Case-4,g4-logo-baseline-seed42::fold_Case-4
Case-4-C21-27726-37043,Case-4,NECROSIS,NECROSIS,0.072458,0.006184,0.921358,Case-4,g4-logo-baseline-seed42::fold_Case-4
Case-4-C21-29849-33988,Case-4,NECROSIS,NECROSIS,0.063286,0.007179,0.929535,Case-4,g4-logo-baseline-seed42::fold_Case-4
Case-4-C21-30599-31986,Case-4,NECROSIS,NECROSIS,0.00419,0.012606,0.983204,Case-4,g4-logo-baseline-seed42::fold_Case-4
Case-4-C21-34899-31136,Case-4,NECROSIS,NON_TUMOR,0.731371,0.004106,0.264523,Case-4,g4-logo-baseline-seed42::fold_Case-4
Case-4-C22-13293-17406,Case-4,NECROSIS,NECROSIS,0.009627,0.003851,0.986522,Case-4,g4-logo-baseline-seed42::fold_Case-4
Case-4-C22-14193-24204,Case-4,NECROSIS,NECROSIS,0.009022,0.041267,0.949712,Case-4,g4-logo-baseline-seed42::fold_Case-4
Case-4-C22-14852-25038,Case-4,NECROSIS,NECROSIS,0.023803,0.039671,0.936526,Case-4,g4-logo-baseline-seed42::fold_Case-4
Case-4-C22-19399-25392,Case-4,NECROSIS,NECROSIS,0.350246,0.011288,0.638466,Case-4,g4-logo-baseline-seed42::fold_Case-4
Case-4-C22-43141-24748,Case-4,NECROSIS,NECROSIS,0.408848,0.056454,0.534698,Case-4,g4-logo-baseline-seed42::fold_Case-4
Case-4-C24-13844-15938,Case-4,NECROSIS,NECROSIS,0.00457,0.01584,0.97959,Case-4,g4-logo-baseline-seed42::fold_Case-4
Case-4-C24-16355-22492,Case-4,NECROSIS,NECROSIS,0.028531,0.015052,0.956416,Case-4,g4-logo-baseline-seed42::fold_Case-4
Case-4-C24-20641-21743,Case-4,NECROSIS,NECROSIS,0.291868,0.013395,0.694736,Case-4,g4-logo-baseline-seed42::fold_Case-4
Case-4-C24-21905-23241,Case-4,NECROSIS,NON_TUMOR,0.813947,0.004072,0.181981,Case-4,g4-logo-baseline-seed42::fold_Case-4
Case-4-C24-25985-25656,Case-4,NECROSIS,NECROSIS,0.097531,0.008964,0.893505,Case-4,g4-logo-baseline-seed42::fold_Case-4
Case-4-C24-26202-34731,Case-4,NECROSIS,NECROSIS,0.078999,0.107269,0.813732,Case-4,g4-logo-baseline-seed42::fold_Case-4
Case-4-C24-28082-3132,Case-4,NECROSIS,NECROSIS,0.206331,0.086013,0.707656,Case-4,g4-logo-baseline-seed42::fold_Case-4
Case-4-C24-30822-32457,Case-4,NECROSIS,NECROSIS,0.015224,0.020449,0.964328,Case-4,g4-logo-baseline-seed42::fold_Case-4
Case-4-C24-31203-32244,Case-4,NECROSIS,NECROSIS,0.021014,0.020156,0.95883,Case-4,g4-logo-baseline-seed42::fold_Case-4
Case-4-C24-32721-26127,Case-4,NECROSIS,NECROSIS,0.431819,0.004412,0.56377,Case-4,g4-logo-baseline-seed42::fold_Case-4
Case-4-C24-37864-31739,Case-4,NECROSIS,VIABLE_TUMOR,0.067908,0.553634,0.378458,Case-4,g4-logo-baseline-seed42::fold_Case-4
Case-4-C27-11262-18851,Case-4,NECROSIS,NECROSIS,0.017788,0.013534,0.968677,Case-4,g4-logo-baseline-seed42::fold_Case-4
Case-4-C27-12292-22142,Case-4,NECROSIS,NECROSIS,0.010195,0.14915,0.840655,Case-4,g4-logo-baseline-seed42::fold_Case-4
Case-4-C27-12979-14786,Case-4,NECROSIS,NECROSIS,0.019325,0.000819,0.979856,Case-4,g4-logo-baseline-seed42::fold_Case-4
Case-4-C27-16245-18671,Case-4,NECROSIS,NECROSIS,0.007908,0.007566,0.984527,Case-4,g4-logo-baseline-seed42::fold_Case-4
Case-4-C27-18794-30075,Case-4,NECROSIS,NON_TUMOR,0.527699,0.0087,0.463601,Case-4,g4-logo-baseline-seed42::fold_Case-4
Case-4-C27-30307-29497,Case-4,NECROSIS,NECROSIS,0.041571,0.014084,0.944345,Case-4,g4-logo-baseline-seed42::fold_Case-4
Case-4-C27-37658-29791,Case-4,NECROSIS,NECROSIS,0.340061,0.022113,0.637826,Case-4,g4-logo-baseline-seed42::fold_Case-4
Case-4-C27-40436-21740,Case-4,NECROSIS,NECROSIS,0.459711,0.055048,0.485241,Case-4,g4-logo-baseline-seed42::fold_Case-4
Case-4-C28-10217-20283,Case-4,NECROSIS,NECROSIS,0.004449,0.050409,0.945142,Case-4,g4-logo-baseline-seed42::fold_Case-4
Case-4-C28-13005-20274,Case-4,NECROSIS,NECROSIS,0.003617,0.015937,0.980446,Case-4,g4-logo-baseline-seed42::fold_Case-4
Case-4-C28-22588-34168,Case-4,NECROSIS,NECROSIS,0.005675,0.030563,0.963762,Case-4,g4-logo-baseline-seed42::fold_Case-4
Case-4-C28-27602-26398,Case-4,NECROSIS,NON_TUMOR,0.688073,0.00251,0.309417,Case-4,g4-logo-baseline-seed42::fold_Case-4
Case-4-C28-34272-29721,Case-4,NECROSIS,NON_TUMOR,0.610519,0.003185,0.386296,Case-4,g4-logo-baseline-seed42::fold_Case-4
Case-4-C28-35755-28991,Case-4,NECROSIS,NECROSIS,0.149361,0.016264,0.834375,Case-4,g4-logo-baseline-seed42::fold_Case-4
Case-4-C28-42525-25070,Case-4,NECROSIS,NECROSIS,0.241123,0.152527,0.60635,Case-4,g4-logo-baseline-seed42::fold_Case-4
Case-4-C29-13332-20182,Case-4,NECROSIS,NECROSIS,0.00486,0.013039,0.982102,Case-4,g4-logo-baseline-seed42::fold_Case-4
Case-4-C29-15182-28434,Case-4,NECROSIS,NECROSIS,0.310736,0.253985,0.435279,Case-4,g4-logo-baseline-seed42::fold_Case-4
Case-4-C29-15887-24394,Case-4,NECROSIS,NECROSIS,0.002421,0.016042,0.981537,Case-4,g4-logo-baseline-seed42::fold_Case-4
Case-4-C29-16874-21863,Case-4,NECROSIS,NECROSIS,0.055986,0.010904,0.93311,Case-4,g4-logo-baseline-seed42::fold_Case-4
Case-4-C29-17972-31834,Case-4,NECROSIS,NECROSIS,0.189231,0.046426,0.764343,Case-4,g4-logo-baseline-seed42::fold_Case-4
Case-4-C29-18029-22098,Case-4,NECROSIS,NECROSIS,0.136778,0.004989,0.858232,Case-4,g4-logo-baseline-seed42::fold_Case-4
Case-4-C29-22504-33746,Case-4,NECROSIS,NECROSIS,0.008843,0.01564,0.975516,Case-4,g4-logo-baseline-seed42::fold_Case-4
Case-4-C29-26385-28225,Case-4,NECROSIS,NECROSIS,0.428798,0.009053,0.562149,Case-4,g4-logo-baseline-seed42::fold_Case-4
Case-4-C29-26451-27935,Case-4,NECROSIS,NON_TUMOR,0.656921,0.002161,0.340919,Case-4,g4-logo-baseline-seed42::fold_Case-4
Case-4-C29-26629-4434,Case-4,NECROSIS,NECROSIS,0.102096,0.197017,0.700887,Case-4,g4-logo-baseline-seed42::fold_Case-4
Case-4-C29-27987-31224,Case-4,NECROSIS,NECROSIS,0.036945,0.011237,0.951818,Case-4,g4-logo-baseline-seed42::fold_Case-4
Case-4-C29-30502-34418,Case-4,NECROSIS,NECROSIS,0.01325,0.000941,0.98581,Case-4,g4-logo-baseline-seed42::fold_Case-4
Case-4-C29-31054-35813,Case-4,NECROSIS,NECROSIS,0.027235,0.021684,0.95108,Case-4,g4-logo-baseline-seed42::fold_Case-4
Case-4-C29-31369-33022,Case-4,NECROSIS,NECROSIS,0.023562,0.004073,0.972365,Case-4,g4-logo-baseline-seed42::fold_Case-4
Case-4-C29-33826-27241,Case-4,NECROSIS,NECROSIS,0.046464,0.00706,0.946476,Case-4,g4-logo-baseline-seed42::fold_Case-4
Case-4-C31-10015-17952,Case-4,NECROSIS,NECROSIS,0.005743,0.001762,0.992496,Case-4,g4-logo-baseline-seed42::fold_Case-4
Case-4-C31-11369-15049,Case-4,NECROSIS,NECROSIS,0.007645,0.005912,0.986443,Case-4,g4-logo-baseline-seed42::fold_Case-4
Case-4-C31-12983-18446,Case-4,NECROSIS,NECROSIS,0.01656,0.006297,0.977143,Case-4,g4-logo-baseline-seed42::fold_Case-4
Case-4-C31-13026-17709,Case-4,NECROSIS,NECROSIS,0.00875,0.003027,0.988223,Case-4,g4-logo-baseline-seed42::fold_Case-4
Case-4-C31-17180-22686,Case-4,NECROSIS,NECROSIS,0.175024,0.001812,0.823163,Case-4,g4-logo-baseline-seed42::fold_Case-4
Case-4-C31-19720-30902,Case-4,NECROSIS,NECROSIS,0.017846,0.008931,0.973223,Case-4,g4-logo-baseline-seed42::fold_Case-4
Case-4-C31-19780-23823,Case-4,NECROSIS,NECROSIS,0.089929,0.007665,0.902406,Case-4,g4-logo-baseline-seed42::fold_Case-4
Case-4-C31-20022-32809,Case-4,NECROSIS,NECROSIS,0.203022,0.0226,0.774378,Case-4,g4-logo-baseline-seed42::fold_Case-4
Case-4-C31-22851-36922,Case-4,NECROSIS,NECROSIS,0.010749,0.010706,0.978546,Case-4,g4-logo-baseline-seed42::fold_Case-4
Case-4-C31-25781-32079,Case-4,NECROSIS,NECROSIS,0.037878,0.050675,0.911447,Case-4,g4-logo-baseline-seed42::fold_Case-4
Case-4-C31-28807-3942,Case-4,NECROSIS,NECROSIS,0.2491,0.121055,0.629845,Case-4,g4-logo-baseline-seed42::fold_Case-4
Case-4-C31-36283-29598,Case-4,NECROSIS,NECROSIS,0.100062,0.006673,0.893265,Case-4,g4-logo-baseline-seed42::fold_Case-4
Case-4-C31-37390-31078,Case-4,NECROSIS,NECROSIS,0.025731,0.059773,0.914496,Case-4,g4-logo-baseline-seed42::fold_Case-4
Case-4-C34-17385-28312,Case-4,NECROSIS,NECROSIS,0.154425,0.007476,0.838099,Case-4,g4-logo-baseline-seed42::fold_Case-4
Case-4-C34-17486-25030,Case-4,NECROSIS,NECROSIS,0.49568,0.005601,0.498719,Case-4,g4-logo-baseline-seed42::fold_Case-4
Case-4-C34-21897-31957,Case-4,NECROSIS,NECROSIS,0.249032,0.015755,0.735213,Case-4,g4-logo-baseline-seed42::fold_Case-4
Case-4-C34-22699-32728,Case-4,NECROSIS,NECROSIS,0.177805,0.021867,0.800328,Case-4,g4-logo-baseline-seed42::fold_Case-4
Case-4-C34-23929-34222,Case-4,NECROSIS,NECROSIS,0.021836,0.107149,0.871015,Case-4,g4-logo-baseline-seed42::fold_Case-4
Case-4-C34-25397-27112,Case-4,NECROSIS,NECROSIS,0.434405,0.007482,0.558113,Case-4,g4-logo-baseline-seed42::fold_Case-4
Case-4-C34-26259-33892,Case-4,NECROSIS,NECROSIS,0.091313,0.148966,0.759721,Case-4,g4-logo-baseline-seed42::fold_Case-4
Case-4-C34-27849-28579,Case-4,NECROSIS,NECROSIS,0.429612,0.007624,0.562765,Case-4,g4-logo-baseline-seed42::fold_Case-4
Case-4-C34-28490-3882,Case-4,NECROSIS,NECROSIS,0.327889,0.127552,0.544559,Case-4,g4-logo-baseline-seed42::fold_Case-4
Case-4-C34-29374-30806,Case-4,NECROSIS,NECROSIS,0.014147,0.05657,0.929282,Case-4,g4-logo-baseline-seed42::fold_Case-4
Case-4-C34-31245-35957,Case-4,NECROSIS,NECROSIS,0.025728,0.029214,0.945058,Case-4,g4-logo-baseline-seed42::fold_Case-4
Case-4-C34-31582-34370,Case-4,NECROSIS,NECROSIS,0.019666,0.007831,0.972503,Case-4,g4-logo-baseline-seed42::fold_Case-4
Case-4-C34-34486-29517,Case-4,NECROSIS,NECROSIS,0.347861,0.003717,0.648422,Case-4,g4-logo-baseline-seed42::fold_Case-4
Case-4-C34-37729-30592,Case-4,NECROSIS,NECROSIS,0.055722,0.094157,0.850121,Case-4,g4-logo-baseline-seed42::fold_Case-4
Case-4-C34-40371-21884,Case-4,NECROSIS,NON_TUMOR,0.55203,0.029901,0.418069,Case-4,g4-logo-baseline-seed42::fold_Case-4
Case-4-C34-41931-27880,Case-4,NECROSIS,NECROSIS,0.100557,0.247073,0.65237,Case-4,g4-logo-baseline-seed42::fold_Case-4
Case-48-P5-C13-30344-16782,Case-48,NON_TUMOR,NON_TUMOR,0.974749,0.00026,0.024991,Case-48,g4-logo-baseline-seed42::fold_Case-48
Case-48-P5-C13-31558-32206,Case-48,NON_TUMOR,NECROSIS,0.2335,0.050871,0.715628,Case-48,g4-logo-baseline-seed42::fold_Case-48
Case-48-P5-C13-34777-26855,Case-48,NON_TUMOR,NECROSIS,0.31096,0.051388,0.637652,Case-48,g4-logo-baseline-seed42::fold_Case-48
Case-48-P5-C13-41185-25631,Case-48,NON_TUMOR,NON_TUMOR,0.91154,0.024994,0.063466,Case-48,g4-logo-baseline-seed42::fold_Case-48
Case-48-P5-C13-42156-28960,Case-48,NON_TUMOR,NON_TUMOR,0.768631,0.039471,0.191898,Case-48,g4-logo-baseline-seed42::fold_Case-48
Case-48-P5-C13-42974-19458,Case-48,NON_TUMOR,NECROSIS,0.132179,0.141602,0.726218,Case-48,g4-logo-baseline-seed42::fold_Case-48
Case-48-P5-C13-43922-21112,Case-48,NON_TUMOR,NECROSIS,0.257194,0.044126,0.698679,Case-48,g4-logo-baseline-seed42::fold_Case-48
Case-48-P5-C13-56220-35584,Case-48,NON_TUMOR,NECROSIS,0.026339,0.310647,0.663014,Case-48,g4-logo-baseline-seed42::fold_Case-48
Case-48-P5-C14-24924-23750,Case-48,NON_TUMOR,NON_TUMOR,0.831799,0.015018,0.153183,Case-48,g4-logo-baseline-seed42::fold_Case-48
Case-48-P5-C14-30314-23881,Case-48,NON_TUMOR,NON_TUMOR,0.75114,0.005801,0.243058,Case-48,g4-logo-baseline-seed42::fold_Case-48
Case-48-P5-C14-34550-19673,Case-48,NON_TUMOR,NECROSIS,0.08503,0.000191,0.914779,Case-48,g4-logo-baseline-seed42::fold_Case-48
Case-48-P5-C14-34559-25361,Case-48,NON_TUMOR,NECROSIS,0.191297,0.02567,0.783034,Case-48,g4-logo-baseline-seed42::fold_Case-48
Case-48-P5-C14-34681-15663,Case-48,NON_TUMOR,NON_TUMOR,0.84225,0.000231,0.157519,Case-48,g4-logo-baseline-seed42::fold_Case-48
Case-48-P5-C14-37397-27331,Case-48,NON_TUMOR,NON_TUMOR,0.794519,0.00075,0.204731,Case-48,g4-logo-baseline-seed42::fold_Case-48
Case-48-P5-C14-39001-28941,Case-48,NON_TUMOR,NECROSIS,0.404744,0.008243,0.587013,Case-48,g4-logo-baseline-seed42::fold_Case-48
Case-48-P5-C14-41747-26404,Case-48,NON_TUMOR,NON_TUMOR,0.482238,0.075901,0.44186,Case-48,g4-logo-baseline-seed42::fold_Case-48
Case-48-P5-C14-42219-24715,Case-48,NON_TUMOR,NON_TUMOR,0.757523,0.022865,0.219613,Case-48,g4-logo-baseline-seed42::fold_Case-48
Case-48-P5-C14-44612-17510,Case-48,NON_TUMOR,NON_TUMOR,0.666884,0.006687,0.326429,Case-48,g4-logo-baseline-seed42::fold_Case-48
Case-48-P5-C14-54203-39127,Case-48,NON_TUMOR,NON_TUMOR,0.896307,0.009769,0.093924,Case-48,g4-logo-baseline-seed42::fold_Case-48
Case-48-P5-C14-55921-40389,Case-48,NON_TUMOR,NON_TUMOR,0.778351,0.009795,0.211853,Case-48,g4-logo-baseline-seed42::fold_Case-48
Case-48-P5-C15-14907-22432,Case-48,NON_TUMOR,NON_TUMOR,0.9665,0.006243,0.027257,Case-48,g4-logo-baseline-seed42::fold_Case-48
Case-48-P5-C15-16934-23981,Case-48,NON_TUMOR,NON_TUMOR,0.90738,0.017361,0.07526,Case-48,g4-logo-baseline-seed42::fold_Case-48
Case-48-P5-C15-17885-28625,Case-48,NON_TUMOR,NON_TUMOR,0.991401,0.00172,0.006879,Case-48,g4-logo-baseline-seed42::fold_Case-48
Case-48-P5-C15-38668-29527,Case-48,NON_TUMOR,NON_TUMOR,0.948863,0.041772,0.009365,Case-48,g4-logo-baseline-seed42::fold_Case-48
Case-48-P5-C15-42605-29137,Case-48,NON_TUMOR,NON_TUMOR,0.99809,0.001085,0.000825,Case-48,g4-logo-baseline-seed42::fold_Case-48
Case-48-P5-C15-7821-18054,Case-48,NON_TUMOR,NON_TUMOR,0.984316,0.004571,0.011112,Case-48,g4-logo-baseline-seed42::fold_Case-48
Case-48-P5-C16-16775-22744,Case-48,NON_TUMOR,NON_TUMOR,0.995926,0.001538,0.002536,Case-48,g4-logo-baseline-seed42::fold_Case-48
Case-48-P5-C16-31710-28486,Case-48,NON_TUMOR,NON_TUMOR,0.925368,0.027798,0.046833,Case-48,g4-logo-baseline-seed42::fold_Case-48
Case-48-P5-C16-44299-6790,Case-48,NON_TUMOR,NON_TUMOR,0.804089,0.003659,0.192252,Case-48,g4-logo-baseline-seed42::fold_Case-48
Case-48-P5-C16-5406-13863,Case-48,NON_TUMOR,NON_TUMOR,0.999355,0.000457,0.000187,Case-48,g4-logo-baseline-seed42::fold_Case-48
Case-48-P5-C17-30525-29681,Case-48,NON_TUMOR,NON_TUMOR,0.967996,0.024942,0.007062,Case-48,g4-logo-baseline-seed42::fold_Case-48
Case-48-P5-C17-37699-30210,Case-48,NON_TUMOR,NON_TUMOR,0.962332,0.031057,0.006611,Case-48,g4-logo-baseline-seed42::fold_Case-48
Case-48-P5-C17-40131-29101,Case-48,NON_TUMOR,NON_TUMOR,0.986216,0.008967,0.004817,Case-48,g4-logo-baseline-seed42::fold_Case-48
Case-48-P5-C17-47640-27910,Case-48,NON_TUMOR,NON_TUMOR,0.986825,0.000594,0.012581,Case-48,g4-logo-baseline-seed42::fold_Case-48
Case-48-P5-C17-7752-15521,Case-48,NON_TUMOR,NON_TUMOR,0.999496,0.00028,0.000224,Case-48,g4-logo-baseline-seed42::fold_Case-48
Case-48-P5-C18-15219-24510,Case-48,NON_TUMOR,NON_TUMOR,0.963557,0.004853,0.03159,Case-48,g4-logo-baseline-seed42::fold_Case-48
Case-48-P5-C18-17610-25605,Case-48,NON_TUMOR,NON_TUMOR,0.795366,0.030156,0.174479,Case-48,g4-logo-baseline-seed42::fold_Case-48
Case-48-P5-C18-22374-30391,Case-48,NON_TUMOR,NON_TUMOR,0.983152,0.002562,0.014286,Case-48,g4-logo-baseline-seed42::fold_Case-48
Case-48-P5-C18-30468-34044,Case-48,NON_TUMOR,NON_TUMOR,0.880414,0.013383,0.106203,Case-48,g4-logo-baseline-seed42::fold_Case-48
Case-48-P5-C18-33916-33907,Case-48,NON_TUMOR,NON_TUMOR,0.9706,0.001452,0.027948,Case-48,g4-logo-baseline-seed42::fold_Case-48
Case-48-P5-C18-9652-19230,Case-48,NON_TUMOR,NON_TUMOR,0.975752,0.006572,0.017677,Case-48,g4-logo-baseline-seed42::fold_Case-48
Case-48-P5-C19-11220-21709,Case-48,NON_TUMOR,NON_TUMOR,0.976174,0.003048,0.020778,Case-48,g4-logo-baseline-seed42::fold_Case-48
Case-48-P5-C19-13067-24621,Case-48,NON_TUMOR,NON_TUMOR,0.91827,0.007843,0.073887,Case-48,g4-logo-baseline-seed42::fold_Case-48
Case-48-P5-C19-14308-25500,Case-48,NON_TUMOR,NON_TUMOR,0.984469,0.003774,0.011756,Case-48,g4-logo-baseline-seed42::fold_Case-48
Case-48-P5-C19-19015-27466,Case-48,NON_TUMOR,NON_TUMOR,0.981118,0.006541,0.012341,Case-48,g4-logo-baseline-seed42::fold_Case-48
Case-48-P5-C19-26094-27297,Case-48,NON_TUMOR,NON_TUMOR,0.968085,0.01297,0.018945,Case-48,g4-logo-baseline-seed42::fold_Case-48
Case-48-P5-C19-26657-32338,Case-48,NON_TUMOR,NON_TUMOR,0.980783,0.001324,0.017893,Case-48,g4-logo-baseline-seed42::fold_Case-48
Case-48-P5-C19-27826-27316,Case-48,NON_TUMOR,NON_TUMOR,0.988979,0.003498,0.007523,Case-48,g4-logo-baseline-seed42::fold_Case-48
Case-48-P5-C19-28560-27834,Case-48,NON_TUMOR,NON_TUMOR,0.980069,0.005045,0.014886,Case-48,g4-logo-baseline-seed42::fold_Case-48
Case-48-P5-C19-30501-31832,Case-48,NON_TUMOR,NON_TUMOR,0.981165,0.010396,0.008439,Case-48,g4-logo-baseline-seed42::fold_Case-48
Case-48-P5-C19-47082-29959,Case-48,NON_TUMOR,NON_TUMOR,0.782681,0.013626,0.203693,Case-48,g4-logo-baseline-seed42::fold_Case-48
Case-48-P5-C20-11443-19302,Case-48,NON_TUMOR,NON_TUMOR,0.987995,0.002522,0.009482,Case-48,g4-logo-baseline-seed42::fold_Case-48
Case-48-P5-C20-12605-20018,Case-48,NON_TUMOR,NON_TUMOR,0.998024,0.000915,0.001062,Case-48,g4-logo-baseline-seed42::fold_Case-48
Case-48-P5-C20-28430-29841,Case-48,NON_TUMOR,NON_TUMOR,0.986132,0.006965,0.006902,Case-48,g4-logo-baseline-seed42::fold_Case-48
Case-48-P5-C20-44108-28521,Case-48,NON_TUMOR,NON_TUMOR,0.998194,0.000535,0.001271,Case-48,g4-logo-baseline-seed42::fold_Case-48
Case-48-P5-C20-7234-13196,Case-48,NON_TUMOR,NON_TUMOR,0.989301,0.002307,0.008392,Case-48,g4-logo-baseline-seed42::fold_Case-48
Case-48-P5-C20-7949-14990,Case-48,NON_TUMOR,NON_TUMOR,0.999589,0.000165,0.000245,Case-48,g4-logo-baseline-seed42::fold_Case-48
Case-48-P5-C20-8427-20401,Case-48,NON_TUMOR,NON_TUMOR,0.977895,0.005293,0.016812,Case-48,g4-logo-baseline-seed42::fold_Case-48
Case-48-P5-C20-9712-22991,Case-48,NON_TUMOR,NON_TUMOR,0.973232,0.001419,0.025348,Case-48,g4-logo-baseline-seed42::fold_Case-48
Case-48-P5-C21-19402-23915,Case-48,NON_TUMOR,NON_TUMOR,0.752769,0.037247,0.209985,Case-48,g4-logo-baseline-seed42::fold_Case-48
Case-48-P5-C21-19527-27711,Case-48,NON_TUMOR,NON_TUMOR,0.974033,0.00836,0.017607,Case-48,g4-logo-baseline-seed42::fold_Case-48
Case-48-P5-C21-28107-32141,Case-48,NON_TUMOR,NON_TUMOR,0.968286,0.007894,0.02382,Case-48,g4-logo-baseline-seed42::fold_Case-48
Case-48-P5-C21-40591-33043,Case-48,NON_TUMOR,NECROSIS,0.166944,0.015111,0.817945,Case-48,g4-logo-baseline-seed42::fold_Case-48
Case-48-P5-C21-45322-31087,Case-48,NON_TUMOR,NECROSIS,0.324467,0.059167,0.616367,Case-48,g4-logo-baseline-seed42::fold_Case-48
Case-48-P5-C21-46100-29884,Case-48,NON_TUMOR,NON_TUMOR,0.752371,0.008083,0.239545,Case-48,g4-logo-baseline-seed42::fold_Case-48
Case-48-P5-C21-51030-28827,Case-48,NON_TUMOR,NON_TUMOR,0.726015,0.024746,0.249239,Case-48,g4-logo-baseline-seed42::fold_Case-48
Case-48-P5-C21-8898-15670,Case-48,NON_TUMOR,NON_TUMOR,0.995001,0.000282,0.004717,Case-48,g4-logo-baseline-seed42::fold_Case-48
Case-48-P5-C22-10542-19412,Case-48,NON_TUMOR,NON_TUMOR,0.92971,0.013182,0.057108,Case-48,g4-logo-baseline-seed42::fold_Case-48
Case-48-P5-C22-13977-20055,Case-48,NON_TUMOR,NON_TUMOR,0.988366,0.000879,0.010755,Case-48,g4-logo-baseline-seed42::fold_Case-48
Case-48-P5-C22-14392-22302,Case-48,NON_TUMOR,NON_TUMOR,0.982459,0.006194,0.011347,Case-48,g4-logo-baseline-seed42::fold_Case-48
Case-48-P5-C22-29810-28152,Case-48,NON_TUMOR,NON_TUMOR,0.881505,0.013348,0.105147,Case-48,g4-logo-baseline-seed42::fold_Case-48
Case-48-P5-C22-50594-23644,Case-48,NON_TUMOR,NON_TUMOR,0.957462,0.000731,0.041807,Case-48,g4-logo-baseline-seed42::fold_Case-48
Case-48-P5-C23-10747-20258,Case-48,NON_TUMOR,NON_TUMOR,0.969146,0.008891,0.021963,Case-48,g4-logo-baseline-seed42::fold_Case-48
Case-48-P5-C23-13674-18318,Case-48,NON_TUMOR,NON_TUMOR,0.574538,0.014038,0.411425,Case-48,g4-logo-baseline-seed42::fold_Case-48
Case-48-P5-C23-32821-29229,Case-48,NON_TUMOR,NON_TUMOR,0.758769,0.092503,0.148728,Case-48,g4-logo-baseline-seed42::fold_Case-48
Case-48-P5-C23-40661-11039,Case-48,NON_TUMOR,NON_TUMOR,0.513547,0.006289,0.480163,Case-48,g4-logo-baseline-seed42::fold_Case-48
Case-48-P5-C23-46530-30085,Case-48,NON_TUMOR,NON_TUMOR,0.808776,0.003393,0.18783,Case-48,g4-logo-baseline-seed42::fold_Case-48
Case-48-P5-C23-46857-10945,Case-48,NON_TUMOR,NON_TUMOR,0.952741,0.00176,0.045499,Case-48,g4-logo-baseline-seed42::fold_Case-48
Case-48-P5-C23-47339-30578,Case-48,NON_TUMOR,NON_TUMOR,0.633222,0.060579,0.306199,Case-48,g4-logo-baseline-seed42::fold_Case-48
Case-48-P5-C24-12193-15641,Case-48,NON_TUMOR,NON_TUMOR,0.999698,3.3e-05,0.000269,Case-48,g4-logo-baseline-seed42::fold_Case-48
Case-48-P5-C24-15473-17927,Case-48,NON_TUMOR,NON_TUMOR,0.947487,0.014779,0.037734,Case-48,g4-logo-baseline-seed42::fold_Case-48
Case-48-P5-C24-17000-3955,Case-48,NON_TUMOR,NON_TUMOR,0.885698,0.011287,0.103015,Case-48,g4-logo-baseline-seed42::fold_Case-48
Case-48-P5-C24-21560-34143,Case-48,NON_TUMOR,NON_TUMOR,0.962457,0.000447,0.037096,Case-48,g4-logo-baseline-seed42::fold_Case-48
Case-48-P5-C24-21763-16611,Case-48,NON_TUMOR,NON_TUMOR,0.951032,0.013707,0.035261,Case-48,g4-logo-baseline-seed42::fold_Case-48
Case-48-P5-C24-21815-17299,Case-48,NON_TUMOR,NON_TUMOR,0.912166,0.01204,0.075795,Case-48,g4-logo-baseline-seed42::fold_Case-48
Case-48-P5-C24-24437-18106,Case-48,NON_TUMOR,NON_TUMOR,0.948391,0.009083,0.042525,Case-48,g4-logo-baseline-seed42::fold_Case-48
Case-48-P5-C24-26818-12582,Case-48,NON_TUMOR,NON_TUMOR,0.965869,0.000645,0.033486,Case-48,g4-logo-baseline-seed42::fold_Case-48
Case-48-P5-C24-27048-31771,Case-48,NON_TUMOR,NON_TUMOR,0.99701,0.001341,0.001648,Case-48,g4-logo-baseline-seed42::fold_Case-48
Case-48-P5-C24-27657-16224,Case-48,NON_TUMOR,NON_TUMOR,0.997087,0.001025,0.001888,Case-48,g4-logo-baseline-seed42::fold_Case-48
Case-48-P5-C24-29276-10680,Case-48,NON_TUMOR,NON_TUMOR,0.955068,0.008374,0.036558,Case-48,g4-logo-baseline-seed42::fold_Case-48
Case-48-P5-C24-30259-11826,Case-48,NON_TUMOR,NON_TUMOR,0.98927,0.001017,0.009713,Case-48,g4-logo-baseline-seed42::fold_Case-48
Case-48-P5-C24-37333-35425,Case-48,NON_TUMOR,NON_TUMOR,0.965543,0.01111,0.023347,Case-48,g4-logo-baseline-seed42::fold_Case-48
Case-48-P5-C24-38091-32786,Case-48,NON_TUMOR,NON_TUMOR,0.966626,0.011616,0.021757,Case-48,g4-logo-baseline-seed42::fold_Case-48
Case-48-P5-C24-39421-35791,Case-48,NON_TUMOR,NON_TUMOR,0.999471,9.5e-05,0.000434,Case-48,g4-logo-baseline-seed42::fold_Case-48
Case-48-P5-C24-39614-21477,Case-48,NON_TUMOR,NON_TUMOR,0.999436,1.7e-05,0.000547,Case-48,g4-logo-baseline-seed42::fold_Case-48
Case-48-P5-C24-44425-22814,Case-48,NON_TUMOR,NON_TUMOR,0.987605,0.002817,0.009577,Case-48,g4-logo-baseline-seed42::fold_Case-48
Case-48-P5-C24-45358-16505,Case-48,NON_TUMOR,NON_TUMOR,0.991772,0.000401,0.007827,Case-48,g4-logo-baseline-seed42::fold_Case-48
Case-48-P5-C24-5972-23007,Case-48,NON_TUMOR,NON_TUMOR,0.962927,0.00159,0.035484,Case-48,g4-logo-baseline-seed42::fold_Case-48
Case-48-P5-C24-8126-17022,Case-48,NON_TUMOR,NON_TUMOR,0.995258,0.000172,0.00457,Case-48,g4-logo-baseline-seed42::fold_Case-48
Case-48-P5-C24-9713-21393,Case-48,NON_TUMOR,NON_TUMOR,0.994582,0.000895,0.004523,Case-48,g4-logo-baseline-seed42::fold_Case-48
Case-48-P5-C25-12809-12456,Case-48,NON_TUMOR,NON_TUMOR,0.999198,0.000258,0.000545,Case-48,g4-logo-baseline-seed42::fold_Case-48
Case-48-P5-C25-12843-22806,Case-48,NON_TUMOR,NON_TUMOR,0.974817,0.001999,0.023184,Case-48,g4-logo-baseline-seed42::fold_Case-48
Case-48-P5-C25-14114-21655,Case-48,NON_TUMOR,NON_TUMOR,0.946498,0.002717,0.050785,Case-48,g4-logo-baseline-seed42::fold_Case-48
Case-48-P5-C25-17864-19558,Case-48,NON_TUMOR,NON_TUMOR,0.766405,0.026073,0.207522,Case-48,g4-logo-baseline-seed42::fold_Case-48
Case-48-P5-C25-18486-7532,Case-48,NON_TUMOR,NON_TUMOR,0.996917,0.000703,0.00238,Case-48,g4-logo-baseline-seed42::fold_Case-48
Case-48-P5-C25-20304-11543,Case-48,NON_TUMOR,NON_TUMOR,0.996843,0.000495,0.002663,Case-48,g4-logo-baseline-seed42::fold_Case-48
Case-48-P5-C25-20418-21432,Case-48,NON_TUMOR,NON_TUMOR,0.986887,0.004212,0.008901,Case-48,g4-logo-baseline-seed42::fold_Case-48
Case-48-P5-C25-20536-9499,Case-48,NON_TUMOR,NON_TUMOR,0.998648,0.000331,0.001021,Case-48,g4-logo-baseline-seed42::fold_Case-48
Case-48-P5-C25-26246-2368,Case-48,NON_TUMOR,NON_TUMOR,0.991175,0.004049,0.004776,Case-48,g4-logo-baseline-seed42::fold_Case-48
Case-48-P5-C25-26937-1708,Case-48,NON_TUMOR,NON_TUMOR,0.992361,0.002614,0.005025,Case-48,g4-logo-baseline-seed42::fold_Case-48
Case-48-P5-C25-29486-14939,Case-48,NON_TUMOR,NON_TUMOR,0.9926,0.002846,0.004554,Case-48,g4-logo-baseline-seed42::fold_Case-48
Case-48-P5-C25-29797-38536,Case-48,NON_TUMOR,NON_TUMOR,0.952147,0.013721,0.034132,Case-48,g4-logo-baseline-seed42::fold_Case-48
Case-48-P5-C25-31139-13405,Case-48,NON_TUMOR,NON_TUMOR,0.934823,0.026817,0.03836,Case-48,g4-logo-baseline-seed42::fold_Case-48
Case-48-P5-C25-31766-30946,Case-48,NON_TUMOR,NON_TUMOR,0.99378,0.002124,0.004096,Case-48,g4-logo-baseline-seed42::fold_Case-48
Case-48-P5-C25-32201-30326,Case-48,NON_TUMOR,NON_TUMOR,0.998916,0.0006,0.000484,Case-48,g4-logo-baseline-seed42::fold_Case-48
Case-48-P5-C25-32661-30441,Case-48,NON_TUMOR,NON_TUMOR,0.999311,0.000229,0.00046,Case-48,g4-logo-baseline-seed42::fold_Case-48
Case-48-P5-C25-35044-30800,Case-48,NON_TUMOR,NON_TUMOR,0.996725,0.000821,0.002454,Case-48,g4-logo-baseline-seed42::fold_Case-48
Case-48-P5-C25-35701-21325,Case-48,NON_TUMOR,NON_TUMOR,0.923109,0.003886,0.073005,Case-48,g4-logo-baseline-seed42::fold_Case-48
Case-48-P5-C25-37421-34911,Case-48,NON_TUMOR,NON_TUMOR,0.971217,0.007079,0.021704,Case-48,g4-logo-baseline-seed42::fold_Case-48
Case-48-P5-C25-37498-35824,Case-48,NON_TUMOR,NON_TUMOR,0.985031,0.006273,0.008696,Case-48,g4-logo-baseline-seed42::fold_Case-48
Case-48-P5-C25-39181-21965,Case-48,NON_TUMOR,NON_TUMOR,0.999377,7.3e-05,0.000549,Case-48,g4-logo-baseline-seed42::fold_Case-48
Case-48-P5-C25-41901-28675,Case-48,NON_TUMOR,NON_TUMOR,0.897979,0.01098,0.091041,Case-48,g4-logo-baseline-seed42::fold_Case-48
Case-48-P5-C25-51442-22185,Case-48,NON_TUMOR,NON_TUMOR,0.977962,0.000537,0.021501,Case-48,g4-logo-baseline-seed42::fold_Case-48
Case-48-P5-C25-5819-20106,Case-48,NON_TUMOR,NON_TUMOR,0.999241,6e-05,0.0007,Case-48,g4-logo-baseline-seed42::fold_Case-48
Case-48-P5-C25-7779-23788,Case-48,NON_TUMOR,NON_TUMOR,0.988519,0.001277,0.010203,Case-48,g4-logo-baseline-seed42::fold_Case-48
Case-48-P5-C25-8387-24405,Case-48,NON_TUMOR,NON_TUMOR,0.989388,0.003187,0.007425,Case-48,g4-logo-baseline-seed42::fold_Case-48
Case-48-P5-C13-28480-4550,Case-48,VIABLE_TUMOR,NECROSIS,0.015823,0.01484,0.969337,Case-48,g4-logo-baseline-seed42::fold_Case-48
Case-48-P5-C13-33156-9373,Case-48,VIABLE_TUMOR,NECROSIS,0.474266,0.007928,0.517806,Case-48,g4-logo-baseline-seed42::fold_Case-48
Case-48-P5-C13-35186-4450,Case-48,VIABLE_TUMOR,NON_TUMOR,0.895155,0.00205,0.102795,Case-48,g4-logo-baseline-seed42::fold_Case-48
Case-48-P5-C13-35786-2519,Case-48,VIABLE_TUMOR,NON_TUMOR,0.611372,0.012391,0.376237,Case-48,g4-logo-baseline-seed42::fold_Case-48
Case-48-P5-C13-36274-5595,Case-48,VIABLE_TUMOR,NON_TUMOR,0.637445,0.01091,0.351645,Case-48,g4-logo-baseline-seed42::fold_Case-48
Case-48-P5-C13-36431-2977,Case-48,VIABLE_TUMOR,NECROSIS,0.263145,0.019865,0.71699,Case-48,g4-logo-baseline-seed42::fold_Case-48
Case-48-P5-C13-40217-4387,Case-48,VIABLE_TUMOR,NECROSIS,0.038082,0.385257,0.576661,Case-48,g4-logo-baseline-seed42::fold_Case-48
Case-48-P5-C13-45972-4022,Case-48,VIABLE_TUMOR,VIABLE_TUMOR,0.171182,0.650017,0.178801,Case-48,g4-logo-baseline-seed42::fold_Case-48
Case-48-P5-C13-47517-9280,Case-48,VIABLE_TUMOR,VIABLE_TUMOR,0.013944,0.578771,0.407285,Case-48,g4-logo-baseline-seed42::fold_Case-48
Case-48-P5-C13-47829-6226,Case-48,VIABLE_TUMOR,NON_TUMOR,0.412488,0.316828,0.270685,Case-48,g4-logo-baseline-seed42::fold_Case-48
Case-48-P5-C13-64007-12122,Case-48,VIABLE_TUMOR,NECROSIS,0.125949,0.147978,0.726073,Case-48,g4-logo-baseline-seed42::fold_Case-48
Case-48-P5-C14-29041-7944,Case-48,VIABLE_TUMOR,NECROSIS,0.039994,0.038811,0.921195,Case-48,g4-logo-baseline-seed42::fold_Case-48
Case-48-P5-C14-32278-10661,Case-48,VIABLE_TUMOR,NON_TUMOR,0.699521,0.012251,0.288228,Case-48,g4-logo-baseline-seed42::fold_Case-48
Case-48-P5-C14-39467-6941,Case-48,VIABLE_TUMOR,VIABLE_TUMOR,0.157181,0.544415,0.298404,Case-48,g4-logo-baseline-seed42::fold_Case-48
Case-48-P5-C14-41089-9651,Case-48,VIABLE_TUMOR,NON_TUMOR,0.713285,0.081182,0.205533,Case-48,g4-logo-baseline-seed42::fold_Case-48
Case-48-P5-C14-44941-18452,Case-48,VIABLE_TUMOR,NECROSIS,0.017835,0.434829,0.547336,Case-48,g4-logo-baseline-seed42::fold_Case-48
Case-48-P5-C14-50416-27346,Case-48,VIABLE_TUMOR,NECROSIS,0.352623,0.0587,0.588677,Case-48,g4-logo-baseline-seed42::fold_Case-48
Case-48-P5-C14-50604-21283,Case-48,VIABLE_TUMOR,NECROSIS,0.200027,0.076347,0.723627,Case-48,g4-logo-baseline-seed42::fold_Case-48
Case-48-P5-C14-52144-3660,Case-48,VIABLE_TUMOR,VIABLE_TUMOR,0.138361,0.459641,0.401998,Case-48,g4-logo-baseline-seed42::fold_Case-48
Case-48-P5-C14-54171-23668,Case-48,VIABLE_TUMOR,VIABLE_TUMOR,0.000817,0.958516,0.040668,Case-48,g4-logo-baseline-seed42::fold_Case-48
Case-48-P5-C14-56563-30345,Case-48,VIABLE_TUMOR,VIABLE_TUMOR,0.005984,0.861204,0.132812,Case-48,g4-logo-baseline-seed42::fold_Case-48
Case-48-P5-C14-59148-13815,Case-48,VIABLE_TUMOR,NECROSIS,0.442548,0.070193,0.487259,Case-48,g4-logo-baseline-seed42::fold_Case-48
Case-48-P5-C14-59834-18325,Case-48,VIABLE_TUMOR,VIABLE_TUMOR,0.000783,0.983914,0.015304,Case-48,g4-logo-baseline-seed42::fold_Case-48
Case-48-P5-C14-65736-13805,Case-48,VIABLE_TUMOR,NON_TUMOR,0.594955,0.25216,0.152885,Case-48,g4-logo-baseline-seed42::fold_Case-48
Case-48-P5-C14-67137-24045,Case-48,VIABLE_TUMOR,NON_TUMOR,0.865046,0.000993,0.13396,Case-48,g4-logo-baseline-seed42::fold_Case-48
Case-48-P5-C15-13694-12591,Case-48,VIABLE_TUMOR,NON_TUMOR,0.555041,0.119233,0.325727,Case-48,g4-logo-baseline-seed42::fold_Case-48
Case-48-P5-C15-15457-16306,Case-48,VIABLE_TUMOR,NON_TUMOR,0.547488,0.024522,0.42799,Case-48,g4-logo-baseline-seed42::fold_Case-48
Case-48-P5-C15-18011-21615,Case-48,VIABLE_TUMOR,NON_TUMOR,0.649695,0.073825,0.27648,Case-48,g4-logo-baseline-seed42::fold_Case-48
Case-48-P5-C15-23409-12305,Case-48,VIABLE_TUMOR,NECROSIS,0.320916,0.005944,0.67314,Case-48,g4-logo-baseline-seed42::fold_Case-48
Case-48-P5-C15-25805-11251,Case-48,VIABLE_TUMOR,NECROSIS,0.296636,0.093701,0.609663,Case-48,g4-logo-baseline-seed42::fold_Case-48
Case-48-P5-C15-36624-27407,Case-48,VIABLE_TUMOR,NECROSIS,0.057979,0.015155,0.926866,Case-48,g4-logo-baseline-seed42::fold_Case-48
Case-48-P5-C15-37073-10134,Case-48,VIABLE_TUMOR,NECROSIS,0.197105,0.01041,0.792485,Case-48,g4-logo-baseline-seed42::fold_Case-48
Case-48-P5-C15-37609-3244,Case-48,VIABLE_TUMOR,NON_TUMOR,0.722541,0.024702,0.252758,Case-48,g4-logo-baseline-seed42::fold_Case-48
Case-48-P5-C15-38051-19362,Case-48,VIABLE_TUMOR,NECROSIS,0.175624,0.005705,0.81867,Case-48,g4-logo-baseline-seed42::fold_Case-48
Case-48-P5-C15-38858-22308,Case-48,VIABLE_TUMOR,NECROSIS,0.1471,0.016926,0.835974,Case-48,g4-logo-baseline-seed42::fold_Case-48
Case-48-P5-C15-40502-3547,Case-48,VIABLE_TUMOR,NECROSIS,0.01135,0.035419,0.953231,Case-48,g4-logo-baseline-seed42::fold_Case-48
Case-48-P5-C15-41629-16134,Case-48,VIABLE_TUMOR,NECROSIS,0.384309,0.004769,0.610922,Case-48,g4-logo-baseline-seed42::fold_Case-48
Case-48-P5-C15-42793-18458,Case-48,VIABLE_TUMOR,NON_TUMOR,0.847362,0.002652,0.149986,Case-48,g4-logo-baseline-seed42::fold_Case-48
Case-48-P5-C15-45773-17581,Case-48,VIABLE_TUMOR,NON_TUMOR,0.859996,0.004466,0.135539,Case-48,g4-logo-baseline-seed42::fold_Case-48
Case-48-P5-C15-48711-15150,Case-48,VIABLE_TUMOR,NON_TUMOR,0.819555,0.002583,0.177862,Case-48,g4-logo-baseline-seed42::fold_Case-48
Case-48-P5-C15-48775-26545,Case-48,VIABLE_TUMOR,NON_TUMOR,0.638407,0.007339,0.354253,Case-48,g4-logo-baseline-seed42::fold_Case-48
Case-48-P5-C15-48808-15798,Case-48,VIABLE_TUMOR,NON_TUMOR,0.669347,0.001089,0.329564,Case-48,g4-logo-baseline-seed42::fold_Case-48
Case-48-P5-C15-49012-23798,Case-48,VIABLE_TUMOR,NECROSIS,0.165423,0.098125,0.736452,Case-48,g4-logo-baseline-seed42::fold_Case-48
Case-48-P5-C15-9871-11637,Case-48,VIABLE_TUMOR,NON_TUMOR,0.83754,0.021231,0.141229,Case-48,g4-logo-baseline-seed42::fold_Case-48
Case-48-P5-C16-12239-11981,Case-48,VIABLE_TUMOR,NON_TUMOR,0.979939,0.011791,0.008271,Case-48,g4-logo-baseline-seed42::fold_Case-48
Case-48-P5-C16-14238-13009,Case-48,VIABLE_TUMOR,NECROSIS,0.299867,0.11812,0.582013,Case-48,g4-logo-baseline-seed42::fold_Case-48
Case-48-P5-C16-14955-12886,Case-48,VIABLE_TUMOR,NON_TUMOR,0.721628,0.029375,0.248997,Case-48,g4-logo-baseline-seed42::fold_Case-48
Case-48-P5-C16-15926-10929,Case-48,VIABLE_TUMOR,NON_TUMOR,0.996768,0.000164,0.003067,Case-48,g4-logo-baseline-seed42::fold_Case-48
Case-48-P5-C16-20627-20759,Case-48,VIABLE_TUMOR,VIABLE_TUMOR,0.144379,0.54982,0.3058,Case-48,g4-logo-baseline-seed42::fold_Case-48
Case-48-P5-C16-22496-8538,Case-48,VIABLE_TUMOR,NON_TUMOR,0.874567,0.006144,0.119289,Case-48,g4-logo-baseline-seed42::fold_Case-48
Case-48-P5-C16-25369-21517,Case-48,VIABLE_TUMOR,NON_TUMOR,0.913535,0.020621,0.065843,Case-48,g4-logo-baseline-seed42::fold_Case-48
Case-48-P5-C16-26938-16149,Case-48,VIABLE_TUMOR,NON_TUMOR,0.978479,0.004466,0.017056,Case-48,g4-logo-baseline-seed42::fold_Case-48
Case-48-P5-C16-29805-9678,Case-48,VIABLE_TUMOR,NECROSIS,0.089332,0.00759,0.903078,Case-48,g4-logo-baseline-seed42::fold_Case-48
Case-48-P5-C16-39161-16929,Case-48,VIABLE_TUMOR,NON_TUMOR,0.549073,0.005356,0.445571,Case-48,g4-logo-baseline-seed42::fold_Case-48
Case-48-P5-C16-39748-2743,Case-48,VIABLE_TUMOR,NECROSIS,0.104731,0.042429,0.85284,Case-48,g4-logo-baseline-seed42::fold_Case-48
Case-48-P5-C16-42343-20669,Case-48,VIABLE_TUMOR,NECROSIS,0.39692,0.011653,0.591427,Case-48,g4-logo-baseline-seed42::fold_Case-48
Case-48-P5-C16-43159-11972,Case-48,VIABLE_TUMOR,NON_TUMOR,0.761963,0.001936,0.2361,Case-48,g4-logo-baseline-seed42::fold_Case-48
Case-48-P5-C16-44867-23581,Case-48,VIABLE_TUMOR,NON_TUMOR,0.739658,0.007029,0.253313,Case-48,g4-logo-baseline-seed42::fold_Case-48
Case-48-P5-C16-46142-13796,Case-48,VIABLE_TUMOR,NECROSIS,0.146321,0.01904,0.83464,Case-48,g4-logo-baseline-seed42::fold_Case-48
Case-48-P5-C16-47760-19513,Case-48,VIABLE_TUMOR,NON_TUMOR,0.589435,0.001337,0.409228,Case-48,g4-logo-baseline-seed42::fold_Case-48
Case-48-P5-C16-50052-16053,Case-48,VIABLE_TUMOR,NON_TUMOR,0.928745,0.001136,0.070119,Case-48,g4-logo-baseline-seed42::fold_Case-48
Case-48-P5-C16-50396-24840,Case-48,VIABLE_TUMOR,VIABLE_TUMOR,0.00394,0.928871,0.067189,Case-48,g4-logo-baseline-seed42::fold_Case-48
Case-48-P5-C16-50924-16162,Case-48,VIABLE_TUMOR,NECROSIS,0.177325,0.021767,0.800908,Case-48,g4-logo-baseline-seed42::fold_Case-48
Case-48-P5-C16-52243-22493,Case-48,VIABLE_TUMOR,NECROSIS,0.32803,0.160693,0.511278,Case-48,g4-logo-baseline-seed42::fold_Case-48
Case-48-P5-C16-53844-23083,Case-48,VIABLE_TUMOR,NECROSIS,0.105757,0.329295,0.564949,Case-48,g4-logo-baseline-seed42::fold_Case-48
Case-48-P5-C16-54563-21138,Case-48,VIABLE_TUMOR,NON_TUMOR,0.725544,0.005708,0.268748,Case-48,g4-logo-baseline-seed42::fold_Case-48
Case-48-P5-C17-19137-20611,Case-48,VIABLE_TUMOR,VIABLE_TUMOR,0.01212,0.679337,0.308543,Case-48,g4-logo-baseline-seed42::fold_Case-48
Case-48-P5-C17-26817-18603,Case-48,VIABLE_TUMOR,NON_TUMOR,0.953956,0.002481,0.043563,Case-48,g4-logo-baseline-seed42::fold_Case-48
Case-48-P5-C17-27681-16299,Case-48,VIABLE_TUMOR,NECROSIS,0.46685,0.009188,0.523962,Case-48,g4-logo-baseline-seed42::fold_Case-48
Case-48-P5-C17-29452-16131,Case-48,VIABLE_TUMOR,NON_TUMOR,0.754143,0.013543,0.232314,Case-48,g4-logo-baseline-seed42::fold_Case-48
Case-48-P5-C17-34283-5396,Case-48,VIABLE_TUMOR,NECROSIS,0.013025,0.052543,0.934431,Case-48,g4-logo-baseline-seed42::fold_Case-48
Case-48-P5-C17-36719-14729,Case-48,VIABLE_TUMOR,NECROSIS,0.123791,0.008477,0.867732,Case-48,g4-logo-baseline-seed42::fold_Case-48
Case-48-P5-C17-36804-20443,Case-48,VIABLE_TUMOR,NON_TUMOR,0.768226,0.017424,0.21435,Case-48,g4-logo-baseline-seed42::fold_Case-48
Case-48-P5-C17-37516-18051,Case-48,VIABLE_TUMOR,NECROSIS,0.496178,0.005534,0.498288,Case-48,g4-logo-baseline-seed42::fold_Case-48
Case-48-P5-C17-37994-3037,Case-48,VIABLE_TUMOR,NECROSIS,0.351185,0.080135,0.56868,Case-48,g4-logo-baseline-seed42::fold_Case-48
Case-48-P5-C17-40867-15033,Case-48,VIABLE_TUMOR,NON_TUMOR,0.938479,0.000525,0.060996,Case-48,g4-logo-baseline-seed42::fold_Case-48
Case-48-P5-C17-41411-21807,Case-48,VIABLE_TUMOR,NON_TUMOR,0.929934,0.002288,0.067778,Case-48,g4-logo-baseline-seed42::fold_Case-48
Case-48-P5-C17-41961-10093,Case-48,VIABLE_TUMOR,NECROSIS,0.359047,0.003005,0.637948,Case-48,g4-logo-baseline-seed42::fold_Case-48
Case-48-P5-C17-42670-17152,Case-48,VIABLE_TUMOR,NECROSIS,0.491161,0.004334,0.504505,Case-48,g4-logo-baseline-seed42::fold_Case-48
Case-48-P5-C17-43432-26216,Case-48,VIABLE_TUMOR,NON_TUMOR,0.497241,0.037458,0.465301,Case-48,g4-logo-baseline-seed42::fold_Case-48
Case-48-P5-C17-44027-22381,Case-48,VIABLE_TUMOR,NECROSIS,0.409561,0.003442,0.586997,Case-48,g4-logo-baseline-seed42::fold_Case-48
Case-48-P5-C17-45932-5812,Case-48,VIABLE_TUMOR,NECROSIS,0.212416,0.048082,0.739502,Case-48,g4-logo-baseline-seed42::fold_Case-48
Case-48-P5-C17-46317-15755,Case-48,VIABLE_TUMOR,NECROSIS,0.483563,0.001676,0.51476,Case-48,g4-logo-baseline-seed42::fold_Case-48
Case-48-P5-C17-47230-17655,Case-48,VIABLE_TUMOR,NON_TUMOR,0.880803,0.00113,0.118067,Case-48,g4-logo-baseline-seed42::fold_Case-48
Case-48-P5-C17-50335-6425,Case-48,VIABLE_TUMOR,NECROSIS,0.028308,0.030279,0.941413,Case-48,g4-logo-baseline-seed42::fold_Case-48
Case-48-P5-C17-50358-11013,Case-48,VIABLE_TUMOR,NECROSIS,0.354863,0.003663,0.641474,Case-48,g4-logo-baseline-seed42::fold_Case-48
Case-48-P5-C17-51854-21097,Case-48,VIABLE_TUMOR,NON_TUMOR,0.677229,0.003672,0.319099,Case-48,g4-logo-baseline-seed42::fold_Case-48
Case-48-P5-C18-15651-15050,Case-48,VIABLE_TUMOR,NON_TUMOR,0.929581,0.005867,0.064552,Case-48,g4-logo-baseline-seed42::fold_Case-48
Case-48-P5-C18-19933-18958,Case-48,VIABLE_TUMOR,VIABLE_TUMOR,0.022743,0.695133,0.282124,Case-48,g4-logo-baseline-seed42::fold_Case-48
Case-48-P5-C18-20516-10701,Case-48,VIABLE_TUMOR,NON_TUMOR,0.764256,0.004271,0.231474,Case-48,g4-logo-baseline-seed42::fold_Case-48
Case-48-P5-C18-24383-21699,Case-48,VIABLE_TUMOR,NECROSIS,0.40112,0.031468,0.567413,Case-48,g4-logo-baseline-seed42::fold_Case-48
Case-48-P5-C18-29043-24256,Case-48,VIABLE_TUMOR,NECROSIS,0.229033,0.010526,0.760442,Case-48,g4-logo-baseline-seed42::fold_Case-48
Case-48-P5-C18-29063-22986,Case-48,VIABLE_TUMOR,NON_TUMOR,0.84485,0.001526,0.153623,Case-48,g4-logo-baseline-seed42::fold_Case-48
Case-48-P5-C18-32596-23573,Case-48,VIABLE_TUMOR,NON_TUMOR,0.958435,0.000207,0.041358,Case-48,g4-logo-baseline-seed42::fold_Case-48
Case-48-P5-C18-32717-16452,Case-48,VIABLE_TUMOR,NECROSIS,0.095517,0.004511,0.899972,Case-48,g4-logo-baseline-seed42::fold_Case-48
Case-48-P5-C18-33022-7038,Case-48,VIABLE_TUMOR,NECROSIS,0.266843,0.10907,0.624087,Case-48,g4-logo-baseline-seed42::fold_Case-48
Case-48-P5-C18-36407-15875,Case-48,VIABLE_TUMOR,NECROSIS,0.266396,0.002823,0.730781,Case-48,g4-logo-baseline-seed42::fold_Case-48
Case-48-P5-C18-37200-16213,Case-48,VIABLE_TUMOR,NECROSIS,0.353393,0.005181,0.641425,Case-48,g4-logo-baseline-seed42::fold_Case-48
Case-48-P5-C18-37612-15623,Case-48,VIABLE_TUMOR,NON_TUMOR,0.563376,0.004551,0.432072,Case-48,g4-logo-baseline-seed42::fold_Case-48
Case-48-P5-C18-40902-9870,Case-48,VIABLE_TUMOR,NON_TUMOR,0.6571,0.097954,0.244946,Case-48,g4-logo-baseline-seed42::fold_Case-48
Case-48-P5-C18-42373-6994,Case-48,VIABLE_TUMOR,NECROSIS,0.206337,0.068545,0.725118,Case-48,g4-logo-baseline-seed42::fold_Case-48
Case-48-P5-C18-43324-24367,Case-48,VIABLE_TUMOR,NECROSIS,0.393901,0.093339,0.51276,Case-48,g4-logo-baseline-seed42::fold_Case-48
Case-48-P5-C18-46136-24608,Case-48,VIABLE_TUMOR,NECROSIS,0.332905,0.012118,0.654977,Case-48,g4-logo-baseline-seed42::fold_Case-48
Case-48-P5-C18-47653-31606,Case-48,VIABLE_TUMOR,NON_TUMOR,0.860988,0.013217,0.125795,Case-48,g4-logo-baseline-seed42::fold_Case-48
Case-48-P5-C18-51237-22363,Case-48,VIABLE_TUMOR,NECROSIS,0.468379,0.013368,0.518253,Case-48,g4-logo-baseline-seed42::fold_Case-48
Case-48-P5-C18-51418-18002,Case-48,VIABLE_TUMOR,NON_TUMOR,0.646091,0.009855,0.344054,Case-48,g4-logo-baseline-seed42::fold_Case-48
Case-48-P5-C19-14441-14866,Case-48,VIABLE_TUMOR,NON_TUMOR,0.982871,0.000815,0.016314,Case-48,g4-logo-baseline-seed42::fold_Case-48
Case-48-P5-C19-15367-19854,Case-48,VIABLE_TUMOR,NECROSIS,0.10996,0.398584,0.491456,Case-48,g4-logo-baseline-seed42::fold_Case-48
Case-48-P5-C19-26506-10723,Case-48,VIABLE_TUMOR,NON_TUMOR,0.921893,0.00429,0.073817,Case-48,g4-logo-baseline-seed42::fold_Case-48
Case-48-P5-C19-26719-18659,Case-48,VIABLE_TUMOR,NON_TUMOR,0.967041,0.000838,0.032121,Case-48,g4-logo-baseline-seed42::fold_Case-48
Case-48-P5-C19-27056-17848,Case-48,VIABLE_TUMOR,NON_TUMOR,0.824982,0.032319,0.142699,Case-48,g4-logo-baseline-seed42::fold_Case-48
Case-48-P5-C19-28887-22427,Case-48,VIABLE_TUMOR,NON_TUMOR,0.980999,0.000692,0.018309,Case-48,g4-logo-baseline-seed42::fold_Case-48
Case-48-P5-C19-30892-14643,Case-48,VIABLE_TUMOR,NON_TUMOR,0.710748,0.002316,0.286936,Case-48,g4-logo-baseline-seed42::fold_Case-48
Case-48-P5-C19-31003-6587,Case-48,VIABLE_TUMOR,NECROSIS,0.361322,0.007276,0.631402,Case-48,g4-logo-baseline-seed42::fold_Case-48
Case-48-P5-C19-31868-8754,Case-48,VIABLE_TUMOR,NON_TUMOR,0.636539,0.004306,0.359155,Case-48,g4-logo-baseline-seed42::fold_Case-48
Case-48-P5-C19-36599-9672,Case-48,VIABLE_TUMOR,NECROSIS,0.065795,0.015733,0.918472,Case-48,g4-logo-baseline-seed42::fold_Case-48
Case-48-P5-C19-36772-18960,Case-48,VIABLE_TUMOR,NECROSIS,0.354866,0.006232,0.638902,Case-48,g4-logo-baseline-seed42::fold_Case-48
Case-48-P5-C19-37421-11802,Case-48,VIABLE_TUMOR,NECROSIS,0.366222,0.014393,0.619386,Case-48,g4-logo-baseline-seed42::fold_Case-48
Case-48-P5-C19-40049-22382,Case-48,VIABLE_TUMOR,NECROSIS,0.306178,0.016393,0.677429,Case-48,g4-logo-baseline-seed42::fold_Case-48
Case-48-P5-C19-40702-20386,Case-48,VIABLE_TUMOR,NON_TUMOR,0.541825,0.014794,0.44338,Case-48,g4-logo-baseline-seed42::fold_Case-48
Case-48-P5-C19-41884-18067,Case-48,VIABLE_TUMOR,NON_TUMOR,0.671292,0.00296,0.325747,Case-48,g4-logo-baseline-seed42::fold_Case-48
Case-48-P5-C19-43378-18456,Case-48,VIABLE_TUMOR,NECROSIS,0.159381,0.002856,0.837762,Case-48,g4-logo-baseline-seed42::fold_Case-48
Case-48-P5-C19-43954-23941,Case-48,VIABLE_TUMOR,NON_TUMOR,0.733788,0.00646,0.259752,Case-48,g4-logo-baseline-seed42::fold_Case-48
Case-48-P5-C19-48632-11190,Case-48,VIABLE_TUMOR,NECROSIS,0.194771,0.002678,0.802551,Case-48,g4-logo-baseline-seed42::fold_Case-48
Case-48-P5-C19-51505-17925,Case-48,VIABLE_TUMOR,NON_TUMOR,0.600222,0.008063,0.391715,Case-48,g4-logo-baseline-seed42::fold_Case-48
Case-48-P5-C19-51520-22044,Case-48,VIABLE_TUMOR,NECROSIS,0.177157,0.01154,0.811303,Case-48,g4-logo-baseline-seed42::fold_Case-48
Case-48-P5-C20-15162-19423,Case-48,VIABLE_TUMOR,NECROSIS,0.10755,0.033927,0.858522,Case-48,g4-logo-baseline-seed42::fold_Case-48
Case-48-P5-C20-20964-23796,Case-48,VIABLE_TUMOR,NON_TUMOR,0.907366,0.01942,0.073214,Case-48,g4-logo-baseline-seed42::fold_Case-48
Case-48-P5-C20-23452-15492,Case-48,VIABLE_TUMOR,NECROSIS,0.054505,0.029228,0.916267,Case-48,g4-logo-baseline-seed42::fold_Case-48
Case-48-P5-C20-23915-20256,Case-48,VIABLE_TUMOR,NECROSIS,0.137015,0.202644,0.660341,Case-48,g4-logo-baseline-seed42::fold_Case-48
Case-48-P5-C20-33672-6381,Case-48,VIABLE_TUMOR,NECROSIS,0.034206,0.132271,0.833523,Case-48,g4-logo-baseline-seed42::fold_Case-48
Case-48-P5-C20-34597-27525,Case-48,VIABLE_TUMOR,NECROSIS,0.088282,0.042978,0.86874,Case-48,g4-logo-baseline-seed42::fold_Case-48
Case-48-P5-C20-36537-9437,Case-48,VIABLE_TUMOR,NECROSIS,0.030234,0.086741,0.883025,Case-48,g4-logo-baseline-seed42::fold_Case-48
Case-48-P5-C20-37287-24574,Case-48,VIABLE_TUMOR,NON_TUMOR,0.884155,0.001015,0.11483,Case-48,g4-logo-baseline-seed42::fold_Case-48
Case-48-P5-C20-39704-11268,Case-48,VIABLE_TUMOR,NECROSIS,0.052156,0.063235,0.884609,Case-48,g4-logo-baseline-seed42::fold_Case-48
Case-48-P5-C20-45622-14695,Case-48,VIABLE_TUMOR,NECROSIS,0.264814,0.004697,0.730489,Case-48,g4-logo-baseline-seed42::fold_Case-48
Case-48-P5-C20-46837-16405,Case-48,VIABLE_TUMOR,NON_TUMOR,0.736759,0.010777,0.252465,Case-48,g4-logo-baseline-seed42::fold_Case-48
Case-48-P5-C20-47763-12780,Case-48,VIABLE_TUMOR,NECROSIS,0.401898,0.047002,0.5511,Case-48,g4-logo-baseline-seed42::fold_Case-48
Case-48-P5-C20-51201-13842,Case-48,VIABLE_TUMOR,NON_TUMOR,0.887782,0.009696,0.102522,Case-48,g4-logo-baseline-seed42::fold_Case-48
Case-48-P5-C20-51615-14123,Case-48,VIABLE_TUMOR,NON_TUMOR,0.764961,0.034523,0.200517,Case-48,g4-logo-baseline-seed42::fold_Case-48
Case-48-P5-C20-52344-15596,Case-48,VIABLE_TUMOR,NECROSIS,0.219826,0.008531,0.771643,Case-48,g4-logo-baseline-seed42::fold_Case-48
Case-48-P5-C20-52983-12499,Case-48,VIABLE_TUMOR,NON_TUMOR,0.639401,0.001855,0.358744,Case-48,g4-logo-baseline-seed42::fold_Case-48
Case-48-P5-C20-53379-18032,Case-48,VIABLE_TUMOR,NON_TUMOR,0.555399,0.020531,0.424069,Case-48,g4-logo-baseline-seed42::fold_Case-48
Case-48-P5-C20-54244-17885,Case-48,VIABLE_TUMOR,NON_TUMOR,0.693011,0.001561,0.305428,Case-48,g4-logo-baseline-seed42::fold_Case-48
Case-48-P5-C20-8674-13881,Case-48,VIABLE_TUMOR,NON_TUMOR,0.924056,0.003547,0.072397,Case-48,g4-logo-baseline-seed42::fold_Case-48
Case-48-P5-C21-10548-16103,Case-48,VIABLE_TUMOR,NON_TUMOR,0.584465,0.027563,0.387972,Case-48,g4-logo-baseline-seed42::fold_Case-48
Case-48-P5-C21-12077-14707,Case-48,VIABLE_TUMOR,NON_TUMOR,0.994699,0.000288,0.005012,Case-48,g4-logo-baseline-seed42::fold_Case-48
Case-48-P5-C21-16402-14274,Case-48,VIABLE_TUMOR,NON_TUMOR,0.996099,0.000146,0.003755,Case-48,g4-logo-baseline-seed42::fold_Case-48
Case-48-P5-C21-17366-10237,Case-48,VIABLE_TUMOR,NON_TUMOR,0.886403,0.001041,0.112556,Case-48,g4-logo-baseline-seed42::fold_Case-48
Case-48-P5-C21-22691-12407,Case-48,VIABLE_TUMOR,NON_TUMOR,0.847095,0.001258,0.151647,Case-48,g4-logo-baseline-seed42::fold_Case-48
Case-48-P5-C21-23229-19992,Case-48,VIABLE_TUMOR,NON_TUMOR,0.756619,0.013459,0.229923,Case-48,g4-logo-baseline-seed42::fold_Case-48
Case-48-P5-C21-25947-25506,Case-48,VIABLE_TUMOR,NECROSIS,0.30606,0.031637,0.662303,Case-48,g4-logo-baseline-seed42::fold_Case-48
Case-48-P5-C21-35299-19753,Case-48,VIABLE_TUMOR,NECROSIS,0.075016,0.011609,0.913375,Case-48,g4-logo-baseline-seed42::fold_Case-48
Case-48-P5-C21-35903-16346,Case-48,VIABLE_TUMOR,NECROSIS,0.03021,0.003394,0.966396,Case-48,g4-logo-baseline-seed42::fold_Case-48
Case-48-P5-C21-36006-23109,Case-48,VIABLE_TUMOR,NECROSIS,0.056368,0.007837,0.935796,Case-48,g4-logo-baseline-seed42::fold_Case-48
Case-48-P5-C21-38065-16064,Case-48,VIABLE_TUMOR,NECROSIS,0.190386,0.002706,0.806908,Case-48,g4-logo-baseline-seed42::fold_Case-48
Case-48-P5-C21-40791-19023,Case-48,VIABLE_TUMOR,NECROSIS,0.037523,0.010255,0.952222,Case-48,g4-logo-baseline-seed42::fold_Case-48
Case-48-P5-C21-41788-27797,Case-48,VIABLE_TUMOR,NECROSIS,0.084807,0.029728,0.885464,Case-48,g4-logo-baseline-seed42::fold_Case-48
Case-48-P5-C21-43325-2248,Case-48,VIABLE_TUMOR,NECROSIS,0.390273,0.126995,0.482732,Case-48,g4-logo-baseline-seed42::fold_Case-48
Case-48-P5-C21-45348-15985,Case-48,VIABLE_TUMOR,NECROSIS,0.164304,0.001686,0.83401,Case-48,g4-logo-baseline-seed42::fold_Case-48
Case-48-P5-C21-45909-8019,Case-48,VIABLE_TUMOR,NECROSIS,0.247702,0.022435,0.729863,Case-48,g4-logo-baseline-seed42::fold_Case-48
Case-48-P5-C21-46692-23838,Case-48,VIABLE_TUMOR,NECROSIS,0.427929,0.011416,0.560655,Case-48,g4-logo-baseline-seed42::fold_Case-48
Case-48-P5-C21-48446-3802,Case-48,VIABLE_TUMOR,NECROSIS,0.05071,0.006476,0.942814,Case-48,g4-logo-baseline-seed42::fold_Case-48
Case-48-P5-C21-50643-22090,Case-48,VIABLE_TUMOR,NECROSIS,0.476948,0.010705,0.512347,Case-48,g4-logo-baseline-seed42::fold_Case-48
Case-48-P5-C21-52961-18393,Case-48,VIABLE_TUMOR,NON_TUMOR,0.608532,0.008156,0.383311,Case-48,g4-logo-baseline-seed42::fold_Case-48
Case-48-P5-C22-14726-13837,Case-48,VIABLE_TUMOR,NON_TUMOR,0.835619,0.003754,0.160627,Case-48,g4-logo-baseline-seed42::fold_Case-48
Case-48-P5-C22-17464-9867,Case-48,VIABLE_TUMOR,NON_TUMOR,0.779176,0.002494,0.21833,Case-48,g4-logo-baseline-seed42::fold_Case-48
Case-48-P5-C22-25507-14943,Case-48,VIABLE_TUMOR,NECROSIS,0.296183,0.002315,0.701502,Case-48,g4-logo-baseline-seed42::fold_Case-48
Case-48-P5-C22-26068-19668,Case-48,VIABLE_TUMOR,NECROSIS,0.297642,0.09611,0.606248,Case-48,g4-logo-baseline-seed42::fold_Case-48
Case-48-P5-C22-33153-19473,Case-48,VIABLE_TUMOR,NECROSIS,0.172378,0.041441,0.786181,Case-48,g4-logo-baseline-seed42::fold_Case-48
Case-48-P5-C22-33543-8004,Case-48,VIABLE_TUMOR,NECROSIS,0.374083,0.035085,0.590832,Case-48,g4-logo-baseline-seed42::fold_Case-48
Case-48-P5-C22-33640-5373,Case-48,VIABLE_TUMOR,NECROSIS,0.072821,0.014653,0.912526,Case-48,g4-logo-baseline-seed42::fold_Case-48
Case-48-P5-C22-34058-4542,Case-48,VIABLE_TUMOR,NECROSIS,0.110758,0.02802,0.861222,Case-48,g4-logo-baseline-seed42::fold_Case-48
Case-48-P5-C22-41496-16304,Case-48,VIABLE_TUMOR,NECROSIS,0.418101,0.009296,0.572603,Case-48,g4-logo-baseline-seed42::fold_Case-48
Case-48-P5-C22-45202-17053,Case-48,VIABLE_TUMOR,NON_TUMOR,0.868954,0.007493,0.123553,Case-48,g4-logo-baseline-seed42::fold_Case-48
Case-48-P5-C22-45260-4742,Case-48,VIABLE_TUMOR,NECROSIS,0.039742,0.031916,0.928342,Case-48,g4-logo-baseline-seed42::fold_Case-48
Case-48-P5-C22-45517-9307,Case-48,VIABLE_TUMOR,NECROSIS,0.189604,0.025545,0.784852,Case-48,g4-logo-baseline-seed42::fold_Case-48
Case-48-P5-C22-45776-7378,Case-48,VIABLE_TUMOR,NECROSIS,0.231235,0.02334,0.745425,Case-48,g4-logo-baseline-seed42::fold_Case-48
Case-48-P5-C22-45824-16584,Case-48,VIABLE_TUMOR,NECROSIS,0.095309,0.006056,0.898636,Case-48,g4-logo-baseline-seed42::fold_Case-48
Case-48-P5-C22-46134-22320,Case-48,VIABLE_TUMOR,NECROSIS,0.454124,0.019383,0.526493,Case-48,g4-logo-baseline-seed42::fold_Case-48
Case-48-P5-C22-46689-25261,Case-48,VIABLE_TUMOR,NON_TUMOR,0.879262,0.00157,0.119169,Case-48,g4-logo-baseline-seed42::fold_Case-48
Case-48-P5-C22-47843-3919,Case-48,VIABLE_TUMOR,NECROSIS,0.007097,0.019866,0.973037,Case-48,g4-logo-baseline-seed42::fold_Case-48
Case-48-P5-C22-48383-3948,Case-48,VIABLE_TUMOR,NECROSIS,0.02246,0.01401,0.96353,Case-48,g4-logo-baseline-seed42::fold_Case-48
Case-48-P5-C22-51881-12030,Case-48,VIABLE_TUMOR,NON_TUMOR,0.516025,0.00535,0.478625,Case-48,g4-logo-baseline-seed42::fold_Case-48
Case-48-P5-C23-15409-20333,Case-48,VIABLE_TUMOR,NON_TUMOR,0.629889,0.157993,0.212119,Case-48,g4-logo-baseline-seed42::fold_Case-48
Case-48-P5-C23-18472-17481,Case-48,VIABLE_TUMOR,NON_TUMOR,0.563146,0.075761,0.361093,Case-48,g4-logo-baseline-seed42::fold_Case-48
Case-48-P5-C23-19579-22034,Case-48,VIABLE_TUMOR,NECROSIS,0.272823,0.093603,0.633574,Case-48,g4-logo-baseline-seed42::fold_Case-48
Case-48-P5-C23-23240-21386,Case-48,VIABLE_TUMOR,NON_TUMOR,0.878509,0.010189,0.111302,Case-48,g4-logo-baseline-seed42::fold_Case-48
Case-48-P5-C23-27501-16553,Case-48,VIABLE_TUMOR,NON_TUMOR,0.776209,0.011178,0.212613,Case-48,g4-logo-baseline-seed42::fold_Case-48
Case-48-P5-C23-28780-10637,Case-48,VIABLE_TUMOR,NECROSIS,0.380891,0.007715,0.611394,Case-48,g4-logo-baseline-seed42::fold_Case-48
Case-48-P5-C23-29641-13214,Case-48,VIABLE_TUMOR,NECROSIS,0.222498,0.008403,0.769099,Case-48,g4-logo-baseline-seed42::fold_Case-48
Case-48-P5-C23-29743-6511,Case-48,VIABLE_TUMOR,NON_TUMOR,0.646625,0.0142,0.339175,Case-48,g4-logo-baseline-seed42::fold_Case-48
Case-48-P5-C23-33786-5204,Case-48,VIABLE_TUMOR,NECROSIS,0.07223,0.028363,0.899407,Case-48,g4-logo-baseline-seed42::fold_Case-48
Case-48-P5-C23-34741-19829,Case-48,VIABLE_TUMOR,NON_TUMOR,0.525627,0.008453,0.46592,Case-48,g4-logo-baseline-seed42::fold_Case-48
Case-48-P5-C23-36139-19852,Case-48,VIABLE_TUMOR,NECROSIS,0.379196,0.07013,0.550675,Case-48,g4-logo-baseline-seed42::fold_Case-48
Case-48-P5-C23-36214-9904,Case-48,VIABLE_TUMOR,NECROSIS,0.117826,0.114964,0.76721,Case-48,g4-logo-baseline-seed42::fold_Case-48
Case-48-P5-C23-37489-18137,Case-48,VIABLE_TUMOR,NECROSIS,0.37372,0.006102,0.620177,Case-48,g4-logo-baseline-seed42::fold_Case-48
Case-48-P5-C23-37654-23879,Case-48,VIABLE_TUMOR,NON_TUMOR,0.809172,0.001253,0.189575,Case-48,g4-logo-baseline-seed42::fold_Case-48
Case-48-P5-C23-45260-15418,Case-48,VIABLE_TUMOR,NECROSIS,0.414431,0.001536,0.584033,Case-48,g4-logo-baseline-seed42::fold_Case-48
Case-48-P5-C23-47543-18036,Case-48,VIABLE_TUMOR,NON_TUMOR,0.760531,0.015855,0.223613,Case-48,g4-logo-baseline-seed42::fold_Case-48
Case-48-P5-C23-49586-9920,Case-48,VIABLE_TUMOR,NON_TUMOR,0.651533,0.003719,0.344748,Case-48,g4-logo-baseline-seed42::fold_Case-48
Case-48-P5-C23-54011-19464,Case-48,VIABLE_TUMOR,NECROSIS,0.215259,0.012193,0.772548,Case-48,g4-logo-baseline-seed42::fold_Case-48
Case-48-P5-C13-24121-14200,Case-48,NECROSIS,NECROSIS,0.011538,0.025695,0.962767,Case-48,g4-logo-baseline-seed42::fold_Case-48
Case-48-P5-C13-46592-17295,Case-48,NECROSIS,NECROSIS,0.051332,0.145291,0.803377,Case-48,g4-logo-baseline-seed42::fold_Case-48
P9-B11-10159-22267,P9,NON_TUMOR,NON_TUMOR,0.994393,0.004051,0.001557,P9,g4-logo-baseline-seed42::fold_P9
P9-B11-10954-27548,P9,NON_TUMOR,NON_TUMOR,0.963415,0.022977,0.013608,P9,g4-logo-baseline-seed42::fold_P9
P9-B11-11002-19483,P9,NON_TUMOR,NON_TUMOR,0.989982,0.001202,0.008816,P9,g4-logo-baseline-seed42::fold_P9
P9-B11-14643-10873,P9,NON_TUMOR,NON_TUMOR,0.994168,0.003884,0.001948,P9,g4-logo-baseline-seed42::fold_P9
P9-B11-16073-4565,P9,NON_TUMOR,NON_TUMOR,0.740366,0.178305,0.081329,P9,g4-logo-baseline-seed42::fold_P9
P9-B11-16083-27658,P9,NON_TUMOR,NON_TUMOR,0.994555,0.001906,0.003539,P9,g4-logo-baseline-seed42::fold_P9
P9-B11-16430-12424,P9,NON_TUMOR,NON_TUMOR,0.993876,0.004686,0.001438,P9,g4-logo-baseline-seed42::fold_P9
P9-B11-16749-7610,P9,NON_TUMOR,NON_TUMOR,0.992839,0.001763,0.005398,P9,g4-logo-baseline-seed42::fold_P9
P9-B11-16810-24014,P9,NON_TUMOR,NON_TUMOR,0.822393,0.171136,0.006471,P9,g4-logo-baseline-seed42::fold_P9
P9-B11-18148-24277,P9,NON_TUMOR,NON_TUMOR,0.982525,0.005487,0.011988,P9,g4-logo-baseline-seed42::fold_P9
P9-B11-19719-21996,P9,NON_TUMOR,NON_TUMOR,0.992991,0.003592,0.003417,P9,g4-logo-baseline-seed42::fold_P9
P9-B11-20225-12843,P9,NON_TUMOR,NON_TUMOR,0.994712,0.004508,0.00078,P9,g4-logo-baseline-seed42::fold_P9
P9-B11-21394-5645,P9,NON_TUMOR,NON_TUMOR,0.978917,0.001573,0.01951,P9,g4-logo-baseline-seed42::fold_P9
P9-B11-26303-28482,P9,NON_TUMOR,NON_TUMOR,0.987916,0.006118,0.005966,P9,g4-logo-baseline-seed42::fold_P9
P9-B11-26308-7596,P9,NON_TUMOR,NON_TUMOR,0.985801,0.002159,0.012041,P9,g4-logo-baseline-seed42::fold_P9
P9-B11-26343-18701,P9,NON_TUMOR,NON_TUMOR,0.997529,0.000733,0.001738,P9,g4-logo-baseline-seed42::fold_P9
P9-B11-26402-13634,P9,NON_TUMOR,NON_TUMOR,0.982239,0.016214,0.001546,P9,g4-logo-baseline-seed42::fold_P9
P9-B11-29902-13822,P9,NON_TUMOR,NON_TUMOR,0.994481,0.005002,0.000517,P9,g4-logo-baseline-seed42::fold_P9
P9-B11-30287-7531,P9,NON_TUMOR,NON_TUMOR,0.980566,0.010106,0.009329,P9,g4-logo-baseline-seed42::fold_P9
P9-B11-34379-16878,P9,NON_TUMOR,NON_TUMOR,0.975417,0.019026,0.005556,P9,g4-logo-baseline-seed42::fold_P9
P9-B11-35942-19663,P9,NON_TUMOR,NON_TUMOR,0.972821,0.010097,0.017082,P9,g4-logo-baseline-seed42::fold_P9
P9-B11-5522-26247,P9,NON_TUMOR,NON_TUMOR,0.985572,0.002352,0.012076,P9,g4-logo-baseline-seed42::fold_P9
P9-B11-6871-31252,P9,NON_TUMOR,NON_TUMOR,0.984201,0.011538,0.004261,P9,g4-logo-baseline-seed42::fold_P9
P9-B12-10654-27260,P9,NON_TUMOR,NON_TUMOR,0.891676,0.022919,0.085406,P9,g4-logo-baseline-seed42::fold_P9
P9-B12-10806-33872,P9,NON_TUMOR,NON_TUMOR,0.997409,0.000511,0.00208,P9,g4-logo-baseline-seed42::fold_P9
P9-B12-13935-21508,P9,NON_TUMOR,NON_TUMOR,0.970921,0.023934,0.005145,P9,g4-logo-baseline-seed42::fold_P9
P9-B12-14125-15905,P9,NON_TUMOR,NON_TUMOR,0.962394,0.03501,0.002596,P9,g4-logo-baseline-seed42::fold_P9
P9-B12-1528-19097,P9,NON_TUMOR,NON_TUMOR,0.967113,0.009065,0.023822,P9,g4-logo-baseline-seed42::fold_P9
P9-B12-15791-34183,P9,NON_TUMOR,NON_TUMOR,0.987246,0.004084,0.00867,P9,g4-logo-baseline-seed42::fold_P9
P9-B12-16016-24828,P9,NON_TUMOR,NON_TUMOR,0.97059,0.026145,0.003265,P9,g4-logo-baseline-seed42::fold_P9
P9-B12-16205-18441,P9,NON_TUMOR,VIABLE_TUMOR,0.334175,0.640336,0.025489,P9,g4-logo-baseline-seed42::fold_P9
P9-B12-16776-15675,P9,NON_TUMOR,NON_TUMOR,0.98881,0.009521,0.001669,P9,g4-logo-baseline-seed42::fold_P9
P9-B12-16864-22190,P9,NON_TUMOR,NON_TUMOR,0.973002,0.007988,0.01901,P9,g4-logo-baseline-seed42::fold_P9
P9-B12-17951-15665,P9,NON_TUMOR,NON_TUMOR,0.973013,0.018225,0.008762,P9,g4-logo-baseline-seed42::fold_P9
P9-B12-18729-28478,P9,NON_TUMOR,NON_TUMOR,0.968183,0.02307,0.008746,P9,g4-logo-baseline-seed42::fold_P9
P9-B12-21385-26109,P9,NON_TUMOR,NON_TUMOR,0.993073,0.002882,0.004045,P9,g4-logo-baseline-seed42::fold_P9
P9-B12-22760-3440,P9,NON_TUMOR,NON_TUMOR,0.744053,0.208872,0.047074,P9,g4-logo-baseline-seed42::fold_P9
P9-B12-22944-25112,P9,NON_TUMOR,NON_TUMOR,0.958834,0.006608,0.034557,P9,g4-logo-baseline-seed42::fold_P9
P9-B12-23055-29024,P9,NON_TUMOR,NON_TUMOR,0.956044,0.010496,0.03346,P9,g4-logo-baseline-seed42::fold_P9
P9-B12-23537-5923,P9,NON_TUMOR,NON_TUMOR,0.999236,0.000587,0.000178,P9,g4-logo-baseline-seed42::fold_P9
P9-B12-25916-5462,P9,NON_TUMOR,NON_TUMOR,0.893196,0.068909,0.037895,P9,g4-logo-baseline-seed42::fold_P9
P9-B12-27373-27674,P9,NON_TUMOR,NON_TUMOR,0.971053,0.012356,0.016591,P9,g4-logo-baseline-seed42::fold_P9
P9-B12-29086-24068,P9,NON_TUMOR,NON_TUMOR,0.994267,0.002156,0.003577,P9,g4-logo-baseline-seed42::fold_P9
P9-B12-29972-10692,P9,NON_TUMOR,NON_TUMOR,0.998703,0.000867,0.000429,P9,g4-logo-baseline-seed42::fold_P9
P9-B12-30756-25977,P9,NON_TUMOR,NON_TUMOR,0.989492,0.004555,0.005953,P9,g4-logo-baseline-seed42::fold_P9
P9-B12-30770-23009,P9,NON_TUMOR,NON_TUMOR,0.979036,0.009225,0.011739,P9,g4-logo-baseline-seed42::fold_P9
P9-B12-31177-18166,P9,NON_TUMOR,NON_TUMOR,0.999385,0.000332,0.000283,P9,g4-logo-baseline-seed42::fold_P9
P9-B12-33745-16087,P9,NON_TUMOR,NON_TUMOR,0.85391,0.037948,0.108142,P9,g4-logo-baseline-seed42::fold_P9
P9-B12-7286-14751,P9,NON_TUMOR,NON_TUMOR,0.923029,0.027342,0.049629,P9,g4-logo-baseline-seed42::fold_P9
P9-B12-7917-18432,P9,NON_TUMOR,NON_TUMOR,0.997624,0.000241,0.002136,P9,g4-logo-baseline-seed42::fold_P9
P9-B27-12460-16377,P9,NON_TUMOR,NON_TUMOR,0.999412,0.000526,6.2e-05,P9,g4-logo-baseline-seed42::fold_P9
P9-B27-14462-34695,P9,NON_TUMOR,NON_TUMOR,0.979767,0.002584,0.017649,P9,g4-logo-baseline-seed42::fold_P9
P9-B27-16009-8612,P9,NON_TUMOR,NON_TUMOR,0.993522,0.002728,0.00375,P9,g4-logo-baseline-seed42::fold_P9
P9-B27-17480-8356,P9,NON_TUMOR,NON_TUMOR,0.977257,0.002197,0.020545,P9,g4-logo-baseline-seed42::fold_P9
P9-B27-20395-30971,P9,NON_TUMOR,NON_TUMOR,0.989268,0.005316,0.005416,P9,g4-logo-baseline-seed42::fold_P9
P9-B27-20913-9107,P9,NON_TUMOR,NON_TUMOR,0.998419,0.001527,5.4e-05,P9,g4-logo-baseline-seed42::fold_P9
P9-B27-22893-27985,P9,NON_TUMOR,NON_TUMOR,0.98681,0.002815,0.010375,P9,g4-logo-baseline-seed42::fold_P9
P9-B27-23402-16368,P9,NON_TUMOR,NON_TUMOR,0.980845,0.009191,0.009964,P9,g4-logo-baseline-seed42::fold_P9
P9-B27-24181-31257,P9,NON_TUMOR,NON_TUMOR,0.98798,0.006375,0.005644,P9,g4-logo-baseline-seed42::fold_P9
P9-B27-24733-4169,P9,NON_TUMOR,NON_TUMOR,0.965888,0.021716,0.012395,P9,g4-logo-baseline-seed42::fold_P9
P9-B27-25164-29040,P9,NON_TUMOR,NON_TUMOR,0.989159,0.003475,0.007367,P9,g4-logo-baseline-seed42::fold_P9
P9-B27-25739-23378,P9,NON_TUMOR,NON_TUMOR,0.787459,0.082965,0.129576,P9,g4-logo-baseline-seed42::fold_P9
P9-B27-26731-20410,P9,NON_TUMOR,NON_TUMOR,0.988204,0.006442,0.005354,P9,g4-logo-baseline-seed42::fold_P9
P9-B27-26824-12635,P9,NON_TUMOR,NON_TUMOR,0.995145,0.004142,0.000713,P9,g4-logo-baseline-seed42::fold_P9
P9-B27-29220-27404,P9,NON_TUMOR,NON_TUMOR,0.996269,0.000833,0.002899,P9,g4-logo-baseline-seed42::fold_P9
P9-B27-3237-19787,P9,NON_TUMOR,NON_TUMOR,0.96407,0.001871,0.034059,P9,g4-logo-baseline-seed42::fold_P9
P9-B27-32593-22757,P9,NON_TUMOR,NON_TUMOR,0.966567,0.009962,0.023471,P9,g4-logo-baseline-seed42::fold_P9
P9-B27-32861-24034,P9,NON_TUMOR,NON_TUMOR,0.990402,0.00386,0.005737,P9,g4-logo-baseline-seed42::fold_P9
P9-B27-33859-19909,P9,NON_TUMOR,NON_TUMOR,0.936321,0.035237,0.028443,P9,g4-logo-baseline-seed42::fold_P9
P9-B27-4044-15408,P9,NON_TUMOR,NON_TUMOR,0.974578,0.015816,0.009605,P9,g4-logo-baseline-seed42::fold_P9
P9-B27-7490-21036,P9,NON_TUMOR,NON_TUMOR,0.995343,0.003714,0.000943,P9,g4-logo-baseline-seed42::fold_P9
P9-B27-7514-15190,P9,NON_TUMOR,NON_TUMOR,0.941842,0.011499,0.046659,P9,g4-logo-baseline-seed42::fold_P9
P9-B27-8203-28059,P9,NON_TUMOR,NON_TUMOR,0.994766,0.002951,0.002283,P9,g4-logo-baseline-seed42::fold_P9
P9-B27-9346-28187,P9,NON_TUMOR,NON_TUMOR,0.982041,0.005664,0.012295,P9,g4-logo-baseline-seed42::fold_P9
P9-B28-11013-9554,P9,NON_TUMOR,NON_TUMOR,0.989239,0.00038,0.010381,P9,g4-logo-baseline-seed42::fold_P9
P9-B28-11927-9548,P9,NON_TUMOR,NON_TUMOR,0.905995,0.005307,0.088698,P9,g4-logo-baseline-seed42::fold_P9
P9-B28-12901-5993,P9,NON_TUMOR,NON_TUMOR,0.998767,0.000396,0.000837,P9,g4-logo-baseline-seed42::fold_P9
P9-B28-14182-7718,P9,NON_TUMOR,NON_TUMOR,0.917214,0.033303,0.049483,P9,g4-logo-baseline-seed42::fold_P9
P9-B28-14508-11698,P9,NON_TUMOR,NON_TUMOR,0.979697,0.003711,0.016592,P9,g4-logo-baseline-seed42::fold_P9
P9-B28-14987-29631,P9,NON_TUMOR,NON_TUMOR,0.976419,0.019306,0.004275,P9,g4-logo-baseline-seed42::fold_P9
P9-B28-15374-32337,P9,NON_TUMOR,NON_TUMOR,0.990659,0.006983,0.002358,P9,g4-logo-baseline-seed42::fold_P9
P9-B28-15856-19913,P9,NON_TUMOR,NON_TUMOR,0.997273,0.002114,0.000612,P9,g4-logo-baseline-seed42::fold_P9
P9-B28-17157-16037,P9,NON_TUMOR,NON_TUMOR,0.930248,0.061784,0.007968,P9,g4-logo-baseline-seed42::fold_P9
P9-B28-18049-26737,P9,NON_TUMOR,NON_TUMOR,0.992761,0.002001,0.005238,P9,g4-logo-baseline-seed42::fold_P9
P9-B28-19864-33157,P9,NON_TUMOR,NON_TUMOR,0.988947,0.003926,0.007126,P9,g4-logo-baseline-seed42::fold_P9
P9-B28-22141-15533,P9,NON_TUMOR,NON_TUMOR,0.997942,0.00188,0.000179,P9,g4-logo-baseline-seed42::fold_P9
P9-B28-22294-32166,P9,NON_TUMOR,NON_TUMOR,0.978907,0.007706,0.013388,P9,g4-logo-baseline-seed42::fold_P9
P9-B28-23153-16435,P9,NON_TUMOR,NON_TUMOR,0.967377,0.021226,0.011397,P9,g4-logo-baseline-seed42::fold_P9
P9-B28-23691-19742,P9,NON_TUMOR,NON_TUMOR,0.61962,0.293195,0.087185,P9,g4-logo-baseline-seed42::fold_P9
P9-B28-25314-10006,P9,NON_TUMOR,NON_TUMOR,0.997534,0.000456,0.00201,P9,g4-logo-baseline-seed42::fold_P9
P9-B28-26096-29717,P9,NON_TUMOR,NON_TUMOR,0.993433,0.002901,0.003666,P9,g4-logo-baseline-seed42::fold_P9
P9-B28-26855-15884,P9,NON_TUMOR,NON_TUMOR,0.996711,0.001523,0.001766,P9,g4-logo-baseline-seed42::fold_P9
P9-B28-27408-11967,P9,NON_TUMOR,NON_TUMOR,0.988393,0.007952,0.003655,P9,g4-logo-baseline-seed42::fold_P9
P9-B28-30940-15637,P9,NON_TUMOR,NON_TUMOR,0.970744,0.027551,0.001705,P9,g4-logo-baseline-seed42::fold_P9
P9-B28-31159-9949,P9,NON_TUMOR,NON_TUMOR,0.997935,0.001393,0.000672,P9,g4-logo-baseline-seed42::fold_P9
P9-B28-34690-20420,P9,NON_TUMOR,NON_TUMOR,0.940795,0.038229,0.020976,P9,g4-logo-baseline-seed42::fold_P9
P9-B28-4455-17128,P9,NON_TUMOR,NON_TUMOR,0.919428,0.019293,0.061279,P9,g4-logo-baseline-seed42::fold_P9
P9-B28-4816-22317,P9,NON_TUMOR,NON_TUMOR,0.972,0.021932,0.006069,P9,g4-logo-baseline-seed42::fold_P9
P9-B28-6717-20778,P9,NON_TUMOR,NON_TUMOR,0.887402,0.100399,0.012199,P9,g4-logo-baseline-seed42::fold_P9
P9-B28-8403-19923,P9,NON_TUMOR,NON_TUMOR,0.925541,0.071257,0.003201,P9,g4-logo-baseline-seed42::fold_P9
P9-B34-10616-22327,P9,NON_TUMOR,NON_TUMOR,0.985615,0.012271,0.002114,P9,g4-logo-baseline-seed42::fold_P9
P9-B34-11480-15755,P9,NON_TUMOR,NON_TUMOR,0.991612,0.005485,0.002903,P9,g4-logo-baseline-seed42::fold_P9
P9-B34-12550-21771,P9,NON_TUMOR,NON_TUMOR,0.987644,0.000845,0.011511,P9,g4-logo-baseline-seed42::fold_P9
P9-B34-17628-29682,P9,NON_TUMOR,NON_TUMOR,0.995857,0.003016,0.001126,P9,g4-logo-baseline-seed42::fold_P9
P9-B34-18605-6878,P9,NON_TUMOR,NON_TUMOR,0.612095,0.076265,0.31164,P9,g4-logo-baseline-seed42::fold_P9
P9-B34-22138-14146,P9,NON_TUMOR,NON_TUMOR,0.993976,0.005464,0.000561,P9,g4-logo-baseline-seed42::fold_P9
P9-B34-22505-3850,P9,NON_TUMOR,NON_TUMOR,0.98661,0.00756,0.00583,P9,g4-logo-baseline-seed42::fold_P9
P9-B34-22773-28922,P9,NON_TUMOR,NON_TUMOR,0.989463,0.001936,0.008601,P9,g4-logo-baseline-seed42::fold_P9
P9-B34-23472-28061,P9,NON_TUMOR,NON_TUMOR,0.987802,0.002072,0.010126,P9,g4-logo-baseline-seed42::fold_P9
P9-B34-24112-27360,P9,NON_TUMOR,NON_TUMOR,0.985115,0.003797,0.011087,P9,g4-logo-baseline-seed42::fold_P9
P9-B34-24786-29238,P9,NON_TUMOR,NON_TUMOR,0.987131,0.004712,0.008157,P9,g4-logo-baseline-seed42::fold_P9
P9-B34-24972-14320,P9,NON_TUMOR,NON_TUMOR,0.980143,0.016558,0.0033,P9,g4-logo-baseline-seed42::fold_P9
P9-B34-25704-20109,P9,NON_TUMOR,NON_TUMOR,0.999203,0.000606,0.000191,P9,g4-logo-baseline-seed42::fold_P9
P9-B34-26276-21044,P9,NON_TUMOR,NON_TUMOR,0.994608,0.003544,0.001849,P9,g4-logo-baseline-seed42::fold_P9
P9-B34-26396-10641,P9,NON_TUMOR,NON_TUMOR,0.975497,0.02433,0.000173,P9,g4-logo-baseline-seed42::fold_P9
P9-B34-29602-19976,P9,NON_TUMOR,NON_TUMOR,0.971214,0.023748,0.005038,P9,g4-logo-baseline-seed42::fold_P9
P9-B34-29961-25751,P9,NON_TUMOR,NON_TUMOR,0.971173,0.011072,0.017755,P9,g4-logo-baseline-seed42::fold_P9
P9-B34-31502-20976,P9,NON_TUMOR,NON_TUMOR,0.975207,0.022539,0.002254,P9,g4-logo-baseline-seed42::fold_P9
P9-B34-32214-14627,P9,NON_TUMOR,NON_TUMOR,0.994929,0.003018,0.002053,P9,g4-logo-baseline-seed42::fold_P9
P9-B34-34830-24344,P9,NON_TUMOR,NON_TUMOR,0.994457,0.004493,0.00105,P9,g4-logo-baseline-seed42::fold_P9
P9-B34-4804-20458,P9,NON_TUMOR,NON_TUMOR,0.996234,0.002326,0.00144,P9,g4-logo-baseline-seed42::fold_P9
P9-B34-5389-15014,P9,NON_TUMOR,NON_TUMOR,0.986068,0.013042,0.00089,P9,g4-logo-baseline-seed42::fold_P9
P9-B34-8114-26748,P9,NON_TUMOR,NON_TUMOR,0.945537,0.052451,0.002012,P9,g4-logo-baseline-seed42::fold_P9
P9-B34-8718-30889,P9,NON_TUMOR,NON_TUMOR,0.991575,0.000782,0.007643,P9,g4-logo-baseline-seed42::fold_P9
P9-B35-12438-25674,P9,NON_TUMOR,NON_TUMOR,0.982983,0.008124,0.008892,P9,g4-logo-baseline-seed42::fold_P9
P9-B35-12815-12096,P9,NON_TUMOR,NON_TUMOR,0.997439,0.002226,0.000335,P9,g4-logo-baseline-seed42::fold_P9
P9-B35-14505-12348,P9,NON_TUMOR,NON_TUMOR,0.935774,0.047612,0.016614,P9,g4-logo-baseline-seed42::fold_P9
P9-B35-15021-9557,P9,NON_TUMOR,NON_TUMOR,0.940589,0.04759,0.011821,P9,g4-logo-baseline-seed42::fold_P9
P9-B35-15208-10297,P9,NON_TUMOR,NON_TUMOR,0.914341,0.028705,0.056954,P9,g4-logo-baseline-seed42::fold_P9
P9-B35-16551-24506,P9,NON_TUMOR,VIABLE_TUMOR,0.479251,0.513783,0.006966,P9,g4-logo-baseline-seed42::fold_P9
P9-B35-16877-31247,P9,NON_TUMOR,NON_TUMOR,0.988949,0.002602,0.008449,P9,g4-logo-baseline-seed42::fold_P9
P9-B35-17883-27584,P9,NON_TUMOR,NON_TUMOR,0.914371,0.005327,0.080302,P9,g4-logo-baseline-seed42::fold_P9
P9-B35-19533-30395,P9,NON_TUMOR,NON_TUMOR,0.986672,0.007994,0.005333,P9,g4-logo-baseline-seed42::fold_P9
P9-B35-22735-12061,P9,NON_TUMOR,NON_TUMOR,0.901303,0.010631,0.088066,P9,g4-logo-baseline-seed42::fold_P9
P9-B35-24085-20586,P9,NON_TUMOR,NON_TUMOR,0.981152,0.003375,0.015472,P9,g4-logo-baseline-seed42::fold_P9
P9-B35-24179-20080,P9,NON_TUMOR,NON_TUMOR,0.989603,0.008497,0.001899,P9,g4-logo-baseline-seed42::fold_P9
P9-B35-24524-30984,P9,NON_TUMOR,NON_TUMOR,0.98804,0.006117,0.005843,P9,g4-logo-baseline-seed42::fold_P9
P9-B35-24706-27321,P9,NON_TUMOR,NON_TUMOR,0.858728,0.109419,0.031852,P9,g4-logo-baseline-seed42::fold_P9
P9-B35-25420-14360,P9,NON_TUMOR,NON_TUMOR,0.988229,0.008714,0.003057,P9,g4-logo-baseline-seed42::fold_P9
P9-B35-26037-23313,P9,NON_TUMOR,NON_TUMOR,0.87225,0.099346,0.028403,P9,g4-logo-baseline-seed42::fold_P9
P9-B35-26526-8068,P9,NON_TUMOR,NON_TUMOR,0.987436,0.009354,0.00321,P9,g4-logo-baseline-seed42::fold_P9
P9-B35-32599-17175,P9,NON_TUMOR,NON_TUMOR,0.997536,0.002363,0.000101,P9,g4-logo-baseline-seed42::fold_P9
P9-B35-37035-24678,P9,NON_TUMOR,NON_TUMOR,0.876386,0.097498,0.026117,P9,g4-logo-baseline-seed42::fold_P9
P9-B35-4389-24585,P9,NON_TUMOR,NON_TUMOR,0.852557,0.048073,0.09937,P9,g4-logo-baseline-seed42::fold_P9
P9-B35-6618-26202,P9,NON_TUMOR,NON_TUMOR,0.904648,0.086933,0.008418,P9,g4-logo-baseline-seed42::fold_P9
P9-B35-8377-19050,P9,NON_TUMOR,NON_TUMOR,0.952708,0.041545,0.005747,P9,g4-logo-baseline-seed42::fold_P9
P9-B6-10488-27683,P9,NON_TUMOR,NON_TUMOR,0.806183,0.122493,0.071324,P9,g4-logo-baseline-seed42::fold_P9
P9-B6-11153-24729,P9,NON_TUMOR,NON_TUMOR,0.982163,0.008822,0.009015,P9,g4-logo-baseline-seed42::fold_P9
P9-B6-15408-27469,P9,NON_TUMOR,NON_TUMOR,0.998869,0.000508,0.000623,P9,g4-logo-baseline-seed42::fold_P9
P9-B6-17176-31590,P9,NON_TUMOR,NON_TUMOR,0.970764,0.014015,0.015221,P9,g4-logo-baseline-seed42::fold_P9
P9-B6-17918-19733,P9,NON_TUMOR,NON_TUMOR,0.709947,0.278104,0.011949,P9,g4-logo-baseline-seed42::fold_P9
P9-B6-18080-13972,P9,NON_TUMOR,NON_TUMOR,0.978104,0.005701,0.016195,P9,g4-logo-baseline-seed42::fold_P9
P9-B6-18107-15557,P9,NON_TUMOR,NON_TUMOR,0.907393,0.041608,0.050999,P9,g4-logo-baseline-seed42::fold_P9
P9-B6-18722-31321,P9,NON_TUMOR,NON_TUMOR,0.997821,0.000708,0.001471,P9,g4-logo-baseline-seed42::fold_P9
P9-B6-19328-19600,P9,NON_TUMOR,NON_TUMOR,0.991971,0.004645,0.003384,P9,g4-logo-baseline-seed42::fold_P9
P9-B6-19704-3257,P9,NON_TUMOR,NON_TUMOR,0.992308,0.001616,0.006076,P9,g4-logo-baseline-seed42::fold_P9
P9-B6-19992-23631,P9,NON_TUMOR,NON_TUMOR,0.998669,0.000931,0.000401,P9,g4-logo-baseline-seed42::fold_P9
P9-B6-20458-6118,P9,NON_TUMOR,NON_TUMOR,0.880059,0.019907,0.100034,P9,g4-logo-baseline-seed42::fold_P9
P9-B6-22762-13561,P9,NON_TUMOR,NON_TUMOR,0.997428,0.002098,0.000473,P9,g4-logo-baseline-seed42::fold_P9
P9-B6-23023-20652,P9,NON_TUMOR,NON_TUMOR,0.967003,0.022514,0.010483,P9,g4-logo-baseline-seed42::fold_P9
P9-B6-23209-22319,P9,NON_TUMOR,NON_TUMOR,0.906548,0.075402,0.018051,P9,g4-logo-baseline-seed42::fold_P9
P9-B6-24779-30011,P9,NON_TUMOR,NON_TUMOR,0.966249,0.016692,0.017058,P9,g4-logo-baseline-seed42::fold_P9
P9-B6-25039-13328,P9,NON_TUMOR,NON_TUMOR,0.991708,0.004913,0.003379,P9,g4-logo-baseline-seed42::fold_P9
P9-B6-27036-22226,P9,NON_TUMOR,NON_TUMOR,0.996555,0.002396,0.001049,P9,g4-logo-baseline-seed42::fold_P9
P9-B6-29196-14072,P9,NON_TUMOR,NON_TUMOR,0.993777,0.005097,0.001126,P9,g4-logo-baseline-seed42::fold_P9
P9-B6-6130-23430,P9,NON_TUMOR,NON_TUMOR,0.989199,0.001752,0.009049,P9,g4-logo-baseline-seed42::fold_P9
P9-B6-7024-29103,P9,NON_TUMOR,NON_TUMOR,0.993321,0.003893,0.002786,P9,g4-logo-baseline-seed42::fold_P9
P9-B6-9887-18682,P9,NON_TUMOR,NON_TUMOR,0.997219,0.002371,0.00041,P9,g4-logo-baseline-seed42::fold_P9
P9-B7-10723-33887,P9,NON_TUMOR,NON_TUMOR,0.998156,0.000596,0.001248,P9,g4-logo-baseline-seed42::fold_P9
P9-B7-13277-26914,P9,NON_TUMOR,NON_TUMOR,0.987103,0.010267,0.00263,P9,g4-logo-baseline-seed42::fold_P9
P9-B7-13453-27559,P9,NON_TUMOR,NON_TUMOR,0.968401,0.022514,0.009085,P9,g4-logo-baseline-seed42::fold_P9
P9-B7-14699-28544,P9,NON_TUMOR,NON_TUMOR,0.957036,0.038437,0.004527,P9,g4-logo-baseline-seed42::fold_P9
P9-B7-17432-9890,P9,NON_TUMOR,NON_TUMOR,0.982788,0.015997,0.001215,P9,g4-logo-baseline-seed42::fold_P9
P9-B7-17824-13368,P9,NON_TUMOR,NON_TUMOR,0.992937,0.001718,0.005345,P9,g4-logo-baseline-seed42::fold_P9
P9-B7-21432-27614,P9,NON_TUMOR,NON_TUMOR,0.91428,0.052608,0.033112,P9,g4-logo-baseline-seed42::fold_P9
P9-B7-21767-26717,P9,NON_TUMOR,NON_TUMOR,0.979819,0.005911,0.014269,P9,g4-logo-baseline-seed42::fold_P9
P9-B7-22066-28200,P9,NON_TUMOR,NON_TUMOR,0.996038,0.001764,0.002197,P9,g4-logo-baseline-seed42::fold_P9
P9-B7-23277-6246,P9,NON_TUMOR,NON_TUMOR,0.998008,0.0009,0.001092,P9,g4-logo-baseline-seed42::fold_P9
P9-B7-23373-11741,P9,NON_TUMOR,NON_TUMOR,0.956434,0.00331,0.040256,P9,g4-logo-baseline-seed42::fold_P9
P9-B7-24872-12722,P9,NON_TUMOR,NON_TUMOR,0.97505,0.022037,0.002913,P9,g4-logo-baseline-seed42::fold_P9
P9-B7-26719-8006,P9,NON_TUMOR,NON_TUMOR,0.996616,0.00238,0.001004,P9,g4-logo-baseline-seed42::fold_P9
P9-B7-27737-7637,P9,NON_TUMOR,NON_TUMOR,0.996464,0.002864,0.000672,P9,g4-logo-baseline-seed42::fold_P9
P9-B7-27830-11834,P9,NON_TUMOR,NON_TUMOR,0.994594,0.004164,0.001241,P9,g4-logo-baseline-seed42::fold_P9
P9-B7-31436-18746,P9,NON_TUMOR,NON_TUMOR,0.994703,0.003576,0.001721,P9,g4-logo-baseline-seed42::fold_P9
P9-B7-32198-19590,P9,NON_TUMOR,NON_TUMOR,0.994895,0.004276,0.000829,P9,g4-logo-baseline-seed42::fold_P9
P9-B7-35456-21995,P9,NON_TUMOR,NON_TUMOR,0.944525,0.018712,0.036763,P9,g4-logo-baseline-seed42::fold_P9
P9-B7-3806-21832,P9,NON_TUMOR,NON_TUMOR,0.987073,0.011039,0.001888,P9,g4-logo-baseline-seed42::fold_P9
P9-B7-5454-29446,P9,NON_TUMOR,NON_TUMOR,0.997625,0.001196,0.001179,P9,g4-logo-baseline-seed42::fold_P9
P9-B7-6105-28215,P9,NON_TUMOR,NON_TUMOR,0.995082,0.00232,0.002597,P9,g4-logo-baseline-seed42::fold_P9
P9-B7-7568-14821,P9,NON_TUMOR,NON_TUMOR,0.846458,0.05528,0.098262,P9,g4-logo-baseline-seed42::fold_P9
P9-B7-8325-33733,P9,NON_TUMOR,NON_TUMOR,0.997967,0.000626,0.001407,P9,g4-logo-baseline-seed42::fold_P9
