image_id,pathdb_image_id,source_filename,image_url,group,original_label,canonical_label,trainable_label,mixed_state,retrieval_status,http_status,local_path,byte_size,sha256
Case-3-A10-10547-25283,Case-3-A10-10547-25283,Case 3 A10-10547-25283,http://pathdb.cancerimagingarchive.net/system/files/wsi/ross/Osteosarcoma-UT/converted/Osteosarcoma-UT/Training-Set-2/set1/Case-3-A10-10547-25283.tiff,Case-3,Non-Tumor,NON_TUMOR,TRUE,False,RETRIEVED,200,C:\Users\enkso\.kiro\crew\scratch\runtime-0a306834\osteopatch_full_ingestion\tiffs\Case-3-A10-10547-25283.tiff,238242,3d3da0c24d03c97a5bd6e93627d0137fd41d4adf4d2414a005bb307b96995144
Case-3-A10-10566-40206,Case-3-A10-10566-40206,Case 3 A10-10566-40206,http://pathdb.cancerimagingarchive.net/system/files/wsi/ross/Osteosarcoma-UT/converted/Osteosarcoma-UT/Training-Set-2/set1/Case-3-A10-10566-40206.tiff,Case-3,Non-Tumor,NON_TUMOR,TRUE,False,RETRIEVED,200,C:\Users\enkso\.kiro\crew\scratch\runtime-0a306834\osteopatch_full_ingestion\tiffs\Case-3-A10-10566-40206.tiff,148776,3ff604115c161c2fbe0e47ee70f46f9937a23de249d9814280f90bfd55b621ab
Case-3-A10-13444-20223,Case-3-A10-13444-20223,Case 3 A10-13444-20223,http://pathdb.cancerimagingarchive.net/system/files/wsi/ross/Osteosarcoma-UT/converted/Osteosarcoma-UT/Training-Set-2/set1/Case-3-A10-13444-20223.tiff,Case-3,Non-Tumor,NON_TUMOR,TRUE,False,RETRIEVED,200,C:\Users\enkso\.kiro\crew\scratch\runtime-0a306834\osteopatch_full_ingestion\tiffs\Case-3-A10-13444-20223.tiff,240768,ecc57da9111dbda2b8701fae05b28325760e155c71dad46f7dc6006adbc4c341
Case-3-A10-14507-37285,Case-3-A10-14507-37285,Case 3 A10-14507-37285,http://pathdb.cancerimagingarchive.net/system/files/wsi/ross/Osteosarcoma-UT/converted/Osteosarcoma-UT/Training-Set-2/set1/Case-3-A10-14507-37285.tiff,Case-3,Non-Tumor,NON_TUMOR,TRUE,False,RETRIEVED,200,C:\Users\enkso\.kiro\crew\scratch\runtime-0a306834\osteopatch_full_ingestion\tiffs\Case-3-A10-14507-37285.tiff,183938,883d96b439a8363737691ba249c8931d8f2d51c9d87ac43c05ce5096235bfd2b
Case-3-A10-14726-26052,Case-3-A10-14726-26052,Case 3 A10-14726-26052,http://pathdb.cancerimagingarchive.net/system/files/wsi/ross/Osteosarcoma-UT/converted/Osteosarcoma-UT/Training-Set-2/set1/Case-3-A10-14726-26052.tiff,Case-3,Non-Tumor,NON_TUMOR,TRUE,False,RETRIEVED,200,C:\Users\enkso\.kiro\crew\scratch\runtime-0a306834\osteopatch_full_ingestion\tiffs\Case-3-A10-14726-26052.tiff,256904,4fc7ec40c5e122278d3cba19d1d322a4ca3aa71201d8f5e69127eef14198961a
Case-3-A10-14813-24100,Case-3-A10-14813-24100,Case 3 A10-14813-24100,http://pathdb.cancerimagingarchive.net/system/files/wsi/ross/Osteosarcoma-UT/converted/Osteosarcoma-UT/Training-Set-2/set1/Case-3-A10-14813-24100.tiff,Case-3,Non-Viable-Tumor,NECROSIS,TRUE,False,RETRIEVED,200,C:\Users\enkso\.kiro\crew\scratch\runtime-0a306834\osteopatch_full_ingestion\tiffs\Case-3-A10-14813-24100.tiff,200454,9fa53b4730fc5cce46f64eb831ef4fbe5d30e0b7f1f256534f0bed473b40a34d
Case-3-A10-16082-41283,Case-3-A10-16082-41283,Case 3 A10-16082-41283,http://pathdb.cancerimagingarchive.net/system/files/wsi/ross/Osteosarcoma-UT/converted/Osteosarcoma-UT/Training-Set-2/set1/Case-3-A10-16082-41283.tiff,Case-3,Non-Tumor,NON_TUMOR,TRUE,False,RETRIEVED,200,C:\Users\enkso\.kiro\crew\scratch\runtime-0a306834\osteopatch_full_ingestion\tiffs\Case-3-A10-16082-41283.tiff,42862,a365fb738aa7fd71779f41708c02b23ce8ed41dfff1124013b390545be4beec8
Case-3-A10-17206-19249,Case-3-A10-17206-19249,Case 3 A10-17206-19249,http://pathdb.cancerimagingarchive.net/system/files/wsi/ross/Osteosarcoma-UT/converted/Osteosarcoma-UT/Training-Set-1/set1/Case-3-A10-17206-19249.tiff,Case-3,Non-Viable-Tumor,NECROSIS,TRUE,False,RETRIEVED,200,C:\Users\enkso\.kiro\crew\scratch\runtime-0a306834\osteopatch_full_ingestion\tiffs\Case-3-A10-17206-19249.tiff,276968,4ee1102f982d0f8391910940dafcc1dba668a6736ef100d3f157b80a8ac96f7c
Case-3-A10-19799-5772,Case-3-A10-19799-5772,Case 3 A10-19799-5772,http://pathdb.cancerimagingarchive.net/system/files/wsi/ross/Osteosarcoma-UT/converted/Osteosarcoma-UT/Training-Set-1/set1/Case-3-A10-19799-5772.tiff,Case-3,Non-Viable-Tumor,NECROSIS,TRUE,False,RETRIEVED,200,C:\Users\enkso\.kiro\crew\scratch\runtime-0a306834\osteopatch_full_ingestion\tiffs\Case-3-A10-19799-5772.tiff,312890,d6f3c89ccd432231154de7db1976bd9cc22a1f41061caddec32d06919091b8fe
Case-3-A10-25071-24159,Case-3-A10-25071-24159,Case 3 A10-25071-24159,http://pathdb.cancerimagingarchive.net/system/files/wsi/ross/Osteosarcoma-UT/converted/Osteosarcoma-UT/Training-Set-1/set1/Case-3-A10-25071-24159.tiff,Case-3,Non-Viable-Tumor,NECROSIS,TRUE,False,RETRIEVED,200,C:\Users\enkso\.kiro\crew\scratch\runtime-0a306834\osteopatch_full_ingestion\tiffs\Case-3-A10-25071-24159.tiff,309072,830c6d5e91b19ada47dd1bccdf20e5ba7eebbeac3c91e376af7a358c01e937ed
Case-3-A10-26546-21577,Case-3-A10-26546-21577,Case 3 A10-26546-21577,http://pathdb.cancerimagingarchive.net/system/files/wsi/ross/Osteosarcoma-UT/converted/Osteosarcoma-UT/Training-Set-1/set1/Case-3-A10-26546-21577.tiff,Case-3,Non-Viable-Tumor,NECROSIS,TRUE,False,RETRIEVED,200,C:\Users\enkso\.kiro\crew\scratch\runtime-0a306834\osteopatch_full_ingestion\tiffs\Case-3-A10-26546-21577.tiff,328870,e91062b44a29c37794d15e8019c8989bca1997f930dabc0d98a45cf81e5d75d8
Case-3-A10-26935-6593,Case-3-A10-26935-6593,Case 3 A10-26935-6593,http://pathdb.cancerimagingarchive.net/system/files/wsi/ross/Osteosarcoma-UT/converted/Osteosarcoma-UT/Training-Set-1/set1/Case-3-A10-26935-6593.tiff,Case-3,Non-Viable-Tumor,NECROSIS,TRUE,False,RETRIEVED,200,C:\Users\enkso\.kiro\crew\scratch\runtime-0a306834\osteopatch_full_ingestion\tiffs\Case-3-A10-26935-6593.tiff,384902,866d770b7b3daa2a1c4ff5edc7f35b306395134f5a34dfa6baf67518a90febdf
Case-3-A10-28110-17616,Case-3-A10-28110-17616,Case 3 A10-28110-17616,http://pathdb.cancerimagingarchive.net/system/files/wsi/ross/Osteosarcoma-UT/converted/Osteosarcoma-UT/Training-Set-1/set1/Case-3-A10-28110-17616.tiff,Case-3,Non-Viable-Tumor,NECROSIS,TRUE,False,RETRIEVED,200,C:\Users\enkso\.kiro\crew\scratch\runtime-0a306834\osteopatch_full_ingestion\tiffs\Case-3-A10-28110-17616.tiff,427404,338bbd6a7444309dd1bbb222ac124f7d7d5cb63f54e89c1a295da33b52382add
Case-3-A10-28463-9497,Case-3-A10-28463-9497,Case 3 A10-28463-9497,http://pathdb.cancerimagingarchive.net/system/files/wsi/ross/Osteosarcoma-UT/converted/Osteosarcoma-UT/Training-Set-1/set1/Case-3-A10-28463-9497.tiff,Case-3,Non-Viable-Tumor,NECROSIS,TRUE,False,RETRIEVED,200,C:\Users\enkso\.kiro\crew\scratch\runtime-0a306834\osteopatch_full_ingestion\tiffs\Case-3-A10-28463-9497.tiff,376884,5f0bcd0acee9dedd1ad5e0cb92cf762eed953f2136e4eb523284cfe0fd7b529e
Case-3-A10-32184-17317,Case-3-A10-32184-17317,Case 3 A10-32184-17317,http://pathdb.cancerimagingarchive.net/system/files/wsi/ross/Osteosarcoma-UT/converted/Osteosarcoma-UT/Training-Set-1/set1/Case-3-A10-32184-17317.tiff,Case-3,Non-Viable-Tumor,NECROSIS,TRUE,False,RETRIEVED,200,C:\Users\enkso\.kiro\crew\scratch\runtime-0a306834\osteopatch_full_ingestion\tiffs\Case-3-A10-32184-17317.tiff,389752,86e5a1e6fbc6655f223f3a3df375ecf946af9a70b1ce974ec7f560fae9239b5a
Case-3-A10-33239-2811,Case-3-A10-33239-2811,Case 3 A10-33239-2811,http://pathdb.cancerimagingarchive.net/system/files/wsi/ross/Osteosarcoma-UT/converted/Osteosarcoma-UT/Training-Set-1/set1/Case-3-A10-33239-2811.tiff,Case-3,Non-Viable-Tumor,NECROSIS,TRUE,False,RETRIEVED,200,C:\Users\enkso\.kiro\crew\scratch\runtime-0a306834\osteopatch_full_ingestion\tiffs\Case-3-A10-33239-2811.tiff,252556,9908d3a92c03e22462c6ea574a052ca49fe3e79378beaf5aaecd131b0e43aa97
Case-3-A10-3671-14840,Case-3-A10-3671-14840,Case 3 A10-3671-14840,http://pathdb.cancerimagingarchive.net/system/files/wsi/ross/Osteosarcoma-UT/converted/Osteosarcoma-UT/Training-Set-2/set1/Case-3-A10-3671-14840.tiff,Case-3,Non-Tumor,NON_TUMOR,TRUE,False,RETRIEVED,200,C:\Users\enkso\.kiro\crew\scratch\runtime-0a306834\osteopatch_full_ingestion\tiffs\Case-3-A10-3671-14840.tiff,228394,9c28743eb9371146cdc3829387279cf776f5c2ad68eae0d06a9c79a16ee52477
Case-3-A10-37695-6276,Case-3-A10-37695-6276,Case 3 A10-37695-6276,http://pathdb.cancerimagingarchive.net/system/files/wsi/ross/Osteosarcoma-UT/converted/Osteosarcoma-UT/Training-Set-1/set1/Case-3-A10-37695-6276.tiff,Case-3,Non-Viable-Tumor,NECROSIS,TRUE,False,RETRIEVED,200,C:\Users\enkso\.kiro\crew\scratch\runtime-0a306834\osteopatch_full_ingestion\tiffs\Case-3-A10-37695-6276.tiff,373068,5b3547f36a5ca6297a3d9543b80e2dfd3c707b27edfd59e1a0f03b9390efb2bf
Case-3-A10-42682-16878,Case-3-A10-42682-16878,Case 3 A10-42682-16878,http://pathdb.cancerimagingarchive.net/system/files/wsi/ross/Osteosarcoma-UT/converted/Osteosarcoma-UT/Training-Set-1/set1/Case-3-A10-42682-16878.tiff,Case-3,Non-Viable-Tumor,NECROSIS,TRUE,False,RETRIEVED,200,C:\Users\enkso\.kiro\crew\scratch\runtime-0a306834\osteopatch_full_ingestion\tiffs\Case-3-A10-42682-16878.tiff,360978,d9403edcb0e6d2729d09edace525496e29ada3cf842f3240fdaacfc0bb0ec6b3
Case-3-A10-43205-4260,Case-3-A10-43205-4260,Case 3 A10-43205-4260,http://pathdb.cancerimagingarchive.net/system/files/wsi/ross/Osteosarcoma-UT/converted/Osteosarcoma-UT/Training-Set-1/set1/Case-3-A10-43205-4260.tiff,Case-3,Non-Viable-Tumor,NECROSIS,TRUE,False,RETRIEVED,200,C:\Users\enkso\.kiro\crew\scratch\runtime-0a306834\osteopatch_full_ingestion\tiffs\Case-3-A10-43205-4260.tiff,131912,2c3caa52bab9bab43d82941234b194c1ac6bc71d35efe9dfdf262365200beef1
Case-3-A10-43279-17240,Case-3-A10-43279-17240,Case 3 A10-43279-17240,http://pathdb.cancerimagingarchive.net/system/files/wsi/ross/Osteosarcoma-UT/converted/Osteosarcoma-UT/Training-Set-1/set1/Case-3-A10-43279-17240.tiff,Case-3,Non-Viable-Tumor,NECROSIS,TRUE,False,RETRIEVED,200,C:\Users\enkso\.kiro\crew\scratch\runtime-0a306834\osteopatch_full_ingestion\tiffs\Case-3-A10-43279-17240.tiff,248484,66f259053f005cfe3435a375444e06a63d585a093cbaa669524a2cb1b49e3852
Case-3-A10-43563-32168,Case-3-A10-43563-32168,Case 3 A10-43563-32168,http://pathdb.cancerimagingarchive.net/system/files/wsi/ross/Osteosarcoma-UT/converted/Osteosarcoma-UT/Training-Set-1/set1/Case-3-A10-43563-32168.tiff,Case-3,Non-Tumor,NON_TUMOR,TRUE,False,RETRIEVED,200,C:\Users\enkso\.kiro\crew\scratch\runtime-0a306834\osteopatch_full_ingestion\tiffs\Case-3-A10-43563-32168.tiff,186184,f0ea7aedeab32c4003e7b4a3f927b60f50a9bb523425cd673b134c97b6beb339
Case-3-A10-6162-33852,Case-3-A10-6162-33852,Case 3 A10-6162-33852,http://pathdb.cancerimagingarchive.net/system/files/wsi/ross/Osteosarcoma-UT/converted/Osteosarcoma-UT/Training-Set-2/set1/Case-3-A10-6162-33852.tiff,Case-3,Non-Tumor,NON_TUMOR,TRUE,False,RETRIEVED,200,C:\Users\enkso\.kiro\crew\scratch\runtime-0a306834\osteopatch_full_ingestion\tiffs\Case-3-A10-6162-33852.tiff,205718,0f9da79ea25cb41fa569385224d187e81295656f3def05af47b16ac15f7452bb
Case-3-A10-6747-12959,Case-3-A10-6747-12959,Case 3 A10-6747-12959,http://pathdb.cancerimagingarchive.net/system/files/wsi/ross/Osteosarcoma-UT/converted/Osteosarcoma-UT/Training-Set-2/set1/Case-3-A10-6747-12959.tiff,Case-3,Non-Tumor,NON_TUMOR,TRUE,False,RETRIEVED,200,C:\Users\enkso\.kiro\crew\scratch\runtime-0a306834\osteopatch_full_ingestion\tiffs\Case-3-A10-6747-12959.tiff,264456,00f1de02cd9754e8329495fcd100c00ce9d24ce5532f093dcd8ab181b3fee442
Case-3-A10-6935-14250,Case-3-A10-6935-14250,Case 3 A10-6935-14250,http://pathdb.cancerimagingarchive.net/system/files/wsi/ross/Osteosarcoma-UT/converted/Osteosarcoma-UT/Training-Set-2/set1/Case-3-A10-6935-14250.tiff,Case-3,Non-Tumor,NON_TUMOR,TRUE,False,RETRIEVED,200,C:\Users\enkso\.kiro\crew\scratch\runtime-0a306834\osteopatch_full_ingestion\tiffs\Case-3-A10-6935-14250.tiff,243044,7d0eec664ebd4e0a69a24854f3d520305961dc13417845ed11de48f352f75dc2
Case-3-A10-7101-7481,Case-3-A10-7101-7481,Case 3 A10-7101-7481,http://pathdb.cancerimagingarchive.net/system/files/wsi/ross/Osteosarcoma-UT/converted/Osteosarcoma-UT/Training-Set-2/set1/Case-3-A10-7101-7481.tiff,Case-3,Non-Viable-Tumor,NECROSIS,TRUE,False,RETRIEVED,200,C:\Users\enkso\.kiro\crew\scratch\runtime-0a306834\osteopatch_full_ingestion\tiffs\Case-3-A10-7101-7481.tiff,308682,8fb5812584be26c2250684e9c08789effe4bc97a64f11ca31fab3da77ea08770
Case-3-A10-9695-39638,Case-3-A10-9695-39638,Case 3 A10-9695-39638,http://pathdb.cancerimagingarchive.net/system/files/wsi/ross/Osteosarcoma-UT/converted/Osteosarcoma-UT/Training-Set-2/set1/Case-3-A10-9695-39638.tiff,Case-3,Non-Tumor,NON_TUMOR,TRUE,False,RETRIEVED,200,C:\Users\enkso\.kiro\crew\scratch\runtime-0a306834\osteopatch_full_ingestion\tiffs\Case-3-A10-9695-39638.tiff,85078,cd7ca101e962834029a92ea3c7d5d5b9072d2f89486d7a0d8ef0d700edf6c0d5
Case-3-A12-12706-7126,Case-3-A12-12706-7126,Case 3 A12-12706-7126,http://pathdb.cancerimagingarchive.net/system/files/wsi/ross/Osteosarcoma-UT/converted/Osteosarcoma-UT/Training-Set-2/set1/Case-3-A12-12706-7126.tiff,Case-3,Non-Viable-Tumor,NECROSIS,TRUE,False,RETRIEVED,200,C:\Users\enkso\.kiro\crew\scratch\runtime-0a306834\osteopatch_full_ingestion\tiffs\Case-3-A12-12706-7126.tiff,359154,92544353ac8917d5ec6fb82d12cbee3f77a58c5677401525b66b2ee73c3cf7b3
Case-3-A12-14795-35402,Case-3-A12-14795-35402,Case 3 A12-14795-35402,http://pathdb.cancerimagingarchive.net/system/files/wsi/ross/Osteosarcoma-UT/converted/Osteosarcoma-UT/Training-Set-2/set1/Case-3-A12-14795-35402.tiff,Case-3,Non-Tumor,NON_TUMOR,TRUE,False,RETRIEVED,200,C:\Users\enkso\.kiro\crew\scratch\runtime-0a306834\osteopatch_full_ingestion\tiffs\Case-3-A12-14795-35402.tiff,279788,9a78d1dc981734542827731e1aab86333ca1fc896b97495a6fc81c7dde4efa66
Case-3-A12-16067-9053,Case-3-A12-16067-9053,Case 3 A12-16067-9053,http://pathdb.cancerimagingarchive.net/system/files/wsi/ross/Osteosarcoma-UT/converted/Osteosarcoma-UT/Training-Set-2/set1/Case-3-A12-16067-9053.tiff,Case-3,Non-Viable-Tumor,NECROSIS,TRUE,False,RETRIEVED,200,C:\Users\enkso\.kiro\crew\scratch\runtime-0a306834\osteopatch_full_ingestion\tiffs\Case-3-A12-16067-9053.tiff,328914,e7a25a25fae53e8522e8acd0d266b85cbac31cf5130be5083dc47da71cb01db1
Case-3-A12-17700-32032,Case-3-A12-17700-32032,Case 3 A12-17700-32032,http://pathdb.cancerimagingarchive.net/system/files/wsi/ross/Osteosarcoma-UT/converted/Osteosarcoma-UT/Training-Set-2/set1/Case-3-A12-17700-32032.tiff,Case-3,Non-Tumor,NON_TUMOR,TRUE,False,RETRIEVED,200,C:\Users\enkso\.kiro\crew\scratch\runtime-0a306834\osteopatch_full_ingestion\tiffs\Case-3-A12-17700-32032.tiff,214264,ac3f06b9c2fc1cc090ce2768c7484f01bfeea1ce54134368bd5023cfc81633bb
Case-3-A12-18156-14343,Case-3-A12-18156-14343,Case 3 A12-18156-14343,http://pathdb.cancerimagingarchive.net/system/files/wsi/ross/Osteosarcoma-UT/converted/Osteosarcoma-UT/Training-Set-2/set1/Case-3-A12-18156-14343.tiff,Case-3,Non-Viable-Tumor,NECROSIS,TRUE,False,RETRIEVED,200,C:\Users\enkso\.kiro\crew\scratch\runtime-0a306834\osteopatch_full_ingestion\tiffs\Case-3-A12-18156-14343.tiff,389464,0ee07091f7b180328101e43a6706f08e03dec9a68e4a27c3c145ce3c52a3bea3
Case-3-A12-1902-25383,Case-3-A12-1902-25383,Case 3 A12-1902-25383,http://pathdb.cancerimagingarchive.net/system/files/wsi/ross/Osteosarcoma-UT/converted/Osteosarcoma-UT/Training-Set-2/set1/Case-3-A12-1902-25383.tiff,Case-3,Non-Tumor,NON_TUMOR,TRUE,False,RETRIEVED,200,C:\Users\enkso\.kiro\crew\scratch\runtime-0a306834\osteopatch_full_ingestion\tiffs\Case-3-A12-1902-25383.tiff,47392,91d4dfd083c8b6a0c61256af0a5727d7bdef044972842b702b7e3146cb7085f8
Case-3-A12-19907-12559,Case-3-A12-19907-12559,Case 3 A12-19907-12559,http://pathdb.cancerimagingarchive.net/system/files/wsi/ross/Osteosarcoma-UT/converted/Osteosarcoma-UT/Training-Set-2/set1/Case-3-A12-19907-12559.tiff,Case-3,Non-Viable-Tumor,NECROSIS,TRUE,False,RETRIEVED,200,C:\Users\enkso\.kiro\crew\scratch\runtime-0a306834\osteopatch_full_ingestion\tiffs\Case-3-A12-19907-12559.tiff,375582,387290db8b5d16af82a8d86f26dd910cd02c7d9a765b3cb8eec0959f41b0230a
Case-3-A12-20939-18996,Case-3-A12-20939-18996,Case 3 A12-20939-18996,http://pathdb.cancerimagingarchive.net/system/files/wsi/ross/Osteosarcoma-UT/converted/Osteosarcoma-UT/Training-Set-2/set1/Case-3-A12-20939-18996.tiff,Case-3,Non-Viable-Tumor,NECROSIS,TRUE,False,RETRIEVED,200,C:\Users\enkso\.kiro\crew\scratch\runtime-0a306834\osteopatch_full_ingestion\tiffs\Case-3-A12-20939-18996.tiff,301296,3c28c6ce4a059dc7b17b21aa9afaa7b449f914d8697e416e2e1f66aa03aca3f3
Case-3-A12-24008-4724,Case-3-A12-24008-4724,Case 3 A12-24008-4724,http://pathdb.cancerimagingarchive.net/system/files/wsi/ross/Osteosarcoma-UT/converted/Osteosarcoma-UT/Training-Set-2/set1/Case-3-A12-24008-4724.tiff,Case-3,Non-Viable-Tumor,NECROSIS,TRUE,False,RETRIEVED,200,C:\Users\enkso\.kiro\crew\scratch\runtime-0a306834\osteopatch_full_ingestion\tiffs\Case-3-A12-24008-4724.tiff,290834,23707b1c5228a1093676d7c02dc560691ccb8db4c41a331081f1ff890ab72baa
Case-3-A12-24626-4413,Case-3-A12-24626-4413,Case 3 A12-24626-4413,http://pathdb.cancerimagingarchive.net/system/files/wsi/ross/Osteosarcoma-UT/converted/Osteosarcoma-UT/Training-Set-2/set1/Case-3-A12-24626-4413.tiff,Case-3,Non-Viable-Tumor,NECROSIS,TRUE,False,RETRIEVED,200,C:\Users\enkso\.kiro\crew\scratch\runtime-0a306834\osteopatch_full_ingestion\tiffs\Case-3-A12-24626-4413.tiff,254422,c8dd967489386f3c493cc1bee586f6bbdcd68d059e1858fdc858d9b761092f0a
Case-3-A12-26266-6931,Case-3-A12-26266-6931,Case 3 A12-26266-6931,http://pathdb.cancerimagingarchive.net/system/files/wsi/ross/Osteosarcoma-UT/converted/Osteosarcoma-UT/Training-Set-2/set1/Case-3-A12-26266-6931.tiff,Case-3,Non-Viable-Tumor,NECROSIS,TRUE,False,RETRIEVED,200,C:\Users\enkso\.kiro\crew\scratch\runtime-0a306834\osteopatch_full_ingestion\tiffs\Case-3-A12-26266-6931.tiff,336052,fe812bb37600cd351f53e23c632afd69505d18669f8830c434a545a1d9cbeac1
Case-3-A12-27307-29117,Case-3-A12-27307-29117,Case 3 A12-27307-29117,http://pathdb.cancerimagingarchive.net/system/files/wsi/ross/Osteosarcoma-UT/converted/Osteosarcoma-UT/Training-Set-1/set1/Case-3-A12-27307-29117.tiff,Case-3,Non-Viable-Tumor,NECROSIS,TRUE,False,RETRIEVED,200,C:\Users\enkso\.kiro\crew\scratch\runtime-0a306834\osteopatch_full_ingestion\tiffs\Case-3-A12-27307-29117.tiff,252158,1fd0208b0656bb9d20bde0689bd5d80ba606330524e5d4f6825086b5534530b0
Case-3-A12-28029-11197,Case-3-A12-28029-11197,Case 3 A12-28029-11197,http://pathdb.cancerimagingarchive.net/system/files/wsi/ross/Osteosarcoma-UT/converted/Osteosarcoma-UT/Training-Set-1/set1/Case-3-A12-28029-11197.tiff,Case-3,Non-Viable-Tumor,NECROSIS,TRUE,False,RETRIEVED,200,C:\Users\enkso\.kiro\crew\scratch\runtime-0a306834\osteopatch_full_ingestion\tiffs\Case-3-A12-28029-11197.tiff,355480,23d3ea15e11f6befcd03c7a92335a5d3244713cbd095b9cc5ed998fea2856235
Case-3-A12-29223-26617,Case-3-A12-29223-26617,Case 3 A12-29223-26617,http://pathdb.cancerimagingarchive.net/system/files/wsi/ross/Osteosarcoma-UT/converted/Osteosarcoma-UT/Training-Set-1/set1/Case-3-A12-29223-26617.tiff,Case-3,Non-Viable-Tumor,NECROSIS,TRUE,False,RETRIEVED,200,C:\Users\enkso\.kiro\crew\scratch\runtime-0a306834\osteopatch_full_ingestion\tiffs\Case-3-A12-29223-26617.tiff,325196,98d19ea5c3dc1f7fcddb2d0d680c7bc816acafaa5144e6676b1ac93c10e6c8d1
Case-3-A12-29860-25889,Case-3-A12-29860-25889,Case 3 A12-29860-25889,http://pathdb.cancerimagingarchive.net/system/files/wsi/ross/Osteosarcoma-UT/converted/Osteosarcoma-UT/Training-Set-1/set1/Case-3-A12-29860-25889.tiff,Case-3,Non-Viable-Tumor,NECROSIS,TRUE,False,RETRIEVED,200,C:\Users\enkso\.kiro\crew\scratch\runtime-0a306834\osteopatch_full_ingestion\tiffs\Case-3-A12-29860-25889.tiff,300160,cc4748a0168d31180b8bb9b2dfc873d3d490dc3b88ea1c55b9ac0110747a29d0
Case-3-A12-30696-5036,Case-3-A12-30696-5036,Case 3 A12-30696-5036,http://pathdb.cancerimagingarchive.net/system/files/wsi/ross/Osteosarcoma-UT/converted/Osteosarcoma-UT/Training-Set-1/set1/Case-3-A12-30696-5036.tiff,Case-3,Non-Viable-Tumor,NECROSIS,TRUE,False,RETRIEVED,200,C:\Users\enkso\.kiro\crew\scratch\runtime-0a306834\osteopatch_full_ingestion\tiffs\Case-3-A12-30696-5036.tiff,367940,676f50fdaa35d28887af14985d649151310cee1f74927cfdae88c15a575da33f
Case-3-A12-3094-27426,Case-3-A12-3094-27426,Case 3 A12-3094-27426,http://pathdb.cancerimagingarchive.net/system/files/wsi/ross/Osteosarcoma-UT/converted/Osteosarcoma-UT/Training-Set-2/set1/Case-3-A12-3094-27426.tiff,Case-3,Non-Tumor,NON_TUMOR,TRUE,False,RETRIEVED,200,C:\Users\enkso\.kiro\crew\scratch\runtime-0a306834\osteopatch_full_ingestion\tiffs\Case-3-A12-3094-27426.tiff,179080,a83e349dd5b90563baf7b45b04fc186584ef6da0853bbdde7661db57ce1aa3c1
Case-3-A12-3218-15469,Case-3-A12-3218-15469,Case 3 A12-3218-15469,http://pathdb.cancerimagingarchive.net/system/files/wsi/ross/Osteosarcoma-UT/converted/Osteosarcoma-UT/Training-Set-2/set1/Case-3-A12-3218-15469.tiff,Case-3,Non-Tumor,NON_TUMOR,TRUE,False,RETRIEVED,200,C:\Users\enkso\.kiro\crew\scratch\runtime-0a306834\osteopatch_full_ingestion\tiffs\Case-3-A12-3218-15469.tiff,170448,57ea44f7ada85d1226bc3608284bff4abd566883ccb289f0c8f08f654e7500ab
Case-3-A12-32422-16245,Case-3-A12-32422-16245,Case 3 A12-32422-16245,http://pathdb.cancerimagingarchive.net/system/files/wsi/ross/Osteosarcoma-UT/converted/Osteosarcoma-UT/Training-Set-1/set1/Case-3-A12-32422-16245.tiff,Case-3,Non-Viable-Tumor,NECROSIS,TRUE,False,RETRIEVED,200,C:\Users\enkso\.kiro\crew\scratch\runtime-0a306834\osteopatch_full_ingestion\tiffs\Case-3-A12-32422-16245.tiff,409174,633700554338a16ec6b6cdd5f8c5a25286c395f3dab620cc04031ccff5b16ccc
Case-3-A12-32477-34353,Case-3-A12-32477-34353,Case 3 A12-32477-34353,http://pathdb.cancerimagingarchive.net/system/files/wsi/ross/Osteosarcoma-UT/converted/Osteosarcoma-UT/Training-Set-1/set1/Case-3-A12-32477-34353.tiff,Case-3,Non-Tumor,NON_TUMOR,TRUE,False,RETRIEVED,200,C:\Users\enkso\.kiro\crew\scratch\runtime-0a306834\osteopatch_full_ingestion\tiffs\Case-3-A12-32477-34353.tiff,86228,b253cf31a9cef6b0d66a3c044554e70e1f0f1e252a8165434a4543f11490f94d
Case-3-A12-33164-13699,Case-3-A12-33164-13699,Case 3 A12-33164-13699,http://pathdb.cancerimagingarchive.net/system/files/wsi/ross/Osteosarcoma-UT/converted/Osteosarcoma-UT/Training-Set-1/set1/Case-3-A12-33164-13699.tiff,Case-3,Non-Viable-Tumor,NECROSIS,TRUE,False,RETRIEVED,200,C:\Users\enkso\.kiro\crew\scratch\runtime-0a306834\osteopatch_full_ingestion\tiffs\Case-3-A12-33164-13699.tiff,367088,73a4746ad5e9b4c25c3c3e25f167437ef5863843235c619f7c84d93e71dcc6c8
Case-3-A12-34294-35557,Case-3-A12-34294-35557,Case 3 A12-34294-35557,http://pathdb.cancerimagingarchive.net/system/files/wsi/ross/Osteosarcoma-UT/converted/Osteosarcoma-UT/Training-Set-1/set1/Case-3-A12-34294-35557.tiff,Case-3,Non-Tumor,NON_TUMOR,TRUE,False,RETRIEVED,200,C:\Users\enkso\.kiro\crew\scratch\runtime-0a306834\osteopatch_full_ingestion\tiffs\Case-3-A12-34294-35557.tiff,279512,aaf71aa2d86a02f29d1ef0736d5ff93cb2e2f5c8aa71757ea33a688b7bc505c6
Case-3-A12-37374-17669,Case-3-A12-37374-17669,Case 3 A12-37374-17669,http://pathdb.cancerimagingarchive.net/system/files/wsi/ross/Osteosarcoma-UT/converted/Osteosarcoma-UT/Training-Set-1/set1/Case-3-A12-37374-17669.tiff,Case-3,Viable,VIABLE_TUMOR,TRUE,False,RETRIEVED,200,C:\Users\enkso\.kiro\crew\scratch\runtime-0a306834\osteopatch_full_ingestion\tiffs\Case-3-A12-37374-17669.tiff,362376,d103ac1725b3bcf5e8a2fc7c0bd24ef9698656e14964f161c70152f151fa89f5
Case-3-A12-37793-17155,Case-3-A12-37793-17155,Case 3 A12-37793-17155,http://pathdb.cancerimagingarchive.net/system/files/wsi/ross/Osteosarcoma-UT/converted/Osteosarcoma-UT/Training-Set-1/set1/Case-3-A12-37793-17155.tiff,Case-3,Viable,VIABLE_TUMOR,TRUE,False,RETRIEVED,200,C:\Users\enkso\.kiro\crew\scratch\runtime-0a306834\osteopatch_full_ingestion\tiffs\Case-3-A12-37793-17155.tiff,337462,e420c0c6463905ac59d8663caf2d4836acb0c98a0afd95410b4cb859381928f4
Case-3-A12-38883-35759,Case-3-A12-38883-35759,Case 3 A12-38883-35759,http://pathdb.cancerimagingarchive.net/system/files/wsi/ross/Osteosarcoma-UT/converted/Osteosarcoma-UT/Training-Set-1/set1/Case-3-A12-38883-35759.tiff,Case-3,Non-Tumor,NON_TUMOR,TRUE,False,RETRIEVED,200,C:\Users\enkso\.kiro\crew\scratch\runtime-0a306834\osteopatch_full_ingestion\tiffs\Case-3-A12-38883-35759.tiff,152370,d0b1501fc9dba9e1647027181b6359feed1533773f944a1b7dc0e9506a5c49c1
Case-3-A12-39264-6515,Case-3-A12-39264-6515,Case 3 A12-39264-6515,http://pathdb.cancerimagingarchive.net/system/files/wsi/ross/Osteosarcoma-UT/converted/Osteosarcoma-UT/Training-Set-1/set1/Case-3-A12-39264-6515.tiff,Case-3,Non-Viable-Tumor,NECROSIS,TRUE,False,RETRIEVED,200,C:\Users\enkso\.kiro\crew\scratch\runtime-0a306834\osteopatch_full_ingestion\tiffs\Case-3-A12-39264-6515.tiff,332318,5cd1d7ac623cae2fafb1541ce51286b3a274a3644e689b98b4b7bab96a361c5d
Case-3-A12-42160-4982,Case-3-A12-42160-4982,Case 3 A12-42160-4982,http://pathdb.cancerimagingarchive.net/system/files/wsi/ross/Osteosarcoma-UT/converted/Osteosarcoma-UT/Training-Set-1/set1/Case-3-A12-42160-4982.tiff,Case-3,Non-Viable-Tumor,NECROSIS,TRUE,False,RETRIEVED,200,C:\Users\enkso\.kiro\crew\scratch\runtime-0a306834\osteopatch_full_ingestion\tiffs\Case-3-A12-42160-4982.tiff,324626,03db3a91acccb1aaa9b1ce7f0505fd04d0f907554baf0758eb86c852dceb4207
Case-3-A12-43202-17223,Case-3-A12-43202-17223,Case 3 A12-43202-17223,http://pathdb.cancerimagingarchive.net/system/files/wsi/ross/Osteosarcoma-UT/converted/Osteosarcoma-UT/Training-Set-1/set1/Case-3-A12-43202-17223.tiff,Case-3,Non-Viable-Tumor,NECROSIS,TRUE,False,RETRIEVED,200,C:\Users\enkso\.kiro\crew\scratch\runtime-0a306834\osteopatch_full_ingestion\tiffs\Case-3-A12-43202-17223.tiff,274864,29e839932fab34c8e86669c5bdde321c930b86b510a03dcf863bfef9c119a5d6
Case-3-A12-4590-32528,Case-3-A12-4590-32528,Case 3 A12-4590-32528,http://pathdb.cancerimagingarchive.net/system/files/wsi/ross/Osteosarcoma-UT/converted/Osteosarcoma-UT/Training-Set-2/set1/Case-3-A12-4590-32528.tiff,Case-3,Non-Tumor,NON_TUMOR,TRUE,False,RETRIEVED,200,C:\Users\enkso\.kiro\crew\scratch\runtime-0a306834\osteopatch_full_ingestion\tiffs\Case-3-A12-4590-32528.tiff,210594,dd48279e83cf6dff37a016d3ed6d6d75c9e1f2179db1f456090f7ccf57b2eb10
Case-3-A12-8900-9585,Case-3-A12-8900-9585,Case 3 A12-8900-9585,http://pathdb.cancerimagingarchive.net/system/files/wsi/ross/Osteosarcoma-UT/converted/Osteosarcoma-UT/Training-Set-2/set1/Case-3-A12-8900-9585.tiff,Case-3,Non-Viable-Tumor,NECROSIS,TRUE,False,RETRIEVED,200,C:\Users\enkso\.kiro\crew\scratch\runtime-0a306834\osteopatch_full_ingestion\tiffs\Case-3-A12-8900-9585.tiff,288496,379be6a7c777406ba960775b7364bf4a8e48d9b2a9e7031ea94984a9a7e7faf7
Case-3-A13-11064-6880,Case-3-A13-11064-6880,Case 3 A13-11064-6880,http://pathdb.cancerimagingarchive.net/system/files/wsi/ross/Osteosarcoma-UT/converted/Osteosarcoma-UT/Training-Set-2/set1/Case-3-A13-11064-6880.tiff,Case-3,Non-Viable-Tumor,NECROSIS,TRUE,False,RETRIEVED,200,C:\Users\enkso\.kiro\crew\scratch\runtime-0a306834\osteopatch_full_ingestion\tiffs\Case-3-A13-11064-6880.tiff,359864,274593c5098b8d002ed9800c23876efdab4fbb2007de0ff640640bd7483fb8a2
Case-3-A13-12886-26466,Case-3-A13-12886-26466,Case 3 A13-12886-26466,http://pathdb.cancerimagingarchive.net/system/files/wsi/ross/Osteosarcoma-UT/converted/Osteosarcoma-UT/Training-Set-2/set1/Case-3-A13-12886-26466.tiff,Case-3,Non-Viable-Tumor,NECROSIS,TRUE,False,RETRIEVED,200,C:\Users\enkso\.kiro\crew\scratch\runtime-0a306834\osteopatch_full_ingestion\tiffs\Case-3-A13-12886-26466.tiff,205274,5580f8d016253a0b9cbb863452f76e5ddc55ffb837b4d69cf8cfec990a222b88
Case-3-A13-14922-4693,Case-3-A13-14922-4693,Case 3 A13-14922-4693,http://pathdb.cancerimagingarchive.net/system/files/wsi/ross/Osteosarcoma-UT/converted/Osteosarcoma-UT/Training-Set-2/set1/Case-3-A13-14922-4693.tiff,Case-3,Non-Viable-Tumor,NECROSIS,TRUE,False,RETRIEVED,200,C:\Users\enkso\.kiro\crew\scratch\runtime-0a306834\osteopatch_full_ingestion\tiffs\Case-3-A13-14922-4693.tiff,333196,5386d9a2fa8b4074f1e7549b8d54892f7f29eee2f92f3ce21fc9b8c79170969a
Case-3-A13-18067-22685,Case-3-A13-18067-22685,Case 3 A13-18067-22685,http://pathdb.cancerimagingarchive.net/system/files/wsi/ross/Osteosarcoma-UT/converted/Osteosarcoma-UT/Training-Set-2/set1/Case-3-A13-18067-22685.tiff,Case-3,Non-Tumor,NON_TUMOR,TRUE,False,RETRIEVED,200,C:\Users\enkso\.kiro\crew\scratch\runtime-0a306834\osteopatch_full_ingestion\tiffs\Case-3-A13-18067-22685.tiff,263402,5e463dd8fa59b3f3a57618f08ffe8d4c238d0bc913f6c1bb34e73ae2c687acc4
Case-3-A13-18373-28000,Case-3-A13-18373-28000,Case 3 A13-18373-28000,http://pathdb.cancerimagingarchive.net/system/files/wsi/ross/Osteosarcoma-UT/converted/Osteosarcoma-UT/Training-Set-2/set1/Case-3-A13-18373-28000.tiff,Case-3,Non-Tumor,NON_TUMOR,TRUE,False,RETRIEVED,200,C:\Users\enkso\.kiro\crew\scratch\runtime-0a306834\osteopatch_full_ingestion\tiffs\Case-3-A13-18373-28000.tiff,295526,ddb4cde1b6468e5d680c1e9aed22f3e22e8354a5094eaec534d1964a84068fd0
Case-3-A13-20812-5829,Case-3-A13-20812-5829,Case 3 A13-20812-5829,http://pathdb.cancerimagingarchive.net/system/files/wsi/ross/Osteosarcoma-UT/converted/Osteosarcoma-UT/Training-Set-2/set1/Case-3-A13-20812-5829.tiff,Case-3,Non-Viable-Tumor,NECROSIS,TRUE,False,RETRIEVED,200,C:\Users\enkso\.kiro\crew\scratch\runtime-0a306834\osteopatch_full_ingestion\tiffs\Case-3-A13-20812-5829.tiff,337610,35a3dc5f181ae239a4697416911fc533c17d4d7959e41d537b30257193955a12
Case-3-A13-23909-10851,Case-3-A13-23909-10851,Case 3 A13-23909-10851,http://pathdb.cancerimagingarchive.net/system/files/wsi/ross/Osteosarcoma-UT/converted/Osteosarcoma-UT/Training-Set-2/set1/Case-3-A13-23909-10851.tiff,Case-3,Non-Viable-Tumor,NECROSIS,TRUE,False,RETRIEVED,200,C:\Users\enkso\.kiro\crew\scratch\runtime-0a306834\osteopatch_full_ingestion\tiffs\Case-3-A13-23909-10851.tiff,374310,aced4816e412462af4310012d3624d8997c0b59399065cd67886988846e05289
Case-3-A13-25714-32133,Case-3-A13-25714-32133,Case 3 A13-25714-32133,http://pathdb.cancerimagingarchive.net/system/files/wsi/ross/Osteosarcoma-UT/converted/Osteosarcoma-UT/Training-Set-1/set1/Case-3-A13-25714-32133.tiff,Case-3,Non-Tumor,NON_TUMOR,TRUE,False,RETRIEVED,200,C:\Users\enkso\.kiro\crew\scratch\runtime-0a306834\osteopatch_full_ingestion\tiffs\Case-3-A13-25714-32133.tiff,197616,ace295e2aec3f811675333b9bb236ecfc4af4d2d8bd9b2bf9fb264e77ff7c864
Case-3-A13-25994-9457,Case-3-A13-25994-9457,Case 3 A13-25994-9457,http://pathdb.cancerimagingarchive.net/system/files/wsi/ross/Osteosarcoma-UT/converted/Osteosarcoma-UT/Training-Set-1/set1/Case-3-A13-25994-9457.tiff,Case-3,Non-Viable-Tumor,NECROSIS,TRUE,False,RETRIEVED,200,C:\Users\enkso\.kiro\crew\scratch\runtime-0a306834\osteopatch_full_ingestion\tiffs\Case-3-A13-25994-9457.tiff,354636,33e4eebf566efe70464a86fa656b9c4e0590aa448c05166cfaa4eb89fee67e52
Case-3-A13-26025-19725,Case-3-A13-26025-19725,Case 3 A13-26025-19725,http://pathdb.cancerimagingarchive.net/system/files/wsi/ross/Osteosarcoma-UT/converted/Osteosarcoma-UT/Training-Set-1/set1/Case-3-A13-26025-19725.tiff,Case-3,Non-Viable-Tumor,NECROSIS,TRUE,False,RETRIEVED,200,C:\Users\enkso\.kiro\crew\scratch\runtime-0a306834\osteopatch_full_ingestion\tiffs\Case-3-A13-26025-19725.tiff,296642,e804d8136444f02f1a9d8314a839a730ff360ec66d2da2bd9182518b60a6a975
Case-3-A13-26388-12521,Case-3-A13-26388-12521,Case 3 A13-26388-12521,http://pathdb.cancerimagingarchive.net/system/files/wsi/ross/Osteosarcoma-UT/converted/Osteosarcoma-UT/Training-Set-1/set1/Case-3-A13-26388-12521.tiff,Case-3,Non-Viable-Tumor,NECROSIS,TRUE,False,RETRIEVED,200,C:\Users\enkso\.kiro\crew\scratch\runtime-0a306834\osteopatch_full_ingestion\tiffs\Case-3-A13-26388-12521.tiff,414252,dc3be4c1d15d5d158142615646259b6fa3cf69d71c695476bbce439152a1afa3
Case-3-A13-29731-5963,Case-3-A13-29731-5963,Case 3 A13-29731-5963,http://pathdb.cancerimagingarchive.net/system/files/wsi/ross/Osteosarcoma-UT/converted/Osteosarcoma-UT/Training-Set-1/set1/Case-3-A13-29731-5963.tiff,Case-3,Non-Viable-Tumor,NECROSIS,TRUE,False,RETRIEVED,200,C:\Users\enkso\.kiro\crew\scratch\runtime-0a306834\osteopatch_full_ingestion\tiffs\Case-3-A13-29731-5963.tiff,332280,9c29e5695ca81f5c4a789b74e1f12c537d3a476d2b170c13c87b5f44fe3fd539
Case-3-A13-30465-16520,Case-3-A13-30465-16520,Case 3 A13-30465-16520,http://pathdb.cancerimagingarchive.net/system/files/wsi/ross/Osteosarcoma-UT/converted/Osteosarcoma-UT/Training-Set-1/set1/Case-3-A13-30465-16520.tiff,Case-3,Non-Viable-Tumor,NECROSIS,TRUE,False,RETRIEVED,200,C:\Users\enkso\.kiro\crew\scratch\runtime-0a306834\osteopatch_full_ingestion\tiffs\Case-3-A13-30465-16520.tiff,383990,95bcb6744d3e38aa8eb0db27376801e73e80224a3c2bc71a2c0b02213beee44c
Case-3-A13-30624-3328,Case-3-A13-30624-3328,Case 3 A13-30624-3328,http://pathdb.cancerimagingarchive.net/system/files/wsi/ross/Osteosarcoma-UT/converted/Osteosarcoma-UT/Training-Set-1/set1/Case-3-A13-30624-3328.tiff,Case-3,Non-Viable-Tumor,NECROSIS,TRUE,False,RETRIEVED,200,C:\Users\enkso\.kiro\crew\scratch\runtime-0a306834\osteopatch_full_ingestion\tiffs\Case-3-A13-30624-3328.tiff,359946,71feafbd2516bd6024af8a27a9e974c62d3696a55fdbc0965e6a0963dd45fc44
Case-3-A13-32860-19573,Case-3-A13-32860-19573,Case 3 A13-32860-19573,http://pathdb.cancerimagingarchive.net/system/files/wsi/ross/Osteosarcoma-UT/converted/Osteosarcoma-UT/Training-Set-1/set1/Case-3-A13-32860-19573.tiff,Case-3,Non-Viable-Tumor,NECROSIS,TRUE,False,RETRIEVED,200,C:\Users\enkso\.kiro\crew\scratch\runtime-0a306834\osteopatch_full_ingestion\tiffs\Case-3-A13-32860-19573.tiff,381466,0c7f9baea80832d91be18fa53ae0f58ca7a0f47aca9bf1557b816248cbe66c3f
Case-3-A13-33512-19541,Case-3-A13-33512-19541,Case 3 A13-33512-19541,http://pathdb.cancerimagingarchive.net/system/files/wsi/ross/Osteosarcoma-UT/converted/Osteosarcoma-UT/Training-Set-1/set1/Case-3-A13-33512-19541.tiff,Case-3,Non-Viable-Tumor,NECROSIS,TRUE,False,RETRIEVED,200,C:\Users\enkso\.kiro\crew\scratch\runtime-0a306834\osteopatch_full_ingestion\tiffs\Case-3-A13-33512-19541.tiff,338602,9d97fb3840e886227f1670b22659e8168b39b74f447ca33e38c4296acbaa0259
Case-3-A13-35123-3915,Case-3-A13-35123-3915,Case 3 A13-35123-3915,http://pathdb.cancerimagingarchive.net/system/files/wsi/ross/Osteosarcoma-UT/converted/Osteosarcoma-UT/Training-Set-1/set1/Case-3-A13-35123-3915.tiff,Case-3,Non-Viable-Tumor,NECROSIS,TRUE,False,RETRIEVED,200,C:\Users\enkso\.kiro\crew\scratch\runtime-0a306834\osteopatch_full_ingestion\tiffs\Case-3-A13-35123-3915.tiff,342668,0b1ca3645145157026e8210ddcd809e5593042749a597c6a6e67372bb1f3e689
Case-3-A13-3967-28506,Case-3-A13-3967-28506,Case 3 A13-3967-28506,http://pathdb.cancerimagingarchive.net/system/files/wsi/ross/Osteosarcoma-UT/converted/Osteosarcoma-UT/Training-Set-2/set1/Case-3-A13-3967-28506.tiff,Case-3,Non-Tumor,NON_TUMOR,TRUE,False,RETRIEVED,200,C:\Users\enkso\.kiro\crew\scratch\runtime-0a306834\osteopatch_full_ingestion\tiffs\Case-3-A13-3967-28506.tiff,195592,cc92da03131fd09e00ad2374b504be368cd166a3c2031da887d5cb18491951b8
Case-3-A13-40883-4236,Case-3-A13-40883-4236,Case 3 A13-40883-4236,http://pathdb.cancerimagingarchive.net/system/files/wsi/ross/Osteosarcoma-UT/converted/Osteosarcoma-UT/Training-Set-1/set1/Case-3-A13-40883-4236.tiff,Case-3,Non-Viable-Tumor,NECROSIS,TRUE,False,RETRIEVED,200,C:\Users\enkso\.kiro\crew\scratch\runtime-0a306834\osteopatch_full_ingestion\tiffs\Case-3-A13-40883-4236.tiff,346968,6bf59a1157637d36fa3ce2b7e290503c6421deb8805826b97c3ada1142bea8c5
Case-3-A13-41207-24818,Case-3-A13-41207-24818,Case 3 A13-41207-24818,http://pathdb.cancerimagingarchive.net/system/files/wsi/ross/Osteosarcoma-UT/converted/Osteosarcoma-UT/Training-Set-1/set1/Case-3-A13-41207-24818.tiff,Case-3,Non-Viable-Tumor,NECROSIS,TRUE,False,RETRIEVED,200,C:\Users\enkso\.kiro\crew\scratch\runtime-0a306834\osteopatch_full_ingestion\tiffs\Case-3-A13-41207-24818.tiff,304628,6984a1c6397feb620fc5f6cfd388d2eff2d05a88fc6e48dc0baf4a40ad1f6cb2
Case-3-A13-5020-19174,Case-3-A13-5020-19174,Case 3 A13-5020-19174,http://pathdb.cancerimagingarchive.net/system/files/wsi/ross/Osteosarcoma-UT/converted/Osteosarcoma-UT/Training-Set-2/set1/Case-3-A13-5020-19174.tiff,Case-3,Non-Tumor,NON_TUMOR,TRUE,False,RETRIEVED,200,C:\Users\enkso\.kiro\crew\scratch\runtime-0a306834\osteopatch_full_ingestion\tiffs\Case-3-A13-5020-19174.tiff,160032,07c9781c8326ef305028649c35868b0959d6cc668155b8738bfb6fe2b871daa9
Case-3-A13-6266-11957,Case-3-A13-6266-11957,Case 3 A13-6266-11957,http://pathdb.cancerimagingarchive.net/system/files/wsi/ross/Osteosarcoma-UT/converted/Osteosarcoma-UT/Training-Set-2/set1/Case-3-A13-6266-11957.tiff,Case-3,Non-Tumor,NON_TUMOR,TRUE,False,RETRIEVED,200,C:\Users\enkso\.kiro\crew\scratch\runtime-0a306834\osteopatch_full_ingestion\tiffs\Case-3-A13-6266-11957.tiff,279384,bc23ecb5ead0dbcfabe0dc01b597d947b47e19cceda6da284f2a871a9840332b
Case-3-A13-6749-8498,Case-3-A13-6749-8498,Case 3 A13-6749-8498,http://pathdb.cancerimagingarchive.net/system/files/wsi/ross/Osteosarcoma-UT/converted/Osteosarcoma-UT/Training-Set-2/set1/Case-3-A13-6749-8498.tiff,Case-3,Non-Tumor,NON_TUMOR,TRUE,False,RETRIEVED,200,C:\Users\enkso\.kiro\crew\scratch\runtime-0a306834\osteopatch_full_ingestion\tiffs\Case-3-A13-6749-8498.tiff,280992,23326452cfca7c286798b15cd1404614245d912e17d1b1c37ee935374a51343f
Case-3-A13-8917-22529,Case-3-A13-8917-22529,Case 3 A13-8917-22529,http://pathdb.cancerimagingarchive.net/system/files/wsi/ross/Osteosarcoma-UT/converted/Osteosarcoma-UT/Training-Set-2/set1/Case-3-A13-8917-22529.tiff,Case-3,Non-Tumor,NON_TUMOR,TRUE,False,RETRIEVED,200,C:\Users\enkso\.kiro\crew\scratch\runtime-0a306834\osteopatch_full_ingestion\tiffs\Case-3-A13-8917-22529.tiff,286272,14bf0789b7e538b263e48e654907264bb0562f5e5b51ce458f66c19325a7d7ab
Case-3-A13-9953-21807,Case-3-A13-9953-21807,Case 3 A13-9953-21807,http://pathdb.cancerimagingarchive.net/system/files/wsi/ross/Osteosarcoma-UT/converted/Osteosarcoma-UT/Training-Set-2/set1/Case-3-A13-9953-21807.tiff,Case-3,Non-Tumor,NON_TUMOR,TRUE,False,RETRIEVED,200,C:\Users\enkso\.kiro\crew\scratch\runtime-0a306834\osteopatch_full_ingestion\tiffs\Case-3-A13-9953-21807.tiff,198070,9c1b908b7e96391bc6c5682b1574298583821cb6ac4c7bca579f39ab2d4cc447
Case-3-A14-10618-25632,Case-3-A14-10618-25632,Case 3 A14-10618-25632,http://pathdb.cancerimagingarchive.net/system/files/wsi/ross/Osteosarcoma-UT/converted/Osteosarcoma-UT/Training-Set-2/set1/Case-3-A14-10618-25632.tiff,Case-3,Non-Tumor,NON_TUMOR,TRUE,False,RETRIEVED,200,C:\Users\enkso\.kiro\crew\scratch\runtime-0a306834\osteopatch_full_ingestion\tiffs\Case-3-A14-10618-25632.tiff,233866,402aba178bd2de4b8667f55459141450279f69ce14e689a4f7e96b19718d8cc2
Case-3-A14-1106-28928,Case-3-A14-1106-28928,Case 3 A14-1106-28928,http://pathdb.cancerimagingarchive.net/system/files/wsi/ross/Osteosarcoma-UT/converted/Osteosarcoma-UT/Training-Set-2/set1/Case-3-A14-1106-28928.tiff,Case-3,Non-Tumor,NON_TUMOR,TRUE,False,RETRIEVED,200,C:\Users\enkso\.kiro\crew\scratch\runtime-0a306834\osteopatch_full_ingestion\tiffs\Case-3-A14-1106-28928.tiff,72572,0fdda47694cfe1094556f3d6730f0c39a29f2faaec6edbe7b131bbe1f2ac01e8
Case-3-A14-12561-9880,Case-3-A14-12561-9880,Case 3 A14-12561-9880,http://pathdb.cancerimagingarchive.net/system/files/wsi/ross/Osteosarcoma-UT/converted/Osteosarcoma-UT/Training-Set-2/set1/Case-3-A14-12561-9880.tiff,Case-3,Non-Viable-Tumor,NECROSIS,TRUE,False,RETRIEVED,200,C:\Users\enkso\.kiro\crew\scratch\runtime-0a306834\osteopatch_full_ingestion\tiffs\Case-3-A14-12561-9880.tiff,383654,b7685e2787599e2afbf8829679d6a5388227ab1e2f33a9bd49667f40eded817d
Case-3-A14-16152-29957,Case-3-A14-16152-29957,Case 3 A14-16152-29957,http://pathdb.cancerimagingarchive.net/system/files/wsi/ross/Osteosarcoma-UT/converted/Osteosarcoma-UT/Training-Set-2/set1/Case-3-A14-16152-29957.tiff,Case-3,Non-Tumor,NON_TUMOR,TRUE,False,RETRIEVED,200,C:\Users\enkso\.kiro\crew\scratch\runtime-0a306834\osteopatch_full_ingestion\tiffs\Case-3-A14-16152-29957.tiff,206506,b3cbdc43b91d40ec9ffa94f523f73217266c3e90d1104af1a142dc0cc21ec5c9
Case-3-A14-16417-3901,Case-3-A14-16417-3901,Case 3 A14-16417-3901,http://pathdb.cancerimagingarchive.net/system/files/wsi/ross/Osteosarcoma-UT/converted/Osteosarcoma-UT/Training-Set-2/set1/Case-3-A14-16417-3901.tiff,Case-3,Non-Viable-Tumor,NECROSIS,TRUE,False,RETRIEVED,200,C:\Users\enkso\.kiro\crew\scratch\runtime-0a306834\osteopatch_full_ingestion\tiffs\Case-3-A14-16417-3901.tiff,316980,4dc760cedbab0edaf8fe7ff425b97cebb42b2cb34e485b0b320b9932d7dd6aae
Case-3-A14-17915-18084,Case-3-A14-17915-18084,Case 3 A14-17915-18084,http://pathdb.cancerimagingarchive.net/system/files/wsi/ross/Osteosarcoma-UT/converted/Osteosarcoma-UT/Training-Set-2/set1/Case-3-A14-17915-18084.tiff,Case-3,Non-Viable-Tumor,NECROSIS,TRUE,False,RETRIEVED,200,C:\Users\enkso\.kiro\crew\scratch\runtime-0a306834\osteopatch_full_ingestion\tiffs\Case-3-A14-17915-18084.tiff,303796,86a20637d32460d30f66aba6bdbbc37ed1613ceb64a1b6f98cd2b8d10ffde9d1
Case-3-A14-18021-13552,Case-3-A14-18021-13552,Case 3 A14-18021-13552,http://pathdb.cancerimagingarchive.net/system/files/wsi/ross/Osteosarcoma-UT/converted/Osteosarcoma-UT/Training-Set-2/set1/Case-3-A14-18021-13552.tiff,Case-3,Non-Viable-Tumor,NECROSIS,TRUE,False,RETRIEVED,200,C:\Users\enkso\.kiro\crew\scratch\runtime-0a306834\osteopatch_full_ingestion\tiffs\Case-3-A14-18021-13552.tiff,369106,4116a39464899ee7365bf492131027252b796f216cfa649be43207b62a845c96
Case-3-A14-18644-6337,Case-3-A14-18644-6337,Case 3 A14-18644-6337,http://pathdb.cancerimagingarchive.net/system/files/wsi/ross/Osteosarcoma-UT/converted/Osteosarcoma-UT/Training-Set-2/set1/Case-3-A14-18644-6337.tiff,Case-3,Non-Viable-Tumor,NECROSIS,TRUE,False,RETRIEVED,200,C:\Users\enkso\.kiro\crew\scratch\runtime-0a306834\osteopatch_full_ingestion\tiffs\Case-3-A14-18644-6337.tiff,391436,b28c354234791c7f29b8784e42477091cc8fdd66ff1648472ec82de575ce57ce
Case-3-A14-20876-5533,Case-3-A14-20876-5533,Case 3 A14-20876-5533,http://pathdb.cancerimagingarchive.net/system/files/wsi/ross/Osteosarcoma-UT/converted/Osteosarcoma-UT/Training-Set-2/set2/Case-3-A14-20876-5533.tiff,Case-3,Non-Viable-Tumor,NECROSIS,TRUE,False,RETRIEVED,200,C:\Users\enkso\.kiro\crew\scratch\runtime-0a306834\osteopatch_full_ingestion\tiffs\Case-3-A14-20876-5533.tiff,265826,bec9f65b53735918c9f521ecc95176d1c3ba697da087a7fee5a7bb50949270df
Case-3-A14-25077-2887,Case-3-A14-25077-2887,Case 3 A14-25077-2887,http://pathdb.cancerimagingarchive.net/system/files/wsi/ross/Osteosarcoma-UT/converted/Osteosarcoma-UT/Training-Set-2/set2/Case-3-A14-25077-2887.tiff,Case-3,Non-Viable-Tumor,NECROSIS,TRUE,False,RETRIEVED,200,C:\Users\enkso\.kiro\crew\scratch\runtime-0a306834\osteopatch_full_ingestion\tiffs\Case-3-A14-25077-2887.tiff,306280,dae75c324ec6b4f031e6e117b9a2c4e5d49bc7c3ad0fead3b267ceb27a99b7c7
Case-3-A14-25376-17951,Case-3-A14-25376-17951,Case 3 A14-25376-17951,http://pathdb.cancerimagingarchive.net/system/files/wsi/ross/Osteosarcoma-UT/converted/Osteosarcoma-UT/Training-Set-1/set1/Case-3-A14-25376-17951.tiff,Case-3,Non-Viable-Tumor,NECROSIS,TRUE,False,RETRIEVED,200,C:\Users\enkso\.kiro\crew\scratch\runtime-0a306834\osteopatch_full_ingestion\tiffs\Case-3-A14-25376-17951.tiff,361428,236351bf89c31dff661f8c844b6645eb83f4f2fcd66026b521b5f7dba983140e
Case-3-A14-26126-3286,Case-3-A14-26126-3286,Case 3 A14-26126-3286,http://pathdb.cancerimagingarchive.net/system/files/wsi/ross/Osteosarcoma-UT/converted/Osteosarcoma-UT/Training-Set-1/set1/Case-3-A14-26126-3286.tiff,Case-3,Non-Viable-Tumor,NECROSIS,TRUE,False,RETRIEVED,200,C:\Users\enkso\.kiro\crew\scratch\runtime-0a306834\osteopatch_full_ingestion\tiffs\Case-3-A14-26126-3286.tiff,337610,fb428a2b87891c5077dd4348d889f8321200eac65d4153f03ff3cdac72c9f680
Case-3-A14-27770-6278,Case-3-A14-27770-6278,Case 3 A14-27770-6278,http://pathdb.cancerimagingarchive.net/system/files/wsi/ross/Osteosarcoma-UT/converted/Osteosarcoma-UT/Training-Set-1/set1/Case-3-A14-27770-6278.tiff,Case-3,Non-Viable-Tumor,NECROSIS,TRUE,False,RETRIEVED,200,C:\Users\enkso\.kiro\crew\scratch\runtime-0a306834\osteopatch_full_ingestion\tiffs\Case-3-A14-27770-6278.tiff,370284,e752756f35b8d8595eca3aaacf6b204d52415f23a374305a53ed2a7c2ce98826
Case-3-A14-2833-14298,Case-3-A14-2833-14298,Case 3 A14-2833-14298,http://pathdb.cancerimagingarchive.net/system/files/wsi/ross/Osteosarcoma-UT/converted/Osteosarcoma-UT/Training-Set-2/set2/Case-3-A14-2833-14298.tiff,Case-3,Non-Tumor,NON_TUMOR,TRUE,False,RETRIEVED,200,C:\Users\enkso\.kiro\crew\scratch\runtime-0a306834\osteopatch_full_ingestion\tiffs\Case-3-A14-2833-14298.tiff,51266,2a665029825fa5816cbb7486a2cc8b1bc6c656857b24e61f94bfa8e03b15a51b
Case-3-A14-31044-35995,Case-3-A14-31044-35995,Case 3 A14-31044-35995,http://pathdb.cancerimagingarchive.net/system/files/wsi/ross/Osteosarcoma-UT/converted/Osteosarcoma-UT/Training-Set-1/set1/Case-3-A14-31044-35995.tiff,Case-3,Non-Tumor,NON_TUMOR,TRUE,False,RETRIEVED,200,C:\Users\enkso\.kiro\crew\scratch\runtime-0a306834\osteopatch_full_ingestion\tiffs\Case-3-A14-31044-35995.tiff,231798,ccb7a73dd1e3c753620968eb6e16c27532b83c43e27dd906655e8ff71e4372c7
Case-3-A14-32589-6663,Case-3-A14-32589-6663,Case 3 A14-32589-6663,http://pathdb.cancerimagingarchive.net/system/files/wsi/ross/Osteosarcoma-UT/converted/Osteosarcoma-UT/Training-Set-1/set1/Case-3-A14-32589-6663.tiff,Case-3,Non-Viable-Tumor,NECROSIS,TRUE,False,RETRIEVED,200,C:\Users\enkso\.kiro\crew\scratch\runtime-0a306834\osteopatch_full_ingestion\tiffs\Case-3-A14-32589-6663.tiff,390272,8d871f30aca52b9af329d550d99e624ddf435ac1bb46a9cd67b61500ec5ea994
Case-3-A14-34515-24089,Case-3-A14-34515-24089,Case 3 A14-34515-24089,http://pathdb.cancerimagingarchive.net/system/files/wsi/ross/Osteosarcoma-UT/converted/Osteosarcoma-UT/Training-Set-1/set1/Case-3-A14-34515-24089.tiff,Case-3,Non-Viable-Tumor,NECROSIS,TRUE,False,RETRIEVED,200,C:\Users\enkso\.kiro\crew\scratch\runtime-0a306834\osteopatch_full_ingestion\tiffs\Case-3-A14-34515-24089.tiff,406634,66331e63fe61d2ca36e0dffcfd6556344f35b4e69824bca7ad383305095e4c07
Case-3-A14-34677-35228,Case-3-A14-34677-35228,Case 3 A14-34677-35228,http://pathdb.cancerimagingarchive.net/system/files/wsi/ross/Osteosarcoma-UT/converted/Osteosarcoma-UT/Training-Set-1/set1/Case-3-A14-34677-35228.tiff,Case-3,Non-Tumor,NON_TUMOR,TRUE,False,RETRIEVED,200,C:\Users\enkso\.kiro\crew\scratch\runtime-0a306834\osteopatch_full_ingestion\tiffs\Case-3-A14-34677-35228.tiff,278638,cf2c477381b825bc5232eeabf2081065ed2c61e3018c5d608f93ae1e600f5444
Case-3-A14-35691-34445,Case-3-A14-35691-34445,Case 3 A14-35691-34445,http://pathdb.cancerimagingarchive.net/system/files/wsi/ross/Osteosarcoma-UT/converted/Osteosarcoma-UT/Training-Set-1/set1/Case-3-A14-35691-34445.tiff,Case-3,Non-Tumor,NON_TUMOR,TRUE,False,RETRIEVED,200,C:\Users\enkso\.kiro\crew\scratch\runtime-0a306834\osteopatch_full_ingestion\tiffs\Case-3-A14-35691-34445.tiff,166620,d61dda5baf61196f089414f6b228677256b467fe75a29be252612866b6e06181
Case-3-A14-37149-17859,Case-3-A14-37149-17859,Case 3 A14-37149-17859,http://pathdb.cancerimagingarchive.net/system/files/wsi/ross/Osteosarcoma-UT/converted/Osteosarcoma-UT/Training-Set-1/set2/Case-3-A14-37149-17859.tiff,Case-3,Viable,VIABLE_TUMOR,TRUE,False,RETRIEVED,200,C:\Users\enkso\.kiro\crew\scratch\runtime-0a306834\osteopatch_full_ingestion\tiffs\Case-3-A14-37149-17859.tiff,375224,897892935ed2633f901a31edeac8a9f4534c2882a5a1d2a2f2091265a0e9c7d0
Case-3-A14-39214-1868,Case-3-A14-39214-1868,Case 3 A14-39214-1868,http://pathdb.cancerimagingarchive.net/system/files/wsi/ross/Osteosarcoma-UT/converted/Osteosarcoma-UT/Training-Set-1/set2/Case-3-A14-39214-1868.tiff,Case-3,Non-Viable-Tumor,NECROSIS,TRUE,False,RETRIEVED,200,C:\Users\enkso\.kiro\crew\scratch\runtime-0a306834\osteopatch_full_ingestion\tiffs\Case-3-A14-39214-1868.tiff,265528,ac37fad713721cb56ca72b8288d6930c4e64f39522d9f904a539b550aa4b4568
Case-3-A14-39989-31599,Case-3-A14-39989-31599,Case 3 A14-39989-31599,http://pathdb.cancerimagingarchive.net/system/files/wsi/ross/Osteosarcoma-UT/converted/Osteosarcoma-UT/Training-Set-1/set2/Case-3-A14-39989-31599.tiff,Case-3,Non-Tumor,NON_TUMOR,TRUE,False,RETRIEVED,200,C:\Users\enkso\.kiro\crew\scratch\runtime-0a306834\osteopatch_full_ingestion\tiffs\Case-3-A14-39989-31599.tiff,209126,f145e97673512f8e20574350c39ecf6748a0e7d63096e8e799e1e6e502e913a0
Case-3-A14-40672-19680,Case-3-A14-40672-19680,Case 3 A14-40672-19680,http://pathdb.cancerimagingarchive.net/system/files/wsi/ross/Osteosarcoma-UT/converted/Osteosarcoma-UT/Training-Set-1/set2/Case-3-A14-40672-19680.tiff,Case-3,Non-Viable-Tumor,NECROSIS,TRUE,False,RETRIEVED,200,C:\Users\enkso\.kiro\crew\scratch\runtime-0a306834\osteopatch_full_ingestion\tiffs\Case-3-A14-40672-19680.tiff,367190,166595c38669cf3d119f7ee139abe0880ec6532a2f38973ab6466dc84ca398b8
Case-3-A14-43856-28803,Case-3-A14-43856-28803,Case 3 A14-43856-28803,http://pathdb.cancerimagingarchive.net/system/files/wsi/ross/Osteosarcoma-UT/converted/Osteosarcoma-UT/Training-Set-1/set2/Case-3-A14-43856-28803.tiff,Case-3,Non-Tumor,NON_TUMOR,TRUE,False,RETRIEVED,200,C:\Users\enkso\.kiro\crew\scratch\runtime-0a306834\osteopatch_full_ingestion\tiffs\Case-3-A14-43856-28803.tiff,65364,08f23482c620f6337fa53bab39d1a1652cf95d0a07e21570351b01668e37430f
Case-3-A14-44682-31013,Case-3-A14-44682-31013,Case 3 A14-44682-31013,http://pathdb.cancerimagingarchive.net/system/files/wsi/ross/Osteosarcoma-UT/converted/Osteosarcoma-UT/Training-Set-1/set2/Case-3-A14-44682-31013.tiff,Case-3,Non-Tumor,NON_TUMOR,TRUE,False,RETRIEVED,200,C:\Users\enkso\.kiro\crew\scratch\runtime-0a306834\osteopatch_full_ingestion\tiffs\Case-3-A14-44682-31013.tiff,118992,3e68ad6307614dea28ef3a736bac05503d5cd3d9b4c18f2029e7d22e438863f8
Case-3-A14-4535-11753,Case-3-A14-4535-11753,Case 3 A14-4535-11753,http://pathdb.cancerimagingarchive.net/system/files/wsi/ross/Osteosarcoma-UT/converted/Osteosarcoma-UT/Training-Set-2/set2/Case-3-A14-4535-11753.tiff,Case-3,Non-Viable-Tumor,NECROSIS,TRUE,False,RETRIEVED,200,C:\Users\enkso\.kiro\crew\scratch\runtime-0a306834\osteopatch_full_ingestion\tiffs\Case-3-A14-4535-11753.tiff,288874,04d34b15b3fcba1e79db7738804fa8a3b2f05f0485626d6cf039bc2a25417626
Case-3-A14-7460-21553,Case-3-A14-7460-21553,Case 3 A14-7460-21553,http://pathdb.cancerimagingarchive.net/system/files/wsi/ross/Osteosarcoma-UT/converted/Osteosarcoma-UT/Training-Set-2/set2/Case-3-A14-7460-21553.tiff,Case-3,Non-Tumor,NON_TUMOR,TRUE,False,RETRIEVED,200,C:\Users\enkso\.kiro\crew\scratch\runtime-0a306834\osteopatch_full_ingestion\tiffs\Case-3-A14-7460-21553.tiff,170460,395722597f1c5a4a55df6b43a600d6fdc81705db919a2d07fc78cfef63680f88
Case-3-A15-10555-31474,Case-3-A15-10555-31474,Case 3 A15-10555-31474,http://pathdb.cancerimagingarchive.net/system/files/wsi/ross/Osteosarcoma-UT/converted/Osteosarcoma-UT/Training-Set-2/set2/Case-3-A15-10555-31474.tiff,Case-3,Non-Tumor,NON_TUMOR,TRUE,False,RETRIEVED,200,C:\Users\enkso\.kiro\crew\scratch\runtime-0a306834\osteopatch_full_ingestion\tiffs\Case-3-A15-10555-31474.tiff,218174,2b372ea80411bfd507121079df9386af3778116e335fec09b82d611363b731c7
Case-3-A15-11584-17031,Case-3-A15-11584-17031,Case 3 A15-11584-17031,http://pathdb.cancerimagingarchive.net/system/files/wsi/ross/Osteosarcoma-UT/converted/Osteosarcoma-UT/Training-Set-2/set2/Case-3-A15-11584-17031.tiff,Case-3,Non-Tumor,NON_TUMOR,TRUE,False,RETRIEVED,200,C:\Users\enkso\.kiro\crew\scratch\runtime-0a306834\osteopatch_full_ingestion\tiffs\Case-3-A15-11584-17031.tiff,250214,f7f28115aaac86ba3bebf7353b1d1f745500cc716606a7ba7fd2a7d37b2fdfb6
Case-3-A15-12529-2824,Case-3-A15-12529-2824,Case 3 A15-12529-2824,http://pathdb.cancerimagingarchive.net/system/files/wsi/ross/Osteosarcoma-UT/converted/Osteosarcoma-UT/Training-Set-2/set2/Case-3-A15-12529-2824.tiff,Case-3,Non-Viable-Tumor,NECROSIS,TRUE,False,RETRIEVED,200,C:\Users\enkso\.kiro\crew\scratch\runtime-0a306834\osteopatch_full_ingestion\tiffs\Case-3-A15-12529-2824.tiff,116878,84be2ea57bcb2fbffe89e694cdb60bca27b51429a813ffdac8277de3dcebce93
Case-3-A15-13769-20416,Case-3-A15-13769-20416,Case 3 A15-13769-20416,http://pathdb.cancerimagingarchive.net/system/files/wsi/ross/Osteosarcoma-UT/converted/Osteosarcoma-UT/Training-Set-2/set2/Case-3-A15-13769-20416.tiff,Case-3,Non-Tumor,NON_TUMOR,TRUE,False,RETRIEVED,200,C:\Users\enkso\.kiro\crew\scratch\runtime-0a306834\osteopatch_full_ingestion\tiffs\Case-3-A15-13769-20416.tiff,251160,529aa7f2996fe8c7d272c5fb281523dc8a45db230dc93b862368bae2dc971642
Case-3-A15-16783-7651,Case-3-A15-16783-7651,Case 3 A15-16783-7651,http://pathdb.cancerimagingarchive.net/system/files/wsi/ross/Osteosarcoma-UT/converted/Osteosarcoma-UT/Training-Set-2/set2/Case-3-A15-16783-7651.tiff,Case-3,Non-Viable-Tumor,NECROSIS,TRUE,False,RETRIEVED,200,C:\Users\enkso\.kiro\crew\scratch\runtime-0a306834\osteopatch_full_ingestion\tiffs\Case-3-A15-16783-7651.tiff,388226,a087b98f0c4e8b66a5070e62ed5e2181a4b6550e1f6b1171cc17d516698086bf
Case-3-A15-17017-30243,Case-3-A15-17017-30243,Case 3 A15-17017-30243,http://pathdb.cancerimagingarchive.net/system/files/wsi/ross/Osteosarcoma-UT/converted/Osteosarcoma-UT/Training-Set-2/set2/Case-3-A15-17017-30243.tiff,Case-3,Non-Tumor,NON_TUMOR,TRUE,False,RETRIEVED,200,C:\Users\enkso\.kiro\crew\scratch\runtime-0a306834\osteopatch_full_ingestion\tiffs\Case-3-A15-17017-30243.tiff,189156,cd2c6105973a6aec1c8a535595b915e7175b071057b32ae41c29a18081a24e01
Case-3-A15-18345-32676,Case-3-A15-18345-32676,Case 3 A15-18345-32676,http://pathdb.cancerimagingarchive.net/system/files/wsi/ross/Osteosarcoma-UT/converted/Osteosarcoma-UT/Training-Set-2/set2/Case-3-A15-18345-32676.tiff,Case-3,Non-Tumor,NON_TUMOR,TRUE,False,RETRIEVED,200,C:\Users\enkso\.kiro\crew\scratch\runtime-0a306834\osteopatch_full_ingestion\tiffs\Case-3-A15-18345-32676.tiff,208160,c7db56759d63bb06612d6141ce0703472489d28d58f561c5813de51eacf55449
Case-3-A15-19473-25342,Case-3-A15-19473-25342,Case 3 A15-19473-25342,http://pathdb.cancerimagingarchive.net/system/files/wsi/ross/Osteosarcoma-UT/converted/Osteosarcoma-UT/Training-Set-2/set2/Case-3-A15-19473-25342.tiff,Case-3,Non-Tumor,NON_TUMOR,TRUE,False,RETRIEVED,200,C:\Users\enkso\.kiro\crew\scratch\runtime-0a306834\osteopatch_full_ingestion\tiffs\Case-3-A15-19473-25342.tiff,273384,db9ba2ce959e0142561fba973cdb7af76436fb8e036c9f8ff9b57686e1b4bbe5
Case-3-A15-19602-20751,Case-3-A15-19602-20751,Case 3 A15-19602-20751,http://pathdb.cancerimagingarchive.net/system/files/wsi/ross/Osteosarcoma-UT/converted/Osteosarcoma-UT/Training-Set-1/set2/Case-3-A15-19602-20751.tiff,Case-3,Non-Viable-Tumor,NECROSIS,TRUE,False,RETRIEVED,200,C:\Users\enkso\.kiro\crew\scratch\runtime-0a306834\osteopatch_full_ingestion\tiffs\Case-3-A15-19602-20751.tiff,302438,caada7b57984e9f9b1a4f7e8a7e1ea6c52727eb73a6bed2d57f821034956cf8d
Case-3-A15-25441-4885,Case-3-A15-25441-4885,Case 3 A15-25441-4885,http://pathdb.cancerimagingarchive.net/system/files/wsi/ross/Osteosarcoma-UT/converted/Osteosarcoma-UT/Training-Set-1/set2/Case-3-A15-25441-4885.tiff,Case-3,Non-Viable-Tumor,NECROSIS,TRUE,False,RETRIEVED,200,C:\Users\enkso\.kiro\crew\scratch\runtime-0a306834\osteopatch_full_ingestion\tiffs\Case-3-A15-25441-4885.tiff,254610,fe92bde61a1a99d740b4316d615531d9242b93da0f9864bb259d3751c0497f62
Case-3-A15-2767-11665,Case-3-A15-2767-11665,Case 3 A15-2767-11665,http://pathdb.cancerimagingarchive.net/system/files/wsi/ross/Osteosarcoma-UT/converted/Osteosarcoma-UT/Training-Set-2/set2/Case-3-A15-2767-11665.tiff,Case-3,Non-Tumor,NON_TUMOR,TRUE,False,RETRIEVED,200,C:\Users\enkso\.kiro\crew\scratch\runtime-0a306834\osteopatch_full_ingestion\tiffs\Case-3-A15-2767-11665.tiff,102914,bbebd016efac42a128e4980e9e21d1534c7f220fba06e5213cc2295fa97eb4c5
Case-3-A15-27719-34322,Case-3-A15-27719-34322,Case 3 A15-27719-34322,http://pathdb.cancerimagingarchive.net/system/files/wsi/ross/Osteosarcoma-UT/converted/Osteosarcoma-UT/Training-Set-1/set2/Case-3-A15-27719-34322.tiff,Case-3,Non-Tumor,NON_TUMOR,TRUE,False,RETRIEVED,200,C:\Users\enkso\.kiro\crew\scratch\runtime-0a306834\osteopatch_full_ingestion\tiffs\Case-3-A15-27719-34322.tiff,181388,2b9eaa7facdddd30029774436680c7f6bda4a6753f1d0a287821b825b1999ce7
Case-3-A15-28616-30170,Case-3-A15-28616-30170,Case 3 A15-28616-30170,http://pathdb.cancerimagingarchive.net/system/files/wsi/ross/Osteosarcoma-UT/converted/Osteosarcoma-UT/Training-Set-1/set2/Case-3-A15-28616-30170.tiff,Case-3,Non-Tumor,NON_TUMOR,TRUE,False,RETRIEVED,200,C:\Users\enkso\.kiro\crew\scratch\runtime-0a306834\osteopatch_full_ingestion\tiffs\Case-3-A15-28616-30170.tiff,197054,c135f4d36c5cb6240c1b8481dac86a544ef4d9dacf081ca9a9b811deae580729
Case-3-A15-2939-11262,Case-3-A15-2939-11262,Case 3 A15-2939-11262,http://pathdb.cancerimagingarchive.net/system/files/wsi/ross/Osteosarcoma-UT/converted/Osteosarcoma-UT/Training-Set-2/set2/Case-3-A15-2939-11262.tiff,Case-3,Non-Tumor,NON_TUMOR,TRUE,False,RETRIEVED,200,C:\Users\enkso\.kiro\crew\scratch\runtime-0a306834\osteopatch_full_ingestion\tiffs\Case-3-A15-2939-11262.tiff,149154,2208b2c257af19766afe0667e866b91ca441f62c1cd3ec3437998c55aaf12264
Case-3-A15-29596-14862,Case-3-A15-29596-14862,Case 3 A15-29596-14862,http://pathdb.cancerimagingarchive.net/system/files/wsi/ross/Osteosarcoma-UT/converted/Osteosarcoma-UT/Training-Set-1/set2/Case-3-A15-29596-14862.tiff,Case-3,Non-Viable-Tumor,NECROSIS,TRUE,False,RETRIEVED,200,C:\Users\enkso\.kiro\crew\scratch\runtime-0a306834\osteopatch_full_ingestion\tiffs\Case-3-A15-29596-14862.tiff,383748,1cc228e29adf9f6d257dd74cc4d2961f53492ca0982957ecd2d399c7b0f38448
Case-3-A15-31956-20390,Case-3-A15-31956-20390,Case 3 A15-31956-20390,http://pathdb.cancerimagingarchive.net/system/files/wsi/ross/Osteosarcoma-UT/converted/Osteosarcoma-UT/Training-Set-1/set2/Case-3-A15-31956-20390.tiff,Case-3,Non-Viable-Tumor,NECROSIS,TRUE,False,RETRIEVED,200,C:\Users\enkso\.kiro\crew\scratch\runtime-0a306834\osteopatch_full_ingestion\tiffs\Case-3-A15-31956-20390.tiff,467012,572e9ad3b72a6b9a903451ddef3c0770ca5de4214f006d3da6705aa42c0a430a
Case-3-A15-32427-21534,Case-3-A15-32427-21534,Case 3 A15-32427-21534,http://pathdb.cancerimagingarchive.net/system/files/wsi/ross/Osteosarcoma-UT/converted/Osteosarcoma-UT/Training-Set-1/set2/Case-3-A15-32427-21534.tiff,Case-3,Non-Viable-Tumor,NECROSIS,TRUE,False,RETRIEVED,200,C:\Users\enkso\.kiro\crew\scratch\runtime-0a306834\osteopatch_full_ingestion\tiffs\Case-3-A15-32427-21534.tiff,492436,a02788b1b058ebc18f25fac313bda3e8450d3b8975a850032fce93fc35291644
Case-3-A15-32664-16876,Case-3-A15-32664-16876,Case 3 A15-32664-16876,http://pathdb.cancerimagingarchive.net/system/files/wsi/ross/Osteosarcoma-UT/converted/Osteosarcoma-UT/Training-Set-1/set2/Case-3-A15-32664-16876.tiff,Case-3,Non-Viable-Tumor,NECROSIS,TRUE,False,RETRIEVED,200,C:\Users\enkso\.kiro\crew\scratch\runtime-0a306834\osteopatch_full_ingestion\tiffs\Case-3-A15-32664-16876.tiff,403824,275604d0c47b2fc8cc347e09c222f5ecaad931134f00113a9fa112d25881a4f5
Case-3-A15-34291-15707,Case-3-A15-34291-15707,Case 3 A15-34291-15707,http://pathdb.cancerimagingarchive.net/system/files/wsi/ross/Osteosarcoma-UT/converted/Osteosarcoma-UT/Training-Set-1/set2/Case-3-A15-34291-15707.tiff,Case-3,Non-Viable-Tumor,NECROSIS,TRUE,False,RETRIEVED,200,C:\Users\enkso\.kiro\crew\scratch\runtime-0a306834\osteopatch_full_ingestion\tiffs\Case-3-A15-34291-15707.tiff,407004,8e6708c2ddc67e768ab3ed4e8ae4a96fc1430b4d23fb6c57d11b46ce9d74067b
Case-3-A15-34793-16511,Case-3-A15-34793-16511,Case 3 A15-34793-16511,http://pathdb.cancerimagingarchive.net/system/files/wsi/ross/Osteosarcoma-UT/converted/Osteosarcoma-UT/Training-Set-1/set2/Case-3-A15-34793-16511.tiff,Case-3,Non-Viable-Tumor,NECROSIS,TRUE,False,RETRIEVED,200,C:\Users\enkso\.kiro\crew\scratch\runtime-0a306834\osteopatch_full_ingestion\tiffs\Case-3-A15-34793-16511.tiff,372996,7bcf8f40ef43dbc680d67bd67c18b58480fef08f48bdb71b5e467f3b9b50cbad
Case-3-A15-37036-30140,Case-3-A15-37036-30140,Case 3 A15-37036-30140,http://pathdb.cancerimagingarchive.net/system/files/wsi/ross/Osteosarcoma-UT/converted/Osteosarcoma-UT/Training-Set-1/set2/Case-3-A15-37036-30140.tiff,Case-3,Non-Tumor,NON_TUMOR,TRUE,False,RETRIEVED,200,C:\Users\enkso\.kiro\crew\scratch\runtime-0a306834\osteopatch_full_ingestion\tiffs\Case-3-A15-37036-30140.tiff,223834,770796f571bcbfd171afd9e828cace3233509a0b2edd23fdd12b09e96ce1eab6
Case-3-A15-3785-32371,Case-3-A15-3785-32371,Case 3 A15-3785-32371,http://pathdb.cancerimagingarchive.net/system/files/wsi/ross/Osteosarcoma-UT/converted/Osteosarcoma-UT/Training-Set-2/set2/Case-3-A15-3785-32371.tiff,Case-3,Non-Tumor,NON_TUMOR,TRUE,False,RETRIEVED,200,C:\Users\enkso\.kiro\crew\scratch\runtime-0a306834\osteopatch_full_ingestion\tiffs\Case-3-A15-3785-32371.tiff,138656,b8fd8b479f3eb22ba0af8ac9872ee19ab36cbae264c7e090c5c715de946e7902
Case-3-A15-38074-15813,Case-3-A15-38074-15813,Case 3 A15-38074-15813,http://pathdb.cancerimagingarchive.net/system/files/wsi/ross/Osteosarcoma-UT/converted/Osteosarcoma-UT/Training-Set-1/set2/Case-3-A15-38074-15813.tiff,Case-3,viable: non-viable,,FALSE,True,RETRIEVED,200,C:\Users\enkso\.kiro\crew\scratch\runtime-0a306834\osteopatch_full_ingestion\tiffs\Case-3-A15-38074-15813.tiff,335750,8d318d8514870071fe3a688a139b5291aa02c5f1c689e30b493763b27043a855
Case-3-A15-38347-25444,Case-3-A15-38347-25444,Case 3 A15-38347-25444,http://pathdb.cancerimagingarchive.net/system/files/wsi/ross/Osteosarcoma-UT/converted/Osteosarcoma-UT/Training-Set-1/set2/Case-3-A15-38347-25444.tiff,Case-3,Non-Viable-Tumor,NECROSIS,TRUE,False,RETRIEVED,200,C:\Users\enkso\.kiro\crew\scratch\runtime-0a306834\osteopatch_full_ingestion\tiffs\Case-3-A15-38347-25444.tiff,324072,56d08996f0adfda49ed36bddbdbf6b2a3d1775adb63f7d53a8dd80421e9b7b1a
Case-3-A15-41229-4171,Case-3-A15-41229-4171,Case 3 A15-41229-4171,http://pathdb.cancerimagingarchive.net/system/files/wsi/ross/Osteosarcoma-UT/converted/Osteosarcoma-UT/Training-Set-1/set2/Case-3-A15-41229-4171.tiff,Case-3,Non-Viable-Tumor,NECROSIS,TRUE,False,RETRIEVED,200,C:\Users\enkso\.kiro\crew\scratch\runtime-0a306834\osteopatch_full_ingestion\tiffs\Case-3-A15-41229-4171.tiff,317846,8f3bf6e6850a5ea98681bf0497804743d81936cc7865f982586aaed61f7642e6
Case-3-A15-4922-2530,Case-3-A15-4922-2530,Case 3 A15-4922-2530,http://pathdb.cancerimagingarchive.net/system/files/wsi/ross/Osteosarcoma-UT/converted/Osteosarcoma-UT/Training-Set-2/set2/Case-3-A15-4922-2530.tiff,Case-3,Non-Viable-Tumor,NECROSIS,TRUE,False,RETRIEVED,200,C:\Users\enkso\.kiro\crew\scratch\runtime-0a306834\osteopatch_full_ingestion\tiffs\Case-3-A15-4922-2530.tiff,146904,dd9473f72368b1a2b72ce1c651edee1366870afe27cac4b37c771397df86bee8
Case-3-A15-5365-37554,Case-3-A15-5365-37554,Case 3 A15-5365-37554,http://pathdb.cancerimagingarchive.net/system/files/wsi/ross/Osteosarcoma-UT/converted/Osteosarcoma-UT/Training-Set-2/set2/Case-3-A15-5365-37554.tiff,Case-3,Non-Tumor,NON_TUMOR,TRUE,False,RETRIEVED,200,C:\Users\enkso\.kiro\crew\scratch\runtime-0a306834\osteopatch_full_ingestion\tiffs\Case-3-A15-5365-37554.tiff,85836,eaa58627e7346f5c4b0f8864b14404a1e1137d15c64d5ee6582f3ecd17de620d
Case-3-A15-6063-36714,Case-3-A15-6063-36714,Case 3 A15-6063-36714,http://pathdb.cancerimagingarchive.net/system/files/wsi/ross/Osteosarcoma-UT/converted/Osteosarcoma-UT/Training-Set-2/set2/Case-3-A15-6063-36714.tiff,Case-3,Non-Tumor,NON_TUMOR,TRUE,False,RETRIEVED,200,C:\Users\enkso\.kiro\crew\scratch\runtime-0a306834\osteopatch_full_ingestion\tiffs\Case-3-A15-6063-36714.tiff,209986,2430e8016b37fccc038dae0a76f640a77acd2722bf6d66afc0b7da8f03df821f
Case-3-A15-6568-18811,Case-3-A15-6568-18811,Case 3 A15-6568-18811,http://pathdb.cancerimagingarchive.net/system/files/wsi/ross/Osteosarcoma-UT/converted/Osteosarcoma-UT/Training-Set-2/set2/Case-3-A15-6568-18811.tiff,Case-3,Non-Tumor,NON_TUMOR,TRUE,False,RETRIEVED,200,C:\Users\enkso\.kiro\crew\scratch\runtime-0a306834\osteopatch_full_ingestion\tiffs\Case-3-A15-6568-18811.tiff,255302,a472a922d3817dcb2b159f134e3718ce53281b914c01def7f0bfe08ec9b518b6
Case-3-A16-12207-22669,Case-3-A16-12207-22669,Case 3 A16-12207-22669,http://pathdb.cancerimagingarchive.net/system/files/wsi/ross/Osteosarcoma-UT/converted/Osteosarcoma-UT/Training-Set-2/set2/Case-3-A16-12207-22669.tiff,Case-3,Non-Tumor,NON_TUMOR,TRUE,False,RETRIEVED,200,C:\Users\enkso\.kiro\crew\scratch\runtime-0a306834\osteopatch_full_ingestion\tiffs\Case-3-A16-12207-22669.tiff,192264,5fca68c058e8c00786e89cb406a4e6260d12d2bd0ef7b83cfc7391d3b4ce96ee
Case-3-A16-12753-7173,Case-3-A16-12753-7173,Case 3 A16-12753-7173,http://pathdb.cancerimagingarchive.net/system/files/wsi/ross/Osteosarcoma-UT/converted/Osteosarcoma-UT/Training-Set-2/set2/Case-3-A16-12753-7173.tiff,Case-3,Non-Viable-Tumor,NECROSIS,TRUE,False,RETRIEVED,200,C:\Users\enkso\.kiro\crew\scratch\runtime-0a306834\osteopatch_full_ingestion\tiffs\Case-3-A16-12753-7173.tiff,357996,020919c0f758e62d04306ddf271d8a776e3dd52d9bd6bcf2d1f40a00b4de8177
Case-3-A16-12872-19040,Case-3-A16-12872-19040,Case 3 A16-12872-19040,http://pathdb.cancerimagingarchive.net/system/files/wsi/ross/Osteosarcoma-UT/converted/Osteosarcoma-UT/Training-Set-2/set2/Case-3-A16-12872-19040.tiff,Case-3,Non-Tumor,NON_TUMOR,TRUE,False,RETRIEVED,200,C:\Users\enkso\.kiro\crew\scratch\runtime-0a306834\osteopatch_full_ingestion\tiffs\Case-3-A16-12872-19040.tiff,268518,f6043ee33b3b8e1f94016c6f54c87b48d948f378c4895b53dcca41fe4c4212e5
Case-3-A16-15703-4602,Case-3-A16-15703-4602,Case 3 A16-15703-4602,http://pathdb.cancerimagingarchive.net/system/files/wsi/ross/Osteosarcoma-UT/converted/Osteosarcoma-UT/Training-Set-2/set2/Case-3-A16-15703-4602.tiff,Case-3,Non-Viable-Tumor,NECROSIS,TRUE,False,RETRIEVED,200,C:\Users\enkso\.kiro\crew\scratch\runtime-0a306834\osteopatch_full_ingestion\tiffs\Case-3-A16-15703-4602.tiff,337986,666a6b58a68de2e4b15650e00bb5ad7051b5f62b7ed772d1a9a7d3d069b8d7ec
Case-3-A16-16526-13063,Case-3-A16-16526-13063,Case 3 A16-16526-13063,http://pathdb.cancerimagingarchive.net/system/files/wsi/ross/Osteosarcoma-UT/converted/Osteosarcoma-UT/Training-Set-2/set2/Case-3-A16-16526-13063.tiff,Case-3,Non-Viable-Tumor,NECROSIS,TRUE,False,RETRIEVED,200,C:\Users\enkso\.kiro\crew\scratch\runtime-0a306834\osteopatch_full_ingestion\tiffs\Case-3-A16-16526-13063.tiff,339870,1053bf97bba7f6cc3abd8ca2c2536594d2d9589b25d5d7b8bda8cefd0a8a6a16
Case-3-A16-17478-7786,Case-3-A16-17478-7786,Case 3 A16-17478-7786,http://pathdb.cancerimagingarchive.net/system/files/wsi/ross/Osteosarcoma-UT/converted/Osteosarcoma-UT/Training-Set-2/set2/Case-3-A16-17478-7786.tiff,Case-3,Non-Viable-Tumor,NECROSIS,TRUE,False,RETRIEVED,200,C:\Users\enkso\.kiro\crew\scratch\runtime-0a306834\osteopatch_full_ingestion\tiffs\Case-3-A16-17478-7786.tiff,366182,556eed2366c577ba3804bfaffcbc39578ca373135960955ffcd6c80822055d3b
Case-3-A16-18494-17234,Case-3-A16-18494-17234,Case 3 A16-18494-17234,http://pathdb.cancerimagingarchive.net/system/files/wsi/ross/Osteosarcoma-UT/converted/Osteosarcoma-UT/Training-Set-2/set2/Case-3-A16-18494-17234.tiff,Case-3,Non-Viable-Tumor,NECROSIS,TRUE,False,RETRIEVED,200,C:\Users\enkso\.kiro\crew\scratch\runtime-0a306834\osteopatch_full_ingestion\tiffs\Case-3-A16-18494-17234.tiff,298876,55d17f4559ced7be03a6ebbc488888f520990e1efb75045aa22ce844246792b3
Case-3-A16-18579-5543,Case-3-A16-18579-5543,Case 3 A16-18579-5543,http://pathdb.cancerimagingarchive.net/system/files/wsi/ross/Osteosarcoma-UT/converted/Osteosarcoma-UT/Training-Set-2/set2/Case-3-A16-18579-5543.tiff,Case-3,Non-Viable-Tumor,NECROSIS,TRUE,False,RETRIEVED,200,C:\Users\enkso\.kiro\crew\scratch\runtime-0a306834\osteopatch_full_ingestion\tiffs\Case-3-A16-18579-5543.tiff,323710,5794dfdd4436308f872d7a7f8c2bffd5764990c397eb15a0d9947a82d1093ad2
Case-3-A16-20932-16777,Case-3-A16-20932-16777,Case 3 A16-20932-16777,http://pathdb.cancerimagingarchive.net/system/files/wsi/ross/Osteosarcoma-UT/converted/Osteosarcoma-UT/Training-Set-2/set2/Case-3-A16-20932-16777.tiff,Case-3,Non-Viable-Tumor,NECROSIS,TRUE,False,RETRIEVED,200,C:\Users\enkso\.kiro\crew\scratch\runtime-0a306834\osteopatch_full_ingestion\tiffs\Case-3-A16-20932-16777.tiff,317496,fab99ebd5f6ba3f3dd7901de4cf9b706d25ef751315a5d338ec14a57e56594b4
Case-3-A16-21084-22389,Case-3-A16-21084-22389,Case 3 A16-21084-22389,http://pathdb.cancerimagingarchive.net/system/files/wsi/ross/Osteosarcoma-UT/converted/Osteosarcoma-UT/Training-Set-2/set2/Case-3-A16-21084-22389.tiff,Case-3,Non-Viable-Tumor,NECROSIS,TRUE,False,RETRIEVED,200,C:\Users\enkso\.kiro\crew\scratch\runtime-0a306834\osteopatch_full_ingestion\tiffs\Case-3-A16-21084-22389.tiff,265840,6ead9264735c3ab2049ad1a0874e7004383abae7378fd1d62a770e97755980d7
Case-3-A16-21555-14170,Case-3-A16-21555-14170,Case 3 A16-21555-14170,http://pathdb.cancerimagingarchive.net/system/files/wsi/ross/Osteosarcoma-UT/converted/Osteosarcoma-UT/Training-Set-1/set2/Case-3-A16-21555-14170.tiff,Case-3,Non-Viable-Tumor,NECROSIS,TRUE,False,RETRIEVED,200,C:\Users\enkso\.kiro\crew\scratch\runtime-0a306834\osteopatch_full_ingestion\tiffs\Case-3-A16-21555-14170.tiff,401440,6f6ed1f66f696fe136c5f988e4b2673cc23394cda41b62feffa7349ede76f8f5
Case-3-A16-22513-3757,Case-3-A16-22513-3757,Case 3 A16-22513-3757,http://pathdb.cancerimagingarchive.net/system/files/wsi/ross/Osteosarcoma-UT/converted/Osteosarcoma-UT/Training-Set-1/set2/Case-3-A16-22513-3757.tiff,Case-3,Non-Viable-Tumor,NECROSIS,TRUE,False,RETRIEVED,200,C:\Users\enkso\.kiro\crew\scratch\runtime-0a306834\osteopatch_full_ingestion\tiffs\Case-3-A16-22513-3757.tiff,371372,7d894e21c9ddbc20b911e97f199056984ae3281b40b6dc79cc3592de635b2eb0
Case-3-A16-23455-14529,Case-3-A16-23455-14529,Case 3 A16-23455-14529,http://pathdb.cancerimagingarchive.net/system/files/wsi/ross/Osteosarcoma-UT/converted/Osteosarcoma-UT/Training-Set-1/set2/Case-3-A16-23455-14529.tiff,Case-3,Non-Viable-Tumor,NECROSIS,TRUE,False,RETRIEVED,200,C:\Users\enkso\.kiro\crew\scratch\runtime-0a306834\osteopatch_full_ingestion\tiffs\Case-3-A16-23455-14529.tiff,364918,d3734ca1b6e6582da656d46fe4969e8b4e3e4003e2d75733ca59e291978197bd
Case-3-A16-23679-14549,Case-3-A16-23679-14549,Case 3 A16-23679-14549,http://pathdb.cancerimagingarchive.net/system/files/wsi/ross/Osteosarcoma-UT/converted/Osteosarcoma-UT/Training-Set-1/set2/Case-3-A16-23679-14549.tiff,Case-3,Non-Viable-Tumor,NECROSIS,TRUE,False,RETRIEVED,200,C:\Users\enkso\.kiro\crew\scratch\runtime-0a306834\osteopatch_full_ingestion\tiffs\Case-3-A16-23679-14549.tiff,361338,93c5e5306d6ab556d60d8db188a902568108fea3f6bc3830d5c489aac8ff8a2c
Case-3-A16-24669-5556,Case-3-A16-24669-5556,Case 3 A16-24669-5556,http://pathdb.cancerimagingarchive.net/system/files/wsi/ross/Osteosarcoma-UT/converted/Osteosarcoma-UT/Training-Set-1/set2/Case-3-A16-24669-5556.tiff,Case-3,Non-Viable-Tumor,NECROSIS,TRUE,False,RETRIEVED,200,C:\Users\enkso\.kiro\crew\scratch\runtime-0a306834\osteopatch_full_ingestion\tiffs\Case-3-A16-24669-5556.tiff,343474,2811173c58e0a628b56fe19f12a02c90f76ee047b1fce3705f65e865b55fba57
Case-3-A16-25344-6555,Case-3-A16-25344-6555,Case 3 A16-25344-6555,http://pathdb.cancerimagingarchive.net/system/files/wsi/ross/Osteosarcoma-UT/converted/Osteosarcoma-UT/Training-Set-1/set2/Case-3-A16-25344-6555.tiff,Case-3,Non-Viable-Tumor,NECROSIS,TRUE,False,RETRIEVED,200,C:\Users\enkso\.kiro\crew\scratch\runtime-0a306834\osteopatch_full_ingestion\tiffs\Case-3-A16-25344-6555.tiff,299274,720e0feec6597fd6889c9ea53f0ac5e1a73a78acda869c01a5269c3ac35909d4
Case-3-A16-29058-10941,Case-3-A16-29058-10941,Case 3 A16-29058-10941,http://pathdb.cancerimagingarchive.net/system/files/wsi/ross/Osteosarcoma-UT/converted/Osteosarcoma-UT/Training-Set-1/set2/Case-3-A16-29058-10941.tiff,Case-3,Non-Viable-Tumor,NECROSIS,TRUE,False,RETRIEVED,200,C:\Users\enkso\.kiro\crew\scratch\runtime-0a306834\osteopatch_full_ingestion\tiffs\Case-3-A16-29058-10941.tiff,392750,327959477a9612900a917958c5da3ee37a6d0e1c0bcaac1bd86a812cdbfd4769
Case-3-A16-30229-10876,Case-3-A16-30229-10876,Case 3 A16-30229-10876,http://pathdb.cancerimagingarchive.net/system/files/wsi/ross/Osteosarcoma-UT/converted/Osteosarcoma-UT/Training-Set-1/set2/Case-3-A16-30229-10876.tiff,Case-3,Non-Viable-Tumor,NECROSIS,TRUE,False,RETRIEVED,200,C:\Users\enkso\.kiro\crew\scratch\runtime-0a306834\osteopatch_full_ingestion\tiffs\Case-3-A16-30229-10876.tiff,366438,b37fbb883ae3dca818e31901b9f9b314da3b9334521315178a4b2cbb39b71371
Case-3-A16-31398-22850,Case-3-A16-31398-22850,Case 3 A16-31398-22850,http://pathdb.cancerimagingarchive.net/system/files/wsi/ross/Osteosarcoma-UT/converted/Osteosarcoma-UT/Training-Set-1/set2/Case-3-A16-31398-22850.tiff,Case-3,Non-Viable-Tumor,NECROSIS,TRUE,False,RETRIEVED,200,C:\Users\enkso\.kiro\crew\scratch\runtime-0a306834\osteopatch_full_ingestion\tiffs\Case-3-A16-31398-22850.tiff,292240,33559109669e54f6a84fb5ceb04f1d7fa30ecf169ae1b15d9d16209e88ca96d5
Case-3-A16-32696-21122,Case-3-A16-32696-21122,Case 3 A16-32696-21122,http://pathdb.cancerimagingarchive.net/system/files/wsi/ross/Osteosarcoma-UT/converted/Osteosarcoma-UT/Training-Set-1/set2/Case-3-A16-32696-21122.tiff,Case-3,Non-Viable-Tumor,NECROSIS,TRUE,False,RETRIEVED,200,C:\Users\enkso\.kiro\crew\scratch\runtime-0a306834\osteopatch_full_ingestion\tiffs\Case-3-A16-32696-21122.tiff,517624,d89fe8fd3121d58e959e153e693e904a504a1d545ac71371b607e6f7337c77ce
Case-3-A16-35442-28193,Case-3-A16-35442-28193,Case 3 A16-35442-28193,http://pathdb.cancerimagingarchive.net/system/files/wsi/ross/Osteosarcoma-UT/converted/Osteosarcoma-UT/Training-Set-1/set2/Case-3-A16-35442-28193.tiff,Case-3,Non-Viable-Tumor,NECROSIS,TRUE,False,RETRIEVED,200,C:\Users\enkso\.kiro\crew\scratch\runtime-0a306834\osteopatch_full_ingestion\tiffs\Case-3-A16-35442-28193.tiff,224920,d00375fc52de5faf51b0828af608513230e81eb3558f8bfa069588f87c3b981e
Case-3-A16-35584-14421,Case-3-A16-35584-14421,Case 3 A16-35584-14421,http://pathdb.cancerimagingarchive.net/system/files/wsi/ross/Osteosarcoma-UT/converted/Osteosarcoma-UT/Training-Set-1/set2/Case-3-A16-35584-14421.tiff,Case-3,Non-Viable-Tumor,NECROSIS,TRUE,False,RETRIEVED,200,C:\Users\enkso\.kiro\crew\scratch\runtime-0a306834\osteopatch_full_ingestion\tiffs\Case-3-A16-35584-14421.tiff,373362,9fb01891bf89b3e44891ad0fe118076850e4b21e3edfc408a56a0fdc536a3347
Case-3-A16-35991-7626,Case-3-A16-35991-7626,Case 3 A16-35991-7626,http://pathdb.cancerimagingarchive.net/system/files/wsi/ross/Osteosarcoma-UT/converted/Osteosarcoma-UT/Training-Set-1/set2/Case-3-A16-35991-7626.tiff,Case-3,Non-Viable-Tumor,NECROSIS,TRUE,False,RETRIEVED,200,C:\Users\enkso\.kiro\crew\scratch\runtime-0a306834\osteopatch_full_ingestion\tiffs\Case-3-A16-35991-7626.tiff,365488,396b60647280b7c3e75fe62f992c1cc6684301aa2d71c7283816d075c5b5b54b
Case-3-A16-36233-10925,Case-3-A16-36233-10925,Case 3 A16-36233-10925,http://pathdb.cancerimagingarchive.net/system/files/wsi/ross/Osteosarcoma-UT/converted/Osteosarcoma-UT/Training-Set-1/set2/Case-3-A16-36233-10925.tiff,Case-3,Non-Viable-Tumor,NECROSIS,TRUE,False,RETRIEVED,200,C:\Users\enkso\.kiro\crew\scratch\runtime-0a306834\osteopatch_full_ingestion\tiffs\Case-3-A16-36233-10925.tiff,382288,51e8a13be90dff1d6f7354d93938b3c0853a64a846a6632429618c2b975d3c23
Case-3-A16-3833-2415,Case-3-A16-3833-2415,Case 3 A16-3833-2415,http://pathdb.cancerimagingarchive.net/system/files/wsi/ross/Osteosarcoma-UT/converted/Osteosarcoma-UT/Training-Set-2/set2/Case-3-A16-3833-2415.tiff,Case-3,Non-Viable-Tumor,NECROSIS,TRUE,False,RETRIEVED,200,C:\Users\enkso\.kiro\crew\scratch\runtime-0a306834\osteopatch_full_ingestion\tiffs\Case-3-A16-3833-2415.tiff,154166,6b4f9f537c5a4ff67db10b08210fec7d94e21a85c4efadda7dbd334621423204
Case-3-A16-40231-27051,Case-3-A16-40231-27051,Case 3 A16-40231-27051,http://pathdb.cancerimagingarchive.net/system/files/wsi/ross/Osteosarcoma-UT/converted/Osteosarcoma-UT/Training-Set-1/set2/Case-3-A16-40231-27051.tiff,Case-3,Non-Viable-Tumor,NECROSIS,TRUE,False,RETRIEVED,200,C:\Users\enkso\.kiro\crew\scratch\runtime-0a306834\osteopatch_full_ingestion\tiffs\Case-3-A16-40231-27051.tiff,297952,baf6eb8f3d15f60cd0beb47f8e150bcadfeb1436a5005f21e2e7ffbc3e1b7d4f
Case-3-A16-5621-4126,Case-3-A16-5621-4126,Case 3 A16-5621-4126,http://pathdb.cancerimagingarchive.net/system/files/wsi/ross/Osteosarcoma-UT/converted/Osteosarcoma-UT/Training-Set-2/set2/Case-3-A16-5621-4126.tiff,Case-3,Non-Viable-Tumor,NECROSIS,TRUE,False,RETRIEVED,200,C:\Users\enkso\.kiro\crew\scratch\runtime-0a306834\osteopatch_full_ingestion\tiffs\Case-3-A16-5621-4126.tiff,58566,7de4e05f50720cdd96b12e4d3f42d5c1307128b70ee88e315394212bc7bf82f9
Case-3-A16-6244-27384,Case-3-A16-6244-27384,Case 3 A16-6244-27384,http://pathdb.cancerimagingarchive.net/system/files/wsi/ross/Osteosarcoma-UT/converted/Osteosarcoma-UT/Training-Set-2/set2/Case-3-A16-6244-27384.tiff,Case-3,Non-Viable-Tumor,NECROSIS,TRUE,False,RETRIEVED,200,C:\Users\enkso\.kiro\crew\scratch\runtime-0a306834\osteopatch_full_ingestion\tiffs\Case-3-A16-6244-27384.tiff,213410,cb5a06831d2f32413847b0d9f8b3b13e586913bf456ce80b7146198663ef9de3
Case-3-A16-6841-16910,Case-3-A16-6841-16910,Case 3 A16-6841-16910,http://pathdb.cancerimagingarchive.net/system/files/wsi/ross/Osteosarcoma-UT/converted/Osteosarcoma-UT/Training-Set-2/set2/Case-3-A16-6841-16910.tiff,Case-3,Non-Tumor,NON_TUMOR,TRUE,False,RETRIEVED,200,C:\Users\enkso\.kiro\crew\scratch\runtime-0a306834\osteopatch_full_ingestion\tiffs\Case-3-A16-6841-16910.tiff,269254,fa9ce41b939fafd3e9ce49543d435db4346d789dbf5c2e39490aec79d3e7900a
Case-3-A16-7295-31391,Case-3-A16-7295-31391,Case 3 A16-7295-31391,http://pathdb.cancerimagingarchive.net/system/files/wsi/ross/Osteosarcoma-UT/converted/Osteosarcoma-UT/Training-Set-2/set2/Case-3-A16-7295-31391.tiff,Case-3,Non-Tumor,NON_TUMOR,TRUE,False,RETRIEVED,200,C:\Users\enkso\.kiro\crew\scratch\runtime-0a306834\osteopatch_full_ingestion\tiffs\Case-3-A16-7295-31391.tiff,178914,71b1ee889c831feedc14ad3c3d4c42623daadc2cfe26f2b6eaac16f80c7afbfc
Case-3-A16-9134-12603,Case-3-A16-9134-12603,Case 3 A16-9134-12603,http://pathdb.cancerimagingarchive.net/system/files/wsi/ross/Osteosarcoma-UT/converted/Osteosarcoma-UT/Training-Set-2/set2/Case-3-A16-9134-12603.tiff,Case-3,Non-Tumor,NON_TUMOR,TRUE,False,RETRIEVED,200,C:\Users\enkso\.kiro\crew\scratch\runtime-0a306834\osteopatch_full_ingestion\tiffs\Case-3-A16-9134-12603.tiff,279218,51404762c4416fc0787751cea045269ee87b0ffe22cda0eb9510a2259a54d959
Case-3-A17-12112-17050,Case-3-A17-12112-17050,Case 3 A17-12112-17050,http://pathdb.cancerimagingarchive.net/system/files/wsi/ross/Osteosarcoma-UT/converted/Osteosarcoma-UT/Training-Set-2/set2/Case-3-A17-12112-17050.tiff,Case-3,Non-Viable-Tumor,NECROSIS,TRUE,False,RETRIEVED,200,C:\Users\enkso\.kiro\crew\scratch\runtime-0a306834\osteopatch_full_ingestion\tiffs\Case-3-A17-12112-17050.tiff,274604,60bbdaf8ddf999a0dff0f9583f56215cc8095abe3496db4abcda91414a620f37
Case-3-A17-12247-30984,Case-3-A17-12247-30984,Case 3 A17-12247-30984,http://pathdb.cancerimagingarchive.net/system/files/wsi/ross/Osteosarcoma-UT/converted/Osteosarcoma-UT/Training-Set-2/set2/Case-3-A17-12247-30984.tiff,Case-3,Non-Tumor,NON_TUMOR,TRUE,False,RETRIEVED,200,C:\Users\enkso\.kiro\crew\scratch\runtime-0a306834\osteopatch_full_ingestion\tiffs\Case-3-A17-12247-30984.tiff,223600,d3501bf5d641b393ae111baaa75c03c55e2c5038755be3d5f56b97238001cf66
Case-3-A17-12545-27848,Case-3-A17-12545-27848,Case 3 A17-12545-27848,http://pathdb.cancerimagingarchive.net/system/files/wsi/ross/Osteosarcoma-UT/converted/Osteosarcoma-UT/Training-Set-2/set2/Case-3-A17-12545-27848.tiff,Case-3,Non-Tumor,NON_TUMOR,TRUE,False,RETRIEVED,200,C:\Users\enkso\.kiro\crew\scratch\runtime-0a306834\osteopatch_full_ingestion\tiffs\Case-3-A17-12545-27848.tiff,94066,8991bfd1a4cc4ccc3d2bff7f439bdcae55ad92adcc5a5e057a05fd8ca9928191
Case-3-A17-13333-19421,Case-3-A17-13333-19421,Case 3 A17-13333-19421,http://pathdb.cancerimagingarchive.net/system/files/wsi/ross/Osteosarcoma-UT/converted/Osteosarcoma-UT/Training-Set-2/set2/Case-3-A17-13333-19421.tiff,Case-3,Non-Tumor,NON_TUMOR,TRUE,False,RETRIEVED,200,C:\Users\enkso\.kiro\crew\scratch\runtime-0a306834\osteopatch_full_ingestion\tiffs\Case-3-A17-13333-19421.tiff,257884,d45c3bd57715fa3b5d9e847f58b30988d03cf6d06cdb61b4c3673d5bf8d6815e
Case-3-A17-14482-34987,Case-3-A17-14482-34987,Case 3 A17-14482-34987,http://pathdb.cancerimagingarchive.net/system/files/wsi/ross/Osteosarcoma-UT/converted/Osteosarcoma-UT/Training-Set-2/set2/Case-3-A17-14482-34987.tiff,Case-3,Non-Tumor,NON_TUMOR,TRUE,False,RETRIEVED,200,C:\Users\enkso\.kiro\crew\scratch\runtime-0a306834\osteopatch_full_ingestion\tiffs\Case-3-A17-14482-34987.tiff,224924,2740a6f9294e2be0fa36cea1c7cfa5b75d2dc3d5b223098ba28d5ae6adfab5ad
Case-3-A17-15765-20926,Case-3-A17-15765-20926,Case 3 A17-15765-20926,http://pathdb.cancerimagingarchive.net/system/files/wsi/ross/Osteosarcoma-UT/converted/Osteosarcoma-UT/Training-Set-2/set2/Case-3-A17-15765-20926.tiff,Case-3,Non-Tumor,NON_TUMOR,TRUE,False,RETRIEVED,200,C:\Users\enkso\.kiro\crew\scratch\runtime-0a306834\osteopatch_full_ingestion\tiffs\Case-3-A17-15765-20926.tiff,264244,3a4be826d9a80e4e500ac03dabe099072bb67c22e20c6b63634f12d38fee9fce
Case-3-A17-16570-4475,Case-3-A17-16570-4475,Case 3 A17-16570-4475,http://pathdb.cancerimagingarchive.net/system/files/wsi/ross/Osteosarcoma-UT/converted/Osteosarcoma-UT/Training-Set-2/set2/Case-3-A17-16570-4475.tiff,Case-3,Non-Viable-Tumor,NECROSIS,TRUE,False,RETRIEVED,200,C:\Users\enkso\.kiro\crew\scratch\runtime-0a306834\osteopatch_full_ingestion\tiffs\Case-3-A17-16570-4475.tiff,302794,da3f8166ab0e8d912abe2a6325db83f5b6b0ac7b25635f4036f966f4b8ce48db
Case-3-A17-18662-24877,Case-3-A17-18662-24877,Case 3 A17-18662-24877,http://pathdb.cancerimagingarchive.net/system/files/wsi/ross/Osteosarcoma-UT/converted/Osteosarcoma-UT/Training-Set-2/set2/Case-3-A17-18662-24877.tiff,Case-3,Non-Tumor,NON_TUMOR,TRUE,False,RETRIEVED,200,C:\Users\enkso\.kiro\crew\scratch\runtime-0a306834\osteopatch_full_ingestion\tiffs\Case-3-A17-18662-24877.tiff,240186,2331c6781976e38b8b2db99b942fb2d4b71f93fd3148d1acc9a885b2acf1b194
Case-3-A17-18676-13247,Case-3-A17-18676-13247,Case 3 A17-18676-13247,http://pathdb.cancerimagingarchive.net/system/files/wsi/ross/Osteosarcoma-UT/converted/Osteosarcoma-UT/Training-Set-1/set2/Case-3-A17-18676-13247.tiff,Case-3,Non-Viable-Tumor,NECROSIS,TRUE,False,RETRIEVED,200,C:\Users\enkso\.kiro\crew\scratch\runtime-0a306834\osteopatch_full_ingestion\tiffs\Case-3-A17-18676-13247.tiff,414772,7709bbfe41aefc0d5bf54f7988bcf0f340d96c1d6ffc7577c3fa54da552a18ce
Case-3-A17-2310-19149,Case-3-A17-2310-19149,Case 3 A17-2310-19149,http://pathdb.cancerimagingarchive.net/system/files/wsi/ross/Osteosarcoma-UT/converted/Osteosarcoma-UT/Training-Set-2/set2/Case-3-A17-2310-19149.tiff,Case-3,Non-Tumor,NON_TUMOR,TRUE,False,RETRIEVED,200,C:\Users\enkso\.kiro\crew\scratch\runtime-0a306834\osteopatch_full_ingestion\tiffs\Case-3-A17-2310-19149.tiff,61074,05e1dc3c437e848489df1cd2464e26bc2f233b216c531a2059bc87c1a193c40e
Case-3-A17-25048-1930,Case-3-A17-25048-1930,Case 3 A17-25048-1930,http://pathdb.cancerimagingarchive.net/system/files/wsi/ross/Osteosarcoma-UT/converted/Osteosarcoma-UT/Training-Set-1/set2/Case-3-A17-25048-1930.tiff,Case-3,Non-Viable-Tumor,NECROSIS,TRUE,False,RETRIEVED,200,C:\Users\enkso\.kiro\crew\scratch\runtime-0a306834\osteopatch_full_ingestion\tiffs\Case-3-A17-25048-1930.tiff,137878,a1179b3b6affad7dc0ced8549a6aa9e22049e7067c4ddb04a5ea90fefa95d846
Case-3-A17-26576-11618,Case-3-A17-26576-11618,Case 3 A17-26576-11618,http://pathdb.cancerimagingarchive.net/system/files/wsi/ross/Osteosarcoma-UT/converted/Osteosarcoma-UT/Training-Set-1/set2/Case-3-A17-26576-11618.tiff,Case-3,Non-Viable-Tumor,NECROSIS,TRUE,False,RETRIEVED,200,C:\Users\enkso\.kiro\crew\scratch\runtime-0a306834\osteopatch_full_ingestion\tiffs\Case-3-A17-26576-11618.tiff,407592,36b079e56b8ba083471343660dea6608b5c3e9e2ae5ccf4f7dfa99f89eb546b6
Case-3-A17-27172-22922,Case-3-A17-27172-22922,Case 3 A17-27172-22922,http://pathdb.cancerimagingarchive.net/system/files/wsi/ross/Osteosarcoma-UT/converted/Osteosarcoma-UT/Training-Set-1/set2/Case-3-A17-27172-22922.tiff,Case-3,Non-Viable-Tumor,NECROSIS,TRUE,False,RETRIEVED,200,C:\Users\enkso\.kiro\crew\scratch\runtime-0a306834\osteopatch_full_ingestion\tiffs\Case-3-A17-27172-22922.tiff,309842,cea792a2660bd3aa51b9b58fcbba559c58a586b6fc22aa9bedbc8ae16ed72b8f
Case-3-A17-27836-33168,Case-3-A17-27836-33168,Case 3 A17-27836-33168,http://pathdb.cancerimagingarchive.net/system/files/wsi/ross/Osteosarcoma-UT/converted/Osteosarcoma-UT/Training-Set-1/set2/Case-3-A17-27836-33168.tiff,Case-3,Non-Tumor,NON_TUMOR,TRUE,False,RETRIEVED,200,C:\Users\enkso\.kiro\crew\scratch\runtime-0a306834\osteopatch_full_ingestion\tiffs\Case-3-A17-27836-33168.tiff,219448,5a5d77ddbae8a5ea9fd60177de9d92e6c23fd3fbe0d7505e6d3f834d67c7131c
Case-3-A17-29372-19206,Case-3-A17-29372-19206,Case 3 A17-29372-19206,http://pathdb.cancerimagingarchive.net/system/files/wsi/ross/Osteosarcoma-UT/converted/Osteosarcoma-UT/Training-Set-1/set2/Case-3-A17-29372-19206.tiff,Case-3,Non-Viable-Tumor,NECROSIS,TRUE,False,RETRIEVED,200,C:\Users\enkso\.kiro\crew\scratch\runtime-0a306834\osteopatch_full_ingestion\tiffs\Case-3-A17-29372-19206.tiff,303986,6b692a2dcfba9843d99a77f2bd3935ba2780ecf31bcec83b7eedd1d36822e82a
Case-3-A17-2937-33559,Case-3-A17-2937-33559,Case 3 A17-2937-33559,http://pathdb.cancerimagingarchive.net/system/files/wsi/ross/Osteosarcoma-UT/converted/Osteosarcoma-UT/Training-Set-2/set2/Case-3-A17-2937-33559.tiff,Case-3,Non-Tumor,NON_TUMOR,TRUE,False,RETRIEVED,200,C:\Users\enkso\.kiro\crew\scratch\runtime-0a306834\osteopatch_full_ingestion\tiffs\Case-3-A17-2937-33559.tiff,66178,f755989d1e2a482a61d023c8ed1986d3636bcc2a72827a2dd1f3e1444c50bd67
Case-3-A17-32230-20244,Case-3-A17-32230-20244,Case 3 A17-32230-20244,http://pathdb.cancerimagingarchive.net/system/files/wsi/ross/Osteosarcoma-UT/converted/Osteosarcoma-UT/Training-Set-1/set2/Case-3-A17-32230-20244.tiff,Case-3,Non-Viable-Tumor,NECROSIS,TRUE,False,RETRIEVED,200,C:\Users\enkso\.kiro\crew\scratch\runtime-0a306834\osteopatch_full_ingestion\tiffs\Case-3-A17-32230-20244.tiff,453626,95425766247488094e146c1a2c1b553123152575362fe5090667b62c55f09ae2
Case-3-A17-38169-7823,Case-3-A17-38169-7823,Case 3 A17-38169-7823,http://pathdb.cancerimagingarchive.net/system/files/wsi/ross/Osteosarcoma-UT/converted/Osteosarcoma-UT/Training-Set-1/set2/Case-3-A17-38169-7823.tiff,Case-3,Non-Viable-Tumor,NECROSIS,TRUE,False,RETRIEVED,200,C:\Users\enkso\.kiro\crew\scratch\runtime-0a306834\osteopatch_full_ingestion\tiffs\Case-3-A17-38169-7823.tiff,411392,5e384f4c6b5126f4a2a9f349b66410214a059d6f9110cb3d947dd55fa6e2bc2d
Case-3-A17-38558-18797,Case-3-A17-38558-18797,Case 3 A17-38558-18797,http://pathdb.cancerimagingarchive.net/system/files/wsi/ross/Osteosarcoma-UT/converted/Osteosarcoma-UT/Training-Set-1/set2/Case-3-A17-38558-18797.tiff,Case-3,Non-Viable-Tumor,NECROSIS,TRUE,False,RETRIEVED,200,C:\Users\enkso\.kiro\crew\scratch\runtime-0a306834\osteopatch_full_ingestion\tiffs\Case-3-A17-38558-18797.tiff,390136,b7ae6dd62645d02ca5df92fa8bbe9353c0bea8556f05ef97a0c486a80ee8fb48
Case-3-A17-39258-10719,Case-3-A17-39258-10719,Case 3 A17-39258-10719,http://pathdb.cancerimagingarchive.net/system/files/wsi/ross/Osteosarcoma-UT/converted/Osteosarcoma-UT/Training-Set-1/set2/Case-3-A17-39258-10719.tiff,Case-3,Non-Viable-Tumor,NECROSIS,TRUE,False,RETRIEVED,200,C:\Users\enkso\.kiro\crew\scratch\runtime-0a306834\osteopatch_full_ingestion\tiffs\Case-3-A17-39258-10719.tiff,386306,6ff18754233658068a852f60059507015035a46ada07911bf2f4baccece19609
Case-3-A17-39482-17002,Case-3-A17-39482-17002,Case 3 A17-39482-17002,http://pathdb.cancerimagingarchive.net/system/files/wsi/ross/Osteosarcoma-UT/converted/Osteosarcoma-UT/Training-Set-1/set2/Case-3-A17-39482-17002.tiff,Case-3,Non-Viable-Tumor,NECROSIS,TRUE,False,RETRIEVED,200,C:\Users\enkso\.kiro\crew\scratch\runtime-0a306834\osteopatch_full_ingestion\tiffs\Case-3-A17-39482-17002.tiff,372606,8626084f947f4abfb0c5ae5b879a92b23d3471399888b31404ebdb05d8dd4aae
Case-3-A17-4064-3304,Case-3-A17-4064-3304,Case 3 A17-4064-3304,http://pathdb.cancerimagingarchive.net/system/files/wsi/ross/Osteosarcoma-UT/converted/Osteosarcoma-UT/Training-Set-2/set2/Case-3-A17-4064-3304.tiff,Case-3,Non-Viable-Tumor,NECROSIS,TRUE,False,RETRIEVED,200,C:\Users\enkso\.kiro\crew\scratch\runtime-0a306834\osteopatch_full_ingestion\tiffs\Case-3-A17-4064-3304.tiff,300050,732570ea44cebe7bbb571f92c5d3908f6f47e396d827c3062d23c839a2e5b6c8
Case-3-A17-42739-1928,Case-3-A17-42739-1928,Case 3 A17-42739-1928,http://pathdb.cancerimagingarchive.net/system/files/wsi/ross/Osteosarcoma-UT/converted/Osteosarcoma-UT/Training-Set-1/set2/Case-3-A17-42739-1928.tiff,Case-3,Non-Viable-Tumor,NECROSIS,TRUE,False,RETRIEVED,200,C:\Users\enkso\.kiro\crew\scratch\runtime-0a306834\osteopatch_full_ingestion\tiffs\Case-3-A17-42739-1928.tiff,110180,e32552e0c20bce445ee8b9d0049bead443060862339acc4acd400c0ee69865b0
Case-3-A17-44121-29500,Case-3-A17-44121-29500,Case 3 A17-44121-29500,http://pathdb.cancerimagingarchive.net/system/files/wsi/ross/Osteosarcoma-UT/converted/Osteosarcoma-UT/Training-Set-1/set2/Case-3-A17-44121-29500.tiff,Case-3,Non-Tumor,NON_TUMOR,TRUE,False,RETRIEVED,200,C:\Users\enkso\.kiro\crew\scratch\runtime-0a306834\osteopatch_full_ingestion\tiffs\Case-3-A17-44121-29500.tiff,107956,04e444594b95b4a64608d6be45950c3ed947d3b1f66d5428a436d7a08c8fbc91
Case-3-A17-45279-32496,Case-3-A17-45279-32496,Case 3 A17-45279-32496,http://pathdb.cancerimagingarchive.net/system/files/wsi/ross/Osteosarcoma-UT/converted/Osteosarcoma-UT/Training-Set-1/set2/Case-3-A17-45279-32496.tiff,Case-3,Non-Tumor,NON_TUMOR,TRUE,False,RETRIEVED,200,C:\Users\enkso\.kiro\crew\scratch\runtime-0a306834\osteopatch_full_ingestion\tiffs\Case-3-A17-45279-32496.tiff,43234,d3ae3017a933495bb8605553d30a1cd066ed5df7e92894a4886289bc510e387c
Case-3-A17-5652-20182,Case-3-A17-5652-20182,Case 3 A17-5652-20182,http://pathdb.cancerimagingarchive.net/system/files/wsi/ross/Osteosarcoma-UT/converted/Osteosarcoma-UT/Training-Set-2/set2/Case-3-A17-5652-20182.tiff,Case-3,Non-Tumor,NON_TUMOR,TRUE,False,RETRIEVED,200,C:\Users\enkso\.kiro\crew\scratch\runtime-0a306834\osteopatch_full_ingestion\tiffs\Case-3-A17-5652-20182.tiff,193890,83d56d1447a34632bfebaf6a2e691154dbcab2d930a9a621ca4fa22e75066531
Case-3-A17-6827-25257,Case-3-A17-6827-25257,Case 3 A17-6827-25257,http://pathdb.cancerimagingarchive.net/system/files/wsi/ross/Osteosarcoma-UT/converted/Osteosarcoma-UT/Training-Set-2/set2/Case-3-A17-6827-25257.tiff,Case-3,Non-Viable-Tumor,NECROSIS,TRUE,False,RETRIEVED,200,C:\Users\enkso\.kiro\crew\scratch\runtime-0a306834\osteopatch_full_ingestion\tiffs\Case-3-A17-6827-25257.tiff,176256,b49fe49b22cc377c01509f09b26e1f55296a969233edfbe11a45fc254e7efa6c
Case-3-A17-7799-34542,Case-3-A17-7799-34542,Case 3 A17-7799-34542,http://pathdb.cancerimagingarchive.net/system/files/wsi/ross/Osteosarcoma-UT/converted/Osteosarcoma-UT/Training-Set-2/set2/Case-3-A17-7799-34542.tiff,Case-3,Non-Tumor,NON_TUMOR,TRUE,False,RETRIEVED,200,C:\Users\enkso\.kiro\crew\scratch\runtime-0a306834\osteopatch_full_ingestion\tiffs\Case-3-A17-7799-34542.tiff,187738,5b0fe271d2372845a22eef5f0ee6161cb31a198084c9bb0ac5353ccae7951b21
Case-3-A17-8146-19462,Case-3-A17-8146-19462,Case 3 A17-8146-19462,http://pathdb.cancerimagingarchive.net/system/files/wsi/ross/Osteosarcoma-UT/converted/Osteosarcoma-UT/Training-Set-2/set3/Case-3-A17-8146-19462.tiff,Case-3,Non-Tumor,NON_TUMOR,TRUE,False,RETRIEVED,200,C:\Users\enkso\.kiro\crew\scratch\runtime-0a306834\osteopatch_full_ingestion\tiffs\Case-3-A17-8146-19462.tiff,236606,edb6be0d1f1b475f9ce46394b7c861acb092efc0ba460d916164ad915aaf9f50
Case-3-A18-10642-28016,Case-3-A18-10642-28016,Case 3 A18-10642-28016,http://pathdb.cancerimagingarchive.net/system/files/wsi/ross/Osteosarcoma-UT/converted/Osteosarcoma-UT/Training-Set-2/set3/Case-3-A18-10642-28016.tiff,Case-3,Non-Tumor,NON_TUMOR,TRUE,False,RETRIEVED,200,C:\Users\enkso\.kiro\crew\scratch\runtime-0a306834\osteopatch_full_ingestion\tiffs\Case-3-A18-10642-28016.tiff,64884,75427b056f869509628c138c8b2b65cfcd60db5a81e44117699c04a1fac724b4
Case-3-A18-11012-16647,Case-3-A18-11012-16647,Case 3 A18-11012-16647,http://pathdb.cancerimagingarchive.net/system/files/wsi/ross/Osteosarcoma-UT/converted/Osteosarcoma-UT/Training-Set-2/set3/Case-3-A18-11012-16647.tiff,Case-3,Non-Tumor,NON_TUMOR,TRUE,False,RETRIEVED,200,C:\Users\enkso\.kiro\crew\scratch\runtime-0a306834\osteopatch_full_ingestion\tiffs\Case-3-A18-11012-16647.tiff,277078,0614b9c4d64612989dd51c7a44932fc6997be74b3c53edaf8328435318da57c3
Case-3-A18-11113-4790,Case-3-A18-11113-4790,Case 3 A18-11113-4790,http://pathdb.cancerimagingarchive.net/system/files/wsi/ross/Osteosarcoma-UT/converted/Osteosarcoma-UT/Training-Set-2/set3/Case-3-A18-11113-4790.tiff,Case-3,Non-Viable-Tumor,NECROSIS,TRUE,False,RETRIEVED,200,C:\Users\enkso\.kiro\crew\scratch\runtime-0a306834\osteopatch_full_ingestion\tiffs\Case-3-A18-11113-4790.tiff,325212,8f36f42c1cd76f77de166f42a5b1669f293617d5e5d5fc907e2cc37b3c15c2bc
Case-3-A18-13866-37377,Case-3-A18-13866-37377,Case 3 A18-13866-37377,http://pathdb.cancerimagingarchive.net/system/files/wsi/ross/Osteosarcoma-UT/converted/Osteosarcoma-UT/Training-Set-2/set3/Case-3-A18-13866-37377.tiff,Case-3,Non-Tumor,NON_TUMOR,TRUE,False,RETRIEVED,200,C:\Users\enkso\.kiro\crew\scratch\runtime-0a306834\osteopatch_full_ingestion\tiffs\Case-3-A18-13866-37377.tiff,116572,10540273902d266ba27869673b1aac113069f7866775ce456f6ad0ad6c023181
Case-3-A18-14183-14592,Case-3-A18-14183-14592,Case 3 A18-14183-14592,http://pathdb.cancerimagingarchive.net/system/files/wsi/ross/Osteosarcoma-UT/converted/Osteosarcoma-UT/Training-Set-2/set3/Case-3-A18-14183-14592.tiff,Case-3,Non-Viable-Tumor,NECROSIS,TRUE,False,RETRIEVED,200,C:\Users\enkso\.kiro\crew\scratch\runtime-0a306834\osteopatch_full_ingestion\tiffs\Case-3-A18-14183-14592.tiff,280302,b3978f8e25262a28891eb9c7413cfc4ef492793e9b80cf3e22483cbb99aa972b
Case-3-A18-16291-27049,Case-3-A18-16291-27049,Case 3 A18-16291-27049,http://pathdb.cancerimagingarchive.net/system/files/wsi/ross/Osteosarcoma-UT/converted/Osteosarcoma-UT/Training-Set-2/set3/Case-3-A18-16291-27049.tiff,Case-3,Non-Viable-Tumor,NECROSIS,TRUE,False,RETRIEVED,200,C:\Users\enkso\.kiro\crew\scratch\runtime-0a306834\osteopatch_full_ingestion\tiffs\Case-3-A18-16291-27049.tiff,294756,5205f5dea175060ce717eab48c5d18c32f4c030f53eb5601439e5e50b6ccb44f
Case-3-A18-19765-24396,Case-3-A18-19765-24396,Case 3 A18-19765-24396,http://pathdb.cancerimagingarchive.net/system/files/wsi/ross/Osteosarcoma-UT/converted/Osteosarcoma-UT/Training-Set-2/set3/Case-3-A18-19765-24396.tiff,Case-3,Non-Tumor,NON_TUMOR,TRUE,False,RETRIEVED,200,C:\Users\enkso\.kiro\crew\scratch\runtime-0a306834\osteopatch_full_ingestion\tiffs\Case-3-A18-19765-24396.tiff,226986,6f3d899310429022def87a688ea3a43231161bb801515744a4ccf4f69d9dca1e
Case-3-A18-19927-30678,Case-3-A18-19927-30678,Case 3 A18-19927-30678,http://pathdb.cancerimagingarchive.net/system/files/wsi/ross/Osteosarcoma-UT/converted/Osteosarcoma-UT/Training-Set-1/set2/Case-3-A18-19927-30678.tiff,Case-3,Non-Tumor,NON_TUMOR,TRUE,False,RETRIEVED,200,C:\Users\enkso\.kiro\crew\scratch\runtime-0a306834\osteopatch_full_ingestion\tiffs\Case-3-A18-19927-30678.tiff,198260,4aaa647b0aa244bc1ff989f1678804c1631831a37fe4471030da240c2a72b3a7
Case-3-A18-21774-29686,Case-3-A18-21774-29686,Case 3 A18-21774-29686,http://pathdb.cancerimagingarchive.net/system/files/wsi/ross/Osteosarcoma-UT/converted/Osteosarcoma-UT/Training-Set-1/set3/Case-3-A18-21774-29686.tiff,Case-3,Non-Viable-Tumor,NECROSIS,TRUE,False,RETRIEVED,200,C:\Users\enkso\.kiro\crew\scratch\runtime-0a306834\osteopatch_full_ingestion\tiffs\Case-3-A18-21774-29686.tiff,202868,650e313fa553889632eaadd1b6112009860b6a0f15d613f3e457c0225d980f3d
Case-3-A18-22725-7679,Case-3-A18-22725-7679,Case 3 A18-22725-7679,http://pathdb.cancerimagingarchive.net/system/files/wsi/ross/Osteosarcoma-UT/converted/Osteosarcoma-UT/Training-Set-1/set3/Case-3-A18-22725-7679.tiff,Case-3,Non-Viable-Tumor,NECROSIS,TRUE,False,RETRIEVED,200,C:\Users\enkso\.kiro\crew\scratch\runtime-0a306834\osteopatch_full_ingestion\tiffs\Case-3-A18-22725-7679.tiff,360528,1ba3571d5b437572e01fee3b503b19eb353cd1cd3ff7f8aeafdce63aecd5b417
Case-3-A18-26671-8353,Case-3-A18-26671-8353,Case 3 A18-26671-8353,http://pathdb.cancerimagingarchive.net/system/files/wsi/ross/Osteosarcoma-UT/converted/Osteosarcoma-UT/Training-Set-1/set3/Case-3-A18-26671-8353.tiff,Case-3,Non-Viable-Tumor,NECROSIS,TRUE,False,RETRIEVED,200,C:\Users\enkso\.kiro\crew\scratch\runtime-0a306834\osteopatch_full_ingestion\tiffs\Case-3-A18-26671-8353.tiff,375604,b01cc8cb82858a60cd625bc01620139b16f299a3ce54438f1d279fba646b139c
Case-3-A18-28050-10869,Case-3-A18-28050-10869,Case 3 A18-28050-10869,http://pathdb.cancerimagingarchive.net/system/files/wsi/ross/Osteosarcoma-UT/converted/Osteosarcoma-UT/Training-Set-1/set3/Case-3-A18-28050-10869.tiff,Case-3,Non-Viable-Tumor,NECROSIS,TRUE,False,RETRIEVED,200,C:\Users\enkso\.kiro\crew\scratch\runtime-0a306834\osteopatch_full_ingestion\tiffs\Case-3-A18-28050-10869.tiff,354148,59e6b5dbb12f17e4a2cdbd45c5331785c28a83a628ac9605c6f97c57d0e4dfbf
Case-3-A18-29907-24273,Case-3-A18-29907-24273,Case 3 A18-29907-24273,http://pathdb.cancerimagingarchive.net/system/files/wsi/ross/Osteosarcoma-UT/converted/Osteosarcoma-UT/Training-Set-1/set3/Case-3-A18-29907-24273.tiff,Case-3,Non-Viable-Tumor,NECROSIS,TRUE,False,RETRIEVED,200,C:\Users\enkso\.kiro\crew\scratch\runtime-0a306834\osteopatch_full_ingestion\tiffs\Case-3-A18-29907-24273.tiff,279178,e3db7b97855ad98caf0bb896c83f6e5ed019257d729bec93c474af315e8f88e6
Case-3-A18-30239-1991,Case-3-A18-30239-1991,Case 3 A18-30239-1991,http://pathdb.cancerimagingarchive.net/system/files/wsi/ross/Osteosarcoma-UT/converted/Osteosarcoma-UT/Training-Set-1/set3/Case-3-A18-30239-1991.tiff,Case-3,Non-Viable-Tumor,NECROSIS,TRUE,False,RETRIEVED,200,C:\Users\enkso\.kiro\crew\scratch\runtime-0a306834\osteopatch_full_ingestion\tiffs\Case-3-A18-30239-1991.tiff,206144,744b79cfd17110b47b4a31a5caefca5145fb975aa91fd7a8d6498525046a1365
Case-3-A18-37523-16456,Case-3-A18-37523-16456,Case 3 A18-37523-16456,http://pathdb.cancerimagingarchive.net/system/files/wsi/ross/Osteosarcoma-UT/converted/Osteosarcoma-UT/Training-Set-1/set3/Case-3-A18-37523-16456.tiff,Case-3,Non-Viable-Tumor,NECROSIS,TRUE,False,RETRIEVED,200,C:\Users\enkso\.kiro\crew\scratch\runtime-0a306834\osteopatch_full_ingestion\tiffs\Case-3-A18-37523-16456.tiff,330484,d5845ee8c6c8162859a6b5996613e2873fef77f17578c51e33fc6e4f0a87e3ff
Case-3-A18-37940-12063,Case-3-A18-37940-12063,Case 3 A18-37940-12063,http://pathdb.cancerimagingarchive.net/system/files/wsi/ross/Osteosarcoma-UT/converted/Osteosarcoma-UT/Training-Set-1/set3/Case-3-A18-37940-12063.tiff,Case-3,Non-Viable-Tumor,NECROSIS,TRUE,False,RETRIEVED,200,C:\Users\enkso\.kiro\crew\scratch\runtime-0a306834\osteopatch_full_ingestion\tiffs\Case-3-A18-37940-12063.tiff,386420,b15524d123b855fdc1b51a7bc21eed7db6d116a7280b7034bcdd7d14b661e4ee
Case-3-A18-3816-24060,Case-3-A18-3816-24060,Case 3 A18-3816-24060,http://pathdb.cancerimagingarchive.net/system/files/wsi/ross/Osteosarcoma-UT/converted/Osteosarcoma-UT/Training-Set-2/set3/Case-3-A18-3816-24060.tiff,Case-3,Non-Tumor,NON_TUMOR,TRUE,False,RETRIEVED,200,C:\Users\enkso\.kiro\crew\scratch\runtime-0a306834\osteopatch_full_ingestion\tiffs\Case-3-A18-3816-24060.tiff,162930,01c27de034c099a3d44a5bab382c2f20071fa0a3875b18f05725214f51722f0d
Case-3-A18-39897-25655,Case-3-A18-39897-25655,Case 3 A18-39897-25655,http://pathdb.cancerimagingarchive.net/system/files/wsi/ross/Osteosarcoma-UT/converted/Osteosarcoma-UT/Training-Set-1/set3/Case-3-A18-39897-25655.tiff,Case-3,Non-Viable-Tumor,NECROSIS,TRUE,False,RETRIEVED,200,C:\Users\enkso\.kiro\crew\scratch\runtime-0a306834\osteopatch_full_ingestion\tiffs\Case-3-A18-39897-25655.tiff,309318,0fa6ca1397314e61ca41103ccd0cc19b5ced950d5caa61c5d248c09c12a80f56
Case-3-A18-41302-32324,Case-3-A18-41302-32324,Case 3 A18-41302-32324,http://pathdb.cancerimagingarchive.net/system/files/wsi/ross/Osteosarcoma-UT/converted/Osteosarcoma-UT/Training-Set-1/set3/Case-3-A18-41302-32324.tiff,Case-3,Non-Tumor,NON_TUMOR,TRUE,False,RETRIEVED,200,C:\Users\enkso\.kiro\crew\scratch\runtime-0a306834\osteopatch_full_ingestion\tiffs\Case-3-A18-41302-32324.tiff,199836,44344c90d0e9798e054aee26100751b515123503be1f24e1bbd10ee7e8d88a6a
Case-3-A18-41611-21066,Case-3-A18-41611-21066,Case 3 A18-41611-21066,http://pathdb.cancerimagingarchive.net/system/files/wsi/ross/Osteosarcoma-UT/converted/Osteosarcoma-UT/Training-Set-1/set3/Case-3-A18-41611-21066.tiff,Case-3,Non-Viable-Tumor,NECROSIS,TRUE,False,RETRIEVED,200,C:\Users\enkso\.kiro\crew\scratch\runtime-0a306834\osteopatch_full_ingestion\tiffs\Case-3-A18-41611-21066.tiff,319650,764a0622a77caeef278e90658a15c5636a2fee8af124d7955ad745a48432b3b1
Case-3-A18-41817-26873,Case-3-A18-41817-26873,Case 3 A18-41817-26873,http://pathdb.cancerimagingarchive.net/system/files/wsi/ross/Osteosarcoma-UT/converted/Osteosarcoma-UT/Training-Set-1/set3/Case-3-A18-41817-26873.tiff,Case-3,Non-Viable-Tumor,NECROSIS,TRUE,False,RETRIEVED,200,C:\Users\enkso\.kiro\crew\scratch\runtime-0a306834\osteopatch_full_ingestion\tiffs\Case-3-A18-41817-26873.tiff,231540,95e6bae79abe4fbd5d3d5769ebdae80fb08b2b5175b646ce1c9c5dabaf758cff
Case-3-A18-42378-16271,Case-3-A18-42378-16271,Case 3 A18-42378-16271,http://pathdb.cancerimagingarchive.net/system/files/wsi/ross/Osteosarcoma-UT/converted/Osteosarcoma-UT/Training-Set-1/set3/Case-3-A18-42378-16271.tiff,Case-3,Non-Viable-Tumor,NECROSIS,TRUE,False,RETRIEVED,200,C:\Users\enkso\.kiro\crew\scratch\runtime-0a306834\osteopatch_full_ingestion\tiffs\Case-3-A18-42378-16271.tiff,341298,30a0386143077464121847c5de0cd269783ef347f7135f0c2c99773131658742
Case-3-A18-6464-3819,Case-3-A18-6464-3819,Case 3 A18-6464-3819,http://pathdb.cancerimagingarchive.net/system/files/wsi/ross/Osteosarcoma-UT/converted/Osteosarcoma-UT/Training-Set-2/set3/Case-3-A18-6464-3819.tiff,Case-3,Non-Viable-Tumor,NECROSIS,TRUE,False,RETRIEVED,200,C:\Users\enkso\.kiro\crew\scratch\runtime-0a306834\osteopatch_full_ingestion\tiffs\Case-3-A18-6464-3819.tiff,243302,b011dc034750a5a1dd568a9a5444a1b276440ee9535b6dbe2d4fae6e7e53b299
Case-3-A18-6551-37204,Case-3-A18-6551-37204,Case 3 A18-6551-37204,http://pathdb.cancerimagingarchive.net/system/files/wsi/ross/Osteosarcoma-UT/converted/Osteosarcoma-UT/Training-Set-2/set3/Case-3-A18-6551-37204.tiff,Case-3,Non-Tumor,NON_TUMOR,TRUE,False,RETRIEVED,200,C:\Users\enkso\.kiro\crew\scratch\runtime-0a306834\osteopatch_full_ingestion\tiffs\Case-3-A18-6551-37204.tiff,148664,400b70e115c748df891f41e21e495378f087a94bb61d7242b32069347ce85250
Case-3-A18-9303-23566,Case-3-A18-9303-23566,Case 3 A18-9303-23566,http://pathdb.cancerimagingarchive.net/system/files/wsi/ross/Osteosarcoma-UT/converted/Osteosarcoma-UT/Training-Set-2/set3/Case-3-A18-9303-23566.tiff,Case-3,Non-Tumor,NON_TUMOR,TRUE,False,RETRIEVED,200,C:\Users\enkso\.kiro\crew\scratch\runtime-0a306834\osteopatch_full_ingestion\tiffs\Case-3-A18-9303-23566.tiff,180560,16fa3d7adfb324b014174b9c69f4dae5688b2d637e0e7f0268e3487ee6974cfc
Case-3-A18-9485-39729,Case-3-A18-9485-39729,Case 3 A18-9485-39729,http://pathdb.cancerimagingarchive.net/system/files/wsi/ross/Osteosarcoma-UT/converted/Osteosarcoma-UT/Training-Set-2/set3/Case-3-A18-9485-39729.tiff,Case-3,Non-Tumor,NON_TUMOR,TRUE,False,RETRIEVED,200,C:\Users\enkso\.kiro\crew\scratch\runtime-0a306834\osteopatch_full_ingestion\tiffs\Case-3-A18-9485-39729.tiff,72886,e2dd35f5953c841f715cc36567980ad881bf66ea913f841509427f4b9b4d83de
Case-3-A18-9709-20966,Case-3-A18-9709-20966,Case 3 A18-9709-20966,http://pathdb.cancerimagingarchive.net/system/files/wsi/ross/Osteosarcoma-UT/converted/Osteosarcoma-UT/Training-Set-2/set3/Case-3-A18-9709-20966.tiff,Case-3,Non-Tumor,NON_TUMOR,TRUE,False,RETRIEVED,200,C:\Users\enkso\.kiro\crew\scratch\runtime-0a306834\osteopatch_full_ingestion\tiffs\Case-3-A18-9709-20966.tiff,231280,a45be560cb6a4841c7e3efadc3323f4f4417b09ee8909eb08c6f82e79a37d583
Case-3-A18-9712-32113,Case-3-A18-9712-32113,Case 3 A18-9712-32113,http://pathdb.cancerimagingarchive.net/system/files/wsi/ross/Osteosarcoma-UT/converted/Osteosarcoma-UT/Training-Set-2/set3/Case-3-A18-9712-32113.tiff,Case-3,Non-Tumor,NON_TUMOR,TRUE,False,RETRIEVED,200,C:\Users\enkso\.kiro\crew\scratch\runtime-0a306834\osteopatch_full_ingestion\tiffs\Case-3-A18-9712-32113.tiff,236590,74f4daee878ede5800642af5857323e58b780fd75d494b7f86ba363e88df9f71
Case-3-A7-10464-40567,Case-3-A7-10464-40567,Case 3 A7-10464-40567,http://pathdb.cancerimagingarchive.net/system/files/wsi/ross/Osteosarcoma-UT/converted/Osteosarcoma-UT/Training-Set-2/set3/Case-3-A7-10464-40567.tiff,Case-3,Non-Tumor,NON_TUMOR,TRUE,False,RETRIEVED,200,C:\Users\enkso\.kiro\crew\scratch\runtime-0a306834\osteopatch_full_ingestion\tiffs\Case-3-A7-10464-40567.tiff,141416,340736ed1e5cccf676113d7cfb61cdedb933d384d6dd403260da94b8d51d20a8
Case-3-A7-11686-7821,Case-3-A7-11686-7821,Case 3 A7-11686-7821,http://pathdb.cancerimagingarchive.net/system/files/wsi/ross/Osteosarcoma-UT/converted/Osteosarcoma-UT/Training-Set-2/set3/Case-3-A7-11686-7821.tiff,Case-3,Non-Viable-Tumor,NECROSIS,TRUE,False,RETRIEVED,200,C:\Users\enkso\.kiro\crew\scratch\runtime-0a306834\osteopatch_full_ingestion\tiffs\Case-3-A7-11686-7821.tiff,329784,bf07dd9d623da60b68a819cb6bd4f622a8d9cf5509ce56296eca497a669edc8b
Case-3-A7-12689-31503,Case-3-A7-12689-31503,Case 3 A7-12689-31503,http://pathdb.cancerimagingarchive.net/system/files/wsi/ross/Osteosarcoma-UT/converted/Osteosarcoma-UT/Training-Set-2/set3/Case-3-A7-12689-31503.tiff,Case-3,Non-Tumor,NON_TUMOR,TRUE,False,RETRIEVED,200,C:\Users\enkso\.kiro\crew\scratch\runtime-0a306834\osteopatch_full_ingestion\tiffs\Case-3-A7-12689-31503.tiff,224824,aa249c422f9c91d371f74f7d3f53d2b6cfaa0ce0fbffdf7f9a4c400813460de8
Case-3-A7-12921-34202,Case-3-A7-12921-34202,Case 3 A7-12921-34202,http://pathdb.cancerimagingarchive.net/system/files/wsi/ross/Osteosarcoma-UT/converted/Osteosarcoma-UT/Training-Set-2/set3/Case-3-A7-12921-34202.tiff,Case-3,Non-Tumor,NON_TUMOR,TRUE,False,RETRIEVED,200,C:\Users\enkso\.kiro\crew\scratch\runtime-0a306834\osteopatch_full_ingestion\tiffs\Case-3-A7-12921-34202.tiff,222452,bb168835b0870a855ce7fcec486703c1c90eb01e69839b5eebc7b66ceac1ab8a
Case-3-A7-13231-25695,Case-3-A7-13231-25695,Case 3 A7-13231-25695,http://pathdb.cancerimagingarchive.net/system/files/wsi/ross/Osteosarcoma-UT/converted/Osteosarcoma-UT/Training-Set-2/set3/Case-3-A7-13231-25695.tiff,Case-3,Non-Viable-Tumor,NECROSIS,TRUE,False,RETRIEVED,200,C:\Users\enkso\.kiro\crew\scratch\runtime-0a306834\osteopatch_full_ingestion\tiffs\Case-3-A7-13231-25695.tiff,247394,a709e15b7b374d3dd12462e56f9df85894bd892b22a2068572fff06cd1accf51
Case-3-A7-13363-2996,Case-3-A7-13363-2996,Case 3 A7-13363-2996,http://pathdb.cancerimagingarchive.net/system/files/wsi/ross/Osteosarcoma-UT/converted/Osteosarcoma-UT/Training-Set-2/set3/Case-3-A7-13363-2996.tiff,Case-3,Non-Viable-Tumor,NECROSIS,TRUE,False,RETRIEVED,200,C:\Users\enkso\.kiro\crew\scratch\runtime-0a306834\osteopatch_full_ingestion\tiffs\Case-3-A7-13363-2996.tiff,147086,bccfc8ef11dcbae6365d562b4b6bec68eb7b3564bb18f9ad72f5b336b582ce5e
Case-3-A7-13460-33035,Case-3-A7-13460-33035,Case 3 A7-13460-33035,http://pathdb.cancerimagingarchive.net/system/files/wsi/ross/Osteosarcoma-UT/converted/Osteosarcoma-UT/Training-Set-2/set3/Case-3-A7-13460-33035.tiff,Case-3,Non-Tumor,NON_TUMOR,TRUE,False,RETRIEVED,200,C:\Users\enkso\.kiro\crew\scratch\runtime-0a306834\osteopatch_full_ingestion\tiffs\Case-3-A7-13460-33035.tiff,213518,e6cf843138449aa415beb1b61b15e25669368d3b82f7bc9fa6c407b72db574ac
Case-3-A7-14113-31320,Case-3-A7-14113-31320,Case 3 A7-14113-31320,http://pathdb.cancerimagingarchive.net/system/files/wsi/ross/Osteosarcoma-UT/converted/Osteosarcoma-UT/Training-Set-2/set3/Case-3-A7-14113-31320.tiff,Case-3,Non-Tumor,NON_TUMOR,TRUE,False,RETRIEVED,200,C:\Users\enkso\.kiro\crew\scratch\runtime-0a306834\osteopatch_full_ingestion\tiffs\Case-3-A7-14113-31320.tiff,217896,41b2bec1a255d9312364d222f3c6fc885522627080671dd9fb0266810f359bb9
Case-3-A7-14703-16558,Case-3-A7-14703-16558,Case 3 A7-14703-16558,http://pathdb.cancerimagingarchive.net/system/files/wsi/ross/Osteosarcoma-UT/converted/Osteosarcoma-UT/Training-Set-2/set3/Case-3-A7-14703-16558.tiff,Case-3,Non-Viable-Tumor,NECROSIS,TRUE,False,RETRIEVED,200,C:\Users\enkso\.kiro\crew\scratch\runtime-0a306834\osteopatch_full_ingestion\tiffs\Case-3-A7-14703-16558.tiff,304884,f9c5386d60bfc473eb36b77ad86786bfcd9aeff00766b325294b13ad8fa41451
Case-3-A7-16948-19208,Case-3-A7-16948-19208,Case 3 A7-16948-19208,http://pathdb.cancerimagingarchive.net/system/files/wsi/ross/Osteosarcoma-UT/converted/Osteosarcoma-UT/Training-Set-2/set3/Case-3-A7-16948-19208.tiff,Case-3,Non-Tumor,NON_TUMOR,TRUE,False,RETRIEVED,200,C:\Users\enkso\.kiro\crew\scratch\runtime-0a306834\osteopatch_full_ingestion\tiffs\Case-3-A7-16948-19208.tiff,288220,c5d9b205ef960e7f0a6468e48b285c5bbb220e148cd444e32ec3a03dc52f600a
Case-3-A7-18669-5101,Case-3-A7-18669-5101,Case 3 A7-18669-5101,http://pathdb.cancerimagingarchive.net/system/files/wsi/ross/Osteosarcoma-UT/converted/Osteosarcoma-UT/Training-Set-2/set3/Case-3-A7-18669-5101.tiff,Case-3,Non-Viable-Tumor,NECROSIS,TRUE,False,RETRIEVED,200,C:\Users\enkso\.kiro\crew\scratch\runtime-0a306834\osteopatch_full_ingestion\tiffs\Case-3-A7-18669-5101.tiff,337304,cd4c9b5e37df2b53f1f08d9060cd1b313a91bdd42c8de46742414e3c6ad7b72c
Case-3-A7-19592-19096,Case-3-A7-19592-19096,Case 3 A7-19592-19096,http://pathdb.cancerimagingarchive.net/system/files/wsi/ross/Osteosarcoma-UT/converted/Osteosarcoma-UT/Training-Set-2/set3/Case-3-A7-19592-19096.tiff,Case-3,Non-Viable-Tumor,NECROSIS,TRUE,False,RETRIEVED,200,C:\Users\enkso\.kiro\crew\scratch\runtime-0a306834\osteopatch_full_ingestion\tiffs\Case-3-A7-19592-19096.tiff,288638,af994fb2729bd436228a98908722c41dd9f105511939e24ffc6514fce6bf9dbf
Case-3-A7-22533-27072,Case-3-A7-22533-27072,Case 3 A7-22533-27072,http://pathdb.cancerimagingarchive.net/system/files/wsi/ross/Osteosarcoma-UT/converted/Osteosarcoma-UT/Training-Set-1/set3/Case-3-A7-22533-27072.tiff,Case-3,Non-Viable-Tumor,NECROSIS,TRUE,False,RETRIEVED,200,C:\Users\enkso\.kiro\crew\scratch\runtime-0a306834\osteopatch_full_ingestion\tiffs\Case-3-A7-22533-27072.tiff,311724,228af3be882331a881945776776e1c6faf2732b8e5c07e83aedd33ac048eef5f
Case-3-A7-25131-12730,Case-3-A7-25131-12730,Case 3 A7-25131-12730,http://pathdb.cancerimagingarchive.net/system/files/wsi/ross/Osteosarcoma-UT/converted/Osteosarcoma-UT/Training-Set-1/set3/Case-3-A7-25131-12730.tiff,Case-3,Non-Viable-Tumor,NECROSIS,TRUE,False,RETRIEVED,200,C:\Users\enkso\.kiro\crew\scratch\runtime-0a306834\osteopatch_full_ingestion\tiffs\Case-3-A7-25131-12730.tiff,349344,a56024ea13224344b7190e97ae564eaf959059705eef82d8cce0240c206194fd
Case-3-A7-25309-2061,Case-3-A7-25309-2061,Case 3 A7-25309-2061,http://pathdb.cancerimagingarchive.net/system/files/wsi/ross/Osteosarcoma-UT/converted/Osteosarcoma-UT/Training-Set-1/set3/Case-3-A7-25309-2061.tiff,Case-3,Non-Viable-Tumor,NECROSIS,TRUE,False,RETRIEVED,200,C:\Users\enkso\.kiro\crew\scratch\runtime-0a306834\osteopatch_full_ingestion\tiffs\Case-3-A7-25309-2061.tiff,186208,b2858f2b2901a554c4bf8f8fdf23151b867c71340140e21bb49be55796921ba4
Case-3-A7-27102-7995,Case-3-A7-27102-7995,Case 3 A7-27102-7995,http://pathdb.cancerimagingarchive.net/system/files/wsi/ross/Osteosarcoma-UT/converted/Osteosarcoma-UT/Training-Set-1/set3/Case-3-A7-27102-7995.tiff,Case-3,Non-Viable-Tumor,NECROSIS,TRUE,False,RETRIEVED,200,C:\Users\enkso\.kiro\crew\scratch\runtime-0a306834\osteopatch_full_ingestion\tiffs\Case-3-A7-27102-7995.tiff,358672,5abcf58194454fbd52ea2db786480c14bd50e8aa619312017af3aaf15c108795
Case-3-A7-29290-29183,Case-3-A7-29290-29183,Case 3 A7-29290-29183,http://pathdb.cancerimagingarchive.net/system/files/wsi/ross/Osteosarcoma-UT/converted/Osteosarcoma-UT/Training-Set-1/set3/Case-3-A7-29290-29183.tiff,Case-3,Non-Tumor,NON_TUMOR,TRUE,False,RETRIEVED,200,C:\Users\enkso\.kiro\crew\scratch\runtime-0a306834\osteopatch_full_ingestion\tiffs\Case-3-A7-29290-29183.tiff,179858,1573c5b471a285125eafba9c2181b4a8b8cd89ef0b951aab52b99cc5dcfa52fe
Case-3-A7-29420-19979,Case-3-A7-29420-19979,Case 3 A7-29420-19979,http://pathdb.cancerimagingarchive.net/system/files/wsi/ross/Osteosarcoma-UT/converted/Osteosarcoma-UT/Training-Set-1/set3/Case-3-A7-29420-19979.tiff,Case-3,Non-Viable-Tumor,NECROSIS,TRUE,False,RETRIEVED,200,C:\Users\enkso\.kiro\crew\scratch\runtime-0a306834\osteopatch_full_ingestion\tiffs\Case-3-A7-29420-19979.tiff,308856,d044b86fb8807e226c72aa37333056f74d43855fea952de507cbfbf5a9ccabe9
Case-3-A7-31694-7282,Case-3-A7-31694-7282,Case 3 A7-31694-7282,http://pathdb.cancerimagingarchive.net/system/files/wsi/ross/Osteosarcoma-UT/converted/Osteosarcoma-UT/Training-Set-1/set3/Case-3-A7-31694-7282.tiff,Case-3,Non-Viable-Tumor,NECROSIS,TRUE,False,RETRIEVED,200,C:\Users\enkso\.kiro\crew\scratch\runtime-0a306834\osteopatch_full_ingestion\tiffs\Case-3-A7-31694-7282.tiff,360116,b6f419b3cca5451fe454c423fd604ed882ae08ad8ebc012fba6389eaa77d02d6
Case-3-A7-31801-6579,Case-3-A7-31801-6579,Case 3 A7-31801-6579,http://pathdb.cancerimagingarchive.net/system/files/wsi/ross/Osteosarcoma-UT/converted/Osteosarcoma-UT/Training-Set-1/set3/Case-3-A7-31801-6579.tiff,Case-3,Non-Viable-Tumor,NECROSIS,TRUE,False,RETRIEVED,200,C:\Users\enkso\.kiro\crew\scratch\runtime-0a306834\osteopatch_full_ingestion\tiffs\Case-3-A7-31801-6579.tiff,364276,5a5bbc714ff64eaf5205c9aa0c6854b865e966267228b816c4bfca692a6cd8e3
Case-3-A7-32878-13552,Case-3-A7-32878-13552,Case 3 A7-32878-13552,http://pathdb.cancerimagingarchive.net/system/files/wsi/ross/Osteosarcoma-UT/converted/Osteosarcoma-UT/Training-Set-1/set3/Case-3-A7-32878-13552.tiff,Case-3,Non-Viable-Tumor,NECROSIS,TRUE,False,RETRIEVED,200,C:\Users\enkso\.kiro\crew\scratch\runtime-0a306834\osteopatch_full_ingestion\tiffs\Case-3-A7-32878-13552.tiff,384338,a4813cc93ddbf20a66520fc32542b7a35cc42695c8862ce9110f7ca063016939
Case-3-A7-34476-34669,Case-3-A7-34476-34669,Case 3 A7-34476-34669,http://pathdb.cancerimagingarchive.net/system/files/wsi/ross/Osteosarcoma-UT/converted/Osteosarcoma-UT/Training-Set-1/set3/Case-3-A7-34476-34669.tiff,Case-3,Non-Tumor,NON_TUMOR,TRUE,False,RETRIEVED,200,C:\Users\enkso\.kiro\crew\scratch\runtime-0a306834\osteopatch_full_ingestion\tiffs\Case-3-A7-34476-34669.tiff,250830,f9ed54a0a5162074a95efb4c28bf23cbc1091f3e0a5a46fe8a0bc1f074369f93
Case-3-A7-35188-7457,Case-3-A7-35188-7457,Case 3 A7-35188-7457,http://pathdb.cancerimagingarchive.net/system/files/wsi/ross/Osteosarcoma-UT/converted/Osteosarcoma-UT/Training-Set-1/set3/Case-3-A7-35188-7457.tiff,Case-3,Non-Viable-Tumor,NECROSIS,TRUE,False,RETRIEVED,200,C:\Users\enkso\.kiro\crew\scratch\runtime-0a306834\osteopatch_full_ingestion\tiffs\Case-3-A7-35188-7457.tiff,355910,1f837179ee14aa84f94a230e430345ea3e28466415620573c241ebec34fad860
Case-3-A7-36617-26705,Case-3-A7-36617-26705,Case 3 A7-36617-26705,http://pathdb.cancerimagingarchive.net/system/files/wsi/ross/Osteosarcoma-UT/converted/Osteosarcoma-UT/Training-Set-1/set3/Case-3-A7-36617-26705.tiff,Case-3,Non-Viable-Tumor,NECROSIS,TRUE,False,RETRIEVED,200,C:\Users\enkso\.kiro\crew\scratch\runtime-0a306834\osteopatch_full_ingestion\tiffs\Case-3-A7-36617-26705.tiff,319800,e3b003f7d30e7c180d1f3601c8e68adbbb6be07e3752d41524b28e427f20d83d
Case-3-A7-36958-32140,Case-3-A7-36958-32140,Case 3 A7-36958-32140,http://pathdb.cancerimagingarchive.net/system/files/wsi/ross/Osteosarcoma-UT/converted/Osteosarcoma-UT/Training-Set-1/set3/Case-3-A7-36958-32140.tiff,Case-3,Non-Tumor,NON_TUMOR,TRUE,False,RETRIEVED,200,C:\Users\enkso\.kiro\crew\scratch\runtime-0a306834\osteopatch_full_ingestion\tiffs\Case-3-A7-36958-32140.tiff,218526,6c9e2aa09cdeaeb9fac99f22f728d80d9722143e925a7ae22fb65ff04e0ead35
Case-3-A7-3774-28397,Case-3-A7-3774-28397,Case 3 A7-3774-28397,http://pathdb.cancerimagingarchive.net/system/files/wsi/ross/Osteosarcoma-UT/converted/Osteosarcoma-UT/Training-Set-2/set3/Case-3-A7-3774-28397.tiff,Case-3,Non-Tumor,NON_TUMOR,TRUE,False,RETRIEVED,200,C:\Users\enkso\.kiro\crew\scratch\runtime-0a306834\osteopatch_full_ingestion\tiffs\Case-3-A7-3774-28397.tiff,204802,73245381d4bfaad0842e182328ca910d282648abb7ce920472160a5214aaa956
Case-3-A7-39090-2995,Case-3-A7-39090-2995,Case 3 A7-39090-2995,http://pathdb.cancerimagingarchive.net/system/files/wsi/ross/Osteosarcoma-UT/converted/Osteosarcoma-UT/Training-Set-1/set3/Case-3-A7-39090-2995.tiff,Case-3,Non-Viable-Tumor,NECROSIS,TRUE,False,RETRIEVED,200,C:\Users\enkso\.kiro\crew\scratch\runtime-0a306834\osteopatch_full_ingestion\tiffs\Case-3-A7-39090-2995.tiff,334110,ef58b682a47ba2a0279aec39a7ca93c4009a87ef2f8a0a091f3d06544eca83e6
Case-3-A7-40281-28771,Case-3-A7-40281-28771,Case 3 A7-40281-28771,http://pathdb.cancerimagingarchive.net/system/files/wsi/ross/Osteosarcoma-UT/converted/Osteosarcoma-UT/Training-Set-1/set3/Case-3-A7-40281-28771.tiff,Case-3,Non-Tumor,NON_TUMOR,TRUE,False,RETRIEVED,200,C:\Users\enkso\.kiro\crew\scratch\runtime-0a306834\osteopatch_full_ingestion\tiffs\Case-3-A7-40281-28771.tiff,205520,4d62d8b4d395a18a46aa82928ec19b3081ac7995d4d22455e39598ce7351b77b
Case-3-A7-5014-31757,Case-3-A7-5014-31757,Case 3 A7-5014-31757,http://pathdb.cancerimagingarchive.net/system/files/wsi/ross/Osteosarcoma-UT/converted/Osteosarcoma-UT/Training-Set-2/set3/Case-3-A7-5014-31757.tiff,Case-3,Non-Tumor,NON_TUMOR,TRUE,False,RETRIEVED,200,C:\Users\enkso\.kiro\crew\scratch\runtime-0a306834\osteopatch_full_ingestion\tiffs\Case-3-A7-5014-31757.tiff,200966,bfab447e64b5a01b90660e54efd105fefd007d68d6b6790e9740ab2388fce8c7
Case-3-A7-7717-26653,Case-3-A7-7717-26653,Case 3 A7-7717-26653,http://pathdb.cancerimagingarchive.net/system/files/wsi/ross/Osteosarcoma-UT/converted/Osteosarcoma-UT/Training-Set-2/set3/Case-3-A7-7717-26653.tiff,Case-3,Non-Viable-Tumor,NECROSIS,TRUE,False,RETRIEVED,200,C:\Users\enkso\.kiro\crew\scratch\runtime-0a306834\osteopatch_full_ingestion\tiffs\Case-3-A7-7717-26653.tiff,106416,1e7732570513b89b38693f80af41b930a3870dfba972c51610aa7a97951c4bcc
Case-3-A7-8126-12734,Case-3-A7-8126-12734,Case 3 A7-8126-12734,http://pathdb.cancerimagingarchive.net/system/files/wsi/ross/Osteosarcoma-UT/converted/Osteosarcoma-UT/Training-Set-2/set3/Case-3-A7-8126-12734.tiff,Case-3,Non-Tumor,NON_TUMOR,TRUE,False,RETRIEVED,200,C:\Users\enkso\.kiro\crew\scratch\runtime-0a306834\osteopatch_full_ingestion\tiffs\Case-3-A7-8126-12734.tiff,306674,ba0142b83d13b115ad5d6050e54ce07b28906de6bd8b40255b51b32ff0977de7
Case-3-A8-10396-34864,Case-3-A8-10396-34864,Case 3 A8-10396-34864,http://pathdb.cancerimagingarchive.net/system/files/wsi/ross/Osteosarcoma-UT/converted/Osteosarcoma-UT/Training-Set-2/set3/Case-3-A8-10396-34864.tiff,Case-3,Non-Tumor,NON_TUMOR,TRUE,False,RETRIEVED,200,C:\Users\enkso\.kiro\crew\scratch\runtime-0a306834\osteopatch_full_ingestion\tiffs\Case-3-A8-10396-34864.tiff,182022,0e9923b314bcc155324aafc9b29e7200599b3cee6a6ad56e72fcd852e0e472e8
Case-3-A8-11491-21160,Case-3-A8-11491-21160,Case 3 A8-11491-21160,http://pathdb.cancerimagingarchive.net/system/files/wsi/ross/Osteosarcoma-UT/converted/Osteosarcoma-UT/Training-Set-2/set3/Case-3-A8-11491-21160.tiff,Case-3,Non-Tumor,NON_TUMOR,TRUE,False,RETRIEVED,200,C:\Users\enkso\.kiro\crew\scratch\runtime-0a306834\osteopatch_full_ingestion\tiffs\Case-3-A8-11491-21160.tiff,232406,c9c1c6b30b35ad6e3f8d3e2c9f975b4c87e78c6b7fa8f4f440542746d421e20c
Case-3-A8-14916-20753,Case-3-A8-14916-20753,Case 3 A8-14916-20753,http://pathdb.cancerimagingarchive.net/system/files/wsi/ross/Osteosarcoma-UT/converted/Osteosarcoma-UT/Training-Set-2/set3/Case-3-A8-14916-20753.tiff,Case-3,Non-Tumor,NON_TUMOR,TRUE,False,RETRIEVED,200,C:\Users\enkso\.kiro\crew\scratch\runtime-0a306834\osteopatch_full_ingestion\tiffs\Case-3-A8-14916-20753.tiff,252644,aa76088b4fd272d5e69264053e9830f484eafb4cdc173dd11ddde8a5ff90960a
Case-3-A8-17308-25507,Case-3-A8-17308-25507,Case 3 A8-17308-25507,http://pathdb.cancerimagingarchive.net/system/files/wsi/ross/Osteosarcoma-UT/converted/Osteosarcoma-UT/Training-Set-2/set3/Case-3-A8-17308-25507.tiff,Case-3,Non-Tumor,NON_TUMOR,TRUE,False,RETRIEVED,200,C:\Users\enkso\.kiro\crew\scratch\runtime-0a306834\osteopatch_full_ingestion\tiffs\Case-3-A8-17308-25507.tiff,253478,3e35af47b4d5124716d87578d08a6adb823ad6da78850353d6e26b7bc09d7e49
Case-3-A8-17525-23399,Case-3-A8-17525-23399,Case 3 A8-17525-23399,http://pathdb.cancerimagingarchive.net/system/files/wsi/ross/Osteosarcoma-UT/converted/Osteosarcoma-UT/Training-Set-2/set3/Case-3-A8-17525-23399.tiff,Case-3,Non-Tumor,NON_TUMOR,TRUE,False,RETRIEVED,200,C:\Users\enkso\.kiro\crew\scratch\runtime-0a306834\osteopatch_full_ingestion\tiffs\Case-3-A8-17525-23399.tiff,254788,97213e2e674d8d958d61f6289b3cfb41eb73ac0e15fbcd13e7f4e49507b31e30
Case-3-A8-17777-30759,Case-3-A8-17777-30759,Case 3 A8-17777-30759,http://pathdb.cancerimagingarchive.net/system/files/wsi/ross/Osteosarcoma-UT/converted/Osteosarcoma-UT/Training-Set-2/set3/Case-3-A8-17777-30759.tiff,Case-3,Non-Tumor,NON_TUMOR,TRUE,False,RETRIEVED,200,C:\Users\enkso\.kiro\crew\scratch\runtime-0a306834\osteopatch_full_ingestion\tiffs\Case-3-A8-17777-30759.tiff,216422,9f6269ab2a3ce5b1809b89a0849737d060676aa6bb6a7e1757cc887153f31606
Case-3-A8-19213-13280,Case-3-A8-19213-13280,Case 3 A8-19213-13280,http://pathdb.cancerimagingarchive.net/system/files/wsi/ross/Osteosarcoma-UT/converted/Osteosarcoma-UT/Training-Set-2/set3/Case-3-A8-19213-13280.tiff,Case-3,Non-Viable-Tumor,NECROSIS,TRUE,False,RETRIEVED,200,C:\Users\enkso\.kiro\crew\scratch\runtime-0a306834\osteopatch_full_ingestion\tiffs\Case-3-A8-19213-13280.tiff,393068,a6fd31cfad0d4a6d2caec1bdacbdec25a6c0e1b9185f49ab3e21f7520a93d69d
Case-3-A8-20541-20421,Case-3-A8-20541-20421,Case 3 A8-20541-20421,http://pathdb.cancerimagingarchive.net/system/files/wsi/ross/Osteosarcoma-UT/converted/Osteosarcoma-UT/Training-Set-2/set3/Case-3-A8-20541-20421.tiff,Case-3,Non-Viable-Tumor,NECROSIS,TRUE,False,RETRIEVED,200,C:\Users\enkso\.kiro\crew\scratch\runtime-0a306834\osteopatch_full_ingestion\tiffs\Case-3-A8-20541-20421.tiff,300398,46ed9a30b59c251e094bba56b39564c0ed7a06cfede84fafc14fa65591992ca0
Case-3-A8-20812-18023,Case-3-A8-20812-18023,Case 3 A8-20812-18023,http://pathdb.cancerimagingarchive.net/system/files/wsi/ross/Osteosarcoma-UT/converted/Osteosarcoma-UT/Training-Set-2/set3/Case-3-A8-20812-18023.tiff,Case-3,Non-Viable-Tumor,NECROSIS,TRUE,False,RETRIEVED,200,C:\Users\enkso\.kiro\crew\scratch\runtime-0a306834\osteopatch_full_ingestion\tiffs\Case-3-A8-20812-18023.tiff,311924,617c8558a627e0d3e079bd143f6174fd0a90ec71aac669dba2bab6b9cc49b9f3
Case-3-A8-21347-28454,Case-3-A8-21347-28454,Case 3 A8-21347-28454,http://pathdb.cancerimagingarchive.net/system/files/wsi/ross/Osteosarcoma-UT/converted/Osteosarcoma-UT/Training-Set-2/set3/Case-3-A8-21347-28454.tiff,Case-3,Non-Tumor,NON_TUMOR,TRUE,False,RETRIEVED,200,C:\Users\enkso\.kiro\crew\scratch\runtime-0a306834\osteopatch_full_ingestion\tiffs\Case-3-A8-21347-28454.tiff,272738,158a5ac2fbe6707148ca10ab02f67855177f62d481b2e57d65a16046239ad716
Case-3-A8-23069-11985,Case-3-A8-23069-11985,Case 3 A8-23069-11985,http://pathdb.cancerimagingarchive.net/system/files/wsi/ross/Osteosarcoma-UT/converted/Osteosarcoma-UT/Training-Set-1/set3/Case-3-A8-23069-11985.tiff,Case-3,Non-Viable-Tumor,NECROSIS,TRUE,False,RETRIEVED,200,C:\Users\enkso\.kiro\crew\scratch\runtime-0a306834\osteopatch_full_ingestion\tiffs\Case-3-A8-23069-11985.tiff,370504,709bb966db60b4651934e06d689bf96e3dbbd17c6a1b5b47679f27a07b009e1e
Case-3-A8-25825-20639,Case-3-A8-25825-20639,Case 3 A8-25825-20639,http://pathdb.cancerimagingarchive.net/system/files/wsi/ross/Osteosarcoma-UT/converted/Osteosarcoma-UT/Training-Set-1/set3/Case-3-A8-25825-20639.tiff,Case-3,Non-Viable-Tumor,NECROSIS,TRUE,False,RETRIEVED,200,C:\Users\enkso\.kiro\crew\scratch\runtime-0a306834\osteopatch_full_ingestion\tiffs\Case-3-A8-25825-20639.tiff,284020,08cd5568b55fbc047a138d02c5dd9dbe48ed3bcf53310e196ef7fe8e651aa895
Case-3-A8-27422-14386,Case-3-A8-27422-14386,Case 3 A8-27422-14386,http://pathdb.cancerimagingarchive.net/system/files/wsi/ross/Osteosarcoma-UT/converted/Osteosarcoma-UT/Training-Set-1/set3/Case-3-A8-27422-14386.tiff,Case-3,Non-Viable-Tumor,NECROSIS,TRUE,False,RETRIEVED,200,C:\Users\enkso\.kiro\crew\scratch\runtime-0a306834\osteopatch_full_ingestion\tiffs\Case-3-A8-27422-14386.tiff,361668,6b990927b73eb7352dbd242a504c87b69db2e3268f572b75e99bf150c7fb4059
Case-3-A8-28656-29882,Case-3-A8-28656-29882,Case 3 A8-28656-29882,http://pathdb.cancerimagingarchive.net/system/files/wsi/ross/Osteosarcoma-UT/converted/Osteosarcoma-UT/Training-Set-1/set3/Case-3-A8-28656-29882.tiff,Case-3,Non-Tumor,NON_TUMOR,TRUE,False,RETRIEVED,200,C:\Users\enkso\.kiro\crew\scratch\runtime-0a306834\osteopatch_full_ingestion\tiffs\Case-3-A8-28656-29882.tiff,192614,e2f1def107d008d25a3dd1fc10d2f8c052c0424a2f58d9ef3a0bb55b0e61ab82
Case-3-A8-34597-15691,Case-3-A8-34597-15691,Case 3 A8-34597-15691,http://pathdb.cancerimagingarchive.net/system/files/wsi/ross/Osteosarcoma-UT/converted/Osteosarcoma-UT/Training-Set-1/set3/Case-3-A8-34597-15691.tiff,Case-3,Non-Viable-Tumor,NECROSIS,TRUE,False,RETRIEVED,200,C:\Users\enkso\.kiro\crew\scratch\runtime-0a306834\osteopatch_full_ingestion\tiffs\Case-3-A8-34597-15691.tiff,400870,2d393b8a8455ca316ee11fbe09dcc1bb997a77360340b6231fba370dc1672554
Case-3-A8-35052-27260,Case-3-A8-35052-27260,Case 3 A8-35052-27260,http://pathdb.cancerimagingarchive.net/system/files/wsi/ross/Osteosarcoma-UT/converted/Osteosarcoma-UT/Training-Set-1/set3/Case-3-A8-35052-27260.tiff,Case-3,Non-Viable-Tumor,NECROSIS,TRUE,False,RETRIEVED,200,C:\Users\enkso\.kiro\crew\scratch\runtime-0a306834\osteopatch_full_ingestion\tiffs\Case-3-A8-35052-27260.tiff,319942,bfd4d3b853eddab175293074e838cc1100e2ebed45c95e143f385629f1d625dc
Case-3-A8-3678-6946,Case-3-A8-3678-6946,Case 3 A8-3678-6946,http://pathdb.cancerimagingarchive.net/system/files/wsi/ross/Osteosarcoma-UT/converted/Osteosarcoma-UT/Training-Set-2/set3/Case-3-A8-3678-6946.tiff,Case-3,Non-Viable-Tumor,NECROSIS,TRUE,False,RETRIEVED,200,C:\Users\enkso\.kiro\crew\scratch\runtime-0a306834\osteopatch_full_ingestion\tiffs\Case-3-A8-3678-6946.tiff,191830,a195bdc96aa3368c1bf07581c3bedeaed02b2e8355451fb1a969282a37a4f538
Case-3-A8-38100-23063,Case-3-A8-38100-23063,Case 3 A8-38100-23063,http://pathdb.cancerimagingarchive.net/system/files/wsi/ross/Osteosarcoma-UT/converted/Osteosarcoma-UT/Training-Set-1/set3/Case-3-A8-38100-23063.tiff,Case-3,Non-Viable-Tumor,NECROSIS,TRUE,False,RETRIEVED,200,C:\Users\enkso\.kiro\crew\scratch\runtime-0a306834\osteopatch_full_ingestion\tiffs\Case-3-A8-38100-23063.tiff,399036,de8a7951dc56d2d6ce1554a3ce9010e30602f33c2c8580eef095ce93b5c51db4
Case-3-A8-38575-19060,Case-3-A8-38575-19060,Case 3 A8-38575-19060,http://pathdb.cancerimagingarchive.net/system/files/wsi/ross/Osteosarcoma-UT/converted/Osteosarcoma-UT/Training-Set-1/set3/Case-3-A8-38575-19060.tiff,Case-3,Non-Viable-Tumor,NECROSIS,TRUE,False,RETRIEVED,200,C:\Users\enkso\.kiro\crew\scratch\runtime-0a306834\osteopatch_full_ingestion\tiffs\Case-3-A8-38575-19060.tiff,395486,5f582ba7599b83cfe5414c2b07455e08b7e87393176179088020c498d6117e3d
Case-3-A8-38576-12372,Case-3-A8-38576-12372,Case 3 A8-38576-12372,http://pathdb.cancerimagingarchive.net/system/files/wsi/ross/Osteosarcoma-UT/converted/Osteosarcoma-UT/Training-Set-1/set3/Case-3-A8-38576-12372.tiff,Case-3,Non-Viable-Tumor,NECROSIS,TRUE,False,RETRIEVED,200,C:\Users\enkso\.kiro\crew\scratch\runtime-0a306834\osteopatch_full_ingestion\tiffs\Case-3-A8-38576-12372.tiff,392894,5bac013e34ac27410faf8ddfc623962d43639313915d5ad89e4c4c63d5e844cf
Case-3-A8-40090-34133,Case-3-A8-40090-34133,Case 3 A8-40090-34133,http://pathdb.cancerimagingarchive.net/system/files/wsi/ross/Osteosarcoma-UT/converted/Osteosarcoma-UT/Training-Set-1/set3/Case-3-A8-40090-34133.tiff,Case-3,Non-Tumor,NON_TUMOR,TRUE,False,RETRIEVED,200,C:\Users\enkso\.kiro\crew\scratch\runtime-0a306834\osteopatch_full_ingestion\tiffs\Case-3-A8-40090-34133.tiff,77584,48fefc59a7a2f78dfb204aad290235495229598887be93fcf07ae57e939a5aed
Case-3-A8-40327-2954,Case-3-A8-40327-2954,Case 3 A8-40327-2954,http://pathdb.cancerimagingarchive.net/system/files/wsi/ross/Osteosarcoma-UT/converted/Osteosarcoma-UT/Training-Set-1/set3/Case-3-A8-40327-2954.tiff,Case-3,Non-Viable-Tumor,NECROSIS,TRUE,False,RETRIEVED,200,C:\Users\enkso\.kiro\crew\scratch\runtime-0a306834\osteopatch_full_ingestion\tiffs\Case-3-A8-40327-2954.tiff,319178,d30a92ff766589f053fc6abec36d8e563ac504de8d334c7212289bf81c7ccdcc
Case-3-A8-42144-11358,Case-3-A8-42144-11358,Case 3 A8-42144-11358,http://pathdb.cancerimagingarchive.net/system/files/wsi/ross/Osteosarcoma-UT/converted/Osteosarcoma-UT/Training-Set-1/set3/Case-3-A8-42144-11358.tiff,Case-3,Non-Viable-Tumor,NECROSIS,TRUE,False,RETRIEVED,200,C:\Users\enkso\.kiro\crew\scratch\runtime-0a306834\osteopatch_full_ingestion\tiffs\Case-3-A8-42144-11358.tiff,373354,9d0830bbf2ac0c3b301be7cf70b94cc6c132454f1bac696ddf6128d33026403c
Case-3-A8-42275-18820,Case-3-A8-42275-18820,Case 3 A8-42275-18820,http://pathdb.cancerimagingarchive.net/system/files/wsi/ross/Osteosarcoma-UT/converted/Osteosarcoma-UT/Training-Set-1/set3/Case-3-A8-42275-18820.tiff,Case-3,Non-Viable-Tumor,NECROSIS,TRUE,False,RETRIEVED,200,C:\Users\enkso\.kiro\crew\scratch\runtime-0a306834\osteopatch_full_ingestion\tiffs\Case-3-A8-42275-18820.tiff,402158,8fb3deb5a0adca1a8ff705e2dbff7775bf688f9dd7ecfcb6d45ebb42ba8fca7b
Case-3-A8-6596-2373,Case-3-A8-6596-2373,Case 3 A8-6596-2373,http://pathdb.cancerimagingarchive.net/system/files/wsi/ross/Osteosarcoma-UT/converted/Osteosarcoma-UT/Training-Set-2/set3/Case-3-A8-6596-2373.tiff,Case-3,Non-Viable-Tumor,NECROSIS,TRUE,False,RETRIEVED,200,C:\Users\enkso\.kiro\crew\scratch\runtime-0a306834\osteopatch_full_ingestion\tiffs\Case-3-A8-6596-2373.tiff,102474,df7ae163271bcf4f0874e440469106673946572fabe7b6fac6070cfa69967192
Case-3-A8-8347-14021,Case-3-A8-8347-14021,Case 3 A8-8347-14021,http://pathdb.cancerimagingarchive.net/system/files/wsi/ross/Osteosarcoma-UT/converted/Osteosarcoma-UT/Training-Set-2/set3/Case-3-A8-8347-14021.tiff,Case-3,Non-Tumor,NON_TUMOR,TRUE,False,RETRIEVED,200,C:\Users\enkso\.kiro\crew\scratch\runtime-0a306834\osteopatch_full_ingestion\tiffs\Case-3-A8-8347-14021.tiff,299396,257dc782f5ffb0297d12821688c5f11298a6633898f9f1bdecd1e82bd12dfb4d
Case-3-A8-8708-9689,Case-3-A8-8708-9689,Case 3 A8-8708-9689,http://pathdb.cancerimagingarchive.net/system/files/wsi/ross/Osteosarcoma-UT/converted/Osteosarcoma-UT/Training-Set-2/set3/Case-3-A8-8708-9689.tiff,Case-3,Non-Viable-Tumor,NECROSIS,TRUE,False,RETRIEVED,200,C:\Users\enkso\.kiro\crew\scratch\runtime-0a306834\osteopatch_full_ingestion\tiffs\Case-3-A8-8708-9689.tiff,288818,b5fa7ff22929f21b077a57455788d9e6e8950010e24cfd68c489b569d9e360ee
Case-3-A8-9677-9114,Case-3-A8-9677-9114,Case 3 A8-9677-9114,http://pathdb.cancerimagingarchive.net/system/files/wsi/ross/Osteosarcoma-UT/converted/Osteosarcoma-UT/Training-Set-2/set3/Case-3-A8-9677-9114.tiff,Case-3,Non-Viable-Tumor,NECROSIS,TRUE,False,RETRIEVED,200,C:\Users\enkso\.kiro\crew\scratch\runtime-0a306834\osteopatch_full_ingestion\tiffs\Case-3-A8-9677-9114.tiff,344590,4842c13328db799f9e8ad85aa4c3b8b2a2cc0a40e21bbba7e6cd6fdc73b9855f
Case-4-C21-11229-17093,Case-4-C21-11229-17093,Case 4 C21-11229-17093,http://pathdb.cancerimagingarchive.net/system/files/wsi/ross/Osteosarcoma-UT/converted/Osteosarcoma-UT/Training-Set-2/set3/Case-4-C21-11229-17093.tiff,Case-4,Non-Viable-Tumor,NECROSIS,TRUE,False,RETRIEVED,200,C:\Users\enkso\.kiro\crew\scratch\runtime-0a306834\osteopatch_full_ingestion\tiffs\Case-4-C21-11229-17093.tiff,403940,494560a4e6d6c3db15f6c8895c4bbe1d4595c0512c6f79ed73660e3d9a518c7b
Case-4-C21-13339-24727,Case-4-C21-13339-24727,Case 4 C21-13339-24727,http://pathdb.cancerimagingarchive.net/system/files/wsi/ross/Osteosarcoma-UT/converted/Osteosarcoma-UT/Training-Set-2/set3/Case-4-C21-13339-24727.tiff,Case-4,Non-Viable-Tumor,NECROSIS,TRUE,False,RETRIEVED,200,C:\Users\enkso\.kiro\crew\scratch\runtime-0a306834\osteopatch_full_ingestion\tiffs\Case-4-C21-13339-24727.tiff,119346,192087f95bedc9002c0a36a1fa962ae5fe48568e06add71e943450d5e0f3c648
Case-4-C21-14246-18799,Case-4-C21-14246-18799,Case 4 C21-14246-18799,http://pathdb.cancerimagingarchive.net/system/files/wsi/ross/Osteosarcoma-UT/converted/Osteosarcoma-UT/Training-Set-2/set3/Case-4-C21-14246-18799.tiff,Case-4,Non-Viable-Tumor,NECROSIS,TRUE,False,RETRIEVED,200,C:\Users\enkso\.kiro\crew\scratch\runtime-0a306834\osteopatch_full_ingestion\tiffs\Case-4-C21-14246-18799.tiff,421498,768a1a28b2d7b41789b177081e4ca7c7b5a9b71a77903c38c471a105b8cc526a
Case-4-C21-17996-22366,Case-4-C21-17996-22366,Case 4 C21-17996-22366,http://pathdb.cancerimagingarchive.net/system/files/wsi/ross/Osteosarcoma-UT/converted/Osteosarcoma-UT/Training-Set-2/set3/Case-4-C21-17996-22366.tiff,Case-4,Non-Viable-Tumor,NECROSIS,TRUE,False,RETRIEVED,200,C:\Users\enkso\.kiro\crew\scratch\runtime-0a306834\osteopatch_full_ingestion\tiffs\Case-4-C21-17996-22366.tiff,303640,f16c58cf72f247c271af83a18d5b2747d051d491b82feb2b5b1796a3240df2e9
Case-4-C21-20675-9095,Case-4-C21-20675-9095,Case 4 C21-20675-9095,http://pathdb.cancerimagingarchive.net/system/files/wsi/ross/Osteosarcoma-UT/converted/Osteosarcoma-UT/Training-Set-2/set4/Case-4-C21-20675-9095.tiff,Case-4,Viable,VIABLE_TUMOR,TRUE,False,RETRIEVED,200,C:\Users\enkso\.kiro\crew\scratch\runtime-0a306834\osteopatch_full_ingestion\tiffs\Case-4-C21-20675-9095.tiff,476708,640ece5d797b45374c0582a2447140d05f03a583c76a003b2f460cd83b47b710
Case-4-C21-22035-24818,Case-4-C21-22035-24818,Case 4 C21-22035-24818,http://pathdb.cancerimagingarchive.net/system/files/wsi/ross/Osteosarcoma-UT/converted/Osteosarcoma-UT/Training-Set-2/set4/Case-4-C21-22035-24818.tiff,Case-4,Non-Viable-Tumor,NECROSIS,TRUE,False,RETRIEVED,200,C:\Users\enkso\.kiro\crew\scratch\runtime-0a306834\osteopatch_full_ingestion\tiffs\Case-4-C21-22035-24818.tiff,269390,fe1446572cbdf7bc88edd472a7212a9f477f2201067ae03fa78eb7cf6cbf0610
Case-4-C21-22607-7946,Case-4-C21-22607-7946,Case 4 C21-22607-7946,http://pathdb.cancerimagingarchive.net/system/files/wsi/ross/Osteosarcoma-UT/converted/Osteosarcoma-UT/Training-Set-2/set4/Case-4-C21-22607-7946.tiff,Case-4,Viable,VIABLE_TUMOR,TRUE,False,RETRIEVED,200,C:\Users\enkso\.kiro\crew\scratch\runtime-0a306834\osteopatch_full_ingestion\tiffs\Case-4-C21-22607-7946.tiff,416944,4a2d1efca765f28ec4e247289bb9af86ea1a77d77f5e99cc099a160c9b2e94bc
Case-4-C21-23743-36254,Case-4-C21-23743-36254,Case 4 C21-23743-36254,http://pathdb.cancerimagingarchive.net/system/files/wsi/ross/Osteosarcoma-UT/converted/Osteosarcoma-UT/Training-Set-2/set4/Case-4-C21-23743-36254.tiff,Case-4,Non-Viable-Tumor,NECROSIS,TRUE,False,RETRIEVED,200,C:\Users\enkso\.kiro\crew\scratch\runtime-0a306834\osteopatch_full_ingestion\tiffs\Case-4-C21-23743-36254.tiff,353262,5003c8b774f535ef2b42386e30647814c30d9188c22a7435228ae7e44166df23
Case-4-C21-25306-21689,Case-4-C21-25306-21689,Case 4 C21-25306-21689,http://pathdb.cancerimagingarchive.net/system/files/wsi/ross/Osteosarcoma-UT/converted/Osteosarcoma-UT/Training-Set-2/set4/Case-4-C21-25306-21689.tiff,Case-4,Viable,VIABLE_TUMOR,TRUE,False,RETRIEVED,200,C:\Users\enkso\.kiro\crew\scratch\runtime-0a306834\osteopatch_full_ingestion\tiffs\Case-4-C21-25306-21689.tiff,356042,a43d597783ebabcebacf94ba4876b928fe3e842702f09cb31e3431016bf8ab99
Case-4-C21-25396-25798,Case-4-C21-25396-25798,Case 4 C21-25396-25798,http://pathdb.cancerimagingarchive.net/system/files/wsi/ross/Osteosarcoma-UT/converted/Osteosarcoma-UT/Training-Set-2/set4/Case-4-C21-25396-25798.tiff,Case-4,Non-Viable-Tumor,NECROSIS,TRUE,False,RETRIEVED,200,C:\Users\enkso\.kiro\crew\scratch\runtime-0a306834\osteopatch_full_ingestion\tiffs\Case-4-C21-25396-25798.tiff,342482,4ff6ec206ce36badf70d72c9905a1a0e7dbc4030358efb95cf7fa75d0f1a313c
Case-4-C21-26326-8633,Case-4-C21-26326-8633,Case 4 C21-26326-8633,http://pathdb.cancerimagingarchive.net/system/files/wsi/ross/Osteosarcoma-UT/converted/Osteosarcoma-UT/Training-Set-2/set4/Case-4-C21-26326-8633.tiff,Case-4,Viable,VIABLE_TUMOR,TRUE,False,RETRIEVED,200,C:\Users\enkso\.kiro\crew\scratch\runtime-0a306834\osteopatch_full_ingestion\tiffs\Case-4-C21-26326-8633.tiff,411682,ac05e39daedd3ec229b43b7487b1dacbad9a40296191abb06a268be82dbb4c83
Case-4-C21-27726-37043,Case-4-C21-27726-37043,Case 4 C21-27726-37043,http://pathdb.cancerimagingarchive.net/system/files/wsi/ross/Osteosarcoma-UT/converted/Osteosarcoma-UT/Training-Set-2/set4/Case-4-C21-27726-37043.tiff,Case-4,Non-Viable-Tumor,NECROSIS,TRUE,False,RETRIEVED,200,C:\Users\enkso\.kiro\crew\scratch\runtime-0a306834\osteopatch_full_ingestion\tiffs\Case-4-C21-27726-37043.tiff,294152,c12f0463152d228d92fb205703a84f6f467cf278705b374e5c70b56bd6810efc
Case-4-C21-28314-22979,Case-4-C21-28314-22979,Case 4 C21-28314-22979,http://pathdb.cancerimagingarchive.net/system/files/wsi/ross/Osteosarcoma-UT/converted/Osteosarcoma-UT/Training-Set-2/set4/Case-4-C21-28314-22979.tiff,Case-4,Viable,VIABLE_TUMOR,TRUE,False,RETRIEVED,200,C:\Users\enkso\.kiro\crew\scratch\runtime-0a306834\osteopatch_full_ingestion\tiffs\Case-4-C21-28314-22979.tiff,469340,ffcd187590c9d68741dceb6e6993d60877203944fc96d3515edd89391096f3ed
Case-4-C21-29101-18901,Case-4-C21-29101-18901,Case 4 C21-29101-18901,http://pathdb.cancerimagingarchive.net/system/files/wsi/ross/Osteosarcoma-UT/converted/Osteosarcoma-UT/Training-Set-2/set4/Case-4-C21-29101-18901.tiff,Case-4,Viable,VIABLE_TUMOR,TRUE,False,RETRIEVED,200,C:\Users\enkso\.kiro\crew\scratch\runtime-0a306834\osteopatch_full_ingestion\tiffs\Case-4-C21-29101-18901.tiff,471420,029a8576b39cd189a5c1f92b56d3803132515b61750e88254d5d16ee3338a8c7
Case-4-C21-29849-33988,Case-4-C21-29849-33988,Case 4 C21-29849-33988,http://pathdb.cancerimagingarchive.net/system/files/wsi/ross/Osteosarcoma-UT/converted/Osteosarcoma-UT/Training-Set-1/set3/Case-4-C21-29849-33988.tiff,Case-4,Non-Viable-Tumor,NECROSIS,TRUE,False,RETRIEVED,200,C:\Users\enkso\.kiro\crew\scratch\runtime-0a306834\osteopatch_full_ingestion\tiffs\Case-4-C21-29849-33988.tiff,317582,c9d2235347a2ec0ec73d13a2e7816a7891d5caac0debabb855d5040a2e825d62
Case-4-C21-30599-31986,Case-4-C21-30599-31986,Case 4 C21-30599-31986,http://pathdb.cancerimagingarchive.net/system/files/wsi/ross/Osteosarcoma-UT/converted/Osteosarcoma-UT/Training-Set-1/set3/Case-4-C21-30599-31986.tiff,Case-4,Non-Viable-Tumor,NECROSIS,TRUE,False,RETRIEVED,200,C:\Users\enkso\.kiro\crew\scratch\runtime-0a306834\osteopatch_full_ingestion\tiffs\Case-4-C21-30599-31986.tiff,378286,efdfe01a5f0ab3dc0781f7da0451709ce61e0cd8fd085bdb49e4290e17a7f898
Case-4-C21-34438-19627,Case-4-C21-34438-19627,Case 4 C21-34438-19627,http://pathdb.cancerimagingarchive.net/system/files/wsi/ross/Osteosarcoma-UT/converted/Osteosarcoma-UT/Training-Set-1/set3/Case-4-C21-34438-19627.tiff,Case-4,Viable,VIABLE_TUMOR,TRUE,False,RETRIEVED,200,C:\Users\enkso\.kiro\crew\scratch\runtime-0a306834\osteopatch_full_ingestion\tiffs\Case-4-C21-34438-19627.tiff,369394,040288db5f432be84ac39214cb3f49f13b1196e4dff0f29255c0213d651423ce
Case-4-C21-34899-31136,Case-4-C21-34899-31136,Case 4 C21-34899-31136,http://pathdb.cancerimagingarchive.net/system/files/wsi/ross/Osteosarcoma-UT/converted/Osteosarcoma-UT/Training-Set-1/set3/Case-4-C21-34899-31136.tiff,Case-4,Non-Viable-Tumor,NECROSIS,TRUE,False,RETRIEVED,200,C:\Users\enkso\.kiro\crew\scratch\runtime-0a306834\osteopatch_full_ingestion\tiffs\Case-4-C21-34899-31136.tiff,369984,e7108182ff28bd204d4bee925df6cc4b84b5d7c89b667a9b44b796219115aaa1
Case-4-C21-35538-25356,Case-4-C21-35538-25356,Case 4 C21-35538-25356,http://pathdb.cancerimagingarchive.net/system/files/wsi/ross/Osteosarcoma-UT/converted/Osteosarcoma-UT/Training-Set-1/set3/Case-4-C21-35538-25356.tiff,Case-4,Viable,VIABLE_TUMOR,TRUE,False,RETRIEVED,200,C:\Users\enkso\.kiro\crew\scratch\runtime-0a306834\osteopatch_full_ingestion\tiffs\Case-4-C21-35538-25356.tiff,412266,479055c2d42265e274a26e90ab95fc64e849571175499385d9336ce339f7d11b
Case-4-C21-37411-12734,Case-4-C21-37411-12734,Case 4 C21-37411-12734,http://pathdb.cancerimagingarchive.net/system/files/wsi/ross/Osteosarcoma-UT/converted/Osteosarcoma-UT/Training-Set-1/set3/Case-4-C21-37411-12734.tiff,Case-4,Viable,VIABLE_TUMOR,TRUE,False,RETRIEVED,200,C:\Users\enkso\.kiro\crew\scratch\runtime-0a306834\osteopatch_full_ingestion\tiffs\Case-4-C21-37411-12734.tiff,386772,9d627c20b6a5621b04c080cd699f3d26bcdcad9c6e0300768af130c03a581911
Case-4-C21-38458-18002,Case-4-C21-38458-18002,Case 4 C21-38458-18002,http://pathdb.cancerimagingarchive.net/system/files/wsi/ross/Osteosarcoma-UT/converted/Osteosarcoma-UT/Training-Set-1/set3/Case-4-C21-38458-18002.tiff,Case-4,Viable,VIABLE_TUMOR,TRUE,False,RETRIEVED,200,C:\Users\enkso\.kiro\crew\scratch\runtime-0a306834\osteopatch_full_ingestion\tiffs\Case-4-C21-38458-18002.tiff,188772,3393471a1e074a29782a641f8edc1614a452ad09a0470e4289ac4f842e1b1801
Case-4-C21-39931-19569,Case-4-C21-39931-19569,Case 4 C21-39931-19569,http://pathdb.cancerimagingarchive.net/system/files/wsi/ross/Osteosarcoma-UT/converted/Osteosarcoma-UT/Training-Set-1/set3/Case-4-C21-39931-19569.tiff,Case-4,Viable,VIABLE_TUMOR,TRUE,False,RETRIEVED,200,C:\Users\enkso\.kiro\crew\scratch\runtime-0a306834\osteopatch_full_ingestion\tiffs\Case-4-C21-39931-19569.tiff,322902,f433182b98d05fbf5ba437ce5095cfdef9e8db3706ab0637c138d2d3f315ce7e
Case-4-C21-40652-23162,Case-4-C21-40652-23162,Case 4 C21-40652-23162,http://pathdb.cancerimagingarchive.net/system/files/wsi/ross/Osteosarcoma-UT/converted/Osteosarcoma-UT/Training-Set-1/set3/Case-4-C21-40652-23162.tiff,Case-4,Viable,VIABLE_TUMOR,TRUE,False,RETRIEVED,200,C:\Users\enkso\.kiro\crew\scratch\runtime-0a306834\osteopatch_full_ingestion\tiffs\Case-4-C21-40652-23162.tiff,329154,b6d767a7afd9d0a22a9e2d7f59555d1da797699a761defcb611469a2d5c93f8e
Case-4-C21-42043-16377,Case-4-C21-42043-16377,Case 4 C21-42043-16377,http://pathdb.cancerimagingarchive.net/system/files/wsi/ross/Osteosarcoma-UT/converted/Osteosarcoma-UT/Training-Set-1/set4/Case-4-C21-42043-16377.tiff,Case-4,Viable,VIABLE_TUMOR,TRUE,False,RETRIEVED,200,C:\Users\enkso\.kiro\crew\scratch\runtime-0a306834\osteopatch_full_ingestion\tiffs\Case-4-C21-42043-16377.tiff,429608,545dfd512203f09d79e9221a42c7bf74715f5276954c0ecd0af19378541f3b3b
Case-4-C21-43834-23094,Case-4-C21-43834-23094,Case 4 C21-43834-23094,http://pathdb.cancerimagingarchive.net/system/files/wsi/ross/Osteosarcoma-UT/converted/Osteosarcoma-UT/Training-Set-1/set4/Case-4-C21-43834-23094.tiff,Case-4,Non-Tumor,NON_TUMOR,TRUE,False,RETRIEVED,200,C:\Users\enkso\.kiro\crew\scratch\runtime-0a306834\osteopatch_full_ingestion\tiffs\Case-4-C21-43834-23094.tiff,403892,15cfdadcdec7bf8ac44f6c67a8d983ba3564f3615b329bb913c73a68b06a2399
Case-4-C21-44291-25760,Case-4-C21-44291-25760,Case 4 C21-44291-25760,http://pathdb.cancerimagingarchive.net/system/files/wsi/ross/Osteosarcoma-UT/converted/Osteosarcoma-UT/Training-Set-1/set4/Case-4-C21-44291-25760.tiff,Case-4,Non-Tumor,NON_TUMOR,TRUE,False,RETRIEVED,200,C:\Users\enkso\.kiro\crew\scratch\runtime-0a306834\osteopatch_full_ingestion\tiffs\Case-4-C21-44291-25760.tiff,422428,99da332fdfad9eea0f717ae0786b6a8861e591e5dfeca23393f79d8ad3a1933b
Case-4-C21-45309-20604,Case-4-C21-45309-20604,Case 4 C21-45309-20604,http://pathdb.cancerimagingarchive.net/system/files/wsi/ross/Osteosarcoma-UT/converted/Osteosarcoma-UT/Training-Set-1/set4/Case-4-C21-45309-20604.tiff,Case-4,Non-Tumor,NON_TUMOR,TRUE,False,RETRIEVED,200,C:\Users\enkso\.kiro\crew\scratch\runtime-0a306834\osteopatch_full_ingestion\tiffs\Case-4-C21-45309-20604.tiff,101232,8cb7ce836172d31ef7398f4fa2c353080725bcf443bc4750e55a799cf4df98b7
Case-4-C22-12113-23584,Case-4-C22-12113-23584,Case 4 C22-12113-23584,http://pathdb.cancerimagingarchive.net/system/files/wsi/ross/Osteosarcoma-UT/converted/Osteosarcoma-UT/Training-Set-2/set4/Case-4-C22-12113-23584.tiff,Case-4,Non-Viable-Tumor,NECROSIS,TRUE,False,RETRIEVED,200,C:\Users\enkso\.kiro\crew\scratch\runtime-0a306834\osteopatch_full_ingestion\tiffs\Case-4-C22-12113-23584.tiff,107704,539acbe3ab33a10dfbc7eca615df7fb35dfc836288d3f44206e05313c62b3e4b
Case-4-C22-13293-17406,Case-4-C22-13293-17406,Case 4 C22-13293-17406,http://pathdb.cancerimagingarchive.net/system/files/wsi/ross/Osteosarcoma-UT/converted/Osteosarcoma-UT/Training-Set-2/set4/Case-4-C22-13293-17406.tiff,Case-4,Non-Viable-Tumor,NECROSIS,TRUE,False,RETRIEVED,200,C:\Users\enkso\.kiro\crew\scratch\runtime-0a306834\osteopatch_full_ingestion\tiffs\Case-4-C22-13293-17406.tiff,402100,ebde5a96055124294af4ac6ace713b9f63e2c3cb5dfbb9fe163aeaf0153a880d
Case-4-C22-14193-24204,Case-4-C22-14193-24204,Case 4 C22-14193-24204,http://pathdb.cancerimagingarchive.net/system/files/wsi/ross/Osteosarcoma-UT/converted/Osteosarcoma-UT/Training-Set-2/set4/Case-4-C22-14193-24204.tiff,Case-4,Non-Viable-Tumor,NECROSIS,TRUE,False,RETRIEVED,200,C:\Users\enkso\.kiro\crew\scratch\runtime-0a306834\osteopatch_full_ingestion\tiffs\Case-4-C22-14193-24204.tiff,205062,99858dea75a0e089c7ef9f8b895cb2396047f5d40ac510477e6c74428db315ad
Case-4-C22-14852-25038,Case-4-C22-14852-25038,Case 4 C22-14852-25038,http://pathdb.cancerimagingarchive.net/system/files/wsi/ross/Osteosarcoma-UT/converted/Osteosarcoma-UT/Training-Set-2/set4/Case-4-C22-14852-25038.tiff,Case-4,Non-Viable-Tumor,NECROSIS,TRUE,False,RETRIEVED,200,C:\Users\enkso\.kiro\crew\scratch\runtime-0a306834\osteopatch_full_ingestion\tiffs\Case-4-C22-14852-25038.tiff,303146,5faa6c7418252ff63bc97a7cc0b012bbd9e7e01d925eb49aba4666afbe2192de
Case-4-C22-18690-17829,Case-4-C22-18690-17829,Case 4 C22-18690-17829,http://pathdb.cancerimagingarchive.net/system/files/wsi/ross/Osteosarcoma-UT/converted/Osteosarcoma-UT/Training-Set-2/set4/Case-4-C22-18690-17829.tiff,Case-4,viable: non-viable,,FALSE,True,RETRIEVED,200,C:\Users\enkso\.kiro\crew\scratch\runtime-0a306834\osteopatch_full_ingestion\tiffs\Case-4-C22-18690-17829.tiff,397800,386de69a9575bc24c414adcddcb32eaca23b46e4db01c27b844c356bc2a80988
Case-4-C22-19399-25392,Case-4-C22-19399-25392,Case 4 C22-19399-25392,http://pathdb.cancerimagingarchive.net/system/files/wsi/ross/Osteosarcoma-UT/converted/Osteosarcoma-UT/Training-Set-2/set4/Case-4-C22-19399-25392.tiff,Case-4,Non-Viable-Tumor,NECROSIS,TRUE,False,RETRIEVED,200,C:\Users\enkso\.kiro\crew\scratch\runtime-0a306834\osteopatch_full_ingestion\tiffs\Case-4-C22-19399-25392.tiff,246534,7308ea62c809b4a2147de18139abfff34ebaf58de6d6edb5d89db6d7dadaa7fb
Case-4-C22-19841-14408,Case-4-C22-19841-14408,Case 4 C22-19841-14408,http://pathdb.cancerimagingarchive.net/system/files/wsi/ross/Osteosarcoma-UT/converted/Osteosarcoma-UT/Training-Set-2/set4/Case-4-C22-19841-14408.tiff,Case-4,viable: non-viable,,FALSE,True,RETRIEVED,200,C:\Users\enkso\.kiro\crew\scratch\runtime-0a306834\osteopatch_full_ingestion\tiffs\Case-4-C22-19841-14408.tiff,299172,d79852924a30c5c64446dc5e713b2cd71dba8794a28afd2b5d173f48145ba7f5
Case-4-C22-20288-31102,Case-4-C22-20288-31102,Case 4 C22-20288-31102,http://pathdb.cancerimagingarchive.net/system/files/wsi/ross/Osteosarcoma-UT/converted/Osteosarcoma-UT/Training-Set-2/set4/Case-4-C22-20288-31102.tiff,Case-4,viable: non-viable,,FALSE,True,RETRIEVED,200,C:\Users\enkso\.kiro\crew\scratch\runtime-0a306834\osteopatch_full_ingestion\tiffs\Case-4-C22-20288-31102.tiff,370284,a8ec9564d6244f998a0254df3a908a72338bb4dcc18a89cec35b86f1aefda005
Case-4-C22-20420-19004,Case-4-C22-20420-19004,Case 4 C22-20420-19004,http://pathdb.cancerimagingarchive.net/system/files/wsi/ross/Osteosarcoma-UT/converted/Osteosarcoma-UT/Training-Set-2/set4/Case-4-C22-20420-19004.tiff,Case-4,Viable,VIABLE_TUMOR,TRUE,False,RETRIEVED,200,C:\Users\enkso\.kiro\crew\scratch\runtime-0a306834\osteopatch_full_ingestion\tiffs\Case-4-C22-20420-19004.tiff,448698,e79b66b2630600de6e81302fdd0eed3eea1aed98e56c775e8f033e56ded4006f
Case-4-C22-21902-8062,Case-4-C22-21902-8062,Case 4 C22-21902-8062,http://pathdb.cancerimagingarchive.net/system/files/wsi/ross/Osteosarcoma-UT/converted/Osteosarcoma-UT/Training-Set-2/set4/Case-4-C22-21902-8062.tiff,Case-4,Viable,VIABLE_TUMOR,TRUE,False,RETRIEVED,200,C:\Users\enkso\.kiro\crew\scratch\runtime-0a306834\osteopatch_full_ingestion\tiffs\Case-4-C22-21902-8062.tiff,443956,0e9b32ff10dec48c6dc4d7f6213d18d0744019de527948d00e500d8842f9419b
Case-4-C22-22350-18241,Case-4-C22-22350-18241,Case 4 C22-22350-18241,http://pathdb.cancerimagingarchive.net/system/files/wsi/ross/Osteosarcoma-UT/converted/Osteosarcoma-UT/Training-Set-2/set4/Case-4-C22-22350-18241.tiff,Case-4,Viable,VIABLE_TUMOR,TRUE,False,RETRIEVED,200,C:\Users\enkso\.kiro\crew\scratch\runtime-0a306834\osteopatch_full_ingestion\tiffs\Case-4-C22-22350-18241.tiff,445440,fa29ac48a67bbc2e76d0d670a64b3f1ae465aea521401db32c91fdb0272234ef
Case-4-C22-25017-13207,Case-4-C22-25017-13207,Case 4 C22-25017-13207,http://pathdb.cancerimagingarchive.net/system/files/wsi/ross/Osteosarcoma-UT/converted/Osteosarcoma-UT/Training-Set-2/set4/Case-4-C22-25017-13207.tiff,Case-4,Viable,VIABLE_TUMOR,TRUE,False,RETRIEVED,200,C:\Users\enkso\.kiro\crew\scratch\runtime-0a306834\osteopatch_full_ingestion\tiffs\Case-4-C22-25017-13207.tiff,468568,ef57b67ac68185fb902e06ea09b711a043573fbe7205bddfd2dc99f57b4dabc3
Case-4-C22-25541-21407,Case-4-C22-25541-21407,Case 4 C22-25541-21407,http://pathdb.cancerimagingarchive.net/system/files/wsi/ross/Osteosarcoma-UT/converted/Osteosarcoma-UT/Training-Set-2/set4/Case-4-C22-25541-21407.tiff,Case-4,Viable,VIABLE_TUMOR,TRUE,False,RETRIEVED,200,C:\Users\enkso\.kiro\crew\scratch\runtime-0a306834\osteopatch_full_ingestion\tiffs\Case-4-C22-25541-21407.tiff,406276,d9a5090235799c6f37d1ad12ea92c9d6e6f561bb881027e4873d9d2101230dd6
Case-4-C22-25642-6919,Case-4-C22-25642-6919,Case 4 C22-25642-6919,http://pathdb.cancerimagingarchive.net/system/files/wsi/ross/Osteosarcoma-UT/converted/Osteosarcoma-UT/Training-Set-2/set4/Case-4-C22-25642-6919.tiff,Case-4,Viable,VIABLE_TUMOR,TRUE,False,RETRIEVED,200,C:\Users\enkso\.kiro\crew\scratch\runtime-0a306834\osteopatch_full_ingestion\tiffs\Case-4-C22-25642-6919.tiff,407854,a8a44235408c871ea472c0ab4c369da807ff9ff40666a2e273076c47611a2000
Case-4-C22-26476-28003,Case-4-C22-26476-28003,Case 4 C22-26476-28003,http://pathdb.cancerimagingarchive.net/system/files/wsi/ross/Osteosarcoma-UT/converted/Osteosarcoma-UT/Training-Set-1/set4/Case-4-C22-26476-28003.tiff,Case-4,Non-Tumor,NON_TUMOR,TRUE,False,RETRIEVED,200,C:\Users\enkso\.kiro\crew\scratch\runtime-0a306834\osteopatch_full_ingestion\tiffs\Case-4-C22-26476-28003.tiff,315168,d6c1a02f0db1ee591ce6d0318609b5ec515362a888942bc9c586aa0284d7e1ed
Case-4-C22-29668-36352,Case-4-C22-29668-36352,Case 4 C22-29668-36352,http://pathdb.cancerimagingarchive.net/system/files/wsi/ross/Osteosarcoma-UT/converted/Osteosarcoma-UT/Training-Set-1/set4/Case-4-C22-29668-36352.tiff,Case-4,Non-Tumor,NON_TUMOR,TRUE,False,RETRIEVED,200,C:\Users\enkso\.kiro\crew\scratch\runtime-0a306834\osteopatch_full_ingestion\tiffs\Case-4-C22-29668-36352.tiff,246516,49cb0368b6e373eb93093a369013fba4b4c355f906de10bcb2faf2e62906fe5e
Case-4-C22-29696-31650,Case-4-C22-29696-31650,Case 4 C22-29696-31650,http://pathdb.cancerimagingarchive.net/system/files/wsi/ross/Osteosarcoma-UT/converted/Osteosarcoma-UT/Training-Set-1/set4/Case-4-C22-29696-31650.tiff,Case-4,Non-Tumor,NON_TUMOR,TRUE,False,RETRIEVED,200,C:\Users\enkso\.kiro\crew\scratch\runtime-0a306834\osteopatch_full_ingestion\tiffs\Case-4-C22-29696-31650.tiff,344688,775638e803af570e1685a68ccac87bd4647ac93f9309874434de9b79a75b34b1
Case-4-C22-30748-20982,Case-4-C22-30748-20982,Case 4 C22-30748-20982,http://pathdb.cancerimagingarchive.net/system/files/wsi/ross/Osteosarcoma-UT/converted/Osteosarcoma-UT/Training-Set-1/set4/Case-4-C22-30748-20982.tiff,Case-4,Viable,VIABLE_TUMOR,TRUE,False,RETRIEVED,200,C:\Users\enkso\.kiro\crew\scratch\runtime-0a306834\osteopatch_full_ingestion\tiffs\Case-4-C22-30748-20982.tiff,373716,6fe6b7d9219f420708ec604e11fff03cc6c2a0afb1825d0165d907ab9e127e34
Case-4-C22-36438-11846,Case-4-C22-36438-11846,Case 4 C22-36438-11846,http://pathdb.cancerimagingarchive.net/system/files/wsi/ross/Osteosarcoma-UT/converted/Osteosarcoma-UT/Training-Set-1/set4/Case-4-C22-36438-11846.tiff,Case-4,Viable,VIABLE_TUMOR,TRUE,False,RETRIEVED,200,C:\Users\enkso\.kiro\crew\scratch\runtime-0a306834\osteopatch_full_ingestion\tiffs\Case-4-C22-36438-11846.tiff,273088,df964bac149249861eb725c4d1fc7adb51985583d1b097740ee29ae1a507f2aa
Case-4-C22-38307-25291,Case-4-C22-38307-25291,Case 4 C22-38307-25291,http://pathdb.cancerimagingarchive.net/system/files/wsi/ross/Osteosarcoma-UT/converted/Osteosarcoma-UT/Training-Set-1/set4/Case-4-C22-38307-25291.tiff,Case-4,Viable,VIABLE_TUMOR,TRUE,False,RETRIEVED,200,C:\Users\enkso\.kiro\crew\scratch\runtime-0a306834\osteopatch_full_ingestion\tiffs\Case-4-C22-38307-25291.tiff,386870,e9d03d894978bbd4120d230b4a737cf2f8bd6da9844000167fbe373b1c314850
Case-4-C22-39386-26786,Case-4-C22-39386-26786,Case 4 C22-39386-26786,http://pathdb.cancerimagingarchive.net/system/files/wsi/ross/Osteosarcoma-UT/converted/Osteosarcoma-UT/Training-Set-1/set4/Case-4-C22-39386-26786.tiff,Case-4,Viable,VIABLE_TUMOR,TRUE,False,RETRIEVED,200,C:\Users\enkso\.kiro\crew\scratch\runtime-0a306834\osteopatch_full_ingestion\tiffs\Case-4-C22-39386-26786.tiff,303154,c1db9e5b49338c6b1aed6ce52c9e57d9f903c1a151f58596c4a2156c731637b0
Case-4-C22-39913-22780,Case-4-C22-39913-22780,Case 4 C22-39913-22780,http://pathdb.cancerimagingarchive.net/system/files/wsi/ross/Osteosarcoma-UT/converted/Osteosarcoma-UT/Training-Set-1/set4/Case-4-C22-39913-22780.tiff,Case-4,Viable,VIABLE_TUMOR,TRUE,False,RETRIEVED,200,C:\Users\enkso\.kiro\crew\scratch\runtime-0a306834\osteopatch_full_ingestion\tiffs\Case-4-C22-39913-22780.tiff,278010,128d001769980ec853cb8897ef915373aa821626cf76765e982a0b684653b197
Case-4-C22-42649-20389,Case-4-C22-42649-20389,Case 4 C22-42649-20389,http://pathdb.cancerimagingarchive.net/system/files/wsi/ross/Osteosarcoma-UT/converted/Osteosarcoma-UT/Training-Set-1/set4/Case-4-C22-42649-20389.tiff,Case-4,Non-Tumor,NON_TUMOR,TRUE,False,RETRIEVED,200,C:\Users\enkso\.kiro\crew\scratch\runtime-0a306834\osteopatch_full_ingestion\tiffs\Case-4-C22-42649-20389.tiff,386858,932cd8b7311fb83d4d35ba16e8af93c55cd748baac6b6e7931dd648d3996fa2d
Case-4-C22-43141-24748,Case-4-C22-43141-24748,Case 4 C22-43141-24748,http://pathdb.cancerimagingarchive.net/system/files/wsi/ross/Osteosarcoma-UT/converted/Osteosarcoma-UT/Training-Set-1/set4/Case-4-C22-43141-24748.tiff,Case-4,Non-Viable-Tumor,NECROSIS,TRUE,False,RETRIEVED,200,C:\Users\enkso\.kiro\crew\scratch\runtime-0a306834\osteopatch_full_ingestion\tiffs\Case-4-C22-43141-24748.tiff,402420,092f07e3d4b44487da2bd525c9c2d70829ddf62fd9026aac731486526f186a1a
Case-4-C22-43370-22832,Case-4-C22-43370-22832,Case 4 C22-43370-22832,http://pathdb.cancerimagingarchive.net/system/files/wsi/ross/Osteosarcoma-UT/converted/Osteosarcoma-UT/Training-Set-1/set4/Case-4-C22-43370-22832.tiff,Case-4,Non-Tumor,NON_TUMOR,TRUE,False,RETRIEVED,200,C:\Users\enkso\.kiro\crew\scratch\runtime-0a306834\osteopatch_full_ingestion\tiffs\Case-4-C22-43370-22832.tiff,417090,0de832fb7728242cb02331dbde1457736ba026404716b64ee36b7f3e1ef06218
Case-4-C22-44617-22886,Case-4-C22-44617-22886,Case 4 C22-44617-22886,http://pathdb.cancerimagingarchive.net/system/files/wsi/ross/Osteosarcoma-UT/converted/Osteosarcoma-UT/Training-Set-1/set4/Case-4-C22-44617-22886.tiff,Case-4,Non-Tumor,NON_TUMOR,TRUE,False,RETRIEVED,200,C:\Users\enkso\.kiro\crew\scratch\runtime-0a306834\osteopatch_full_ingestion\tiffs\Case-4-C22-44617-22886.tiff,392250,8bdf4bc01955e9776266ca4d091c28cb3a4e04d67d5d1fbab1dc5ad495b8ce12
Case-4-C22-45017-21723,Case-4-C22-45017-21723,Case 4 C22-45017-21723,http://pathdb.cancerimagingarchive.net/system/files/wsi/ross/Osteosarcoma-UT/converted/Osteosarcoma-UT/Training-Set-1/set4/Case-4-C22-45017-21723.tiff,Case-4,Non-Tumor,NON_TUMOR,TRUE,False,RETRIEVED,200,C:\Users\enkso\.kiro\crew\scratch\runtime-0a306834\osteopatch_full_ingestion\tiffs\Case-4-C22-45017-21723.tiff,290638,11a4f66bf6d0dceec025e5c94c463f6bb473125d21aed36cd83970827a0c5763
Case-4-C24-13844-15938,Case-4-C24-13844-15938,Case 4 C24-13844-15938,http://pathdb.cancerimagingarchive.net/system/files/wsi/ross/Osteosarcoma-UT/converted/Osteosarcoma-UT/Training-Set-2/set4/Case-4-C24-13844-15938.tiff,Case-4,Non-Viable-Tumor,NECROSIS,TRUE,False,RETRIEVED,200,C:\Users\enkso\.kiro\crew\scratch\runtime-0a306834\osteopatch_full_ingestion\tiffs\Case-4-C24-13844-15938.tiff,382856,95902694f5cd01cf3e2d069a8c502b78c83a141406e772d6b46bb9751a752809
Case-4-C24-16355-22492,Case-4-C24-16355-22492,Case 4 C24-16355-22492,http://pathdb.cancerimagingarchive.net/system/files/wsi/ross/Osteosarcoma-UT/converted/Osteosarcoma-UT/Training-Set-2/set4/Case-4-C24-16355-22492.tiff,Case-4,Non-Viable-Tumor,NECROSIS,TRUE,False,RETRIEVED,200,C:\Users\enkso\.kiro\crew\scratch\runtime-0a306834\osteopatch_full_ingestion\tiffs\Case-4-C24-16355-22492.tiff,332464,9e42c1f4b154e8fb5920ef415c722480d619c82e6092665334eb7849007e0aa9
Case-4-C24-20641-21743,Case-4-C24-20641-21743,Case 4 C24-20641-21743,http://pathdb.cancerimagingarchive.net/system/files/wsi/ross/Osteosarcoma-UT/converted/Osteosarcoma-UT/Training-Set-2/set4/Case-4-C24-20641-21743.tiff,Case-4,Non-Viable-Tumor,NECROSIS,TRUE,False,RETRIEVED,200,C:\Users\enkso\.kiro\crew\scratch\runtime-0a306834\osteopatch_full_ingestion\tiffs\Case-4-C24-20641-21743.tiff,374216,6265df65597185562ca32c3fd659ca2a7f5ea4662c6a22bf576b9720c1596b08
Case-4-C24-21495-20987,Case-4-C24-21495-20987,Case 4 C24-21495-20987,http://pathdb.cancerimagingarchive.net/system/files/wsi/ross/Osteosarcoma-UT/converted/Osteosarcoma-UT/Training-Set-2/set4/Case-4-C24-21495-20987.tiff,Case-4,Viable,VIABLE_TUMOR,TRUE,False,RETRIEVED,200,C:\Users\enkso\.kiro\crew\scratch\runtime-0a306834\osteopatch_full_ingestion\tiffs\Case-4-C24-21495-20987.tiff,403866,ed221a8fcc491ce57c39b6ed1d181682d6a5f04dcfbcc82129d8e7bdd88da625
Case-4-C24-21905-23241,Case-4-C24-21905-23241,Case 4 C24-21905-23241,http://pathdb.cancerimagingarchive.net/system/files/wsi/ross/Osteosarcoma-UT/converted/Osteosarcoma-UT/Training-Set-2/set4/Case-4-C24-21905-23241.tiff,Case-4,Non-Viable-Tumor,NECROSIS,TRUE,False,RETRIEVED,200,C:\Users\enkso\.kiro\crew\scratch\runtime-0a306834\osteopatch_full_ingestion\tiffs\Case-4-C24-21905-23241.tiff,322014,387f6c6540c60dbc85eaba7badac7e4312ea80badaf8ccdc33358e46d2000a16
Case-4-C24-22210-6774,Case-4-C24-22210-6774,Case 4 C24-22210-6774,http://pathdb.cancerimagingarchive.net/system/files/wsi/ross/Osteosarcoma-UT/converted/Osteosarcoma-UT/Training-Set-2/set4/Case-4-C24-22210-6774.tiff,Case-4,Non-Tumor,NON_TUMOR,TRUE,False,RETRIEVED,200,C:\Users\enkso\.kiro\crew\scratch\runtime-0a306834\osteopatch_full_ingestion\tiffs\Case-4-C24-22210-6774.tiff,299716,2a5857a3f5f956adac2e153432c295544da535d52571eeb5552d9341d716cfb9
Case-4-C24-23753-20581,Case-4-C24-23753-20581,Case 4 C24-23753-20581,http://pathdb.cancerimagingarchive.net/system/files/wsi/ross/Osteosarcoma-UT/converted/Osteosarcoma-UT/Training-Set-2/set4/Case-4-C24-23753-20581.tiff,Case-4,Viable,VIABLE_TUMOR,TRUE,False,RETRIEVED,200,C:\Users\enkso\.kiro\crew\scratch\runtime-0a306834\osteopatch_full_ingestion\tiffs\Case-4-C24-23753-20581.tiff,451970,5059e3dabc2e447e87eb98c0e97059511c661212c8ff4eaf2937af874e6d476f
Case-4-C24-25985-25656,Case-4-C24-25985-25656,Case 4 C24-25985-25656,http://pathdb.cancerimagingarchive.net/system/files/wsi/ross/Osteosarcoma-UT/converted/Osteosarcoma-UT/Training-Set-2/set4/Case-4-C24-25985-25656.tiff,Case-4,Non-Viable-Tumor,NECROSIS,TRUE,False,RETRIEVED,200,C:\Users\enkso\.kiro\crew\scratch\runtime-0a306834\osteopatch_full_ingestion\tiffs\Case-4-C24-25985-25656.tiff,335052,6146b58f47503808346f9079325e47467cfa24144dfbded7ff2737de1ad46a51
Case-4-C24-26202-34731,Case-4-C24-26202-34731,Case 4 C24-26202-34731,http://pathdb.cancerimagingarchive.net/system/files/wsi/ross/Osteosarcoma-UT/converted/Osteosarcoma-UT/Training-Set-2/set4/Case-4-C24-26202-34731.tiff,Case-4,Non-Viable-Tumor,NECROSIS,TRUE,False,RETRIEVED,200,C:\Users\enkso\.kiro\crew\scratch\runtime-0a306834\osteopatch_full_ingestion\tiffs\Case-4-C24-26202-34731.tiff,372510,f44d58674731264b2873f498b861c05fb62e66d09505c5ebc2db9d052afd492e
Case-4-C24-26502-13028,Case-4-C24-26502-13028,Case 4 C24-26502-13028,http://pathdb.cancerimagingarchive.net/system/files/wsi/ross/Osteosarcoma-UT/converted/Osteosarcoma-UT/Training-Set-2/set4/Case-4-C24-26502-13028.tiff,Case-4,Viable,VIABLE_TUMOR,TRUE,False,RETRIEVED,200,C:\Users\enkso\.kiro\crew\scratch\runtime-0a306834\osteopatch_full_ingestion\tiffs\Case-4-C24-26502-13028.tiff,450986,28e431ad877b3083419c22975210d9d273d35cea7c2c68932058f862f98f8894
Case-4-C24-27750-16066,Case-4-C24-27750-16066,Case 4 C24-27750-16066,http://pathdb.cancerimagingarchive.net/system/files/wsi/ross/Osteosarcoma-UT/converted/Osteosarcoma-UT/Training-Set-2/set4/Case-4-C24-27750-16066.tiff,Case-4,Viable,VIABLE_TUMOR,TRUE,False,RETRIEVED,200,C:\Users\enkso\.kiro\crew\scratch\runtime-0a306834\osteopatch_full_ingestion\tiffs\Case-4-C24-27750-16066.tiff,447014,77bbc6371da83346e205482eee900d2f4eeae6d08ba222e1e26c34ca01ada143
Case-4-C24-28082-3132,Case-4-C24-28082-3132,Case 4 C24-28082-3132,http://pathdb.cancerimagingarchive.net/system/files/wsi/ross/Osteosarcoma-UT/converted/Osteosarcoma-UT/Training-Set-2/set4/Case-4-C24-28082-3132.tiff,Case-4,Non-Viable-Tumor,NECROSIS,TRUE,False,RETRIEVED,200,C:\Users\enkso\.kiro\crew\scratch\runtime-0a306834\osteopatch_full_ingestion\tiffs\Case-4-C24-28082-3132.tiff,139468,cd0618bcbdd601bc02a7f6b2cd92adef4c33584547707eaf21b2a1bc72b61fba
Case-4-C24-28865-8586,Case-4-C24-28865-8586,Case 4 C24-28865-8586,http://pathdb.cancerimagingarchive.net/system/files/wsi/ross/Osteosarcoma-UT/converted/Osteosarcoma-UT/Training-Set-2/set4/Case-4-C24-28865-8586.tiff,Case-4,viable: non-viable,,FALSE,True,RETRIEVED,200,C:\Users\enkso\.kiro\crew\scratch\runtime-0a306834\osteopatch_full_ingestion\tiffs\Case-4-C24-28865-8586.tiff,278006,396dc783225e6b3e2945bdaa1b07d5dcc56a783dd2e231eb925de3db17bc0651
Case-4-C24-30007-11532,Case-4-C24-30007-11532,Case 4 C24-30007-11532,http://pathdb.cancerimagingarchive.net/system/files/wsi/ross/Osteosarcoma-UT/converted/Osteosarcoma-UT/Training-Set-2/set4/Case-4-C24-30007-11532.tiff,Case-4,Viable,VIABLE_TUMOR,TRUE,False,RETRIEVED,200,C:\Users\enkso\.kiro\crew\scratch\runtime-0a306834\osteopatch_full_ingestion\tiffs\Case-4-C24-30007-11532.tiff,408552,c4dd93f9e1ff69bc4dfc7ce2ae78cb9aa7cfe30acc7b92f06f67d37e36a8591a
Case-4-C24-30709-15038,Case-4-C24-30709-15038,Case 4 C24-30709-15038,http://pathdb.cancerimagingarchive.net/system/files/wsi/ross/Osteosarcoma-UT/converted/Osteosarcoma-UT/Training-Set-1/set4/Case-4-C24-30709-15038.tiff,Case-4,Viable,VIABLE_TUMOR,TRUE,False,RETRIEVED,200,C:\Users\enkso\.kiro\crew\scratch\runtime-0a306834\osteopatch_full_ingestion\tiffs\Case-4-C24-30709-15038.tiff,414370,f1684e63bc3da01320d1294c9a2d5863a3537641fe032ad66911b5be56f5d850
Case-4-C24-30822-32457,Case-4-C24-30822-32457,Case 4 C24-30822-32457,http://pathdb.cancerimagingarchive.net/system/files/wsi/ross/Osteosarcoma-UT/converted/Osteosarcoma-UT/Training-Set-1/set4/Case-4-C24-30822-32457.tiff,Case-4,Non-Viable-Tumor,NECROSIS,TRUE,False,RETRIEVED,200,C:\Users\enkso\.kiro\crew\scratch\runtime-0a306834\osteopatch_full_ingestion\tiffs\Case-4-C24-30822-32457.tiff,365364,1f95d509170138806d6e53c901d4416bd1b16ce53cb283954b423c4a0d8e521a
Case-4-C24-31203-32244,Case-4-C24-31203-32244,Case 4 C24-31203-32244,http://pathdb.cancerimagingarchive.net/system/files/wsi/ross/Osteosarcoma-UT/converted/Osteosarcoma-UT/Training-Set-1/set4/Case-4-C24-31203-32244.tiff,Case-4,Non-Viable-Tumor,NECROSIS,TRUE,False,RETRIEVED,200,C:\Users\enkso\.kiro\crew\scratch\runtime-0a306834\osteopatch_full_ingestion\tiffs\Case-4-C24-31203-32244.tiff,368110,c31a0dff016f6cee4da64b7acfbd9bde516a85cb565bcfdc71edb312335e0a66
Case-4-C24-31951-18510,Case-4-C24-31951-18510,Case 4 C24-31951-18510,http://pathdb.cancerimagingarchive.net/system/files/wsi/ross/Osteosarcoma-UT/converted/Osteosarcoma-UT/Training-Set-1/set4/Case-4-C24-31951-18510.tiff,Case-4,Viable,VIABLE_TUMOR,TRUE,False,RETRIEVED,200,C:\Users\enkso\.kiro\crew\scratch\runtime-0a306834\osteopatch_full_ingestion\tiffs\Case-4-C24-31951-18510.tiff,413714,ad71097dbb96e089e7da61d4b440f9b81d9f9556c405b9a1d54d0b04e6820c0e
Case-4-C24-32113-11600,Case-4-C24-32113-11600,Case 4 C24-32113-11600,http://pathdb.cancerimagingarchive.net/system/files/wsi/ross/Osteosarcoma-UT/converted/Osteosarcoma-UT/Training-Set-1/set4/Case-4-C24-32113-11600.tiff,Case-4,Viable,VIABLE_TUMOR,TRUE,False,RETRIEVED,200,C:\Users\enkso\.kiro\crew\scratch\runtime-0a306834\osteopatch_full_ingestion\tiffs\Case-4-C24-32113-11600.tiff,345650,d5921c5d9f6e3c828b261ac5a141a490771c0df4708a0feb4b5cedd48394694f
Case-4-C24-32721-26127,Case-4-C24-32721-26127,Case 4 C24-32721-26127,http://pathdb.cancerimagingarchive.net/system/files/wsi/ross/Osteosarcoma-UT/converted/Osteosarcoma-UT/Training-Set-1/set4/Case-4-C24-32721-26127.tiff,Case-4,Non-Viable-Tumor,NECROSIS,TRUE,False,RETRIEVED,200,C:\Users\enkso\.kiro\crew\scratch\runtime-0a306834\osteopatch_full_ingestion\tiffs\Case-4-C24-32721-26127.tiff,367778,75e5717464c6823185c01d956f580c1bbf53f218885d4eafaf4cd64e8e669e6e
Case-4-C24-36024-13005,Case-4-C24-36024-13005,Case 4 C24-36024-13005,http://pathdb.cancerimagingarchive.net/system/files/wsi/ross/Osteosarcoma-UT/converted/Osteosarcoma-UT/Training-Set-1/set4/Case-4-C24-36024-13005.tiff,Case-4,viable: non-viable,,FALSE,True,RETRIEVED,200,C:\Users\enkso\.kiro\crew\scratch\runtime-0a306834\osteopatch_full_ingestion\tiffs\Case-4-C24-36024-13005.tiff,311070,1510d9f8bddf900820820755d1ea471a7633fd06a39c834a81c7a0eb64c69967
Case-4-C24-36061-11151,Case-4-C24-36061-11151,Case 4 C24-36061-11151,http://pathdb.cancerimagingarchive.net/system/files/wsi/ross/Osteosarcoma-UT/converted/Osteosarcoma-UT/Training-Set-1/set4/Case-4-C24-36061-11151.tiff,Case-4,Viable,VIABLE_TUMOR,TRUE,False,RETRIEVED,200,C:\Users\enkso\.kiro\crew\scratch\runtime-0a306834\osteopatch_full_ingestion\tiffs\Case-4-C24-36061-11151.tiff,102470,24acebd2128849cf681f335aa87ec4d0aa795fa19b80d903e5f35d6cba2ea407
Case-4-C24-37205-16940,Case-4-C24-37205-16940,Case 4 C24-37205-16940,http://pathdb.cancerimagingarchive.net/system/files/wsi/ross/Osteosarcoma-UT/converted/Osteosarcoma-UT/Training-Set-1/set4/Case-4-C24-37205-16940.tiff,Case-4,Viable,VIABLE_TUMOR,TRUE,False,RETRIEVED,200,C:\Users\enkso\.kiro\crew\scratch\runtime-0a306834\osteopatch_full_ingestion\tiffs\Case-4-C24-37205-16940.tiff,343956,fbf2746d6212681540eb71cf34c72481cbbee4a672175554ccc2094beece881a
Case-4-C24-37783-13734,Case-4-C24-37783-13734,Case 4 C24-37783-13734,http://pathdb.cancerimagingarchive.net/system/files/wsi/ross/Osteosarcoma-UT/converted/Osteosarcoma-UT/Training-Set-1/set4/Case-4-C24-37783-13734.tiff,Case-4,Viable,VIABLE_TUMOR,TRUE,False,RETRIEVED,200,C:\Users\enkso\.kiro\crew\scratch\runtime-0a306834\osteopatch_full_ingestion\tiffs\Case-4-C24-37783-13734.tiff,368490,8d3e6b0346c3e53de3e202a60682797a1c4a193fb9b8ca2973ef882ce79b146a
Case-4-C24-37864-31739,Case-4-C24-37864-31739,Case 4 C24-37864-31739,http://pathdb.cancerimagingarchive.net/system/files/wsi/ross/Osteosarcoma-UT/converted/Osteosarcoma-UT/Training-Set-1/set4/Case-4-C24-37864-31739.tiff,Case-4,Non-Viable-Tumor,NECROSIS,TRUE,False,RETRIEVED,200,C:\Users\enkso\.kiro\crew\scratch\runtime-0a306834\osteopatch_full_ingestion\tiffs\Case-4-C24-37864-31739.tiff,138344,f2f33210f43c0074355822134769c5c3f17885510b10f581416615aded38416a
Case-4-C24-38186-21797,Case-4-C24-38186-21797,Case 4 C24-38186-21797,http://pathdb.cancerimagingarchive.net/system/files/wsi/ross/Osteosarcoma-UT/converted/Osteosarcoma-UT/Training-Set-1/set4/Case-4-C24-38186-21797.tiff,Case-4,Viable,VIABLE_TUMOR,TRUE,False,RETRIEVED,200,C:\Users\enkso\.kiro\crew\scratch\runtime-0a306834\osteopatch_full_ingestion\tiffs\Case-4-C24-38186-21797.tiff,383290,31c8adf51e0313a7ba95bfffbf362e291d146f7189e3beb0f47b4694afca22fd
Case-4-C24-41653-14996,Case-4-C24-41653-14996,Case 4 C24-41653-14996,http://pathdb.cancerimagingarchive.net/system/files/wsi/ross/Osteosarcoma-UT/converted/Osteosarcoma-UT/Training-Set-1/set4/Case-4-C24-41653-14996.tiff,Case-4,Non-Tumor,NON_TUMOR,TRUE,False,RETRIEVED,200,C:\Users\enkso\.kiro\crew\scratch\runtime-0a306834\osteopatch_full_ingestion\tiffs\Case-4-C24-41653-14996.tiff,401410,78bbd5f44bf70491f8d6e304c4b0fac1f86c4ba4211d0c8a7e765be840c1be2e
Case-4-C27-11262-18851,Case-4-C27-11262-18851,Case 4 C27-11262-18851,http://pathdb.cancerimagingarchive.net/system/files/wsi/ross/Osteosarcoma-UT/converted/Osteosarcoma-UT/Training-Set-2/set4/Case-4-C27-11262-18851.tiff,Case-4,Non-Viable-Tumor,NECROSIS,TRUE,False,RETRIEVED,200,C:\Users\enkso\.kiro\crew\scratch\runtime-0a306834\osteopatch_full_ingestion\tiffs\Case-4-C27-11262-18851.tiff,412984,a7467f8ec4a94d76be9561253ef5d6cc24fa84fdee918b323f5549206c968a4c
Case-4-C27-12292-22142,Case-4-C27-12292-22142,Case 4 C27-12292-22142,http://pathdb.cancerimagingarchive.net/system/files/wsi/ross/Osteosarcoma-UT/converted/Osteosarcoma-UT/Training-Set-2/set4/Case-4-C27-12292-22142.tiff,Case-4,Non-Viable-Tumor,NECROSIS,TRUE,False,RETRIEVED,200,C:\Users\enkso\.kiro\crew\scratch\runtime-0a306834\osteopatch_full_ingestion\tiffs\Case-4-C27-12292-22142.tiff,297782,80b41698bc83864cb4a142fe1724586f9df87b02c190f16174544d7d1f787e9b
Case-4-C27-12979-14786,Case-4-C27-12979-14786,Case 4 C27-12979-14786,http://pathdb.cancerimagingarchive.net/system/files/wsi/ross/Osteosarcoma-UT/converted/Osteosarcoma-UT/Training-Set-2/set4/Case-4-C27-12979-14786.tiff,Case-4,Non-Viable-Tumor,NECROSIS,TRUE,False,RETRIEVED,200,C:\Users\enkso\.kiro\crew\scratch\runtime-0a306834\osteopatch_full_ingestion\tiffs\Case-4-C27-12979-14786.tiff,395572,841dd5722855ebbe221b3f64e6a32618aff2604a97cb55623c88681648f95593
Case-4-C27-16245-18671,Case-4-C27-16245-18671,Case 4 C27-16245-18671,http://pathdb.cancerimagingarchive.net/system/files/wsi/ross/Osteosarcoma-UT/converted/Osteosarcoma-UT/Training-Set-2/set4/Case-4-C27-16245-18671.tiff,Case-4,Non-Viable-Tumor,NECROSIS,TRUE,False,RETRIEVED,200,C:\Users\enkso\.kiro\crew\scratch\runtime-0a306834\osteopatch_full_ingestion\tiffs\Case-4-C27-16245-18671.tiff,389326,b1940560333ffc186ca27dd3bea0516823020a4ca0cfdddf908ed45b5614e1cb
Case-4-C27-16512-14137,Case-4-C27-16512-14137,Case 4 C27-16512-14137,http://pathdb.cancerimagingarchive.net/system/files/wsi/ross/Osteosarcoma-UT/converted/Osteosarcoma-UT/Training-Set-2/set4/Case-4-C27-16512-14137.tiff,Case-4,Viable,VIABLE_TUMOR,TRUE,False,RETRIEVED,200,C:\Users\enkso\.kiro\crew\scratch\runtime-0a306834\osteopatch_full_ingestion\tiffs\Case-4-C27-16512-14137.tiff,473752,ededc5c3817fea82c2b060e432033ad8541d39d3ffaf48d1558074c54044bc1d
Case-4-C27-18794-30075,Case-4-C27-18794-30075,Case 4 C27-18794-30075,http://pathdb.cancerimagingarchive.net/system/files/wsi/ross/Osteosarcoma-UT/converted/Osteosarcoma-UT/Training-Set-2/set4/Case-4-C27-18794-30075.tiff,Case-4,Non-Viable-Tumor,NECROSIS,TRUE,False,RETRIEVED,200,C:\Users\enkso\.kiro\crew\scratch\runtime-0a306834\osteopatch_full_ingestion\tiffs\Case-4-C27-18794-30075.tiff,326226,a2842ef698221d676161859962af2f4fdbd0f3fdf8973572776694ec85f6bddd
Case-4-C27-23395-17702,Case-4-C27-23395-17702,Case 4 C27-23395-17702,http://pathdb.cancerimagingarchive.net/system/files/wsi/ross/Osteosarcoma-UT/converted/Osteosarcoma-UT/Training-Set-2/set4/Case-4-C27-23395-17702.tiff,Case-4,Viable,VIABLE_TUMOR,TRUE,False,RETRIEVED,200,C:\Users\enkso\.kiro\crew\scratch\runtime-0a306834\osteopatch_full_ingestion\tiffs\Case-4-C27-23395-17702.tiff,464412,088240fa76f142d5e11a37a02443268bb7147714682bf12172f2040437e1cf79
Case-4-C27-25232-22735,Case-4-C27-25232-22735,Case 4 C27-25232-22735,http://pathdb.cancerimagingarchive.net/system/files/wsi/ross/Osteosarcoma-UT/converted/Osteosarcoma-UT/Training-Set-2/set4/Case-4-C27-25232-22735.tiff,Case-4,Viable,VIABLE_TUMOR,TRUE,False,RETRIEVED,200,C:\Users\enkso\.kiro\crew\scratch\runtime-0a306834\osteopatch_full_ingestion\tiffs\Case-4-C27-25232-22735.tiff,429726,ee4df015a9827d970011c0a94b56b89da780202ad30660cb1c0f860a17d53338
Case-4-C27-26950-6071,Case-4-C27-26950-6071,Case 4 C27-26950-6071,http://pathdb.cancerimagingarchive.net/system/files/wsi/ross/Osteosarcoma-UT/converted/Osteosarcoma-UT/Training-Set-2/set4/Case-4-C27-26950-6071.tiff,Case-4,viable: non-viable,,FALSE,True,RETRIEVED,200,C:\Users\enkso\.kiro\crew\scratch\runtime-0a306834\osteopatch_full_ingestion\tiffs\Case-4-C27-26950-6071.tiff,201952,958d95df67edafa49a3685365d21ea22fbc676d4fa617157bdf56cf14fd4aef3
Case-4-C27-26960-35733,Case-4-C27-26960-35733,Case 4 C27-26960-35733,http://pathdb.cancerimagingarchive.net/system/files/wsi/ross/Osteosarcoma-UT/converted/Osteosarcoma-UT/Training-Set-2/set4/Case-4-C27-26960-35733.tiff,Case-4,viable: non-viable,,FALSE,True,RETRIEVED,200,C:\Users\enkso\.kiro\crew\scratch\runtime-0a306834\osteopatch_full_ingestion\tiffs\Case-4-C27-26960-35733.tiff,372104,80f3a6107a25210a25935f40a3d3977bc0f02d8fb5eff4dab3643b55380ebc0f
Case-4-C27-27433-14234,Case-4-C27-27433-14234,Case 4 C27-27433-14234,http://pathdb.cancerimagingarchive.net/system/files/wsi/ross/Osteosarcoma-UT/converted/Osteosarcoma-UT/Training-Set-2/set4/Case-4-C27-27433-14234.tiff,Case-4,Viable,VIABLE_TUMOR,TRUE,False,RETRIEVED,200,C:\Users\enkso\.kiro\crew\scratch\runtime-0a306834\osteopatch_full_ingestion\tiffs\Case-4-C27-27433-14234.tiff,446244,aadd8899f49882115a0c8517201e0274e955813a39a91801277091f7e086c7d6
Case-4-C27-27896-8735,Case-4-C27-27896-8735,Case 4 C27-27896-8735,http://pathdb.cancerimagingarchive.net/system/files/wsi/ross/Osteosarcoma-UT/converted/Osteosarcoma-UT/Training-Set-2/set4/Case-4-C27-27896-8735.tiff,Case-4,Non-Viable-Tumor,NECROSIS,TRUE,False,RETRIEVED,200,C:\Users\enkso\.kiro\crew\scratch\runtime-0a306834\osteopatch_full_ingestion\tiffs\Case-4-C27-27896-8735.tiff,84080,1e2c713447aafde7d4609f768a529cef3e800cf77512123f97f05e21ab66fc66
Case-4-C27-28136-19724,Case-4-C27-28136-19724,Case 4 C27-28136-19724,http://pathdb.cancerimagingarchive.net/system/files/wsi/ross/Osteosarcoma-UT/converted/Osteosarcoma-UT/Training-Set-2/set5/Case-4-C27-28136-19724.tiff,Case-4,Viable,VIABLE_TUMOR,TRUE,False,RETRIEVED,200,C:\Users\enkso\.kiro\crew\scratch\runtime-0a306834\osteopatch_full_ingestion\tiffs\Case-4-C27-28136-19724.tiff,379770,22c1a86e3f4f638e4d8845463a5c1dd86837ddd4fdae3562533b4c8fdfcb47cc
Case-4-C27-28549-7066,Case-4-C27-28549-7066,Case 4 C27-28549-7066,http://pathdb.cancerimagingarchive.net/system/files/wsi/ross/Osteosarcoma-UT/converted/Osteosarcoma-UT/Training-Set-2/set5/Case-4-C27-28549-7066.tiff,Case-4,viable: non-viable,,FALSE,True,RETRIEVED,200,C:\Users\enkso\.kiro\crew\scratch\runtime-0a306834\osteopatch_full_ingestion\tiffs\Case-4-C27-28549-7066.tiff,301930,e63d0fb1b82b1d573a000b8865850d39f5b03de5ee9aaf898a54e14eb4decb64
Case-4-C27-29294-5191,Case-4-C27-29294-5191,Case 4 C27-29294-5191,http://pathdb.cancerimagingarchive.net/system/files/wsi/ross/Osteosarcoma-UT/converted/Osteosarcoma-UT/Training-Set-2/set5/Case-4-C27-29294-5191.tiff,Case-4,Non-Tumor,NON_TUMOR,TRUE,False,RETRIEVED,200,C:\Users\enkso\.kiro\crew\scratch\runtime-0a306834\osteopatch_full_ingestion\tiffs\Case-4-C27-29294-5191.tiff,238944,4570ad55fca497f18ac927475c07e9b0c7f6ab67f8e0675a0f5c653c846ed093
Case-4-C27-29439-7838,Case-4-C27-29439-7838,Case 4 C27-29439-7838,http://pathdb.cancerimagingarchive.net/system/files/wsi/ross/Osteosarcoma-UT/converted/Osteosarcoma-UT/Training-Set-2/set5/Case-4-C27-29439-7838.tiff,Case-4,Viable,VIABLE_TUMOR,TRUE,False,RETRIEVED,200,C:\Users\enkso\.kiro\crew\scratch\runtime-0a306834\osteopatch_full_ingestion\tiffs\Case-4-C27-29439-7838.tiff,354680,05803f91249f502689a87879b5e9fc5def291971ed3738beff253c1c4f557f65
Case-4-C27-30307-29497,Case-4-C27-30307-29497,Case 4 C27-30307-29497,http://pathdb.cancerimagingarchive.net/system/files/wsi/ross/Osteosarcoma-UT/converted/Osteosarcoma-UT/Training-Set-1/set4/Case-4-C27-30307-29497.tiff,Case-4,Non-Viable-Tumor,NECROSIS,TRUE,False,RETRIEVED,200,C:\Users\enkso\.kiro\crew\scratch\runtime-0a306834\osteopatch_full_ingestion\tiffs\Case-4-C27-30307-29497.tiff,352330,d1b05a8b43700db3311aa485418979e2d54f1ea1c3b8d7e6c703d1aa3728251a
Case-4-C27-32061-22260,Case-4-C27-32061-22260,Case 4 C27-32061-22260,http://pathdb.cancerimagingarchive.net/system/files/wsi/ross/Osteosarcoma-UT/converted/Osteosarcoma-UT/Training-Set-1/set4/Case-4-C27-32061-22260.tiff,Case-4,Viable,VIABLE_TUMOR,TRUE,False,RETRIEVED,200,C:\Users\enkso\.kiro\crew\scratch\runtime-0a306834\osteopatch_full_ingestion\tiffs\Case-4-C27-32061-22260.tiff,351196,f2eea0be6f2fb2483b4652a186311127d53f0e15c2d027d054667c4ff7d728c1
Case-4-C27-32431-19828,Case-4-C27-32431-19828,Case 4 C27-32431-19828,http://pathdb.cancerimagingarchive.net/system/files/wsi/ross/Osteosarcoma-UT/converted/Osteosarcoma-UT/Training-Set-1/set4/Case-4-C27-32431-19828.tiff,Case-4,Viable,VIABLE_TUMOR,TRUE,False,RETRIEVED,200,C:\Users\enkso\.kiro\crew\scratch\runtime-0a306834\osteopatch_full_ingestion\tiffs\Case-4-C27-32431-19828.tiff,412330,8afa98e0f1e4a921ea7164bdfbbba849493a392d720ede6c9c0d572543904e3e
Case-4-C27-33498-10849,Case-4-C27-33498-10849,Case 4 C27-33498-10849,http://pathdb.cancerimagingarchive.net/system/files/wsi/ross/Osteosarcoma-UT/converted/Osteosarcoma-UT/Training-Set-1/set4/Case-4-C27-33498-10849.tiff,Case-4,viable: non-viable,,FALSE,True,RETRIEVED,200,C:\Users\enkso\.kiro\crew\scratch\runtime-0a306834\osteopatch_full_ingestion\tiffs\Case-4-C27-33498-10849.tiff,231656,14ef681bdd2c9dbd473757aec033de62550d5114fd0a2afdd4e87b82ad271f9a
Case-4-C27-34169-23534,Case-4-C27-34169-23534,Case 4 C27-34169-23534,http://pathdb.cancerimagingarchive.net/system/files/wsi/ross/Osteosarcoma-UT/converted/Osteosarcoma-UT/Training-Set-1/set4/Case-4-C27-34169-23534.tiff,Case-4,Viable,VIABLE_TUMOR,TRUE,False,RETRIEVED,200,C:\Users\enkso\.kiro\crew\scratch\runtime-0a306834\osteopatch_full_ingestion\tiffs\Case-4-C27-34169-23534.tiff,360492,8e7059d7a3e12c0aaebbf6d9a39740a895631db5138c8fb0cd9e4db6722dbfe3
Case-4-C27-36865-22443,Case-4-C27-36865-22443,Case 4 C27-36865-22443,http://pathdb.cancerimagingarchive.net/system/files/wsi/ross/Osteosarcoma-UT/converted/Osteosarcoma-UT/Training-Set-1/set4/Case-4-C27-36865-22443.tiff,Case-4,viable: non-viable,,FALSE,True,RETRIEVED,200,C:\Users\enkso\.kiro\crew\scratch\runtime-0a306834\osteopatch_full_ingestion\tiffs\Case-4-C27-36865-22443.tiff,347888,8e70992d6db4dc11a11d9cdacac2eed0f46873c8fd75c75e94c85d9671c429db
Case-4-C27-37395-26388,Case-4-C27-37395-26388,Case 4 C27-37395-26388,http://pathdb.cancerimagingarchive.net/system/files/wsi/ross/Osteosarcoma-UT/converted/Osteosarcoma-UT/Training-Set-1/set4/Case-4-C27-37395-26388.tiff,Case-4,Viable,VIABLE_TUMOR,TRUE,False,RETRIEVED,200,C:\Users\enkso\.kiro\crew\scratch\runtime-0a306834\osteopatch_full_ingestion\tiffs\Case-4-C27-37395-26388.tiff,413614,31ad09e9315ca8a1e9e4238ae4b56f260078abcabd8a03388e8ac748442ff7c0
Case-4-C27-37440-28310,Case-4-C27-37440-28310,Case 4 C27-37440-28310,http://pathdb.cancerimagingarchive.net/system/files/wsi/ross/Osteosarcoma-UT/converted/Osteosarcoma-UT/Training-Set-1/set4/Case-4-C27-37440-28310.tiff,Case-4,Viable,VIABLE_TUMOR,TRUE,False,RETRIEVED,200,C:\Users\enkso\.kiro\crew\scratch\runtime-0a306834\osteopatch_full_ingestion\tiffs\Case-4-C27-37440-28310.tiff,406614,df433337a916da77cc9c4a768c4e37ea468e7596050f7dc6b70aeb54c3402eca
Case-4-C27-37658-29791,Case-4-C27-37658-29791,Case 4 C27-37658-29791,http://pathdb.cancerimagingarchive.net/system/files/wsi/ross/Osteosarcoma-UT/converted/Osteosarcoma-UT/Training-Set-1/set4/Case-4-C27-37658-29791.tiff,Case-4,Non-Viable-Tumor,NECROSIS,TRUE,False,RETRIEVED,200,C:\Users\enkso\.kiro\crew\scratch\runtime-0a306834\osteopatch_full_ingestion\tiffs\Case-4-C27-37658-29791.tiff,367942,d08958ee46374b9ad47812c552734bc2d1969cf2e7fb76b3f4afc06d9947b1cc
Case-4-C27-40436-21740,Case-4-C27-40436-21740,Case 4 C27-40436-21740,http://pathdb.cancerimagingarchive.net/system/files/wsi/ross/Osteosarcoma-UT/converted/Osteosarcoma-UT/Training-Set-1/set4/Case-4-C27-40436-21740.tiff,Case-4,Non-Viable-Tumor,NECROSIS,TRUE,False,RETRIEVED,200,C:\Users\enkso\.kiro\crew\scratch\runtime-0a306834\osteopatch_full_ingestion\tiffs\Case-4-C27-40436-21740.tiff,321254,91a26390f061b69a7ae2bb5a1afb76b60dd82c1724edf2366ad7ed9a3fe50d96
Case-4-C27-42354-19379,Case-4-C27-42354-19379,Case 4 C27-42354-19379,http://pathdb.cancerimagingarchive.net/system/files/wsi/ross/Osteosarcoma-UT/converted/Osteosarcoma-UT/Training-Set-1/set4/Case-4-C27-42354-19379.tiff,Case-4,Viable,VIABLE_TUMOR,TRUE,False,RETRIEVED,200,C:\Users\enkso\.kiro\crew\scratch\runtime-0a306834\osteopatch_full_ingestion\tiffs\Case-4-C27-42354-19379.tiff,392468,aecf20d8792c220ebba28858d0735ed50e71e77a3718e170dcf836668a531eeb
Case-4-C27-45200-21938,Case-4-C27-45200-21938,Case 4 C27-45200-21938,http://pathdb.cancerimagingarchive.net/system/files/wsi/ross/Osteosarcoma-UT/converted/Osteosarcoma-UT/Training-Set-1/set4/Case-4-C27-45200-21938.tiff,Case-4,Non-Tumor,NON_TUMOR,TRUE,False,RETRIEVED,200,C:\Users\enkso\.kiro\crew\scratch\runtime-0a306834\osteopatch_full_ingestion\tiffs\Case-4-C27-45200-21938.tiff,240120,13cf4c9d94c338db6961b05f7b98cf954705562e783c019b8c176af5aa7ed8b4
Case-4-C27-45262-20988,Case-4-C27-45262-20988,Case 4 C27-45262-20988,http://pathdb.cancerimagingarchive.net/system/files/wsi/ross/Osteosarcoma-UT/converted/Osteosarcoma-UT/Training-Set-1/set4/Case-4-C27-45262-20988.tiff,Case-4,Non-Tumor,NON_TUMOR,TRUE,False,RETRIEVED,200,C:\Users\enkso\.kiro\crew\scratch\runtime-0a306834\osteopatch_full_ingestion\tiffs\Case-4-C27-45262-20988.tiff,182330,b5af89fb1f765e9d40fd96537aa759e6b1ad038c0067ebc7b85cbce9402f2919
Case-4-C28-10217-20283,Case-4-C28-10217-20283,Case 4 C28-10217-20283,http://pathdb.cancerimagingarchive.net/system/files/wsi/ross/Osteosarcoma-UT/converted/Osteosarcoma-UT/Training-Set-2/set5/Case-4-C28-10217-20283.tiff,Case-4,Non-Viable-Tumor,NECROSIS,TRUE,False,RETRIEVED,200,C:\Users\enkso\.kiro\crew\scratch\runtime-0a306834\osteopatch_full_ingestion\tiffs\Case-4-C28-10217-20283.tiff,303970,839aa60dabffc35386b7f6f79d4d15bb2e0d868c4f81b8c388ccd4936a757b38
Case-4-C28-13005-20274,Case-4-C28-13005-20274,Case 4 C28-13005-20274,http://pathdb.cancerimagingarchive.net/system/files/wsi/ross/Osteosarcoma-UT/converted/Osteosarcoma-UT/Training-Set-2/set5/Case-4-C28-13005-20274.tiff,Case-4,Non-Viable-Tumor,NECROSIS,TRUE,False,RETRIEVED,200,C:\Users\enkso\.kiro\crew\scratch\runtime-0a306834\osteopatch_full_ingestion\tiffs\Case-4-C28-13005-20274.tiff,423612,6d240ba6b8d2ac5b97ef8ad3e83c7e91800520579cc89442c637a158a42f3a82
Case-4-C28-17086-17351,Case-4-C28-17086-17351,Case 4 C28-17086-17351,http://pathdb.cancerimagingarchive.net/system/files/wsi/ross/Osteosarcoma-UT/converted/Osteosarcoma-UT/Training-Set-2/set5/Case-4-C28-17086-17351.tiff,Case-4,viable: non-viable,,FALSE,True,RETRIEVED,200,C:\Users\enkso\.kiro\crew\scratch\runtime-0a306834\osteopatch_full_ingestion\tiffs\Case-4-C28-17086-17351.tiff,398260,75e5f7f95ec7b176482b28529e2e63e71d8189380a4a787cfdd780b8940908e4
Case-4-C28-17394-10525,Case-4-C28-17394-10525,Case 4 C28-17394-10525,http://pathdb.cancerimagingarchive.net/system/files/wsi/ross/Osteosarcoma-UT/converted/Osteosarcoma-UT/Training-Set-2/set5/Case-4-C28-17394-10525.tiff,Case-4,Viable,VIABLE_TUMOR,TRUE,False,RETRIEVED,200,C:\Users\enkso\.kiro\crew\scratch\runtime-0a306834\osteopatch_full_ingestion\tiffs\Case-4-C28-17394-10525.tiff,419962,d45d66603a1e998823ab649031f398e62fa97ffb2bda6ba9b9242a83b1143df3
Case-4-C28-17483-12238,Case-4-C28-17483-12238,Case 4 C28-17483-12238,http://pathdb.cancerimagingarchive.net/system/files/wsi/ross/Osteosarcoma-UT/converted/Osteosarcoma-UT/Training-Set-2/set5/Case-4-C28-17483-12238.tiff,Case-4,Viable,VIABLE_TUMOR,TRUE,False,RETRIEVED,200,C:\Users\enkso\.kiro\crew\scratch\runtime-0a306834\osteopatch_full_ingestion\tiffs\Case-4-C28-17483-12238.tiff,165764,58253ae0374c43bf88c3aead07d17d72a70567d5e2097e4c8c9100f5086c52ac
Case-4-C28-19739-14492,Case-4-C28-19739-14492,Case 4 C28-19739-14492,http://pathdb.cancerimagingarchive.net/system/files/wsi/ross/Osteosarcoma-UT/converted/Osteosarcoma-UT/Training-Set-2/set5/Case-4-C28-19739-14492.tiff,Case-4,viable: non-viable,,FALSE,True,RETRIEVED,200,C:\Users\enkso\.kiro\crew\scratch\runtime-0a306834\osteopatch_full_ingestion\tiffs\Case-4-C28-19739-14492.tiff,266170,adf1369e452d3e09e17474526b582bf32c218eb413caf89c37915f2af250f0b6
Case-4-C28-22588-34168,Case-4-C28-22588-34168,Case 4 C28-22588-34168,http://pathdb.cancerimagingarchive.net/system/files/wsi/ross/Osteosarcoma-UT/converted/Osteosarcoma-UT/Training-Set-2/set5/Case-4-C28-22588-34168.tiff,Case-4,Non-Viable-Tumor,NECROSIS,TRUE,False,RETRIEVED,200,C:\Users\enkso\.kiro\crew\scratch\runtime-0a306834\osteopatch_full_ingestion\tiffs\Case-4-C28-22588-34168.tiff,384484,4612d7bef4bf849e8132ac2db5ff5bf001e78d855555979b389ef6b8ec7b44dd
Case-4-C28-25473-14283,Case-4-C28-25473-14283,Case 4 C28-25473-14283,http://pathdb.cancerimagingarchive.net/system/files/wsi/ross/Osteosarcoma-UT/converted/Osteosarcoma-UT/Training-Set-2/set5/Case-4-C28-25473-14283.tiff,Case-4,Viable,VIABLE_TUMOR,TRUE,False,RETRIEVED,200,C:\Users\enkso\.kiro\crew\scratch\runtime-0a306834\osteopatch_full_ingestion\tiffs\Case-4-C28-25473-14283.tiff,473050,da9bfd6a4464b72d31e65c63ba9ce7b2df458db5dbb0af699bc06fa7e763fe79
Case-4-C28-26851-15411,Case-4-C28-26851-15411,Case 4 C28-26851-15411,http://pathdb.cancerimagingarchive.net/system/files/wsi/ross/Osteosarcoma-UT/converted/Osteosarcoma-UT/Training-Set-2/set5/Case-4-C28-26851-15411.tiff,Case-4,Viable,VIABLE_TUMOR,TRUE,False,RETRIEVED,200,C:\Users\enkso\.kiro\crew\scratch\runtime-0a306834\osteopatch_full_ingestion\tiffs\Case-4-C28-26851-15411.tiff,449658,0c162b58c299212e9c25f280c58afdba341cb7125fe5c248c2e9a8eb35e730d8
Case-4-C28-27016-13463,Case-4-C28-27016-13463,Case 4 C28-27016-13463,http://pathdb.cancerimagingarchive.net/system/files/wsi/ross/Osteosarcoma-UT/converted/Osteosarcoma-UT/Training-Set-2/set5/Case-4-C28-27016-13463.tiff,Case-4,Viable,VIABLE_TUMOR,TRUE,False,RETRIEVED,200,C:\Users\enkso\.kiro\crew\scratch\runtime-0a306834\osteopatch_full_ingestion\tiffs\Case-4-C28-27016-13463.tiff,470126,c904961bb8ea4034895e001ea68d030c5805eb44ef2e240cc5d7a5ec34cf2565
Case-4-C28-27602-26398,Case-4-C28-27602-26398,Case 4 C28-27602-26398,http://pathdb.cancerimagingarchive.net/system/files/wsi/ross/Osteosarcoma-UT/converted/Osteosarcoma-UT/Training-Set-2/set5/Case-4-C28-27602-26398.tiff,Case-4,Non-Viable-Tumor,NECROSIS,TRUE,False,RETRIEVED,200,C:\Users\enkso\.kiro\crew\scratch\runtime-0a306834\osteopatch_full_ingestion\tiffs\Case-4-C28-27602-26398.tiff,273578,19e44d9676786ea17db425050f748a519f1b2f137c63d7a2bdeb96952f396888
Case-4-C28-28569-15469,Case-4-C28-28569-15469,Case 4 C28-28569-15469,http://pathdb.cancerimagingarchive.net/system/files/wsi/ross/Osteosarcoma-UT/converted/Osteosarcoma-UT/Training-Set-2/set5/Case-4-C28-28569-15469.tiff,Case-4,Viable,VIABLE_TUMOR,TRUE,False,RETRIEVED,200,C:\Users\enkso\.kiro\crew\scratch\runtime-0a306834\osteopatch_full_ingestion\tiffs\Case-4-C28-28569-15469.tiff,430496,717c12ab71b498131eb187631ddff10b0e2fbf0da681beeb0f6aeea8c35c7c1a
Case-4-C28-30588-18732,Case-4-C28-30588-18732,Case 4 C28-30588-18732,http://pathdb.cancerimagingarchive.net/system/files/wsi/ross/Osteosarcoma-UT/converted/Osteosarcoma-UT/Training-Set-2/set5/Case-4-C28-30588-18732.tiff,Case-4,Viable,VIABLE_TUMOR,TRUE,False,RETRIEVED,200,C:\Users\enkso\.kiro\crew\scratch\runtime-0a306834\osteopatch_full_ingestion\tiffs\Case-4-C28-30588-18732.tiff,465122,977b4b7db22f681fb11d8fcfa0b26819a5260e307e5239f7348b2bd2504d9d2c
Case-4-C28-30914-19280,Case-4-C28-30914-19280,Case 4 C28-30914-19280,http://pathdb.cancerimagingarchive.net/system/files/wsi/ross/Osteosarcoma-UT/converted/Osteosarcoma-UT/Training-Set-2/set5/Case-4-C28-30914-19280.tiff,Case-4,Viable,VIABLE_TUMOR,TRUE,False,RETRIEVED,200,C:\Users\enkso\.kiro\crew\scratch\runtime-0a306834\osteopatch_full_ingestion\tiffs\Case-4-C28-30914-19280.tiff,454866,5d506973f1ad615fc597b60f70ea4d64f61616115a4d190ae92eeeb81fee99bf
Case-4-C28-31042-23166,Case-4-C28-31042-23166,Case 4 C28-31042-23166,http://pathdb.cancerimagingarchive.net/system/files/wsi/ross/Osteosarcoma-UT/converted/Osteosarcoma-UT/Training-Set-1/set4/Case-4-C28-31042-23166.tiff,Case-4,Non-Tumor,NON_TUMOR,TRUE,False,RETRIEVED,200,C:\Users\enkso\.kiro\crew\scratch\runtime-0a306834\osteopatch_full_ingestion\tiffs\Case-4-C28-31042-23166.tiff,242362,5829e0ea00ddb8006cbbed43236a769526536e0aec92355f9a0aa08854e301a1
Case-4-C28-33944-22211,Case-4-C28-33944-22211,Case 4 C28-33944-22211,http://pathdb.cancerimagingarchive.net/system/files/wsi/ross/Osteosarcoma-UT/converted/Osteosarcoma-UT/Training-Set-1/set4/Case-4-C28-33944-22211.tiff,Case-4,Non-Tumor,NON_TUMOR,TRUE,False,RETRIEVED,200,C:\Users\enkso\.kiro\crew\scratch\runtime-0a306834\osteopatch_full_ingestion\tiffs\Case-4-C28-33944-22211.tiff,322418,6599cf0699cc806334f0ca2bbca4f0ec11cf877ac1db2074bb94ccbab8e4a6d4
Case-4-C28-34272-29721,Case-4-C28-34272-29721,Case 4 C28-34272-29721,http://pathdb.cancerimagingarchive.net/system/files/wsi/ross/Osteosarcoma-UT/converted/Osteosarcoma-UT/Training-Set-1/set4/Case-4-C28-34272-29721.tiff,Case-4,Non-Viable-Tumor,NECROSIS,TRUE,False,RETRIEVED,200,C:\Users\enkso\.kiro\crew\scratch\runtime-0a306834\osteopatch_full_ingestion\tiffs\Case-4-C28-34272-29721.tiff,373280,9554a223f2ee42dd6c154f66d96b4b567291f949fa5ca391034aa4be45751a3c
Case-4-C28-35755-28991,Case-4-C28-35755-28991,Case 4 C28-35755-28991,http://pathdb.cancerimagingarchive.net/system/files/wsi/ross/Osteosarcoma-UT/converted/Osteosarcoma-UT/Training-Set-1/set4/Case-4-C28-35755-28991.tiff,Case-4,Non-Viable-Tumor,NECROSIS,TRUE,False,RETRIEVED,200,C:\Users\enkso\.kiro\crew\scratch\runtime-0a306834\osteopatch_full_ingestion\tiffs\Case-4-C28-35755-28991.tiff,372674,46e111729c4e6286280469b2d159360bed4cfbc0c092dd9553478671f2f8ac23
Case-4-C28-36010-11166,Case-4-C28-36010-11166,Case 4 C28-36010-11166,http://pathdb.cancerimagingarchive.net/system/files/wsi/ross/Osteosarcoma-UT/converted/Osteosarcoma-UT/Training-Set-1/set4/Case-4-C28-36010-11166.tiff,Case-4,Viable,VIABLE_TUMOR,TRUE,False,RETRIEVED,200,C:\Users\enkso\.kiro\crew\scratch\runtime-0a306834\osteopatch_full_ingestion\tiffs\Case-4-C28-36010-11166.tiff,103464,5876f57fe2e4add4ac703396418bbdd77e011faff6b7b80fa92294dd1429429d
Case-4-C28-36370-18227,Case-4-C28-36370-18227,Case 4 C28-36370-18227,http://pathdb.cancerimagingarchive.net/system/files/wsi/ross/Osteosarcoma-UT/converted/Osteosarcoma-UT/Training-Set-1/set4/Case-4-C28-36370-18227.tiff,Case-4,Viable,VIABLE_TUMOR,TRUE,False,RETRIEVED,200,C:\Users\enkso\.kiro\crew\scratch\runtime-0a306834\osteopatch_full_ingestion\tiffs\Case-4-C28-36370-18227.tiff,373878,212bf827b912c8ee6eef928ead76b7f4dc7289a659a11be823fbf7b4d1470ec3
Case-4-C28-39382-19351,Case-4-C28-39382-19351,Case 4 C28-39382-19351,http://pathdb.cancerimagingarchive.net/system/files/wsi/ross/Osteosarcoma-UT/converted/Osteosarcoma-UT/Training-Set-1/set4/Case-4-C28-39382-19351.tiff,Case-4,viable: non-viable,,FALSE,True,RETRIEVED,200,C:\Users\enkso\.kiro\crew\scratch\runtime-0a306834\osteopatch_full_ingestion\tiffs\Case-4-C28-39382-19351.tiff,294526,cef1a8263ae619fbd415a0b6fbd9d3bd58d3ca18148f17105c52c92083ccbb94
Case-4-C28-39674-17239,Case-4-C28-39674-17239,Case 4 C28-39674-17239,http://pathdb.cancerimagingarchive.net/system/files/wsi/ross/Osteosarcoma-UT/converted/Osteosarcoma-UT/Training-Set-1/set5/Case-4-C28-39674-17239.tiff,Case-4,Viable,VIABLE_TUMOR,TRUE,False,RETRIEVED,200,C:\Users\enkso\.kiro\crew\scratch\runtime-0a306834\osteopatch_full_ingestion\tiffs\Case-4-C28-39674-17239.tiff,368896,e9286ff7eaf6e42b9e0dfbfe3b7a2d944d44106c7609e20eb0bf7286baaa5f6e
Case-4-C28-39877-24842,Case-4-C28-39877-24842,Case 4 C28-39877-24842,http://pathdb.cancerimagingarchive.net/system/files/wsi/ross/Osteosarcoma-UT/converted/Osteosarcoma-UT/Training-Set-1/set5/Case-4-C28-39877-24842.tiff,Case-4,Viable,VIABLE_TUMOR,TRUE,False,RETRIEVED,200,C:\Users\enkso\.kiro\crew\scratch\runtime-0a306834\osteopatch_full_ingestion\tiffs\Case-4-C28-39877-24842.tiff,312096,ae82dce97507fbde11fffbcd288feb5d38e8a0516c45acd5d14017d677f99609
Case-4-C28-41530-23152,Case-4-C28-41530-23152,Case 4 C28-41530-23152,http://pathdb.cancerimagingarchive.net/system/files/wsi/ross/Osteosarcoma-UT/converted/Osteosarcoma-UT/Training-Set-1/set5/Case-4-C28-41530-23152.tiff,Case-4,viable: non-viable,,FALSE,True,RETRIEVED,200,C:\Users\enkso\.kiro\crew\scratch\runtime-0a306834\osteopatch_full_ingestion\tiffs\Case-4-C28-41530-23152.tiff,352360,37f481edfa638576aebf6dbd5dd19c7a68ecb4ffe183efba91b392d1015bee67
Case-4-C28-41935-19673,Case-4-C28-41935-19673,Case 4 C28-41935-19673,http://pathdb.cancerimagingarchive.net/system/files/wsi/ross/Osteosarcoma-UT/converted/Osteosarcoma-UT/Training-Set-1/set5/Case-4-C28-41935-19673.tiff,Case-4,Viable,VIABLE_TUMOR,TRUE,False,RETRIEVED,200,C:\Users\enkso\.kiro\crew\scratch\runtime-0a306834\osteopatch_full_ingestion\tiffs\Case-4-C28-41935-19673.tiff,379438,a82d94730ff6ce8013332940ed41198c17edaa1a1e3ebfec0e1ac907e01347c1
Case-4-C28-42525-25070,Case-4-C28-42525-25070,Case 4 C28-42525-25070,http://pathdb.cancerimagingarchive.net/system/files/wsi/ross/Osteosarcoma-UT/converted/Osteosarcoma-UT/Training-Set-1/set5/Case-4-C28-42525-25070.tiff,Case-4,Non-Viable-Tumor,NECROSIS,TRUE,False,RETRIEVED,200,C:\Users\enkso\.kiro\crew\scratch\runtime-0a306834\osteopatch_full_ingestion\tiffs\Case-4-C28-42525-25070.tiff,380356,9239e088265cbc3c6410f3f7d0981a93a1801d1203d547f59e437331b49de7e1
Case-4-C28-42724-16956,Case-4-C28-42724-16956,Case 4 C28-42724-16956,http://pathdb.cancerimagingarchive.net/system/files/wsi/ross/Osteosarcoma-UT/converted/Osteosarcoma-UT/Training-Set-1/set5/Case-4-C28-42724-16956.tiff,Case-4,Non-Tumor,NON_TUMOR,TRUE,False,RETRIEVED,200,C:\Users\enkso\.kiro\crew\scratch\runtime-0a306834\osteopatch_full_ingestion\tiffs\Case-4-C28-42724-16956.tiff,454248,cf6187a7e07a6fa30e1ec44a4c828fc2f2a2451f664e945a0e401ae620122944
Case-4-C29-13332-20182,Case-4-C29-13332-20182,Case 4 C29-13332-20182,http://pathdb.cancerimagingarchive.net/system/files/wsi/ross/Osteosarcoma-UT/converted/Osteosarcoma-UT/Training-Set-2/set5/Case-4-C29-13332-20182.tiff,Case-4,Non-Viable-Tumor,NECROSIS,TRUE,False,RETRIEVED,200,C:\Users\enkso\.kiro\crew\scratch\runtime-0a306834\osteopatch_full_ingestion\tiffs\Case-4-C29-13332-20182.tiff,412880,dd1625753ad9c4b7709bf8ad2f9e4295bc704caf157b3a405cfa39e48b028124
Case-4-C29-14846-11791,Case-4-C29-14846-11791,Case 4 C29-14846-11791,http://pathdb.cancerimagingarchive.net/system/files/wsi/ross/Osteosarcoma-UT/converted/Osteosarcoma-UT/Training-Set-2/set5/Case-4-C29-14846-11791.tiff,Case-4,Viable,VIABLE_TUMOR,TRUE,False,RETRIEVED,200,C:\Users\enkso\.kiro\crew\scratch\runtime-0a306834\osteopatch_full_ingestion\tiffs\Case-4-C29-14846-11791.tiff,270328,974ed0b52089f5477c59944e451891ff468a62a3d3bedabed032d75b4c8c0b3b
Case-4-C29-15182-28434,Case-4-C29-15182-28434,Case 4 C29-15182-28434,http://pathdb.cancerimagingarchive.net/system/files/wsi/ross/Osteosarcoma-UT/converted/Osteosarcoma-UT/Training-Set-2/set5/Case-4-C29-15182-28434.tiff,Case-4,Non-Viable-Tumor,NECROSIS,TRUE,False,RETRIEVED,200,C:\Users\enkso\.kiro\crew\scratch\runtime-0a306834\osteopatch_full_ingestion\tiffs\Case-4-C29-15182-28434.tiff,133404,ae7244d254acd60627dc01a735592d49117de96c03138729fa87e1ff0c9cd8a5
Case-4-C29-15569-11401,Case-4-C29-15569-11401,Case 4 C29-15569-11401,http://pathdb.cancerimagingarchive.net/system/files/wsi/ross/Osteosarcoma-UT/converted/Osteosarcoma-UT/Training-Set-2/set5/Case-4-C29-15569-11401.tiff,Case-4,Viable,VIABLE_TUMOR,TRUE,False,RETRIEVED,200,C:\Users\enkso\.kiro\crew\scratch\runtime-0a306834\osteopatch_full_ingestion\tiffs\Case-4-C29-15569-11401.tiff,263760,c1013459c6a1ea4fb69ef27b646fb2520e286c3cce97e6d10ec9ffda10940b4d
Case-4-C29-15887-24394,Case-4-C29-15887-24394,Case 4 C29-15887-24394,http://pathdb.cancerimagingarchive.net/system/files/wsi/ross/Osteosarcoma-UT/converted/Osteosarcoma-UT/Training-Set-2/set5/Case-4-C29-15887-24394.tiff,Case-4,Non-Viable-Tumor,NECROSIS,TRUE,False,RETRIEVED,200,C:\Users\enkso\.kiro\crew\scratch\runtime-0a306834\osteopatch_full_ingestion\tiffs\Case-4-C29-15887-24394.tiff,396452,e9ef4acaea6f3eed0cb617ad9e9f3b5814187cdad9d88c2749677e39245965e5
Case-4-C29-16530-30634,Case-4-C29-16530-30634,Case 4 C29-16530-30634,http://pathdb.cancerimagingarchive.net/system/files/wsi/ross/Osteosarcoma-UT/converted/Osteosarcoma-UT/Training-Set-2/set5/Case-4-C29-16530-30634.tiff,Case-4,Non-Viable-Tumor,NECROSIS,TRUE,False,RETRIEVED,200,C:\Users\enkso\.kiro\crew\scratch\runtime-0a306834\osteopatch_full_ingestion\tiffs\Case-4-C29-16530-30634.tiff,75430,85be4b5b05ebc9a70dbe146aa28e90c7e9b23ef979ae0d2e65be890279a9be75
Case-4-C29-16874-21863,Case-4-C29-16874-21863,Case 4 C29-16874-21863,http://pathdb.cancerimagingarchive.net/system/files/wsi/ross/Osteosarcoma-UT/converted/Osteosarcoma-UT/Training-Set-2/set5/Case-4-C29-16874-21863.tiff,Case-4,Non-Viable-Tumor,NECROSIS,TRUE,False,RETRIEVED,200,C:\Users\enkso\.kiro\crew\scratch\runtime-0a306834\osteopatch_full_ingestion\tiffs\Case-4-C29-16874-21863.tiff,314900,02fcb8bed4600f53d1e7ff7c1d67f83731c06c5e68bbb19216ef8c92ce3e4ad5
Case-4-C29-17972-31834,Case-4-C29-17972-31834,Case 4 C29-17972-31834,http://pathdb.cancerimagingarchive.net/system/files/wsi/ross/Osteosarcoma-UT/converted/Osteosarcoma-UT/Training-Set-2/set5/Case-4-C29-17972-31834.tiff,Case-4,Non-Viable-Tumor,NECROSIS,TRUE,False,RETRIEVED,200,C:\Users\enkso\.kiro\crew\scratch\runtime-0a306834\osteopatch_full_ingestion\tiffs\Case-4-C29-17972-31834.tiff,230698,1717a2141a6476ebc2ddd5a9a61d0c15f929eecab83b7e2a345d46306afbc0ba
Case-4-C29-18029-22098,Case-4-C29-18029-22098,Case 4 C29-18029-22098,http://pathdb.cancerimagingarchive.net/system/files/wsi/ross/Osteosarcoma-UT/converted/Osteosarcoma-UT/Training-Set-2/set5/Case-4-C29-18029-22098.tiff,Case-4,Non-Viable-Tumor,NECROSIS,TRUE,False,RETRIEVED,200,C:\Users\enkso\.kiro\crew\scratch\runtime-0a306834\osteopatch_full_ingestion\tiffs\Case-4-C29-18029-22098.tiff,315980,7d5a6b99aef2b3780a181ff723c8dbced0e511ae8a4c905ce285b4826939195e
Case-4-C29-20994-22152,Case-4-C29-20994-22152,Case 4 C29-20994-22152,http://pathdb.cancerimagingarchive.net/system/files/wsi/ross/Osteosarcoma-UT/converted/Osteosarcoma-UT/Training-Set-2/set5/Case-4-C29-20994-22152.tiff,Case-4,viable: non-viable,,FALSE,True,RETRIEVED,200,C:\Users\enkso\.kiro\crew\scratch\runtime-0a306834\osteopatch_full_ingestion\tiffs\Case-4-C29-20994-22152.tiff,397542,da2a63af3ba61025217f461b8da5f6fa6bed85b61e79b43c076c16180ee13df5
Case-4-C29-22107-10482,Case-4-C29-22107-10482,Case 4 C29-22107-10482,http://pathdb.cancerimagingarchive.net/system/files/wsi/ross/Osteosarcoma-UT/converted/Osteosarcoma-UT/Training-Set-2/set5/Case-4-C29-22107-10482.tiff,Case-4,Viable,VIABLE_TUMOR,TRUE,False,RETRIEVED,200,C:\Users\enkso\.kiro\crew\scratch\runtime-0a306834\osteopatch_full_ingestion\tiffs\Case-4-C29-22107-10482.tiff,494230,9d9230536abf8bf0c233e36ddc0c42a6a62fb37c271727f4fc319420a3c1b402
Case-4-C29-22504-33746,Case-4-C29-22504-33746,Case 4 C29-22504-33746,http://pathdb.cancerimagingarchive.net/system/files/wsi/ross/Osteosarcoma-UT/converted/Osteosarcoma-UT/Training-Set-2/set5/Case-4-C29-22504-33746.tiff,Case-4,Non-Viable-Tumor,NECROSIS,TRUE,False,RETRIEVED,200,C:\Users\enkso\.kiro\crew\scratch\runtime-0a306834\osteopatch_full_ingestion\tiffs\Case-4-C29-22504-33746.tiff,394948,eadf8268d1551bb8d0c9d0a58af90460569aa333b6227c008586960fdc8cb1db
Case-4-C29-23938-15097,Case-4-C29-23938-15097,Case 4 C29-23938-15097,http://pathdb.cancerimagingarchive.net/system/files/wsi/ross/Osteosarcoma-UT/converted/Osteosarcoma-UT/Training-Set-2/set5/Case-4-C29-23938-15097.tiff,Case-4,Viable,VIABLE_TUMOR,TRUE,False,RETRIEVED,200,C:\Users\enkso\.kiro\crew\scratch\runtime-0a306834\osteopatch_full_ingestion\tiffs\Case-4-C29-23938-15097.tiff,479772,b2fb1fc2983f9fe594044e5617736cddfdd8d2c56afbca12b87c3d32bb19c769
Case-4-C29-24903-19562,Case-4-C29-24903-19562,Case 4 C29-24903-19562,http://pathdb.cancerimagingarchive.net/system/files/wsi/ross/Osteosarcoma-UT/converted/Osteosarcoma-UT/Training-Set-2/set5/Case-4-C29-24903-19562.tiff,Case-4,Viable,VIABLE_TUMOR,TRUE,False,RETRIEVED,200,C:\Users\enkso\.kiro\crew\scratch\runtime-0a306834\osteopatch_full_ingestion\tiffs\Case-4-C29-24903-19562.tiff,461810,bf4b8067c26419d5844d107bbe52833403f8910ec86f46ff85e765194222c9a6
Case-4-C29-26385-28225,Case-4-C29-26385-28225,Case 4 C29-26385-28225,http://pathdb.cancerimagingarchive.net/system/files/wsi/ross/Osteosarcoma-UT/converted/Osteosarcoma-UT/Training-Set-1/set5/Case-4-C29-26385-28225.tiff,Case-4,Non-Viable-Tumor,NECROSIS,TRUE,False,RETRIEVED,200,C:\Users\enkso\.kiro\crew\scratch\runtime-0a306834\osteopatch_full_ingestion\tiffs\Case-4-C29-26385-28225.tiff,330782,506d9ccd7821fc9e9421b4ebac93a5f69744b8f20552eac38cfc9521ac1965c5
Case-4-C29-26451-27935,Case-4-C29-26451-27935,Case 4 C29-26451-27935,http://pathdb.cancerimagingarchive.net/system/files/wsi/ross/Osteosarcoma-UT/converted/Osteosarcoma-UT/Training-Set-1/set5/Case-4-C29-26451-27935.tiff,Case-4,Non-Viable-Tumor,NECROSIS,TRUE,False,RETRIEVED,200,C:\Users\enkso\.kiro\crew\scratch\runtime-0a306834\osteopatch_full_ingestion\tiffs\Case-4-C29-26451-27935.tiff,311240,32dd7e4f4614eb3b1e6a73177e9e03ac8c2be4a271cc3f5c678ea19a88c6fd03
Case-4-C29-26629-4434,Case-4-C29-26629-4434,Case 4 C29-26629-4434,http://pathdb.cancerimagingarchive.net/system/files/wsi/ross/Osteosarcoma-UT/converted/Osteosarcoma-UT/Training-Set-1/set5/Case-4-C29-26629-4434.tiff,Case-4,Non-Viable-Tumor,NECROSIS,TRUE,False,RETRIEVED,200,C:\Users\enkso\.kiro\crew\scratch\runtime-0a306834\osteopatch_full_ingestion\tiffs\Case-4-C29-26629-4434.tiff,229690,3ce3ae614f7bbc2ca5ddde0911ce9d041f9ad8bb2a8680e6ec31f2f53f08bc73
Case-4-C29-27987-31224,Case-4-C29-27987-31224,Case 4 C29-27987-31224,http://pathdb.cancerimagingarchive.net/system/files/wsi/ross/Osteosarcoma-UT/converted/Osteosarcoma-UT/Training-Set-1/set5/Case-4-C29-27987-31224.tiff,Case-4,Non-Viable-Tumor,NECROSIS,TRUE,False,RETRIEVED,200,C:\Users\enkso\.kiro\crew\scratch\runtime-0a306834\osteopatch_full_ingestion\tiffs\Case-4-C29-27987-31224.tiff,338256,ff8c022ae1e5af784b21b3e1bda085c847f859050d95abfe979fb9ce84e9a0c4
Case-4-C29-29639-16570,Case-4-C29-29639-16570,Case 4 C29-29639-16570,http://pathdb.cancerimagingarchive.net/system/files/wsi/ross/Osteosarcoma-UT/converted/Osteosarcoma-UT/Training-Set-1/set5/Case-4-C29-29639-16570.tiff,Case-4,Viable,VIABLE_TUMOR,TRUE,False,RETRIEVED,200,C:\Users\enkso\.kiro\crew\scratch\runtime-0a306834\osteopatch_full_ingestion\tiffs\Case-4-C29-29639-16570.tiff,433790,0082f4a36ef1f736bd5e2a352cee6fe31705fd4ae24ae0dfc9b041e8fc5bf3fa
Case-4-C29-30319-13766,Case-4-C29-30319-13766,Case 4 C29-30319-13766,http://pathdb.cancerimagingarchive.net/system/files/wsi/ross/Osteosarcoma-UT/converted/Osteosarcoma-UT/Training-Set-1/set5/Case-4-C29-30319-13766.tiff,Case-4,Viable,VIABLE_TUMOR,TRUE,False,RETRIEVED,200,C:\Users\enkso\.kiro\crew\scratch\runtime-0a306834\osteopatch_full_ingestion\tiffs\Case-4-C29-30319-13766.tiff,432696,e0015ffbec4e8c42d9141844136181645e26c9afe199275227c79d516b26d108
Case-4-C29-30502-34418,Case-4-C29-30502-34418,Case 4 C29-30502-34418,http://pathdb.cancerimagingarchive.net/system/files/wsi/ross/Osteosarcoma-UT/converted/Osteosarcoma-UT/Training-Set-1/set5/Case-4-C29-30502-34418.tiff,Case-4,Non-Viable-Tumor,NECROSIS,TRUE,False,RETRIEVED,200,C:\Users\enkso\.kiro\crew\scratch\runtime-0a306834\osteopatch_full_ingestion\tiffs\Case-4-C29-30502-34418.tiff,325798,6a58b9e004ae495b5f3c2df006baa3ac1966b3fc99283bffb1075acc77baa7f7
Case-4-C29-31054-35813,Case-4-C29-31054-35813,Case 4 C29-31054-35813,http://pathdb.cancerimagingarchive.net/system/files/wsi/ross/Osteosarcoma-UT/converted/Osteosarcoma-UT/Training-Set-1/set5/Case-4-C29-31054-35813.tiff,Case-4,Non-Viable-Tumor,NECROSIS,TRUE,False,RETRIEVED,200,C:\Users\enkso\.kiro\crew\scratch\runtime-0a306834\osteopatch_full_ingestion\tiffs\Case-4-C29-31054-35813.tiff,289758,83862339147a70fdc54f5ca5f26f0751288fb0c3682708d22da7700835d7108a
Case-4-C29-31369-33022,Case-4-C29-31369-33022,Case 4 C29-31369-33022,http://pathdb.cancerimagingarchive.net/system/files/wsi/ross/Osteosarcoma-UT/converted/Osteosarcoma-UT/Training-Set-1/set5/Case-4-C29-31369-33022.tiff,Case-4,Non-Viable-Tumor,NECROSIS,TRUE,False,RETRIEVED,200,C:\Users\enkso\.kiro\crew\scratch\runtime-0a306834\osteopatch_full_ingestion\tiffs\Case-4-C29-31369-33022.tiff,336158,0528d42b24a96b18c238fcc5175415da2524acb89020f523e6e543034a5cb2d7
Case-4-C29-31670-19505,Case-4-C29-31670-19505,Case 4 C29-31670-19505,http://pathdb.cancerimagingarchive.net/system/files/wsi/ross/Osteosarcoma-UT/converted/Osteosarcoma-UT/Training-Set-1/set5/Case-4-C29-31670-19505.tiff,Case-4,Viable,VIABLE_TUMOR,TRUE,False,RETRIEVED,200,C:\Users\enkso\.kiro\crew\scratch\runtime-0a306834\osteopatch_full_ingestion\tiffs\Case-4-C29-31670-19505.tiff,421784,efdb596313247f18295c967113b85f7a745a751e22c8622fa5bc31b25747f18d
Case-4-C29-33826-27241,Case-4-C29-33826-27241,Case 4 C29-33826-27241,http://pathdb.cancerimagingarchive.net/system/files/wsi/ross/Osteosarcoma-UT/converted/Osteosarcoma-UT/Training-Set-1/set5/Case-4-C29-33826-27241.tiff,Case-4,Non-Viable-Tumor,NECROSIS,TRUE,False,RETRIEVED,200,C:\Users\enkso\.kiro\crew\scratch\runtime-0a306834\osteopatch_full_ingestion\tiffs\Case-4-C29-33826-27241.tiff,393238,bf3f16fb1142bc395916c63aa8f7f952addc6428756db2c23510fa105373312d
Case-4-C29-35879-13825,Case-4-C29-35879-13825,Case 4 C29-35879-13825,http://pathdb.cancerimagingarchive.net/system/files/wsi/ross/Osteosarcoma-UT/converted/Osteosarcoma-UT/Training-Set-1/set5/Case-4-C29-35879-13825.tiff,Case-4,viable: non-viable,,FALSE,True,RETRIEVED,200,C:\Users\enkso\.kiro\crew\scratch\runtime-0a306834\osteopatch_full_ingestion\tiffs\Case-4-C29-35879-13825.tiff,222722,961ca698e9c7beaca12b086e89e9b1d97764507a172c31252091ca7f6aaa3abe
Case-4-C29-40078-13241,Case-4-C29-40078-13241,Case 4 C29-40078-13241,http://pathdb.cancerimagingarchive.net/system/files/wsi/ross/Osteosarcoma-UT/converted/Osteosarcoma-UT/Training-Set-1/set5/Case-4-C29-40078-13241.tiff,Case-4,Non-Tumor,NON_TUMOR,TRUE,False,RETRIEVED,200,C:\Users\enkso\.kiro\crew\scratch\runtime-0a306834\osteopatch_full_ingestion\tiffs\Case-4-C29-40078-13241.tiff,371462,930e210bde479ecc77ed1db7a5326b3870d4898aeee29e061c9eb5efa7e8f471
Case-4-C31-10015-17952,Case-4-C31-10015-17952,Case 4 C31-10015-17952,http://pathdb.cancerimagingarchive.net/system/files/wsi/ross/Osteosarcoma-UT/converted/Osteosarcoma-UT/Training-Set-2/set5/Case-4-C31-10015-17952.tiff,Case-4,Non-Viable-Tumor,NECROSIS,TRUE,False,RETRIEVED,200,C:\Users\enkso\.kiro\crew\scratch\runtime-0a306834\osteopatch_full_ingestion\tiffs\Case-4-C31-10015-17952.tiff,400504,df449304061d7c553a290718b49d27f3dc34edf5f2e41a43e559ce486762a2d4
Case-4-C31-11369-15049,Case-4-C31-11369-15049,Case 4 C31-11369-15049,http://pathdb.cancerimagingarchive.net/system/files/wsi/ross/Osteosarcoma-UT/converted/Osteosarcoma-UT/Training-Set-2/set5/Case-4-C31-11369-15049.tiff,Case-4,Non-Viable-Tumor,NECROSIS,TRUE,False,RETRIEVED,200,C:\Users\enkso\.kiro\crew\scratch\runtime-0a306834\osteopatch_full_ingestion\tiffs\Case-4-C31-11369-15049.tiff,404322,986a457431c4eca858091b062a32a0e5a0d90fd6fd8e4b84358e2ac6931689e6
Case-4-C31-12983-18446,Case-4-C31-12983-18446,Case 4 C31-12983-18446,http://pathdb.cancerimagingarchive.net/system/files/wsi/ross/Osteosarcoma-UT/converted/Osteosarcoma-UT/Training-Set-2/set5/Case-4-C31-12983-18446.tiff,Case-4,Non-Viable-Tumor,NECROSIS,TRUE,False,RETRIEVED,200,C:\Users\enkso\.kiro\crew\scratch\runtime-0a306834\osteopatch_full_ingestion\tiffs\Case-4-C31-12983-18446.tiff,412426,74c64306e00ba4d6f674df188ca797170ed11015cdcf5bdefa6711b1863dca04
Case-4-C31-13026-17709,Case-4-C31-13026-17709,Case 4 C31-13026-17709,http://pathdb.cancerimagingarchive.net/system/files/wsi/ross/Osteosarcoma-UT/converted/Osteosarcoma-UT/Training-Set-2/set5/Case-4-C31-13026-17709.tiff,Case-4,Non-Viable-Tumor,NECROSIS,TRUE,False,RETRIEVED,200,C:\Users\enkso\.kiro\crew\scratch\runtime-0a306834\osteopatch_full_ingestion\tiffs\Case-4-C31-13026-17709.tiff,410418,ad894b6685c5ff563cf3c03658243fb742f66b8e6094bb824419d9dadae1fadd
Case-4-C31-16379-15830,Case-4-C31-16379-15830,Case 4 C31-16379-15830,http://pathdb.cancerimagingarchive.net/system/files/wsi/ross/Osteosarcoma-UT/converted/Osteosarcoma-UT/Training-Set-2/set5/Case-4-C31-16379-15830.tiff,Case-4,Viable,VIABLE_TUMOR,TRUE,False,RETRIEVED,200,C:\Users\enkso\.kiro\crew\scratch\runtime-0a306834\osteopatch_full_ingestion\tiffs\Case-4-C31-16379-15830.tiff,454582,db4e54cb763b92683b816163f3fca9b2750087a2e4998c924ab261f8cca9a30e
Case-4-C31-17180-22686,Case-4-C31-17180-22686,Case 4 C31-17180-22686,http://pathdb.cancerimagingarchive.net/system/files/wsi/ross/Osteosarcoma-UT/converted/Osteosarcoma-UT/Training-Set-2/set5/Case-4-C31-17180-22686.tiff,Case-4,Non-Viable-Tumor,NECROSIS,TRUE,False,RETRIEVED,200,C:\Users\enkso\.kiro\crew\scratch\runtime-0a306834\osteopatch_full_ingestion\tiffs\Case-4-C31-17180-22686.tiff,300314,dba3c65a4ce2b7f192711324248b62279d0a518f4935ee173499abd8e092f998
Case-4-C31-17846-20505,Case-4-C31-17846-20505,Case 4 C31-17846-20505,http://pathdb.cancerimagingarchive.net/system/files/wsi/ross/Osteosarcoma-UT/converted/Osteosarcoma-UT/Training-Set-2/set5/Case-4-C31-17846-20505.tiff,Case-4,Non-Tumor,NON_TUMOR,TRUE,False,RETRIEVED,200,C:\Users\enkso\.kiro\crew\scratch\runtime-0a306834\osteopatch_full_ingestion\tiffs\Case-4-C31-17846-20505.tiff,332208,848bfa7a62f234ad12f0a8ad38129398f738e426f60e0fee93512292e64e987f
Case-4-C31-19720-30902,Case-4-C31-19720-30902,Case 4 C31-19720-30902,http://pathdb.cancerimagingarchive.net/system/files/wsi/ross/Osteosarcoma-UT/converted/Osteosarcoma-UT/Training-Set-2/set5/Case-4-C31-19720-30902.tiff,Case-4,Non-Viable-Tumor,NECROSIS,TRUE,False,RETRIEVED,200,C:\Users\enkso\.kiro\crew\scratch\runtime-0a306834\osteopatch_full_ingestion\tiffs\Case-4-C31-19720-30902.tiff,376466,d162405b4ae55870d11c0d3ed2abd8a90266b25621aaa665bd74ed1bb835b301
Case-4-C31-19780-23823,Case-4-C31-19780-23823,Case 4 C31-19780-23823,http://pathdb.cancerimagingarchive.net/system/files/wsi/ross/Osteosarcoma-UT/converted/Osteosarcoma-UT/Training-Set-2/set5/Case-4-C31-19780-23823.tiff,Case-4,Non-Viable-Tumor,NECROSIS,TRUE,False,RETRIEVED,200,C:\Users\enkso\.kiro\crew\scratch\runtime-0a306834\osteopatch_full_ingestion\tiffs\Case-4-C31-19780-23823.tiff,312776,d73ee7905dff6345a525ddf42edd39fe42da16f626aa25b12ab79212ee6cf0fc
Case-4-C31-20022-32809,Case-4-C31-20022-32809,Case 4 C31-20022-32809,http://pathdb.cancerimagingarchive.net/system/files/wsi/ross/Osteosarcoma-UT/converted/Osteosarcoma-UT/Training-Set-2/set5/Case-4-C31-20022-32809.tiff,Case-4,Non-Viable-Tumor,NECROSIS,TRUE,False,RETRIEVED,200,C:\Users\enkso\.kiro\crew\scratch\runtime-0a306834\osteopatch_full_ingestion\tiffs\Case-4-C31-20022-32809.tiff,280552,bdaad0afac3b0d09e0f8504c6a792a6b0044d16c48cff82ca0b18c7f8f809693
Case-4-C31-22851-36922,Case-4-C31-22851-36922,Case 4 C31-22851-36922,http://pathdb.cancerimagingarchive.net/system/files/wsi/ross/Osteosarcoma-UT/converted/Osteosarcoma-UT/Training-Set-2/set5/Case-4-C31-22851-36922.tiff,Case-4,Non-Viable-Tumor,NECROSIS,TRUE,False,RETRIEVED,200,C:\Users\enkso\.kiro\crew\scratch\runtime-0a306834\osteopatch_full_ingestion\tiffs\Case-4-C31-22851-36922.tiff,361152,bc50d087edb6269acd66e1797339d814e243b35e5cf0f08267901c4650ff7161
Case-4-C31-23051-12507,Case-4-C31-23051-12507,Case 4 C31-23051-12507,http://pathdb.cancerimagingarchive.net/system/files/wsi/ross/Osteosarcoma-UT/converted/Osteosarcoma-UT/Training-Set-2/set5/Case-4-C31-23051-12507.tiff,Case-4,Viable,VIABLE_TUMOR,TRUE,False,RETRIEVED,200,C:\Users\enkso\.kiro\crew\scratch\runtime-0a306834\osteopatch_full_ingestion\tiffs\Case-4-C31-23051-12507.tiff,505910,55f16b5a890da330257f468de77990f75d5ed62d0e81bf273f45106af38a4225
Case-4-C31-24654-15629,Case-4-C31-24654-15629,Case 4 C31-24654-15629,http://pathdb.cancerimagingarchive.net/system/files/wsi/ross/Osteosarcoma-UT/converted/Osteosarcoma-UT/Training-Set-2/set5/Case-4-C31-24654-15629.tiff,Case-4,Viable,VIABLE_TUMOR,TRUE,False,RETRIEVED,200,C:\Users\enkso\.kiro\crew\scratch\runtime-0a306834\osteopatch_full_ingestion\tiffs\Case-4-C31-24654-15629.tiff,481190,586f6c8a98361887dfbc59ed2e06619f36eef14ba92d4608a84e3fed1d319ab8
Case-4-C31-24669-10300,Case-4-C31-24669-10300,Case 4 C31-24669-10300,http://pathdb.cancerimagingarchive.net/system/files/wsi/ross/Osteosarcoma-UT/converted/Osteosarcoma-UT/Training-Set-2/set5/Case-4-C31-24669-10300.tiff,Case-4,Viable,VIABLE_TUMOR,TRUE,False,RETRIEVED,200,C:\Users\enkso\.kiro\crew\scratch\runtime-0a306834\osteopatch_full_ingestion\tiffs\Case-4-C31-24669-10300.tiff,485134,a87b069f39833a4dc3bf5d49d818899f83a480c11290c0130149f0572ffc25e7
Case-4-C31-25176-8074,Case-4-C31-25176-8074,Case 4 C31-25176-8074,http://pathdb.cancerimagingarchive.net/system/files/wsi/ross/Osteosarcoma-UT/converted/Osteosarcoma-UT/Training-Set-2/set5/Case-4-C31-25176-8074.tiff,Case-4,Viable,VIABLE_TUMOR,TRUE,False,RETRIEVED,200,C:\Users\enkso\.kiro\crew\scratch\runtime-0a306834\osteopatch_full_ingestion\tiffs\Case-4-C31-25176-8074.tiff,443140,d3f8b3c9ea22fcf54398bfa9719617aee3bf99f8d4b860196b276072caadd549
Case-4-C31-25781-32079,Case-4-C31-25781-32079,Case 4 C31-25781-32079,http://pathdb.cancerimagingarchive.net/system/files/wsi/ross/Osteosarcoma-UT/converted/Osteosarcoma-UT/Training-Set-1/set5/Case-4-C31-25781-32079.tiff,Case-4,Non-Viable-Tumor,NECROSIS,TRUE,False,RETRIEVED,200,C:\Users\enkso\.kiro\crew\scratch\runtime-0a306834\osteopatch_full_ingestion\tiffs\Case-4-C31-25781-32079.tiff,317360,399187660d82aeff3fdef0375129386a728e536c95a7e3780911b7408d28d5b0
Case-4-C31-27678-14221,Case-4-C31-27678-14221,Case 4 C31-27678-14221,http://pathdb.cancerimagingarchive.net/system/files/wsi/ross/Osteosarcoma-UT/converted/Osteosarcoma-UT/Training-Set-1/set5/Case-4-C31-27678-14221.tiff,Case-4,Viable,VIABLE_TUMOR,TRUE,False,RETRIEVED,200,C:\Users\enkso\.kiro\crew\scratch\runtime-0a306834\osteopatch_full_ingestion\tiffs\Case-4-C31-27678-14221.tiff,436876,e6aa531703c45731d0e48403169ec4dc26da66a798f09e8d361e21bdc2a2abab
Case-4-C31-28807-3942,Case-4-C31-28807-3942,Case 4 C31-28807-3942,http://pathdb.cancerimagingarchive.net/system/files/wsi/ross/Osteosarcoma-UT/converted/Osteosarcoma-UT/Training-Set-1/set5/Case-4-C31-28807-3942.tiff,Case-4,Non-Viable-Tumor,NECROSIS,TRUE,False,RETRIEVED,200,C:\Users\enkso\.kiro\crew\scratch\runtime-0a306834\osteopatch_full_ingestion\tiffs\Case-4-C31-28807-3942.tiff,110682,d3d6a688b02d14804f1c3f6c4a99d690d83d7e9f32f501faf342e3abfd6234bf
Case-4-C31-30577-21392,Case-4-C31-30577-21392,Case 4 C31-30577-21392,http://pathdb.cancerimagingarchive.net/system/files/wsi/ross/Osteosarcoma-UT/converted/Osteosarcoma-UT/Training-Set-1/set5/Case-4-C31-30577-21392.tiff,Case-4,Viable,VIABLE_TUMOR,TRUE,False,RETRIEVED,200,C:\Users\enkso\.kiro\crew\scratch\runtime-0a306834\osteopatch_full_ingestion\tiffs\Case-4-C31-30577-21392.tiff,324602,e7b117c7d0e18ae711ddfee03703f48d96dc85cc5dc15a38a2fd4aaf69e21d1e
Case-4-C31-31978-13119,Case-4-C31-31978-13119,Case 4 C31-31978-13119,http://pathdb.cancerimagingarchive.net/system/files/wsi/ross/Osteosarcoma-UT/converted/Osteosarcoma-UT/Training-Set-1/set5/Case-4-C31-31978-13119.tiff,Case-4,viable: non-viable,,FALSE,True,RETRIEVED,200,C:\Users\enkso\.kiro\crew\scratch\runtime-0a306834\osteopatch_full_ingestion\tiffs\Case-4-C31-31978-13119.tiff,347182,88cc5b12067846b8133430f07ba1a0c4a5e2078e0cb195598739cb82a5d22061
Case-4-C31-32205-12759,Case-4-C31-32205-12759,Case 4 C31-32205-12759,http://pathdb.cancerimagingarchive.net/system/files/wsi/ross/Osteosarcoma-UT/converted/Osteosarcoma-UT/Training-Set-1/set5/Case-4-C31-32205-12759.tiff,Case-4,viable: non-viable,,FALSE,True,RETRIEVED,200,C:\Users\enkso\.kiro\crew\scratch\runtime-0a306834\osteopatch_full_ingestion\tiffs\Case-4-C31-32205-12759.tiff,327256,facaccdbffe6e92fb40627e7bf0e8a6cd9d6fa5469cb1bbf6383d108bbb52ebe
Case-4-C31-32902-21086,Case-4-C31-32902-21086,Case 4 C31-32902-21086,http://pathdb.cancerimagingarchive.net/system/files/wsi/ross/Osteosarcoma-UT/converted/Osteosarcoma-UT/Training-Set-1/set5/Case-4-C31-32902-21086.tiff,Case-4,Viable,VIABLE_TUMOR,TRUE,False,RETRIEVED,200,C:\Users\enkso\.kiro\crew\scratch\runtime-0a306834\osteopatch_full_ingestion\tiffs\Case-4-C31-32902-21086.tiff,386632,96596c61b9edba25e904472471f30e263dc0df7157549f2e184402b75022ff76
Case-4-C31-33075-15855,Case-4-C31-33075-15855,Case 4 C31-33075-15855,http://pathdb.cancerimagingarchive.net/system/files/wsi/ross/Osteosarcoma-UT/converted/Osteosarcoma-UT/Training-Set-1/set5/Case-4-C31-33075-15855.tiff,Case-4,viable: non-viable,,FALSE,True,RETRIEVED,200,C:\Users\enkso\.kiro\crew\scratch\runtime-0a306834\osteopatch_full_ingestion\tiffs\Case-4-C31-33075-15855.tiff,337244,f01fbef255cd2569d63e0704d86719b9c0de9c7338dd3a79513501686db9a269
Case-4-C31-35324-16735,Case-4-C31-35324-16735,Case 4 C31-35324-16735,http://pathdb.cancerimagingarchive.net/system/files/wsi/ross/Osteosarcoma-UT/converted/Osteosarcoma-UT/Training-Set-1/set5/Case-4-C31-35324-16735.tiff,Case-4,Viable,VIABLE_TUMOR,TRUE,False,RETRIEVED,200,C:\Users\enkso\.kiro\crew\scratch\runtime-0a306834\osteopatch_full_ingestion\tiffs\Case-4-C31-35324-16735.tiff,371100,14c7c35e974075a461c8b48868938912b236d6061768db1770444fcad9869ec3
Case-4-C31-35929-17743,Case-4-C31-35929-17743,Case 4 C31-35929-17743,http://pathdb.cancerimagingarchive.net/system/files/wsi/ross/Osteosarcoma-UT/converted/Osteosarcoma-UT/Training-Set-1/set5/Case-4-C31-35929-17743.tiff,Case-4,Viable,VIABLE_TUMOR,TRUE,False,RETRIEVED,200,C:\Users\enkso\.kiro\crew\scratch\runtime-0a306834\osteopatch_full_ingestion\tiffs\Case-4-C31-35929-17743.tiff,367702,c6769447eb23efd0aff40c7ffdb0eb87fba4743b32b580a999115ba98543c0b5
Case-4-C31-36283-29598,Case-4-C31-36283-29598,Case 4 C31-36283-29598,http://pathdb.cancerimagingarchive.net/system/files/wsi/ross/Osteosarcoma-UT/converted/Osteosarcoma-UT/Training-Set-1/set5/Case-4-C31-36283-29598.tiff,Case-4,Non-Viable-Tumor,NECROSIS,TRUE,False,RETRIEVED,200,C:\Users\enkso\.kiro\crew\scratch\runtime-0a306834\osteopatch_full_ingestion\tiffs\Case-4-C31-36283-29598.tiff,375058,7e4da4cd7f0edf734ab09c4a2ba00b85364a6a150144ad1cbf8bea5c80017919
Case-4-C31-37390-31078,Case-4-C31-37390-31078,Case 4 C31-37390-31078,http://pathdb.cancerimagingarchive.net/system/files/wsi/ross/Osteosarcoma-UT/converted/Osteosarcoma-UT/Training-Set-1/set5/Case-4-C31-37390-31078.tiff,Case-4,Non-Viable-Tumor,NECROSIS,TRUE,False,RETRIEVED,200,C:\Users\enkso\.kiro\crew\scratch\runtime-0a306834\osteopatch_full_ingestion\tiffs\Case-4-C31-37390-31078.tiff,341782,f5d5e60b1e3431e62194c2e9ba0168d4f0f8bc76f78bb40a53721763a3dd56c5
Case-4-C31-41557-17880,Case-4-C31-41557-17880,Case 4 C31-41557-17880,http://pathdb.cancerimagingarchive.net/system/files/wsi/ross/Osteosarcoma-UT/converted/Osteosarcoma-UT/Training-Set-1/set5/Case-4-C31-41557-17880.tiff,Case-4,Viable,VIABLE_TUMOR,TRUE,False,RETRIEVED,200,C:\Users\enkso\.kiro\crew\scratch\runtime-0a306834\osteopatch_full_ingestion\tiffs\Case-4-C31-41557-17880.tiff,365292,0d880f1f746dd670b950476036ab8084744bc659d9b85b16b70132d5c7ed2971
Case-4-C31-42832-24046,Case-4-C31-42832-24046,Case 4 C31-42832-24046,http://pathdb.cancerimagingarchive.net/system/files/wsi/ross/Osteosarcoma-UT/converted/Osteosarcoma-UT/Training-Set-1/set5/Case-4-C31-42832-24046.tiff,Case-4,viable: non-viable,,FALSE,True,RETRIEVED,200,C:\Users\enkso\.kiro\crew\scratch\runtime-0a306834\osteopatch_full_ingestion\tiffs\Case-4-C31-42832-24046.tiff,389156,fd6a85e71cf82902afec8a906a7a7397c5c540c9941b8c5aa66e823aa074a0a1
Case-4-C34-17385-28312,Case-4-C34-17385-28312,Case 4 C34-17385-28312,http://pathdb.cancerimagingarchive.net/system/files/wsi/ross/Osteosarcoma-UT/converted/Osteosarcoma-UT/Training-Set-2/set5/Case-4-C34-17385-28312.tiff,Case-4,Non-Viable-Tumor,NECROSIS,TRUE,False,RETRIEVED,200,C:\Users\enkso\.kiro\crew\scratch\runtime-0a306834\osteopatch_full_ingestion\tiffs\Case-4-C34-17385-28312.tiff,343496,1daeaebc4c0f6e2a0b5a61e17d42eb2979f5967940cb06252206e00fec510215
Case-4-C34-17486-25030,Case-4-C34-17486-25030,Case 4 C34-17486-25030,http://pathdb.cancerimagingarchive.net/system/files/wsi/ross/Osteosarcoma-UT/converted/Osteosarcoma-UT/Training-Set-2/set5/Case-4-C34-17486-25030.tiff,Case-4,Non-Viable-Tumor,NECROSIS,TRUE,False,RETRIEVED,200,C:\Users\enkso\.kiro\crew\scratch\runtime-0a306834\osteopatch_full_ingestion\tiffs\Case-4-C34-17486-25030.tiff,301306,6c610045ef501aa22d28151acdc42807a68b426c3ea07deb8a0b964b2d83c33b
Case-4-C34-20207-16060,Case-4-C34-20207-16060,Case 4 C34-20207-16060,http://pathdb.cancerimagingarchive.net/system/files/wsi/ross/Osteosarcoma-UT/converted/Osteosarcoma-UT/Training-Set-2/set5/Case-4-C34-20207-16060.tiff,Case-4,viable: non-viable,,FALSE,True,RETRIEVED,200,C:\Users\enkso\.kiro\crew\scratch\runtime-0a306834\osteopatch_full_ingestion\tiffs\Case-4-C34-20207-16060.tiff,407070,006970f32ed523bcb49a04151aadb3d19740b7f46c287ace04dfae85a862c7f9
Case-4-C34-21897-31957,Case-4-C34-21897-31957,Case 4 C34-21897-31957,http://pathdb.cancerimagingarchive.net/system/files/wsi/ross/Osteosarcoma-UT/converted/Osteosarcoma-UT/Training-Set-2/set6/Case-4-C34-21897-31957.tiff,Case-4,Non-Viable-Tumor,NECROSIS,TRUE,False,RETRIEVED,200,C:\Users\enkso\.kiro\crew\scratch\runtime-0a306834\osteopatch_full_ingestion\tiffs\Case-4-C34-21897-31957.tiff,321116,536a4e5db6fc70a148a9b1e81574959133019fba36d99ab0ca48a4be3da2751d
Case-4-C34-22699-32728,Case-4-C34-22699-32728,Case 4 C34-22699-32728,http://pathdb.cancerimagingarchive.net/system/files/wsi/ross/Osteosarcoma-UT/converted/Osteosarcoma-UT/Training-Set-2/set6/Case-4-C34-22699-32728.tiff,Case-4,Non-Viable-Tumor,NECROSIS,TRUE,False,RETRIEVED,200,C:\Users\enkso\.kiro\crew\scratch\runtime-0a306834\osteopatch_full_ingestion\tiffs\Case-4-C34-22699-32728.tiff,328102,53cd230ca5dbceab1cec8b6c1045b26862f12573beb4c7f86ba1ddbc74715876
Case-4-C34-23917-10671,Case-4-C34-23917-10671,Case 4 C34-23917-10671,http://pathdb.cancerimagingarchive.net/system/files/wsi/ross/Osteosarcoma-UT/converted/Osteosarcoma-UT/Training-Set-2/set6/Case-4-C34-23917-10671.tiff,Case-4,Viable,VIABLE_TUMOR,TRUE,False,RETRIEVED,200,C:\Users\enkso\.kiro\crew\scratch\runtime-0a306834\osteopatch_full_ingestion\tiffs\Case-4-C34-23917-10671.tiff,482480,3968fb565ff0f652ec0090fbdc996ab3eb4c5272fb724dfcc467d16d47f23fc8
Case-4-C34-23929-34222,Case-4-C34-23929-34222,Case 4 C34-23929-34222,http://pathdb.cancerimagingarchive.net/system/files/wsi/ross/Osteosarcoma-UT/converted/Osteosarcoma-UT/Training-Set-2/set6/Case-4-C34-23929-34222.tiff,Case-4,Non-Viable-Tumor,NECROSIS,TRUE,False,RETRIEVED,200,C:\Users\enkso\.kiro\crew\scratch\runtime-0a306834\osteopatch_full_ingestion\tiffs\Case-4-C34-23929-34222.tiff,378304,4791d331db43a7761f9533ee9133fd2c9585a7b25ec1de2d158d57bdfe8e4fd2
Case-4-C34-24821-20023,Case-4-C34-24821-20023,Case 4 C34-24821-20023,http://pathdb.cancerimagingarchive.net/system/files/wsi/ross/Osteosarcoma-UT/converted/Osteosarcoma-UT/Training-Set-2/set6/Case-4-C34-24821-20023.tiff,Case-4,Viable,VIABLE_TUMOR,TRUE,False,RETRIEVED,200,C:\Users\enkso\.kiro\crew\scratch\runtime-0a306834\osteopatch_full_ingestion\tiffs\Case-4-C34-24821-20023.tiff,426232,113b9f7ed30443ab36182e15ba815369662597fcd345a283143b65fc1c2ae4cb
Case-4-C34-25269-6322,Case-4-C34-25269-6322,Case 4 C34-25269-6322,http://pathdb.cancerimagingarchive.net/system/files/wsi/ross/Osteosarcoma-UT/converted/Osteosarcoma-UT/Training-Set-2/set6/Case-4-C34-25269-6322.tiff,Case-4,Viable,VIABLE_TUMOR,TRUE,False,RETRIEVED,200,C:\Users\enkso\.kiro\crew\scratch\runtime-0a306834\osteopatch_full_ingestion\tiffs\Case-4-C34-25269-6322.tiff,417930,c953c620b27256d7389f78f5574dbfd6ecb687ece863130896076ee9ccb119e7
Case-4-C34-25397-27112,Case-4-C34-25397-27112,Case 4 C34-25397-27112,http://pathdb.cancerimagingarchive.net/system/files/wsi/ross/Osteosarcoma-UT/converted/Osteosarcoma-UT/Training-Set-2/set6/Case-4-C34-25397-27112.tiff,Case-4,Non-Viable-Tumor,NECROSIS,TRUE,False,RETRIEVED,200,C:\Users\enkso\.kiro\crew\scratch\runtime-0a306834\osteopatch_full_ingestion\tiffs\Case-4-C34-25397-27112.tiff,264776,da2e738fae877f134e4e91d124807b9ca146589e4dec63310f8b5f1b2c6f00b0
Case-4-C34-26259-33892,Case-4-C34-26259-33892,Case 4 C34-26259-33892,http://pathdb.cancerimagingarchive.net/system/files/wsi/ross/Osteosarcoma-UT/converted/Osteosarcoma-UT/Training-Set-2/set6/Case-4-C34-26259-33892.tiff,Case-4,Non-Viable-Tumor,NECROSIS,TRUE,False,RETRIEVED,200,C:\Users\enkso\.kiro\crew\scratch\runtime-0a306834\osteopatch_full_ingestion\tiffs\Case-4-C34-26259-33892.tiff,362928,82699a0f625a40004af13a39625fe63db2d780fb77f5e0f9e04d2b0d29774743
Case-4-C34-27849-28579,Case-4-C34-27849-28579,Case 4 C34-27849-28579,http://pathdb.cancerimagingarchive.net/system/files/wsi/ross/Osteosarcoma-UT/converted/Osteosarcoma-UT/Training-Set-2/set6/Case-4-C34-27849-28579.tiff,Case-4,Non-Viable-Tumor,NECROSIS,TRUE,False,RETRIEVED,200,C:\Users\enkso\.kiro\crew\scratch\runtime-0a306834\osteopatch_full_ingestion\tiffs\Case-4-C34-27849-28579.tiff,338018,f7f0caa5334d9f5d0816d74c960509d92b06a94647ac25e240a2404bbf5f6615
Case-4-C34-28490-3882,Case-4-C34-28490-3882,Case 4 C34-28490-3882,http://pathdb.cancerimagingarchive.net/system/files/wsi/ross/Osteosarcoma-UT/converted/Osteosarcoma-UT/Training-Set-2/set6/Case-4-C34-28490-3882.tiff,Case-4,Non-Viable-Tumor,NECROSIS,TRUE,False,RETRIEVED,200,C:\Users\enkso\.kiro\crew\scratch\runtime-0a306834\osteopatch_full_ingestion\tiffs\Case-4-C34-28490-3882.tiff,198132,9c55313f61ad43df2ecc2d3639fafc6f673780541caff74a1df0f9e12c0b834b
Case-4-C34-28567-20375,Case-4-C34-28567-20375,Case 4 C34-28567-20375,http://pathdb.cancerimagingarchive.net/system/files/wsi/ross/Osteosarcoma-UT/converted/Osteosarcoma-UT/Training-Set-2/set6/Case-4-C34-28567-20375.tiff,Case-4,Viable,VIABLE_TUMOR,TRUE,False,RETRIEVED,200,C:\Users\enkso\.kiro\crew\scratch\runtime-0a306834\osteopatch_full_ingestion\tiffs\Case-4-C34-28567-20375.tiff,306016,df1cae529f54e27732ec299ca8815ecf64af184765dd13749491f4850068541c
Case-4-C34-29374-30806,Case-4-C34-29374-30806,Case 4 C34-29374-30806,http://pathdb.cancerimagingarchive.net/system/files/wsi/ross/Osteosarcoma-UT/converted/Osteosarcoma-UT/Training-Set-1/set5/Case-4-C34-29374-30806.tiff,Case-4,Non-Viable-Tumor,NECROSIS,TRUE,False,RETRIEVED,200,C:\Users\enkso\.kiro\crew\scratch\runtime-0a306834\osteopatch_full_ingestion\tiffs\Case-4-C34-29374-30806.tiff,351376,330238d673d6bf7f1df13365cb7cf69c4a18965d65bae77f09b02bcdf020dfdc
Case-4-C34-30175-9259,Case-4-C34-30175-9259,Case 4 C34-30175-9259,http://pathdb.cancerimagingarchive.net/system/files/wsi/ross/Osteosarcoma-UT/converted/Osteosarcoma-UT/Training-Set-1/set5/Case-4-C34-30175-9259.tiff,Case-4,Viable,VIABLE_TUMOR,TRUE,False,RETRIEVED,200,C:\Users\enkso\.kiro\crew\scratch\runtime-0a306834\osteopatch_full_ingestion\tiffs\Case-4-C34-30175-9259.tiff,370340,80eaf36fb6cb7a3161a83e1831a79176350c76de8628497ed83f1ddd8743c6d6
Case-4-C34-31245-35957,Case-4-C34-31245-35957,Case 4 C34-31245-35957,http://pathdb.cancerimagingarchive.net/system/files/wsi/ross/Osteosarcoma-UT/converted/Osteosarcoma-UT/Training-Set-1/set5/Case-4-C34-31245-35957.tiff,Case-4,Non-Viable-Tumor,NECROSIS,TRUE,False,RETRIEVED,200,C:\Users\enkso\.kiro\crew\scratch\runtime-0a306834\osteopatch_full_ingestion\tiffs\Case-4-C34-31245-35957.tiff,219700,5a44b66d9f68709f055b21b717033629ba4bcba537b1ddfbc42bd1ff0571cfa4
Case-4-C34-31582-34370,Case-4-C34-31582-34370,Case 4 C34-31582-34370,http://pathdb.cancerimagingarchive.net/system/files/wsi/ross/Osteosarcoma-UT/converted/Osteosarcoma-UT/Training-Set-1/set5/Case-4-C34-31582-34370.tiff,Case-4,Non-Viable-Tumor,NECROSIS,TRUE,False,RETRIEVED,200,C:\Users\enkso\.kiro\crew\scratch\runtime-0a306834\osteopatch_full_ingestion\tiffs\Case-4-C34-31582-34370.tiff,333188,e5fdd52ef9d474a60ad1a4c3455a79940d77848a48f61d3cc5e2e8eb6313cfe0
Case-4-C34-33534-16910,Case-4-C34-33534-16910,Case 4 C34-33534-16910,http://pathdb.cancerimagingarchive.net/system/files/wsi/ross/Osteosarcoma-UT/converted/Osteosarcoma-UT/Training-Set-1/set5/Case-4-C34-33534-16910.tiff,Case-4,Viable,VIABLE_TUMOR,TRUE,False,RETRIEVED,200,C:\Users\enkso\.kiro\crew\scratch\runtime-0a306834\osteopatch_full_ingestion\tiffs\Case-4-C34-33534-16910.tiff,355748,3ac9451115655e21a9a23b9884cb763405b174eb14010b809ce3bf0f5e3ddeae
Case-4-C34-34338-25165,Case-4-C34-34338-25165,Case 4 C34-34338-25165,http://pathdb.cancerimagingarchive.net/system/files/wsi/ross/Osteosarcoma-UT/converted/Osteosarcoma-UT/Training-Set-1/set5/Case-4-C34-34338-25165.tiff,Case-4,viable: non-viable,,FALSE,True,RETRIEVED,200,C:\Users\enkso\.kiro\crew\scratch\runtime-0a306834\osteopatch_full_ingestion\tiffs\Case-4-C34-34338-25165.tiff,364858,d3077abbf5adfbc877f2917bed3eab6b64bde746eb57aeee37f77a6aa3d2241e
Case-4-C34-34486-29517,Case-4-C34-34486-29517,Case 4 C34-34486-29517,http://pathdb.cancerimagingarchive.net/system/files/wsi/ross/Osteosarcoma-UT/converted/Osteosarcoma-UT/Training-Set-1/set5/Case-4-C34-34486-29517.tiff,Case-4,Non-Viable-Tumor,NECROSIS,TRUE,False,RETRIEVED,200,C:\Users\enkso\.kiro\crew\scratch\runtime-0a306834\osteopatch_full_ingestion\tiffs\Case-4-C34-34486-29517.tiff,388910,fba5c9edd1f2fea0b5f26671300e6756bbe39295a536148dea257ddc9505a27a
Case-4-C34-37729-30592,Case-4-C34-37729-30592,Case 4 C34-37729-30592,http://pathdb.cancerimagingarchive.net/system/files/wsi/ross/Osteosarcoma-UT/converted/Osteosarcoma-UT/Training-Set-1/set5/Case-4-C34-37729-30592.tiff,Case-4,Non-Viable-Tumor,NECROSIS,TRUE,False,RETRIEVED,200,C:\Users\enkso\.kiro\crew\scratch\runtime-0a306834\osteopatch_full_ingestion\tiffs\Case-4-C34-37729-30592.tiff,359890,32e06cf56e8a424af548665a70b3e9d0cb2994038b37bec7537f96ff8a9bffe3
Case-4-C34-38608-21388,Case-4-C34-38608-21388,Case 4 C34-38608-21388,http://pathdb.cancerimagingarchive.net/system/files/wsi/ross/Osteosarcoma-UT/converted/Osteosarcoma-UT/Training-Set-1/set5/Case-4-C34-38608-21388.tiff,Case-4,Viable,VIABLE_TUMOR,TRUE,False,RETRIEVED,200,C:\Users\enkso\.kiro\crew\scratch\runtime-0a306834\osteopatch_full_ingestion\tiffs\Case-4-C34-38608-21388.tiff,388626,6ef2c2cbf3f973e45e8fb255e366a821e3a4192bfb73f401a0206db26c11aba5
Case-4-C34-40371-21884,Case-4-C34-40371-21884,Case 4 C34-40371-21884,http://pathdb.cancerimagingarchive.net/system/files/wsi/ross/Osteosarcoma-UT/converted/Osteosarcoma-UT/Training-Set-1/set5/Case-4-C34-40371-21884.tiff,Case-4,Non-Viable-Tumor,NECROSIS,TRUE,False,RETRIEVED,200,C:\Users\enkso\.kiro\crew\scratch\runtime-0a306834\osteopatch_full_ingestion\tiffs\Case-4-C34-40371-21884.tiff,322498,2810ac37043e0d020b1ed1d0805a35099f714e687e1c17739fff1dd157aa58d4
Case-4-C34-41931-27880,Case-4-C34-41931-27880,Case 4 C34-41931-27880,http://pathdb.cancerimagingarchive.net/system/files/wsi/ross/Osteosarcoma-UT/converted/Osteosarcoma-UT/Training-Set-1/set5/Case-4-C34-41931-27880.tiff,Case-4,Non-Viable-Tumor,NECROSIS,TRUE,False,RETRIEVED,200,C:\Users\enkso\.kiro\crew\scratch\runtime-0a306834\osteopatch_full_ingestion\tiffs\Case-4-C34-41931-27880.tiff,201116,f9102fed1b38026ce37de2fc483d57046d99b29bd66bf94293f4bd075b6b3be3
Case-4-C34-42840-21049,Case-4-C34-42840-21049,Case 4 C34-42840-21049,http://pathdb.cancerimagingarchive.net/system/files/wsi/ross/Osteosarcoma-UT/converted/Osteosarcoma-UT/Training-Set-1/set5/Case-4-C34-42840-21049.tiff,Case-4,Non-Tumor,NON_TUMOR,TRUE,False,RETRIEVED,200,C:\Users\enkso\.kiro\crew\scratch\runtime-0a306834\osteopatch_full_ingestion\tiffs\Case-4-C34-42840-21049.tiff,424914,dcd9a539451c8ec695f81923d821ad4ef142505c1e1dbe25d90979c83f5f0c37
Case-4-C34-43977-24577,Case-4-C34-43977-24577,Case 4 C34-43977-24577,http://pathdb.cancerimagingarchive.net/system/files/wsi/ross/Osteosarcoma-UT/converted/Osteosarcoma-UT/Training-Set-1/set5/Case-4-C34-43977-24577.tiff,Case-4,Non-Tumor,NON_TUMOR,TRUE,False,RETRIEVED,200,C:\Users\enkso\.kiro\crew\scratch\runtime-0a306834\osteopatch_full_ingestion\tiffs\Case-4-C34-43977-24577.tiff,414626,c3b9ac375b7f934ced82f6997cb37e386842217a3d98f78e5e2557a835b76592
Case-4-C34-44491-21355,Case-4-C34-44491-21355,Case 4 C34-44491-21355,http://pathdb.cancerimagingarchive.net/system/files/wsi/ross/Osteosarcoma-UT/converted/Osteosarcoma-UT/Training-Set-1/set5/Case-4-C34-44491-21355.tiff,Case-4,Non-Tumor,NON_TUMOR,TRUE,False,RETRIEVED,200,C:\Users\enkso\.kiro\crew\scratch\runtime-0a306834\osteopatch_full_ingestion\tiffs\Case-4-C34-44491-21355.tiff,359682,34101e1bd690ce4f908f46fe2510779388fe38816ab7a51948ec40fc0a0f6584
Case-4-C34-9715-14945,Case-4-C34-9715-14945,Case 4 C34-9715-14945,http://pathdb.cancerimagingarchive.net/system/files/wsi/ross/Osteosarcoma-UT/converted/Osteosarcoma-UT/Training-Set-2/set6/Case-4-C34-9715-14945.tiff,Case-4,Non-Viable-Tumor,NECROSIS,TRUE,False,RETRIEVED,200,C:\Users\enkso\.kiro\crew\scratch\runtime-0a306834\osteopatch_full_ingestion\tiffs\Case-4-C34-9715-14945.tiff,66304,c9f3d3ee8cc63a97fe684a91d4aeb3d73b8c3ac3d37339be21ba9734b35d6ae4
Case-4-C48-10054-9391,Case-4-C48-10054-9391,Case 4 C48-10054-9391,http://pathdb.cancerimagingarchive.net/system/files/wsi/ross/Osteosarcoma-UT/converted/Osteosarcoma-UT/Training-Set-2/set6/Case-4-C48-10054-9391.tiff,Case-4,Non-Tumor,NON_TUMOR,TRUE,False,RETRIEVED,200,C:\Users\enkso\.kiro\crew\scratch\runtime-0a306834\osteopatch_full_ingestion\tiffs\Case-4-C48-10054-9391.tiff,130506,d47c7e0a0ba31e7fe1c53c0c4e620139dbb7bfc078e3cc43d29fcfcc9a4e2aa4
Case-4-C48-11401-19048,Case-4-C48-11401-19048,Case 4 C48-11401-19048,http://pathdb.cancerimagingarchive.net/system/files/wsi/ross/Osteosarcoma-UT/converted/Osteosarcoma-UT/Training-Set-2/set6/Case-4-C48-11401-19048.tiff,Case-4,Non-Tumor,NON_TUMOR,TRUE,False,RETRIEVED,200,C:\Users\enkso\.kiro\crew\scratch\runtime-0a306834\osteopatch_full_ingestion\tiffs\Case-4-C48-11401-19048.tiff,179740,d544d5931da08e379bc36bda494b5c452b66c8b26a3a6cb017913210fba636b6
Case-4-C48-11503-15470,Case-4-C48-11503-15470,Case 4 C48-11503-15470,http://pathdb.cancerimagingarchive.net/system/files/wsi/ross/Osteosarcoma-UT/converted/Osteosarcoma-UT/Training-Set-2/set6/Case-4-C48-11503-15470.tiff,Case-4,Non-Tumor,NON_TUMOR,TRUE,False,RETRIEVED,200,C:\Users\enkso\.kiro\crew\scratch\runtime-0a306834\osteopatch_full_ingestion\tiffs\Case-4-C48-11503-15470.tiff,149334,89d2af0b54af2042fc691c8f84c9eec0c5d0878d494f2a1ff8da75ccfed3b1e1
Case-4-C48-11965-6215,Case-4-C48-11965-6215,Case 4 C48-11965-6215,http://pathdb.cancerimagingarchive.net/system/files/wsi/ross/Osteosarcoma-UT/converted/Osteosarcoma-UT/Training-Set-2/set6/Case-4-C48-11965-6215.tiff,Case-4,Non-Tumor,NON_TUMOR,TRUE,False,RETRIEVED,200,C:\Users\enkso\.kiro\crew\scratch\runtime-0a306834\osteopatch_full_ingestion\tiffs\Case-4-C48-11965-6215.tiff,48966,c668c42c911244161fa213bff0e1e8ba07e27e269be95f028c51c011ea9eb31b
Case-4-C48-12897-21186,Case-4-C48-12897-21186,Case 4 C48-12897-21186,http://pathdb.cancerimagingarchive.net/system/files/wsi/ross/Osteosarcoma-UT/converted/Osteosarcoma-UT/Training-Set-2/set6/Case-4-C48-12897-21186.tiff,Case-4,Non-Tumor,NON_TUMOR,TRUE,False,RETRIEVED,200,C:\Users\enkso\.kiro\crew\scratch\runtime-0a306834\osteopatch_full_ingestion\tiffs\Case-4-C48-12897-21186.tiff,186148,b90117300abfbfbb2073d56b261f08fae74d7d8018d369b2938d6bedd23868ba
Case-4-C48-13345-34577,Case-4-C48-13345-34577,Case 4 C48-13345-34577,http://pathdb.cancerimagingarchive.net/system/files/wsi/ross/Osteosarcoma-UT/converted/Osteosarcoma-UT/Training-Set-2/set6/Case-4-C48-13345-34577.tiff,Case-4,Non-Tumor,NON_TUMOR,TRUE,False,RETRIEVED,200,C:\Users\enkso\.kiro\crew\scratch\runtime-0a306834\osteopatch_full_ingestion\tiffs\Case-4-C48-13345-34577.tiff,214982,cd9498a1f10f9aa7893d57795519b3b39d2fc62169977061559fab05a371ee2c
Case-4-C48-13927-22247,Case-4-C48-13927-22247,Case 4 C48-13927-22247,http://pathdb.cancerimagingarchive.net/system/files/wsi/ross/Osteosarcoma-UT/converted/Osteosarcoma-UT/Training-Set-2/set6/Case-4-C48-13927-22247.tiff,Case-4,Non-Tumor,NON_TUMOR,TRUE,False,RETRIEVED,200,C:\Users\enkso\.kiro\crew\scratch\runtime-0a306834\osteopatch_full_ingestion\tiffs\Case-4-C48-13927-22247.tiff,211646,246999248c88c6ce3f8025fb8aabc110f98c4873b9a06e986930d26a8229e08d
Case-4-C48-15768-33767,Case-4-C48-15768-33767,Case 4 C48-15768-33767,http://pathdb.cancerimagingarchive.net/system/files/wsi/ross/Osteosarcoma-UT/converted/Osteosarcoma-UT/Training-Set-1/set5/Case-4-C48-15768-33767.tiff,Case-4,Non-Tumor,NON_TUMOR,TRUE,False,RETRIEVED,200,C:\Users\enkso\.kiro\crew\scratch\runtime-0a306834\osteopatch_full_ingestion\tiffs\Case-4-C48-15768-33767.tiff,208096,9c114c73d4438bef2922cdb9cd3771cd601043f5b6bd9e9c718474c59004062f
Case-4-C48-16689-23057,Case-4-C48-16689-23057,Case 4 C48-16689-23057,http://pathdb.cancerimagingarchive.net/system/files/wsi/ross/Osteosarcoma-UT/converted/Osteosarcoma-UT/Training-Set-1/set5/Case-4-C48-16689-23057.tiff,Case-4,Non-Tumor,NON_TUMOR,TRUE,False,RETRIEVED,200,C:\Users\enkso\.kiro\crew\scratch\runtime-0a306834\osteopatch_full_ingestion\tiffs\Case-4-C48-16689-23057.tiff,144476,870b664a2de9ddcc3e7cb85d1284a1040d1f5037faa3d3f637e77d187ba97c64
Case-4-C48-16969-13515,Case-4-C48-16969-13515,Case 4 C48-16969-13515,http://pathdb.cancerimagingarchive.net/system/files/wsi/ross/Osteosarcoma-UT/converted/Osteosarcoma-UT/Training-Set-1/set5/Case-4-C48-16969-13515.tiff,Case-4,Non-Tumor,NON_TUMOR,TRUE,False,RETRIEVED,200,C:\Users\enkso\.kiro\crew\scratch\runtime-0a306834\osteopatch_full_ingestion\tiffs\Case-4-C48-16969-13515.tiff,149290,1e39b3b69691d2261c02c2c62a968407c3d6cf33ab054888040b0f595e4aa403
Case-4-C48-18049-17102,Case-4-C48-18049-17102,Case 4 C48-18049-17102,http://pathdb.cancerimagingarchive.net/system/files/wsi/ross/Osteosarcoma-UT/converted/Osteosarcoma-UT/Training-Set-1/set6/Case-4-C48-18049-17102.tiff,Case-4,Non-Tumor,NON_TUMOR,TRUE,False,RETRIEVED,200,C:\Users\enkso\.kiro\crew\scratch\runtime-0a306834\osteopatch_full_ingestion\tiffs\Case-4-C48-18049-17102.tiff,179250,51da477ad505e947ec72b4bc1f575cc956cd332502eb750f05e25cf98b30cc32
Case-4-C48-18251-9611,Case-4-C48-18251-9611,Case 4 C48-18251-9611,http://pathdb.cancerimagingarchive.net/system/files/wsi/ross/Osteosarcoma-UT/converted/Osteosarcoma-UT/Training-Set-1/set6/Case-4-C48-18251-9611.tiff,Case-4,Non-Tumor,NON_TUMOR,TRUE,False,RETRIEVED,200,C:\Users\enkso\.kiro\crew\scratch\runtime-0a306834\osteopatch_full_ingestion\tiffs\Case-4-C48-18251-9611.tiff,124710,10e62bc998d48d30e8ca90d442b5859a2512811aa26144865acd0878ab775752
Case-4-C48-20603-33127,Case-4-C48-20603-33127,Case 4 C48-20603-33127,http://pathdb.cancerimagingarchive.net/system/files/wsi/ross/Osteosarcoma-UT/converted/Osteosarcoma-UT/Training-Set-1/set6/Case-4-C48-20603-33127.tiff,Case-4,Non-Tumor,NON_TUMOR,TRUE,False,RETRIEVED,200,C:\Users\enkso\.kiro\crew\scratch\runtime-0a306834\osteopatch_full_ingestion\tiffs\Case-4-C48-20603-33127.tiff,66806,4e341c97d6487dce9dd2a880306447268fcef526d70f8a80d2550d528f48f96b
Case-4-C48-22668-21127,Case-4-C48-22668-21127,Case 4 C48-22668-21127,http://pathdb.cancerimagingarchive.net/system/files/wsi/ross/Osteosarcoma-UT/converted/Osteosarcoma-UT/Training-Set-1/set6/Case-4-C48-22668-21127.tiff,Case-4,Non-Tumor,NON_TUMOR,TRUE,False,RETRIEVED,200,C:\Users\enkso\.kiro\crew\scratch\runtime-0a306834\osteopatch_full_ingestion\tiffs\Case-4-C48-22668-21127.tiff,224946,15f3deb900789c9975028f0834dd3a4ab9692192001cd559087bf87b5d00de1a
Case-4-C48-24306-19063,Case-4-C48-24306-19063,Case 4 C48-24306-19063,http://pathdb.cancerimagingarchive.net/system/files/wsi/ross/Osteosarcoma-UT/converted/Osteosarcoma-UT/Training-Set-1/set6/Case-4-C48-24306-19063.tiff,Case-4,Non-Tumor,NON_TUMOR,TRUE,False,RETRIEVED,200,C:\Users\enkso\.kiro\crew\scratch\runtime-0a306834\osteopatch_full_ingestion\tiffs\Case-4-C48-24306-19063.tiff,177372,a7b78396bc87d271c2eac707aeaf35567d53752c754d9c07d565ae5888b4b0a0
Case-4-C48-25702-19790,Case-4-C48-25702-19790,Case 4 C48-25702-19790,http://pathdb.cancerimagingarchive.net/system/files/wsi/ross/Osteosarcoma-UT/converted/Osteosarcoma-UT/Training-Set-1/set6/Case-4-C48-25702-19790.tiff,Case-4,Non-Tumor,NON_TUMOR,TRUE,False,RETRIEVED,200,C:\Users\enkso\.kiro\crew\scratch\runtime-0a306834\osteopatch_full_ingestion\tiffs\Case-4-C48-25702-19790.tiff,155834,ab049d56335f9d7df337a394fed85de282cb90c89cf1306bb1157d3218c04493
Case-4-C48-25796-23436,Case-4-C48-25796-23436,Case 4 C48-25796-23436,http://pathdb.cancerimagingarchive.net/system/files/wsi/ross/Osteosarcoma-UT/converted/Osteosarcoma-UT/Training-Set-1/set6/Case-4-C48-25796-23436.tiff,Case-4,Non-Tumor,NON_TUMOR,TRUE,False,RETRIEVED,200,C:\Users\enkso\.kiro\crew\scratch\runtime-0a306834\osteopatch_full_ingestion\tiffs\Case-4-C48-25796-23436.tiff,55508,6e1ff767e9d287bd2e2e2924069cafa6f705a480e0cc4feb83a71943e7458c5d
Case-4-C48-30653-11701,Case-4-C48-30653-11701,Case 4 C48-30653-11701,http://pathdb.cancerimagingarchive.net/system/files/wsi/ross/Osteosarcoma-UT/converted/Osteosarcoma-UT/Training-Set-1/set6/Case-4-C48-30653-11701.tiff,Case-4,Non-Tumor,NON_TUMOR,TRUE,False,RETRIEVED,200,C:\Users\enkso\.kiro\crew\scratch\runtime-0a306834\osteopatch_full_ingestion\tiffs\Case-4-C48-30653-11701.tiff,231660,d92b4723c0e3e63c62df7e0cefe20bf7396b8848b4b9b012bacf1e1b88e385fd
Case-4-C48-31199-23583,Case-4-C48-31199-23583,Case 4 C48-31199-23583,http://pathdb.cancerimagingarchive.net/system/files/wsi/ross/Osteosarcoma-UT/converted/Osteosarcoma-UT/Training-Set-1/set6/Case-4-C48-31199-23583.tiff,Case-4,Non-Tumor,NON_TUMOR,TRUE,False,RETRIEVED,200,C:\Users\enkso\.kiro\crew\scratch\runtime-0a306834\osteopatch_full_ingestion\tiffs\Case-4-C48-31199-23583.tiff,211812,046157904c731f653862b6a448a7209c4f3e328a970239a770bbdb8113d23376
Case-4-C48-33197-21550,Case-4-C48-33197-21550,Case 4 C48-33197-21550,http://pathdb.cancerimagingarchive.net/system/files/wsi/ross/Osteosarcoma-UT/converted/Osteosarcoma-UT/Training-Set-1/set6/Case-4-C48-33197-21550.tiff,Case-4,Non-Tumor,NON_TUMOR,TRUE,False,RETRIEVED,200,C:\Users\enkso\.kiro\crew\scratch\runtime-0a306834\osteopatch_full_ingestion\tiffs\Case-4-C48-33197-21550.tiff,211402,15e70fd3ab7def33b426c0e029d4999f8463d28afc803ae6763a3ededdf0f801
Case-4-C48-5806-29232,Case-4-C48-5806-29232,Case 4 C48-5806-29232,http://pathdb.cancerimagingarchive.net/system/files/wsi/ross/Osteosarcoma-UT/converted/Osteosarcoma-UT/Training-Set-2/set6/Case-4-C48-5806-29232.tiff,Case-4,Non-Tumor,NON_TUMOR,TRUE,False,RETRIEVED,200,C:\Users\enkso\.kiro\crew\scratch\runtime-0a306834\osteopatch_full_ingestion\tiffs\Case-4-C48-5806-29232.tiff,143702,82059cf4a4396ddcbee5584d56bde6cbac968923604c110c380a44deaca4593a
Case-4-C48-6884-30966,Case-4-C48-6884-30966,Case 4 C48-6884-30966,http://pathdb.cancerimagingarchive.net/system/files/wsi/ross/Osteosarcoma-UT/converted/Osteosarcoma-UT/Training-Set-2/set6/Case-4-C48-6884-30966.tiff,Case-4,Non-Tumor,NON_TUMOR,TRUE,False,RETRIEVED,200,C:\Users\enkso\.kiro\crew\scratch\runtime-0a306834\osteopatch_full_ingestion\tiffs\Case-4-C48-6884-30966.tiff,195072,49a1a18ff7ee6cdb99e11ec908fc4beb382316d2cb8a41fac2030aaa74b1637e
Case-4-C48-7455-17146,Case-4-C48-7455-17146,Case 4 C48-7455-17146,http://pathdb.cancerimagingarchive.net/system/files/wsi/ross/Osteosarcoma-UT/converted/Osteosarcoma-UT/Training-Set-2/set6/Case-4-C48-7455-17146.tiff,Case-4,Non-Tumor,NON_TUMOR,TRUE,False,RETRIEVED,200,C:\Users\enkso\.kiro\crew\scratch\runtime-0a306834\osteopatch_full_ingestion\tiffs\Case-4-C48-7455-17146.tiff,180622,18c27495e83412e5a4aafac44a6f7566539612dbb976439b76315326b7550283
Case-4-C48-8509-22908,Case-4-C48-8509-22908,Case 4 C48-8509-22908,http://pathdb.cancerimagingarchive.net/system/files/wsi/ross/Osteosarcoma-UT/converted/Osteosarcoma-UT/Training-Set-2/set6/Case-4-C48-8509-22908.tiff,Case-4,Non-Tumor,NON_TUMOR,TRUE,False,RETRIEVED,200,C:\Users\enkso\.kiro\crew\scratch\runtime-0a306834\osteopatch_full_ingestion\tiffs\Case-4-C48-8509-22908.tiff,90894,7eb16834e2f6725ae80dba6f3ebecaf8f192c9f8c126485114d7437a487734c1
Case-4-C48-8852-15092,Case-4-C48-8852-15092,Case 4 C48-8852-15092,http://pathdb.cancerimagingarchive.net/system/files/wsi/ross/Osteosarcoma-UT/converted/Osteosarcoma-UT/Training-Set-2/set6/Case-4-C48-8852-15092.tiff,Case-4,Non-Tumor,NON_TUMOR,TRUE,False,RETRIEVED,200,C:\Users\enkso\.kiro\crew\scratch\runtime-0a306834\osteopatch_full_ingestion\tiffs\Case-4-C48-8852-15092.tiff,50296,d9455f59ba1e3d097bc6c0d0cf161ba083b92af3b30c146168d56e28999b0cb4
Case-4-C48-9825-35299,Case-4-C48-9825-35299,Case 4 C48-9825-35299,http://pathdb.cancerimagingarchive.net/system/files/wsi/ross/Osteosarcoma-UT/converted/Osteosarcoma-UT/Training-Set-2/set6/Case-4-C48-9825-35299.tiff,Case-4,Non-Tumor,NON_TUMOR,TRUE,False,RETRIEVED,200,C:\Users\enkso\.kiro\crew\scratch\runtime-0a306834\osteopatch_full_ingestion\tiffs\Case-4-C48-9825-35299.tiff,93448,6906d409b7b7cff60dedeef19b12e8137b2422d7df58a760e4dd5af973f2761c
Case-4-C48-9864-11549,Case-4-C48-9864-11549,Case 4 C48-9864-11549,http://pathdb.cancerimagingarchive.net/system/files/wsi/ross/Osteosarcoma-UT/converted/Osteosarcoma-UT/Training-Set-2/set6/Case-4-C48-9864-11549.tiff,Case-4,Non-Tumor,NON_TUMOR,TRUE,False,RETRIEVED,200,C:\Users\enkso\.kiro\crew\scratch\runtime-0a306834\osteopatch_full_ingestion\tiffs\Case-4-C48-9864-11549.tiff,82178,849984ffeb758ee3b5d3d08054335bd037ff9d765f9589d3431d26762e175a37
Case-4-C52-11233-29470,Case-4-C52-11233-29470,Case 4 C52-11233-29470,http://pathdb.cancerimagingarchive.net/system/files/wsi/ross/Osteosarcoma-UT/converted/Osteosarcoma-UT/Training-Set-2/set6/Case-4-C52-11233-29470.tiff,Case-4,Non-Tumor,NON_TUMOR,TRUE,False,RETRIEVED,200,C:\Users\enkso\.kiro\crew\scratch\runtime-0a306834\osteopatch_full_ingestion\tiffs\Case-4-C52-11233-29470.tiff,133920,9222bf86ad6a1c86fbb8c236b9830d56921ba42ee5474d19947b9f6d3fe5a749
Case-4-C52-13339-30012,Case-4-C52-13339-30012,Case 4 C52-13339-30012,http://pathdb.cancerimagingarchive.net/system/files/wsi/ross/Osteosarcoma-UT/converted/Osteosarcoma-UT/Training-Set-2/set6/Case-4-C52-13339-30012.tiff,Case-4,Non-Tumor,NON_TUMOR,TRUE,False,RETRIEVED,200,C:\Users\enkso\.kiro\crew\scratch\runtime-0a306834\osteopatch_full_ingestion\tiffs\Case-4-C52-13339-30012.tiff,128170,ed8f67e2039b328d3568bc56046b4839a3c1bee06dec108c00a68be3fa1c53a5
Case-4-C52-14134-24972,Case-4-C52-14134-24972,Case 4 C52-14134-24972,http://pathdb.cancerimagingarchive.net/system/files/wsi/ross/Osteosarcoma-UT/converted/Osteosarcoma-UT/Training-Set-2/set6/Case-4-C52-14134-24972.tiff,Case-4,Non-Tumor,NON_TUMOR,TRUE,False,RETRIEVED,200,C:\Users\enkso\.kiro\crew\scratch\runtime-0a306834\osteopatch_full_ingestion\tiffs\Case-4-C52-14134-24972.tiff,157486,eb7a1ce1dfa9988d1c07413fdec9436ed48df0e72449c0cc52026453bbf464fe
Case-4-C52-15553-8379,Case-4-C52-15553-8379,Case 4 C52-15553-8379,http://pathdb.cancerimagingarchive.net/system/files/wsi/ross/Osteosarcoma-UT/converted/Osteosarcoma-UT/Training-Set-2/set6/Case-4-C52-15553-8379.tiff,Case-4,Non-Tumor,NON_TUMOR,TRUE,False,RETRIEVED,200,C:\Users\enkso\.kiro\crew\scratch\runtime-0a306834\osteopatch_full_ingestion\tiffs\Case-4-C52-15553-8379.tiff,133234,f4d0533c2189bcaf0f8d96a966cce6731157a70b648dde1d147bfff4aa04840e
Case-4-C52-15705-16485,Case-4-C52-15705-16485,Case 4 C52-15705-16485,http://pathdb.cancerimagingarchive.net/system/files/wsi/ross/Osteosarcoma-UT/converted/Osteosarcoma-UT/Training-Set-2/set6/Case-4-C52-15705-16485.tiff,Case-4,Non-Tumor,NON_TUMOR,TRUE,False,RETRIEVED,200,C:\Users\enkso\.kiro\crew\scratch\runtime-0a306834\osteopatch_full_ingestion\tiffs\Case-4-C52-15705-16485.tiff,118026,6403f75c32a85b5afffd199a55a158fd9a235232031bf31e1c88a69faa37a293
Case-4-C52-18944-30575,Case-4-C52-18944-30575,Case 4 C52-18944-30575,http://pathdb.cancerimagingarchive.net/system/files/wsi/ross/Osteosarcoma-UT/converted/Osteosarcoma-UT/Training-Set-2/set6/Case-4-C52-18944-30575.tiff,Case-4,Non-Tumor,NON_TUMOR,TRUE,False,RETRIEVED,200,C:\Users\enkso\.kiro\crew\scratch\runtime-0a306834\osteopatch_full_ingestion\tiffs\Case-4-C52-18944-30575.tiff,174924,8ec19255253d1797716b72bc3026ed6bd94e8c98a37b40a00eab736641fecc0e
Case-4-C52-19923-24025,Case-4-C52-19923-24025,Case 4 C52-19923-24025,http://pathdb.cancerimagingarchive.net/system/files/wsi/ross/Osteosarcoma-UT/converted/Osteosarcoma-UT/Training-Set-1/set6/Case-4-C52-19923-24025.tiff,Case-4,Non-Tumor,NON_TUMOR,TRUE,False,RETRIEVED,200,C:\Users\enkso\.kiro\crew\scratch\runtime-0a306834\osteopatch_full_ingestion\tiffs\Case-4-C52-19923-24025.tiff,157246,f883336d12be3b25115742b4728fa3320180271c41e6d55ee872040df718eb1b
Case-4-C52-20522-23796,Case-4-C52-20522-23796,Case 4 C52-20522-23796,http://pathdb.cancerimagingarchive.net/system/files/wsi/ross/Osteosarcoma-UT/converted/Osteosarcoma-UT/Training-Set-1/set6/Case-4-C52-20522-23796.tiff,Case-4,Non-Tumor,NON_TUMOR,TRUE,False,RETRIEVED,200,C:\Users\enkso\.kiro\crew\scratch\runtime-0a306834\osteopatch_full_ingestion\tiffs\Case-4-C52-20522-23796.tiff,93662,4ca2d5b3dc415371ed7ee689382e21729d0f0243882064dd7af52eb942550db0
Case-4-C52-20801-18450,Case-4-C52-20801-18450,Case 4 C52-20801-18450,http://pathdb.cancerimagingarchive.net/system/files/wsi/ross/Osteosarcoma-UT/converted/Osteosarcoma-UT/Training-Set-1/set6/Case-4-C52-20801-18450.tiff,Case-4,Non-Tumor,NON_TUMOR,TRUE,False,RETRIEVED,200,C:\Users\enkso\.kiro\crew\scratch\runtime-0a306834\osteopatch_full_ingestion\tiffs\Case-4-C52-20801-18450.tiff,199478,d25564c0ae6f39f7f57d0536432a1a748e72fcbb1bed00392ceb98ce8c7aadc2
Case-4-C52-21343-29072,Case-4-C52-21343-29072,Case 4 C52-21343-29072,http://pathdb.cancerimagingarchive.net/system/files/wsi/ross/Osteosarcoma-UT/converted/Osteosarcoma-UT/Training-Set-1/set6/Case-4-C52-21343-29072.tiff,Case-4,Non-Tumor,NON_TUMOR,TRUE,False,RETRIEVED,200,C:\Users\enkso\.kiro\crew\scratch\runtime-0a306834\osteopatch_full_ingestion\tiffs\Case-4-C52-21343-29072.tiff,241272,6904894063b9b4ccf6d51d7d2fe0a8701f6522c5b3f2d69f5cabcc58916a24fb
Case-4-C52-21604-27567,Case-4-C52-21604-27567,Case 4 C52-21604-27567,http://pathdb.cancerimagingarchive.net/system/files/wsi/ross/Osteosarcoma-UT/converted/Osteosarcoma-UT/Training-Set-1/set6/Case-4-C52-21604-27567.tiff,Case-4,Non-Tumor,NON_TUMOR,TRUE,False,RETRIEVED,200,C:\Users\enkso\.kiro\crew\scratch\runtime-0a306834\osteopatch_full_ingestion\tiffs\Case-4-C52-21604-27567.tiff,164518,6dbba2c3f36284612321069ad8603e51c2cdb3cea36736fcaf044cc768b041c5
Case-4-C52-25156-26369,Case-4-C52-25156-26369,Case 4 C52-25156-26369,http://pathdb.cancerimagingarchive.net/system/files/wsi/ross/Osteosarcoma-UT/converted/Osteosarcoma-UT/Training-Set-1/set6/Case-4-C52-25156-26369.tiff,Case-4,Non-Tumor,NON_TUMOR,TRUE,False,RETRIEVED,200,C:\Users\enkso\.kiro\crew\scratch\runtime-0a306834\osteopatch_full_ingestion\tiffs\Case-4-C52-25156-26369.tiff,197970,7bc6103a8326710c2ec0aec0a12e617ee75086b1cdeb31817cd9d44bab3b7a12
Case-4-C52-25833-10809,Case-4-C52-25833-10809,Case 4 C52-25833-10809,http://pathdb.cancerimagingarchive.net/system/files/wsi/ross/Osteosarcoma-UT/converted/Osteosarcoma-UT/Training-Set-1/set6/Case-4-C52-25833-10809.tiff,Case-4,Non-Tumor,NON_TUMOR,TRUE,False,RETRIEVED,200,C:\Users\enkso\.kiro\crew\scratch\runtime-0a306834\osteopatch_full_ingestion\tiffs\Case-4-C52-25833-10809.tiff,157626,2a503aef01c531c3136703a940674c9f3b2746d3bd8f9a409e2c3b284c8cc150
Case-4-C52-26347-9834,Case-4-C52-26347-9834,Case 4 C52-26347-9834,http://pathdb.cancerimagingarchive.net/system/files/wsi/ross/Osteosarcoma-UT/converted/Osteosarcoma-UT/Training-Set-1/set6/Case-4-C52-26347-9834.tiff,Case-4,Non-Tumor,NON_TUMOR,TRUE,False,RETRIEVED,200,C:\Users\enkso\.kiro\crew\scratch\runtime-0a306834\osteopatch_full_ingestion\tiffs\Case-4-C52-26347-9834.tiff,173106,ba74ed0c8e31f55d002320734271eb1879d72e07768ca941a8f961fb42d551ab
Case-4-C52-26738-16962,Case-4-C52-26738-16962,Case 4 C52-26738-16962,http://pathdb.cancerimagingarchive.net/system/files/wsi/ross/Osteosarcoma-UT/converted/Osteosarcoma-UT/Training-Set-1/set6/Case-4-C52-26738-16962.tiff,Case-4,Non-Tumor,NON_TUMOR,TRUE,False,RETRIEVED,200,C:\Users\enkso\.kiro\crew\scratch\runtime-0a306834\osteopatch_full_ingestion\tiffs\Case-4-C52-26738-16962.tiff,166920,6802fd4e6b1bc7aba59b79c7b42887faa8702534beb5bee8c506748315ec4306
Case-4-C52-29179-7955,Case-4-C52-29179-7955,Case 4 C52-29179-7955,http://pathdb.cancerimagingarchive.net/system/files/wsi/ross/Osteosarcoma-UT/converted/Osteosarcoma-UT/Training-Set-1/set6/Case-4-C52-29179-7955.tiff,Case-4,Non-Tumor,NON_TUMOR,TRUE,False,RETRIEVED,200,C:\Users\enkso\.kiro\crew\scratch\runtime-0a306834\osteopatch_full_ingestion\tiffs\Case-4-C52-29179-7955.tiff,110424,a44deaf3acb211bca6d63d3328d6516c9f80237db256c2abddfadb1f386aa40f
Case-4-C52-29621-7946,Case-4-C52-29621-7946,Case 4 C52-29621-7946,http://pathdb.cancerimagingarchive.net/system/files/wsi/ross/Osteosarcoma-UT/converted/Osteosarcoma-UT/Training-Set-1/set6/Case-4-C52-29621-7946.tiff,Case-4,Non-Tumor,NON_TUMOR,TRUE,False,RETRIEVED,200,C:\Users\enkso\.kiro\crew\scratch\runtime-0a306834\osteopatch_full_ingestion\tiffs\Case-4-C52-29621-7946.tiff,143580,28538a2bcbe3dc2a9e8431098c7226a467afc5e39efdd8f397fcd657c0e8af90
Case-4-C52-29962-9726,Case-4-C52-29962-9726,Case 4 C52-29962-9726,http://pathdb.cancerimagingarchive.net/system/files/wsi/ross/Osteosarcoma-UT/converted/Osteosarcoma-UT/Training-Set-1/set6/Case-4-C52-29962-9726.tiff,Case-4,Non-Tumor,NON_TUMOR,TRUE,False,RETRIEVED,200,C:\Users\enkso\.kiro\crew\scratch\runtime-0a306834\osteopatch_full_ingestion\tiffs\Case-4-C52-29962-9726.tiff,131072,00d5177db03d30bb8137e71b91b795809cb2cec3985041a43fa1e310707da930
Case-4-C52-3074-22909,Case-4-C52-3074-22909,Case 4 C52-3074-22909,http://pathdb.cancerimagingarchive.net/system/files/wsi/ross/Osteosarcoma-UT/converted/Osteosarcoma-UT/Training-Set-2/set6/Case-4-C52-3074-22909.tiff,Case-4,Non-Tumor,NON_TUMOR,TRUE,False,RETRIEVED,200,C:\Users\enkso\.kiro\crew\scratch\runtime-0a306834\osteopatch_full_ingestion\tiffs\Case-4-C52-3074-22909.tiff,123516,0f81ef3dc6205f080066dbb1fbc71854d0bb6f3eea1733315ac267d69140c23c
Case-4-C52-31860-26250,Case-4-C52-31860-26250,Case 4 C52-31860-26250,http://pathdb.cancerimagingarchive.net/system/files/wsi/ross/Osteosarcoma-UT/converted/Osteosarcoma-UT/Training-Set-1/set6/Case-4-C52-31860-26250.tiff,Case-4,Non-Tumor,NON_TUMOR,TRUE,False,RETRIEVED,200,C:\Users\enkso\.kiro\crew\scratch\runtime-0a306834\osteopatch_full_ingestion\tiffs\Case-4-C52-31860-26250.tiff,202568,d1c829420cfc6cf7f5056028f0ce32eac88d5bf4a1715fcc3c957ea930737ed1
Case-4-C52-32157-20231,Case-4-C52-32157-20231,Case 4 C52-32157-20231,http://pathdb.cancerimagingarchive.net/system/files/wsi/ross/Osteosarcoma-UT/converted/Osteosarcoma-UT/Training-Set-1/set6/Case-4-C52-32157-20231.tiff,Case-4,Non-Tumor,NON_TUMOR,TRUE,False,RETRIEVED,200,C:\Users\enkso\.kiro\crew\scratch\runtime-0a306834\osteopatch_full_ingestion\tiffs\Case-4-C52-32157-20231.tiff,147236,c74d798c214b016beb30d4826e91357588c70ebba99c1b801ab819375df5718f
Case-4-C52-35139-22514,Case-4-C52-35139-22514,Case 4 C52-35139-22514,http://pathdb.cancerimagingarchive.net/system/files/wsi/ross/Osteosarcoma-UT/converted/Osteosarcoma-UT/Training-Set-1/set6/Case-4-C52-35139-22514.tiff,Case-4,Non-Tumor,NON_TUMOR,TRUE,False,RETRIEVED,200,C:\Users\enkso\.kiro\crew\scratch\runtime-0a306834\osteopatch_full_ingestion\tiffs\Case-4-C52-35139-22514.tiff,215564,8b61a4641f3e9b2c6005f885ae6a62d754912f015ee7ea562773aa9b4d7198a6
Case-4-C52-5072-27768,Case-4-C52-5072-27768,Case 4 C52-5072-27768,http://pathdb.cancerimagingarchive.net/system/files/wsi/ross/Osteosarcoma-UT/converted/Osteosarcoma-UT/Training-Set-2/set6/Case-4-C52-5072-27768.tiff,Case-4,Non-Tumor,NON_TUMOR,TRUE,False,RETRIEVED,200,C:\Users\enkso\.kiro\crew\scratch\runtime-0a306834\osteopatch_full_ingestion\tiffs\Case-4-C52-5072-27768.tiff,187756,cf69d11e92ac2492088350efdd57cfd85df4433c240afc112ce4def6199c1fbc
Case-4-C52-6011-11096,Case-4-C52-6011-11096,Case 4 C52-6011-11096,http://pathdb.cancerimagingarchive.net/system/files/wsi/ross/Osteosarcoma-UT/converted/Osteosarcoma-UT/Training-Set-2/set6/Case-4-C52-6011-11096.tiff,Case-4,Non-Tumor,NON_TUMOR,TRUE,False,RETRIEVED,200,C:\Users\enkso\.kiro\crew\scratch\runtime-0a306834\osteopatch_full_ingestion\tiffs\Case-4-C52-6011-11096.tiff,114830,e84fd00749148ab27f64095cac7fb3df5d0429a7a7d62cd6e5d99cdb9784b83d
Case-4-C52-7119-24770,Case-4-C52-7119-24770,Case 4 C52-7119-24770,http://pathdb.cancerimagingarchive.net/system/files/wsi/ross/Osteosarcoma-UT/converted/Osteosarcoma-UT/Training-Set-2/set6/Case-4-C52-7119-24770.tiff,Case-4,Non-Tumor,NON_TUMOR,TRUE,False,RETRIEVED,200,C:\Users\enkso\.kiro\crew\scratch\runtime-0a306834\osteopatch_full_ingestion\tiffs\Case-4-C52-7119-24770.tiff,114942,c2abe4001ce4b03cf4330d7a327a80c2c21bad58e62fa48fa6536247314eadf0
Case-4-C52-8069-17662,Case-4-C52-8069-17662,Case 4 C52-8069-17662,http://pathdb.cancerimagingarchive.net/system/files/wsi/ross/Osteosarcoma-UT/converted/Osteosarcoma-UT/Training-Set-2/set6/Case-4-C52-8069-17662.tiff,Case-4,Non-Tumor,NON_TUMOR,TRUE,False,RETRIEVED,200,C:\Users\enkso\.kiro\crew\scratch\runtime-0a306834\osteopatch_full_ingestion\tiffs\Case-4-C52-8069-17662.tiff,130400,ddebd22b3acfed8cf2e911ac961700008264ba8a6194eeaad9b5dbc4cdc38c92
Case-4-C52-9122-11470,Case-4-C52-9122-11470,Case 4 C52-9122-11470,http://pathdb.cancerimagingarchive.net/system/files/wsi/ross/Osteosarcoma-UT/converted/Osteosarcoma-UT/Training-Set-2/set6/Case-4-C52-9122-11470.tiff,Case-4,Non-Tumor,NON_TUMOR,TRUE,False,RETRIEVED,200,C:\Users\enkso\.kiro\crew\scratch\runtime-0a306834\osteopatch_full_ingestion\tiffs\Case-4-C52-9122-11470.tiff,48884,f498b8d355d8fa679120cd307447e1b6267e42c5e700f5f9a75ff6424b057f66
Case-4-C52-9452-34640,Case-4-C52-9452-34640,Case 4 C52-9452-34640,http://pathdb.cancerimagingarchive.net/system/files/wsi/ross/Osteosarcoma-UT/converted/Osteosarcoma-UT/Training-Set-2/set6/Case-4-C52-9452-34640.tiff,Case-4,Non-Tumor,NON_TUMOR,TRUE,False,RETRIEVED,200,C:\Users\enkso\.kiro\crew\scratch\runtime-0a306834\osteopatch_full_ingestion\tiffs\Case-4-C52-9452-34640.tiff,147236,46290df94150d457e147bfe535a3bd03ea32c1ea53376276baabe9d4faa136ae
Case-48-P5-C13-24121-14200,Case-48-P5-C13-24121-14200,Case 48 - P5 C13-24121-14200,http://pathdb.cancerimagingarchive.net/system/files/wsi/ross/Osteosarcoma-UT/converted/Osteosarcoma-UT/Training-Set-2/set6/Case-48-P5-C13-24121-14200.tiff,Case-48,Non-Viable-Tumor,NECROSIS,TRUE,False,RETRIEVED,200,C:\Users\enkso\.kiro\crew\scratch\runtime-0a306834\osteopatch_full_ingestion\tiffs\Case-48-P5-C13-24121-14200.tiff,327804,3c268c3dec0140c7927cadde6e5899bbf512b32f735f0c55df6ae5528f492a78
Case-48-P5-C13-25055-3867,Case-48-P5-C13-25055-3867,Case 48 - P5 C13-25055-3867,http://pathdb.cancerimagingarchive.net/system/files/wsi/ross/Osteosarcoma-UT/converted/Osteosarcoma-UT/Training-Set-2/set6/Case-48-P5-C13-25055-3867.tiff,Case-48,viable: non-viable,,FALSE,True,RETRIEVED,200,C:\Users\enkso\.kiro\crew\scratch\runtime-0a306834\osteopatch_full_ingestion\tiffs\Case-48-P5-C13-25055-3867.tiff,262568,74400e8fe69fb8bd1d3bd419048ced8446d9557b9c62c2ad9e8d636e2e19c404
Case-48-P5-C13-28480-4550,Case-48-P5-C13-28480-4550,Case 48 - P5 C13-28480-4550,http://pathdb.cancerimagingarchive.net/system/files/wsi/ross/Osteosarcoma-UT/converted/Osteosarcoma-UT/Training-Set-2/set6/Case-48-P5-C13-28480-4550.tiff,Case-48,Viable,VIABLE_TUMOR,TRUE,False,RETRIEVED,200,C:\Users\enkso\.kiro\crew\scratch\runtime-0a306834\osteopatch_full_ingestion\tiffs\Case-48-P5-C13-28480-4550.tiff,372948,54ef1a2c27b9f37a027f5a748c64a398787babc111e18bbe6d274ab1e18494ff
Case-48-P5-C13-30344-16782,Case-48-P5-C13-30344-16782,Case 48 - P5 C13-30344-16782,http://pathdb.cancerimagingarchive.net/system/files/wsi/ross/Osteosarcoma-UT/converted/Osteosarcoma-UT/Training-Set-2/set6/Case-48-P5-C13-30344-16782.tiff,Case-48,Non-Tumor,NON_TUMOR,TRUE,False,RETRIEVED,200,C:\Users\enkso\.kiro\crew\scratch\runtime-0a306834\osteopatch_full_ingestion\tiffs\Case-48-P5-C13-30344-16782.tiff,216088,f22a5bb8060e921e5fbc7a216a8981b4323d903fc4b9dfdec6b60a9a0c0f87f7
Case-48-P5-C13-31534-14115,Case-48-P5-C13-31534-14115,Case 48 - P5 C13-31534-14115,http://pathdb.cancerimagingarchive.net/system/files/wsi/ross/Osteosarcoma-UT/converted/Osteosarcoma-UT/Training-Set-2/set6/Case-48-P5-C13-31534-14115.tiff,Case-48,viable: non-viable,,FALSE,True,RETRIEVED,200,C:\Users\enkso\.kiro\crew\scratch\runtime-0a306834\osteopatch_full_ingestion\tiffs\Case-48-P5-C13-31534-14115.tiff,282168,f63f3a9d5a19e05c58c56fabed3542497bf3f0e2b2aa41c9a5f3d63b7fe962fa
Case-48-P5-C13-31558-32206,Case-48-P5-C13-31558-32206,Case 48 - P5 C13-31558-32206,http://pathdb.cancerimagingarchive.net/system/files/wsi/ross/Osteosarcoma-UT/converted/Osteosarcoma-UT/Training-Set-2/set6/Case-48-P5-C13-31558-32206.tiff,Case-48,Non-Tumor,NON_TUMOR,TRUE,False,RETRIEVED,200,C:\Users\enkso\.kiro\crew\scratch\runtime-0a306834\osteopatch_full_ingestion\tiffs\Case-48-P5-C13-31558-32206.tiff,247600,71c96a61da21896f86087aff2edec79fc1b0e395e77fdba61947f8ada79a68c5
Case-48-P5-C13-32186-28705,Case-48-P5-C13-32186-28705,Case 48 - P5 C13-32186-28705,http://pathdb.cancerimagingarchive.net/system/files/wsi/ross/Osteosarcoma-UT/converted/Osteosarcoma-UT/Training-Set-2/set6/Case-48-P5-C13-32186-28705.tiff,Case-48,Non-Tumor,NON_TUMOR,TRUE,False,RETRIEVED,200,C:\Users\enkso\.kiro\crew\scratch\runtime-0a306834\osteopatch_full_ingestion\tiffs\Case-48-P5-C13-32186-28705.tiff,46374,0bac2b628bd07cba2d9ba56b1180e94b4f534b020298e07b7b5481b2817c996d
Case-48-P5-C13-33156-9373,Case-48-P5-C13-33156-9373,Case 48 - P5 C13-33156-9373,http://pathdb.cancerimagingarchive.net/system/files/wsi/ross/Osteosarcoma-UT/converted/Osteosarcoma-UT/Training-Set-2/set6/Case-48-P5-C13-33156-9373.tiff,Case-48,Viable,VIABLE_TUMOR,TRUE,False,RETRIEVED,200,C:\Users\enkso\.kiro\crew\scratch\runtime-0a306834\osteopatch_full_ingestion\tiffs\Case-48-P5-C13-33156-9373.tiff,312354,b74957f3b92c1223266254cdfd0ef4d55d04fd61f38f285940545d7af93cbfbd
Case-48-P5-C13-33179-15118,Case-48-P5-C13-33179-15118,Case 48 - P5 C13-33179-15118,http://pathdb.cancerimagingarchive.net/system/files/wsi/ross/Osteosarcoma-UT/converted/Osteosarcoma-UT/Training-Set-2/set6/Case-48-P5-C13-33179-15118.tiff,Case-48,viable: non-viable,,FALSE,True,RETRIEVED,200,C:\Users\enkso\.kiro\crew\scratch\runtime-0a306834\osteopatch_full_ingestion\tiffs\Case-48-P5-C13-33179-15118.tiff,259288,ac86221d808914752e7778483a786a30f21d6353c2686b37422c59c411451c79
Case-48-P5-C13-33285-9932,Case-48-P5-C13-33285-9932,Case 48 - P5 C13-33285-9932,http://pathdb.cancerimagingarchive.net/system/files/wsi/ross/Osteosarcoma-UT/converted/Osteosarcoma-UT/Training-Set-2/set6/Case-48-P5-C13-33285-9932.tiff,Case-48,viable: non-viable,,FALSE,True,RETRIEVED,200,C:\Users\enkso\.kiro\crew\scratch\runtime-0a306834\osteopatch_full_ingestion\tiffs\Case-48-P5-C13-33285-9932.tiff,328628,a7afb82f825dc12fef1c303aea330d9833d324a8e032973eff1b27148b76db85
Case-48-P5-C13-33772-6042,Case-48-P5-C13-33772-6042,Case 48 - P5 C13-33772-6042,http://pathdb.cancerimagingarchive.net/system/files/wsi/ross/Osteosarcoma-UT/converted/Osteosarcoma-UT/Training-Set-2/set6/Case-48-P5-C13-33772-6042.tiff,Case-48,viable: non-viable,,FALSE,True,RETRIEVED,200,C:\Users\enkso\.kiro\crew\scratch\runtime-0a306834\osteopatch_full_ingestion\tiffs\Case-48-P5-C13-33772-6042.tiff,296928,46a8da8d683e355ad13e3e8d9dafa3dea1924c4a24bfcd64220629dc1bdfb658
Case-48-P5-C13-34777-26855,Case-48-P5-C13-34777-26855,Case 48 - P5 C13-34777-26855,http://pathdb.cancerimagingarchive.net/system/files/wsi/ross/Osteosarcoma-UT/converted/Osteosarcoma-UT/Training-Set-2/set7/Case-48-P5-C13-34777-26855.tiff,Case-48,Non-Tumor,NON_TUMOR,TRUE,False,RETRIEVED,200,C:\Users\enkso\.kiro\crew\scratch\runtime-0a306834\osteopatch_full_ingestion\tiffs\Case-48-P5-C13-34777-26855.tiff,282370,1157113b5dab56e6ce3d3f833f34f43a7d31f5014c723a8a54fcf4b39f7124e6
Case-48-P5-C13-35186-4450,Case-48-P5-C13-35186-4450,Case 48 - P5 C13-35186-4450,http://pathdb.cancerimagingarchive.net/system/files/wsi/ross/Osteosarcoma-UT/converted/Osteosarcoma-UT/Training-Set-2/set7/Case-48-P5-C13-35186-4450.tiff,Case-48,Viable,VIABLE_TUMOR,TRUE,False,RETRIEVED,200,C:\Users\enkso\.kiro\crew\scratch\runtime-0a306834\osteopatch_full_ingestion\tiffs\Case-48-P5-C13-35186-4450.tiff,305208,56329331c85638c388db2d198f13eb66712535d9a3502499f6885e6716436eb4
Case-48-P5-C13-35786-2519,Case-48-P5-C13-35786-2519,Case 48 - P5 C13-35786-2519,http://pathdb.cancerimagingarchive.net/system/files/wsi/ross/Osteosarcoma-UT/converted/Osteosarcoma-UT/Training-Set-1/set6/Case-48-P5-C13-35786-2519.tiff,Case-48,Viable,VIABLE_TUMOR,TRUE,False,RETRIEVED,200,C:\Users\enkso\.kiro\crew\scratch\runtime-0a306834\osteopatch_full_ingestion\tiffs\Case-48-P5-C13-35786-2519.tiff,140156,4b92fec595f7f79a1d2bea46275709c51a55158deb9577a6b1367c41cd3ffffd
Case-48-P5-C13-36274-5595,Case-48-P5-C13-36274-5595,Case 48 - P5 C13-36274-5595,http://pathdb.cancerimagingarchive.net/system/files/wsi/ross/Osteosarcoma-UT/converted/Osteosarcoma-UT/Training-Set-1/set6/Case-48-P5-C13-36274-5595.tiff,Case-48,Viable,VIABLE_TUMOR,TRUE,False,RETRIEVED,200,C:\Users\enkso\.kiro\crew\scratch\runtime-0a306834\osteopatch_full_ingestion\tiffs\Case-48-P5-C13-36274-5595.tiff,259698,a20072ffb9479359a6f16e1e8bef55efaad249ebf3b49d26d704006b785fc373
Case-48-P5-C13-36431-2977,Case-48-P5-C13-36431-2977,Case 48 - P5 C13-36431-2977,http://pathdb.cancerimagingarchive.net/system/files/wsi/ross/Osteosarcoma-UT/converted/Osteosarcoma-UT/Training-Set-1/set6/Case-48-P5-C13-36431-2977.tiff,Case-48,Viable,VIABLE_TUMOR,TRUE,False,RETRIEVED,200,C:\Users\enkso\.kiro\crew\scratch\runtime-0a306834\osteopatch_full_ingestion\tiffs\Case-48-P5-C13-36431-2977.tiff,258024,c3d123fed394f9a6abac06cf332355698e4c76e686a04e20a83dc6becadfad51
Case-48-P5-C13-40217-4387,Case-48-P5-C13-40217-4387,Case 48 - P5 C13-40217-4387,http://pathdb.cancerimagingarchive.net/system/files/wsi/ross/Osteosarcoma-UT/converted/Osteosarcoma-UT/Training-Set-1/set6/Case-48-P5-C13-40217-4387.tiff,Case-48,Viable,VIABLE_TUMOR,TRUE,False,RETRIEVED,200,C:\Users\enkso\.kiro\crew\scratch\runtime-0a306834\osteopatch_full_ingestion\tiffs\Case-48-P5-C13-40217-4387.tiff,348202,bf5ef96297acc1c5f797f716dc31826b6d8b7719dba38fd55a9a4b300fef1198
Case-48-P5-C13-41185-25631,Case-48-P5-C13-41185-25631,Case 48 - P5 C13-41185-25631,http://pathdb.cancerimagingarchive.net/system/files/wsi/ross/Osteosarcoma-UT/converted/Osteosarcoma-UT/Training-Set-1/set6/Case-48-P5-C13-41185-25631.tiff,Case-48,Non-Tumor,NON_TUMOR,TRUE,False,RETRIEVED,200,C:\Users\enkso\.kiro\crew\scratch\runtime-0a306834\osteopatch_full_ingestion\tiffs\Case-48-P5-C13-41185-25631.tiff,255852,ff045c10a9282d80dc31935d965acb14ee0371c77e1c68bb717769129910083a
Case-48-P5-C13-42156-28960,Case-48-P5-C13-42156-28960,Case 48 - P5 C13-42156-28960,http://pathdb.cancerimagingarchive.net/system/files/wsi/ross/Osteosarcoma-UT/converted/Osteosarcoma-UT/Training-Set-1/set6/Case-48-P5-C13-42156-28960.tiff,Case-48,Non-Tumor,NON_TUMOR,TRUE,False,RETRIEVED,200,C:\Users\enkso\.kiro\crew\scratch\runtime-0a306834\osteopatch_full_ingestion\tiffs\Case-48-P5-C13-42156-28960.tiff,259206,eb75c208407cb5513aace605128950142926e3e9d2055b96d0ec1197e5c5913a
Case-48-P5-C13-42974-19458,Case-48-P5-C13-42974-19458,Case 48 - P5 C13-42974-19458,http://pathdb.cancerimagingarchive.net/system/files/wsi/ross/Osteosarcoma-UT/converted/Osteosarcoma-UT/Training-Set-1/set6/Case-48-P5-C13-42974-19458.tiff,Case-48,Non-Tumor,NON_TUMOR,TRUE,False,RETRIEVED,200,C:\Users\enkso\.kiro\crew\scratch\runtime-0a306834\osteopatch_full_ingestion\tiffs\Case-48-P5-C13-42974-19458.tiff,282366,456b1d5a13d1e284e1cd251f4f9b713f856846418c31779cb410a1521381e62b
Case-48-P5-C13-43922-21112,Case-48-P5-C13-43922-21112,Case 48 - P5 C13-43922-21112,http://pathdb.cancerimagingarchive.net/system/files/wsi/ross/Osteosarcoma-UT/converted/Osteosarcoma-UT/Training-Set-1/set6/Case-48-P5-C13-43922-21112.tiff,Case-48,Non-Tumor,NON_TUMOR,TRUE,False,RETRIEVED,200,C:\Users\enkso\.kiro\crew\scratch\runtime-0a306834\osteopatch_full_ingestion\tiffs\Case-48-P5-C13-43922-21112.tiff,271004,7daadf85d77bfc3e83cad6001856abc1fbdce090ed1b93f1dd2858c10f7c3a1c
Case-48-P5-C13-45972-4022,Case-48-P5-C13-45972-4022,Case 48 - P5 C13-45972-4022,http://pathdb.cancerimagingarchive.net/system/files/wsi/ross/Osteosarcoma-UT/converted/Osteosarcoma-UT/Training-Set-1/set6/Case-48-P5-C13-45972-4022.tiff,Case-48,Viable,VIABLE_TUMOR,TRUE,False,RETRIEVED,200,C:\Users\enkso\.kiro\crew\scratch\runtime-0a306834\osteopatch_full_ingestion\tiffs\Case-48-P5-C13-45972-4022.tiff,351784,2d7be937a70ace59180dc2a113c2c9de31d8b019843f55d1a6098bfd4642129f
Case-48-P5-C13-46592-17295,Case-48-P5-C13-46592-17295,Case 48 - P5 C13-46592-17295,http://pathdb.cancerimagingarchive.net/system/files/wsi/ross/Osteosarcoma-UT/converted/Osteosarcoma-UT/Training-Set-1/set6/Case-48-P5-C13-46592-17295.tiff,Case-48,Non-Viable-Tumor,NECROSIS,TRUE,False,RETRIEVED,200,C:\Users\enkso\.kiro\crew\scratch\runtime-0a306834\osteopatch_full_ingestion\tiffs\Case-48-P5-C13-46592-17295.tiff,163286,688d897ee4274a25dc5781ee603551355cd22c9b70d9db2bd75fa2718143eaac
Case-48-P5-C13-47517-9280,Case-48-P5-C13-47517-9280,Case 48 - P5 C13-47517-9280,http://pathdb.cancerimagingarchive.net/system/files/wsi/ross/Osteosarcoma-UT/converted/Osteosarcoma-UT/Training-Set-1/set6/Case-48-P5-C13-47517-9280.tiff,Case-48,Viable,VIABLE_TUMOR,TRUE,False,RETRIEVED,200,C:\Users\enkso\.kiro\crew\scratch\runtime-0a306834\osteopatch_full_ingestion\tiffs\Case-48-P5-C13-47517-9280.tiff,399070,312450fbddccc0735eebfe9d9f0e824bda4d1415c14be5a844e429085c2b353e
Case-48-P5-C13-47829-6226,Case-48-P5-C13-47829-6226,Case 48 - P5 C13-47829-6226,http://pathdb.cancerimagingarchive.net/system/files/wsi/ross/Osteosarcoma-UT/converted/Osteosarcoma-UT/Training-Set-1/set6/Case-48-P5-C13-47829-6226.tiff,Case-48,Viable,VIABLE_TUMOR,TRUE,False,RETRIEVED,200,C:\Users\enkso\.kiro\crew\scratch\runtime-0a306834\osteopatch_full_ingestion\tiffs\Case-48-P5-C13-47829-6226.tiff,363576,098a3bb6a6405a677e4e6f1e840fc333b3a78b20e73589ab80def02f32eb1c68
Case-48-P5-C13-48617-38748,Case-48-P5-C13-48617-38748,Case 48 - P5 C13-48617-38748,http://pathdb.cancerimagingarchive.net/system/files/wsi/ross/Osteosarcoma-UT/converted/Osteosarcoma-UT/Training-Set-1/set6/Case-48-P5-C13-48617-38748.tiff,Case-48,viable: non-viable,,FALSE,True,RETRIEVED,200,C:\Users\enkso\.kiro\crew\scratch\runtime-0a306834\osteopatch_full_ingestion\tiffs\Case-48-P5-C13-48617-38748.tiff,412766,07ccd037823681864e166d58f77a15a496f7dc3dc8aa85a72e93bcb37253c2eb
Case-48-P5-C13-56220-35584,Case-48-P5-C13-56220-35584,Case 48 - P5 C13-56220-35584,http://pathdb.cancerimagingarchive.net/system/files/wsi/ross/Osteosarcoma-UT/converted/Osteosarcoma-UT/Training-Set-1/set6/Case-48-P5-C13-56220-35584.tiff,Case-48,Non-Tumor,NON_TUMOR,TRUE,False,RETRIEVED,200,C:\Users\enkso\.kiro\crew\scratch\runtime-0a306834\osteopatch_full_ingestion\tiffs\Case-48-P5-C13-56220-35584.tiff,368816,76dc08bfd2b63e8997017d67742771c549e5955042fb77ba1e9947596bf6caf3
Case-48-P5-C13-64007-12122,Case-48-P5-C13-64007-12122,Case 48 - P5 C13-64007-12122,http://pathdb.cancerimagingarchive.net/system/files/wsi/ross/Osteosarcoma-UT/converted/Osteosarcoma-UT/Training-Set-1/set6/Case-48-P5-C13-64007-12122.tiff,Case-48,Viable,VIABLE_TUMOR,TRUE,False,RETRIEVED,200,C:\Users\enkso\.kiro\crew\scratch\runtime-0a306834\osteopatch_full_ingestion\tiffs\Case-48-P5-C13-64007-12122.tiff,309560,a50d28d8d3e98049a6030219e5d2934dcaea43b19f825d78595a51d433c79ac0
Case-48-P5-C14-24924-23750,Case-48-P5-C14-24924-23750,Case 48 - P5 C14-24924-23750,http://pathdb.cancerimagingarchive.net/system/files/wsi/ross/Osteosarcoma-UT/converted/Osteosarcoma-UT/Training-Set-2/set7/Case-48-P5-C14-24924-23750.tiff,Case-48,Non-Tumor,NON_TUMOR,TRUE,False,RETRIEVED,200,C:\Users\enkso\.kiro\crew\scratch\runtime-0a306834\osteopatch_full_ingestion\tiffs\Case-48-P5-C14-24924-23750.tiff,145034,72ca0dab6de6b65681597a0162a8f96a6d482d5e37620d833b21d51b13d8b976
Case-48-P5-C14-28814-14922,Case-48-P5-C14-28814-14922,Case 48 - P5 C14-28814-14922,http://pathdb.cancerimagingarchive.net/system/files/wsi/ross/Osteosarcoma-UT/converted/Osteosarcoma-UT/Training-Set-2/set7/Case-48-P5-C14-28814-14922.tiff,Case-48,viable: non-viable,,FALSE,True,RETRIEVED,200,C:\Users\enkso\.kiro\crew\scratch\runtime-0a306834\osteopatch_full_ingestion\tiffs\Case-48-P5-C14-28814-14922.tiff,325224,68be28096ae4f129491566d0e1f631aa10c81e88cb747122320591aa9a763e23
Case-48-P5-C14-29041-7944,Case-48-P5-C14-29041-7944,Case 48 - P5 C14-29041-7944,http://pathdb.cancerimagingarchive.net/system/files/wsi/ross/Osteosarcoma-UT/converted/Osteosarcoma-UT/Training-Set-2/set7/Case-48-P5-C14-29041-7944.tiff,Case-48,Viable,VIABLE_TUMOR,TRUE,False,RETRIEVED,200,C:\Users\enkso\.kiro\crew\scratch\runtime-0a306834\osteopatch_full_ingestion\tiffs\Case-48-P5-C14-29041-7944.tiff,406488,859a7735d746ada8cb3aa851823cdc727017464f945b198a796aae930d1e943f
Case-48-P5-C14-30314-23881,Case-48-P5-C14-30314-23881,Case 48 - P5 C14-30314-23881,http://pathdb.cancerimagingarchive.net/system/files/wsi/ross/Osteosarcoma-UT/converted/Osteosarcoma-UT/Training-Set-2/set7/Case-48-P5-C14-30314-23881.tiff,Case-48,Non-Tumor,NON_TUMOR,TRUE,False,RETRIEVED,200,C:\Users\enkso\.kiro\crew\scratch\runtime-0a306834\osteopatch_full_ingestion\tiffs\Case-48-P5-C14-30314-23881.tiff,317118,5ddc5409f1cb826eace3db99e16f61ef0eb83833c3638681c14aa766233e99ef
Case-48-P5-C14-32278-10661,Case-48-P5-C14-32278-10661,Case 48 - P5 C14-32278-10661,http://pathdb.cancerimagingarchive.net/system/files/wsi/ross/Osteosarcoma-UT/converted/Osteosarcoma-UT/Training-Set-2/set7/Case-48-P5-C14-32278-10661.tiff,Case-48,Viable,VIABLE_TUMOR,TRUE,False,RETRIEVED,200,C:\Users\enkso\.kiro\crew\scratch\runtime-0a306834\osteopatch_full_ingestion\tiffs\Case-48-P5-C14-32278-10661.tiff,205196,5ed0ec0a322fc9fb80bfaf18b48f5c64738579228ca9f362c8d02a133d0bdff3
Case-48-P5-C14-34550-19673,Case-48-P5-C14-34550-19673,Case 48 - P5 C14-34550-19673,http://pathdb.cancerimagingarchive.net/system/files/wsi/ross/Osteosarcoma-UT/converted/Osteosarcoma-UT/Training-Set-2/set7/Case-48-P5-C14-34550-19673.tiff,Case-48,Non-Tumor,NON_TUMOR,TRUE,False,RETRIEVED,200,C:\Users\enkso\.kiro\crew\scratch\runtime-0a306834\osteopatch_full_ingestion\tiffs\Case-48-P5-C14-34550-19673.tiff,280428,99cf9c59a7d8c3abec9ed1fc61b25fde4c9378bd1235dac8b36045362cc4d22e
Case-48-P5-C14-34559-25361,Case-48-P5-C14-34559-25361,Case 48 - P5 C14-34559-25361,http://pathdb.cancerimagingarchive.net/system/files/wsi/ross/Osteosarcoma-UT/converted/Osteosarcoma-UT/Training-Set-2/set7/Case-48-P5-C14-34559-25361.tiff,Case-48,Non-Tumor,NON_TUMOR,TRUE,False,RETRIEVED,200,C:\Users\enkso\.kiro\crew\scratch\runtime-0a306834\osteopatch_full_ingestion\tiffs\Case-48-P5-C14-34559-25361.tiff,309290,ba24cf0cbe4f878cf83277d7f46f7b9603109c2e02ac5ae0097c98058d0d96b5
Case-48-P5-C14-34681-15663,Case-48-P5-C14-34681-15663,Case 48 - P5 C14-34681-15663,http://pathdb.cancerimagingarchive.net/system/files/wsi/ross/Osteosarcoma-UT/converted/Osteosarcoma-UT/Training-Set-2/set7/Case-48-P5-C14-34681-15663.tiff,Case-48,Non-Tumor,NON_TUMOR,TRUE,False,RETRIEVED,200,C:\Users\enkso\.kiro\crew\scratch\runtime-0a306834\osteopatch_full_ingestion\tiffs\Case-48-P5-C14-34681-15663.tiff,251516,447c88b06fe2ef2f39221ca428d30d5e313f42eba5d7eb17f083c6dd549ed381
Case-48-P5-C14-35746-11580,Case-48-P5-C14-35746-11580,Case 48 - P5 C14-35746-11580,http://pathdb.cancerimagingarchive.net/system/files/wsi/ross/Osteosarcoma-UT/converted/Osteosarcoma-UT/Training-Set-2/set7/Case-48-P5-C14-35746-11580.tiff,Case-48,viable: non-viable,,FALSE,True,RETRIEVED,200,C:\Users\enkso\.kiro\crew\scratch\runtime-0a306834\osteopatch_full_ingestion\tiffs\Case-48-P5-C14-35746-11580.tiff,433330,bf56c02f6330019686a0e6d41a22a7d01a49da66f4adcc494dc9279c590697c6
Case-48-P5-C14-37397-27331,Case-48-P5-C14-37397-27331,Case 48 - P5 C14-37397-27331,http://pathdb.cancerimagingarchive.net/system/files/wsi/ross/Osteosarcoma-UT/converted/Osteosarcoma-UT/Training-Set-2/set7/Case-48-P5-C14-37397-27331.tiff,Case-48,Non-Tumor,NON_TUMOR,TRUE,False,RETRIEVED,200,C:\Users\enkso\.kiro\crew\scratch\runtime-0a306834\osteopatch_full_ingestion\tiffs\Case-48-P5-C14-37397-27331.tiff,260476,b28dbd7347ccb6430f1b1f46c354ec03fb14b512a0be1fd075fd65c7c9fd5576
Case-48-P5-C14-39001-28941,Case-48-P5-C14-39001-28941,Case 48 - P5 C14-39001-28941,http://pathdb.cancerimagingarchive.net/system/files/wsi/ross/Osteosarcoma-UT/converted/Osteosarcoma-UT/Training-Set-2/set7/Case-48-P5-C14-39001-28941.tiff,Case-48,Non-Tumor,NON_TUMOR,TRUE,False,RETRIEVED,200,C:\Users\enkso\.kiro\crew\scratch\runtime-0a306834\osteopatch_full_ingestion\tiffs\Case-48-P5-C14-39001-28941.tiff,263496,90f677cb72f6db5fa45cb27153dcd6168be9e932c39b2806fffece163e8e4a6e
Case-48-P5-C14-39467-6941,Case-48-P5-C14-39467-6941,Case 48 - P5 C14-39467-6941,http://pathdb.cancerimagingarchive.net/system/files/wsi/ross/Osteosarcoma-UT/converted/Osteosarcoma-UT/Training-Set-2/set7/Case-48-P5-C14-39467-6941.tiff,Case-48,Viable,VIABLE_TUMOR,TRUE,False,RETRIEVED,200,C:\Users\enkso\.kiro\crew\scratch\runtime-0a306834\osteopatch_full_ingestion\tiffs\Case-48-P5-C14-39467-6941.tiff,289622,4cc5827fbc29d909f61b6b8e604f4c767added401aa179555585746ffb5e0533
Case-48-P5-C14-41089-9651,Case-48-P5-C14-41089-9651,Case 48 - P5 C14-41089-9651,http://pathdb.cancerimagingarchive.net/system/files/wsi/ross/Osteosarcoma-UT/converted/Osteosarcoma-UT/Training-Set-2/set7/Case-48-P5-C14-41089-9651.tiff,Case-48,Viable,VIABLE_TUMOR,TRUE,False,RETRIEVED,200,C:\Users\enkso\.kiro\crew\scratch\runtime-0a306834\osteopatch_full_ingestion\tiffs\Case-48-P5-C14-41089-9651.tiff,289158,f5f30f210270ab1ef88165bf4babc01ac3ce01fc6111fcd9b67a096936bab2b9
Case-48-P5-C14-41747-26404,Case-48-P5-C14-41747-26404,Case 48 - P5 C14-41747-26404,http://pathdb.cancerimagingarchive.net/system/files/wsi/ross/Osteosarcoma-UT/converted/Osteosarcoma-UT/Training-Set-2/set7/Case-48-P5-C14-41747-26404.tiff,Case-48,Non-Tumor,NON_TUMOR,TRUE,False,RETRIEVED,200,C:\Users\enkso\.kiro\crew\scratch\runtime-0a306834\osteopatch_full_ingestion\tiffs\Case-48-P5-C14-41747-26404.tiff,290626,a999263338014efe4a963beaf78ce5a02f982fb075b1a782a250563c0c863ac3
Case-48-P5-C14-42219-24715,Case-48-P5-C14-42219-24715,Case 48 - P5 C14-42219-24715,http://pathdb.cancerimagingarchive.net/system/files/wsi/ross/Osteosarcoma-UT/converted/Osteosarcoma-UT/Training-Set-2/set7/Case-48-P5-C14-42219-24715.tiff,Case-48,Non-Tumor,NON_TUMOR,TRUE,False,RETRIEVED,200,C:\Users\enkso\.kiro\crew\scratch\runtime-0a306834\osteopatch_full_ingestion\tiffs\Case-48-P5-C14-42219-24715.tiff,304058,baf4720ac90fdbe38fdd617f5dc524e0207378eadd84714cbf6d62ca98065396
Case-48-P5-C14-44612-17510,Case-48-P5-C14-44612-17510,Case 48 - P5 C14-44612-17510,http://pathdb.cancerimagingarchive.net/system/files/wsi/ross/Osteosarcoma-UT/converted/Osteosarcoma-UT/Training-Set-2/set7/Case-48-P5-C14-44612-17510.tiff,Case-48,Non-Tumor,NON_TUMOR,TRUE,False,RETRIEVED,200,C:\Users\enkso\.kiro\crew\scratch\runtime-0a306834\osteopatch_full_ingestion\tiffs\Case-48-P5-C14-44612-17510.tiff,237642,5fa5b366b0229265b39769bab020c6794cd4076f19811fb35aa2779688bc7b78
Case-48-P5-C14-44941-18452,Case-48-P5-C14-44941-18452,Case 48 - P5 C14-44941-18452,http://pathdb.cancerimagingarchive.net/system/files/wsi/ross/Osteosarcoma-UT/converted/Osteosarcoma-UT/Training-Set-1/set6/Case-48-P5-C14-44941-18452.tiff,Case-48,Viable,VIABLE_TUMOR,TRUE,False,RETRIEVED,200,C:\Users\enkso\.kiro\crew\scratch\runtime-0a306834\osteopatch_full_ingestion\tiffs\Case-48-P5-C14-44941-18452.tiff,293372,18316113d2405fb952d4f901b9b09ba45db9c68add83594fed8e5813bfc45e69
Case-48-P5-C14-50416-27346,Case-48-P5-C14-50416-27346,Case 48 - P5 C14-50416-27346,http://pathdb.cancerimagingarchive.net/system/files/wsi/ross/Osteosarcoma-UT/converted/Osteosarcoma-UT/Training-Set-1/set6/Case-48-P5-C14-50416-27346.tiff,Case-48,Viable,VIABLE_TUMOR,TRUE,False,RETRIEVED,200,C:\Users\enkso\.kiro\crew\scratch\runtime-0a306834\osteopatch_full_ingestion\tiffs\Case-48-P5-C14-50416-27346.tiff,99204,7e7c79162b1f31807c77907255a534924fff11db23a3c6efc80796b6961b851e
Case-48-P5-C14-50604-21283,Case-48-P5-C14-50604-21283,Case 48 - P5 C14-50604-21283,http://pathdb.cancerimagingarchive.net/system/files/wsi/ross/Osteosarcoma-UT/converted/Osteosarcoma-UT/Training-Set-1/set6/Case-48-P5-C14-50604-21283.tiff,Case-48,Viable,VIABLE_TUMOR,TRUE,False,RETRIEVED,200,C:\Users\enkso\.kiro\crew\scratch\runtime-0a306834\osteopatch_full_ingestion\tiffs\Case-48-P5-C14-50604-21283.tiff,250656,bf4174f7d039dfded2e7c94e1e8ef000a4d983d4a27dadfa39da8cfa1213295a
Case-48-P5-C14-52144-3660,Case-48-P5-C14-52144-3660,Case 48 - P5 C14-52144-3660,http://pathdb.cancerimagingarchive.net/system/files/wsi/ross/Osteosarcoma-UT/converted/Osteosarcoma-UT/Training-Set-1/set6/Case-48-P5-C14-52144-3660.tiff,Case-48,Viable,VIABLE_TUMOR,TRUE,False,RETRIEVED,200,C:\Users\enkso\.kiro\crew\scratch\runtime-0a306834\osteopatch_full_ingestion\tiffs\Case-48-P5-C14-52144-3660.tiff,395654,6b83127f2a86651b0c95819a77641b163207db2341911b3946a5d0df6b91a48c
Case-48-P5-C14-54171-23668,Case-48-P5-C14-54171-23668,Case 48 - P5 C14-54171-23668,http://pathdb.cancerimagingarchive.net/system/files/wsi/ross/Osteosarcoma-UT/converted/Osteosarcoma-UT/Training-Set-1/set6/Case-48-P5-C14-54171-23668.tiff,Case-48,Viable,VIABLE_TUMOR,TRUE,False,RETRIEVED,200,C:\Users\enkso\.kiro\crew\scratch\runtime-0a306834\osteopatch_full_ingestion\tiffs\Case-48-P5-C14-54171-23668.tiff,372348,c2f747c88beae75923898272ab321bdd1991de3f77c06b211f8f56ba873ab175
Case-48-P5-C14-54203-39127,Case-48-P5-C14-54203-39127,Case 48 - P5 C14-54203-39127,http://pathdb.cancerimagingarchive.net/system/files/wsi/ross/Osteosarcoma-UT/converted/Osteosarcoma-UT/Training-Set-1/set6/Case-48-P5-C14-54203-39127.tiff,Case-48,Non-Tumor,NON_TUMOR,TRUE,False,RETRIEVED,200,C:\Users\enkso\.kiro\crew\scratch\runtime-0a306834\osteopatch_full_ingestion\tiffs\Case-48-P5-C14-54203-39127.tiff,226984,3f546bbd5f522984f6ed531e9610690fc40b0b546eaae758420c13590f3b9da7
Case-48-P5-C14-55921-40389,Case-48-P5-C14-55921-40389,Case 48 - P5 C14-55921-40389,http://pathdb.cancerimagingarchive.net/system/files/wsi/ross/Osteosarcoma-UT/converted/Osteosarcoma-UT/Training-Set-1/set6/Case-48-P5-C14-55921-40389.tiff,Case-48,Non-Tumor,NON_TUMOR,TRUE,False,RETRIEVED,200,C:\Users\enkso\.kiro\crew\scratch\runtime-0a306834\osteopatch_full_ingestion\tiffs\Case-48-P5-C14-55921-40389.tiff,247332,509d27454e155b50a4dd19f79f467d604064c7426d230f1ef2f4cfb0cba51e3b
Case-48-P5-C14-56563-30345,Case-48-P5-C14-56563-30345,Case 48 - P5 C14-56563-30345,http://pathdb.cancerimagingarchive.net/system/files/wsi/ross/Osteosarcoma-UT/converted/Osteosarcoma-UT/Training-Set-1/set6/Case-48-P5-C14-56563-30345.tiff,Case-48,Viable,VIABLE_TUMOR,TRUE,False,RETRIEVED,200,C:\Users\enkso\.kiro\crew\scratch\runtime-0a306834\osteopatch_full_ingestion\tiffs\Case-48-P5-C14-56563-30345.tiff,349114,0359a2c2c19c04388bbe38b85894e4dcb742389e5def99d75b9ad2fe0ba74cad
Case-48-P5-C14-59148-13815,Case-48-P5-C14-59148-13815,Case 48 - P5 C14-59148-13815,http://pathdb.cancerimagingarchive.net/system/files/wsi/ross/Osteosarcoma-UT/converted/Osteosarcoma-UT/Training-Set-1/set6/Case-48-P5-C14-59148-13815.tiff,Case-48,Viable,VIABLE_TUMOR,TRUE,False,RETRIEVED,200,C:\Users\enkso\.kiro\crew\scratch\runtime-0a306834\osteopatch_full_ingestion\tiffs\Case-48-P5-C14-59148-13815.tiff,326618,5c452863f36919bb61f417e29d5808be4041e80a58f96a40762aa91e2ce55431
Case-48-P5-C14-59834-18325,Case-48-P5-C14-59834-18325,Case 48 - P5 C14-59834-18325,http://pathdb.cancerimagingarchive.net/system/files/wsi/ross/Osteosarcoma-UT/converted/Osteosarcoma-UT/Training-Set-1/set6/Case-48-P5-C14-59834-18325.tiff,Case-48,Viable,VIABLE_TUMOR,TRUE,False,RETRIEVED,200,C:\Users\enkso\.kiro\crew\scratch\runtime-0a306834\osteopatch_full_ingestion\tiffs\Case-48-P5-C14-59834-18325.tiff,424000,e51938b7261c9091c4d7a529a97214ad6818126e65e9030a3ceca54b5af2dd46
Case-48-P5-C14-65736-13805,Case-48-P5-C14-65736-13805,Case 48 - P5 C14-65736-13805,http://pathdb.cancerimagingarchive.net/system/files/wsi/ross/Osteosarcoma-UT/converted/Osteosarcoma-UT/Training-Set-1/set7/Case-48-P5-C14-65736-13805.tiff,Case-48,Viable,VIABLE_TUMOR,TRUE,False,RETRIEVED,200,C:\Users\enkso\.kiro\crew\scratch\runtime-0a306834\osteopatch_full_ingestion\tiffs\Case-48-P5-C14-65736-13805.tiff,306074,9e806211daad3878d073da9bba41de8586040aabacdce2089452b4df0b95ddb5
Case-48-P5-C14-67137-24045,Case-48-P5-C14-67137-24045,Case 48 - P5 C14-67137-24045,http://pathdb.cancerimagingarchive.net/system/files/wsi/ross/Osteosarcoma-UT/converted/Osteosarcoma-UT/Training-Set-1/set7/Case-48-P5-C14-67137-24045.tiff,Case-48,Viable,VIABLE_TUMOR,TRUE,False,RETRIEVED,200,C:\Users\enkso\.kiro\crew\scratch\runtime-0a306834\osteopatch_full_ingestion\tiffs\Case-48-P5-C14-67137-24045.tiff,142768,b7b4ebc6dc73331ec112669a08fb1e2a056cd9e76e4b7b55a9364bfaf7941aa6
Case-48-P5-C15-13694-12591,Case-48-P5-C15-13694-12591,Case 48 - P5 C15-13694-12591,http://pathdb.cancerimagingarchive.net/system/files/wsi/ross/Osteosarcoma-UT/converted/Osteosarcoma-UT/Training-Set-2/set7/Case-48-P5-C15-13694-12591.tiff,Case-48,Viable,VIABLE_TUMOR,TRUE,False,RETRIEVED,200,C:\Users\enkso\.kiro\crew\scratch\runtime-0a306834\osteopatch_full_ingestion\tiffs\Case-48-P5-C15-13694-12591.tiff,399250,d52dd087b77af15f5ffea6fcf692cf2027ed862cef6bbbcb0c317261d56f98d2
Case-48-P5-C15-14907-22432,Case-48-P5-C15-14907-22432,Case 48 - P5 C15-14907-22432,http://pathdb.cancerimagingarchive.net/system/files/wsi/ross/Osteosarcoma-UT/converted/Osteosarcoma-UT/Training-Set-2/set7/Case-48-P5-C15-14907-22432.tiff,Case-48,Non-Tumor,NON_TUMOR,TRUE,False,RETRIEVED,200,C:\Users\enkso\.kiro\crew\scratch\runtime-0a306834\osteopatch_full_ingestion\tiffs\Case-48-P5-C15-14907-22432.tiff,141804,0038ffdd3dbec1cbe802d4d0d500951b921a263648492e48878727aa154552d0
Case-48-P5-C15-15457-16306,Case-48-P5-C15-15457-16306,Case 48 - P5 C15-15457-16306,http://pathdb.cancerimagingarchive.net/system/files/wsi/ross/Osteosarcoma-UT/converted/Osteosarcoma-UT/Training-Set-2/set7/Case-48-P5-C15-15457-16306.tiff,Case-48,Viable,VIABLE_TUMOR,TRUE,False,RETRIEVED,200,C:\Users\enkso\.kiro\crew\scratch\runtime-0a306834\osteopatch_full_ingestion\tiffs\Case-48-P5-C15-15457-16306.tiff,351562,789348a9965215b917400c424ae8c35e6f255b835bd056adcf858157eb20f787
Case-48-P5-C15-16934-23981,Case-48-P5-C15-16934-23981,Case 48 - P5 C15-16934-23981,http://pathdb.cancerimagingarchive.net/system/files/wsi/ross/Osteosarcoma-UT/converted/Osteosarcoma-UT/Training-Set-2/set7/Case-48-P5-C15-16934-23981.tiff,Case-48,Non-Tumor,NON_TUMOR,TRUE,False,RETRIEVED,200,C:\Users\enkso\.kiro\crew\scratch\runtime-0a306834\osteopatch_full_ingestion\tiffs\Case-48-P5-C15-16934-23981.tiff,119258,07583fec9f447e2becdd37c16c3b77bc2eb6ee6e84947ddef903bb4990de784a
Case-48-P5-C15-17885-28625,Case-48-P5-C15-17885-28625,Case 48 - P5 C15-17885-28625,http://pathdb.cancerimagingarchive.net/system/files/wsi/ross/Osteosarcoma-UT/converted/Osteosarcoma-UT/Training-Set-2/set7/Case-48-P5-C15-17885-28625.tiff,Case-48,Non-Tumor,NON_TUMOR,TRUE,False,RETRIEVED,200,C:\Users\enkso\.kiro\crew\scratch\runtime-0a306834\osteopatch_full_ingestion\tiffs\Case-48-P5-C15-17885-28625.tiff,94834,fd670624296191e9d80645b9b4e7cd0f51b9346c7704b989863a908e5fbe0275
Case-48-P5-C15-18011-21615,Case-48-P5-C15-18011-21615,Case 48 - P5 C15-18011-21615,http://pathdb.cancerimagingarchive.net/system/files/wsi/ross/Osteosarcoma-UT/converted/Osteosarcoma-UT/Training-Set-2/set7/Case-48-P5-C15-18011-21615.tiff,Case-48,Viable,VIABLE_TUMOR,TRUE,False,RETRIEVED,200,C:\Users\enkso\.kiro\crew\scratch\runtime-0a306834\osteopatch_full_ingestion\tiffs\Case-48-P5-C15-18011-21615.tiff,325982,8e0ec8f2b4064a70f684204294214bed9c6c876d945f03d6ef0cdbae1471fca9
Case-48-P5-C15-23409-12305,Case-48-P5-C15-23409-12305,Case 48 - P5 C15-23409-12305,http://pathdb.cancerimagingarchive.net/system/files/wsi/ross/Osteosarcoma-UT/converted/Osteosarcoma-UT/Training-Set-2/set7/Case-48-P5-C15-23409-12305.tiff,Case-48,Viable,VIABLE_TUMOR,TRUE,False,RETRIEVED,200,C:\Users\enkso\.kiro\crew\scratch\runtime-0a306834\osteopatch_full_ingestion\tiffs\Case-48-P5-C15-23409-12305.tiff,328504,6c5c731b5f2daafb0e4d3f03eb09fcd3720f3a254705346f84e907d5686e4357
Case-48-P5-C15-25805-11251,Case-48-P5-C15-25805-11251,Case 48 - P5 C15-25805-11251,http://pathdb.cancerimagingarchive.net/system/files/wsi/ross/Osteosarcoma-UT/converted/Osteosarcoma-UT/Training-Set-2/set7/Case-48-P5-C15-25805-11251.tiff,Case-48,Viable,VIABLE_TUMOR,TRUE,False,RETRIEVED,200,C:\Users\enkso\.kiro\crew\scratch\runtime-0a306834\osteopatch_full_ingestion\tiffs\Case-48-P5-C15-25805-11251.tiff,252696,01e74c580d9d7316ec1803a0b909d6b22ce528700a6a5eaf4d743a6ebe43c0a8
Case-48-P5-C15-29362-17739,Case-48-P5-C15-29362-17739,Case 48 - P5 C15-29362-17739,http://pathdb.cancerimagingarchive.net/system/files/wsi/ross/Osteosarcoma-UT/converted/Osteosarcoma-UT/Training-Set-2/set7/Case-48-P5-C15-29362-17739.tiff,Case-48,viable: non-viable,,FALSE,True,RETRIEVED,200,C:\Users\enkso\.kiro\crew\scratch\runtime-0a306834\osteopatch_full_ingestion\tiffs\Case-48-P5-C15-29362-17739.tiff,190764,b1ced7c562c25f0068b15f2db9a260010f57cb4face6e5eda895c1e76d3ec0a4
Case-48-P5-C15-32744-24648,Case-48-P5-C15-32744-24648,Case 48 - P5 C15-32744-24648,http://pathdb.cancerimagingarchive.net/system/files/wsi/ross/Osteosarcoma-UT/converted/Osteosarcoma-UT/Training-Set-2/set7/Case-48-P5-C15-32744-24648.tiff,Case-48,viable: non-viable,,FALSE,True,RETRIEVED,200,C:\Users\enkso\.kiro\crew\scratch\runtime-0a306834\osteopatch_full_ingestion\tiffs\Case-48-P5-C15-32744-24648.tiff,240772,3e65ace5dd42b06a65a17647df51874a06c56ee1c4a08a6d47502dde73648125
Case-48-P5-C15-33547-25747,Case-48-P5-C15-33547-25747,Case 48 - P5 C15-33547-25747,http://pathdb.cancerimagingarchive.net/system/files/wsi/ross/Osteosarcoma-UT/converted/Osteosarcoma-UT/Training-Set-2/set7/Case-48-P5-C15-33547-25747.tiff,Case-48,viable: non-viable,,FALSE,True,RETRIEVED,200,C:\Users\enkso\.kiro\crew\scratch\runtime-0a306834\osteopatch_full_ingestion\tiffs\Case-48-P5-C15-33547-25747.tiff,255766,5bd9c33b8f0bda18830787318f4f4bb8bfe0b1be47251e11b0ffa356d17a7d8e
Case-48-P5-C15-36071-7035,Case-48-P5-C15-36071-7035,Case 48 - P5 C15-36071-7035,http://pathdb.cancerimagingarchive.net/system/files/wsi/ross/Osteosarcoma-UT/converted/Osteosarcoma-UT/Training-Set-2/set7/Case-48-P5-C15-36071-7035.tiff,Case-48,viable: non-viable,,FALSE,True,RETRIEVED,200,C:\Users\enkso\.kiro\crew\scratch\runtime-0a306834\osteopatch_full_ingestion\tiffs\Case-48-P5-C15-36071-7035.tiff,278898,8f956f1455c37496ec1440c47d2c92a8fe55cbbfa30c1d18c9d55ae53af94dde
Case-48-P5-C15-36624-27407,Case-48-P5-C15-36624-27407,Case 48 - P5 C15-36624-27407,http://pathdb.cancerimagingarchive.net/system/files/wsi/ross/Osteosarcoma-UT/converted/Osteosarcoma-UT/Training-Set-1/set7/Case-48-P5-C15-36624-27407.tiff,Case-48,Viable,VIABLE_TUMOR,TRUE,False,RETRIEVED,200,C:\Users\enkso\.kiro\crew\scratch\runtime-0a306834\osteopatch_full_ingestion\tiffs\Case-48-P5-C15-36624-27407.tiff,366174,567904e8a09e01f6aaf0fbb06a0735c624556958345696756be2f9c9d4ba9035
Case-48-P5-C15-37073-10134,Case-48-P5-C15-37073-10134,Case 48 - P5 C15-37073-10134,http://pathdb.cancerimagingarchive.net/system/files/wsi/ross/Osteosarcoma-UT/converted/Osteosarcoma-UT/Training-Set-1/set7/Case-48-P5-C15-37073-10134.tiff,Case-48,Viable,VIABLE_TUMOR,TRUE,False,RETRIEVED,200,C:\Users\enkso\.kiro\crew\scratch\runtime-0a306834\osteopatch_full_ingestion\tiffs\Case-48-P5-C15-37073-10134.tiff,286022,088f176c431934516b972292c19ebdd99042f213de87b96239fef2e4de9b2e6a
Case-48-P5-C15-37609-3244,Case-48-P5-C15-37609-3244,Case 48 - P5 C15-37609-3244,http://pathdb.cancerimagingarchive.net/system/files/wsi/ross/Osteosarcoma-UT/converted/Osteosarcoma-UT/Training-Set-1/set7/Case-48-P5-C15-37609-3244.tiff,Case-48,Viable,VIABLE_TUMOR,TRUE,False,RETRIEVED,200,C:\Users\enkso\.kiro\crew\scratch\runtime-0a306834\osteopatch_full_ingestion\tiffs\Case-48-P5-C15-37609-3244.tiff,172710,038b276d0527a47b0cae34c1bee772283f6b71e7a3fe1c5594c5f70da2e7164f
Case-48-P5-C15-38051-19362,Case-48-P5-C15-38051-19362,Case 48 - P5 C15-38051-19362,http://pathdb.cancerimagingarchive.net/system/files/wsi/ross/Osteosarcoma-UT/converted/Osteosarcoma-UT/Training-Set-1/set7/Case-48-P5-C15-38051-19362.tiff,Case-48,Viable,VIABLE_TUMOR,TRUE,False,RETRIEVED,200,C:\Users\enkso\.kiro\crew\scratch\runtime-0a306834\osteopatch_full_ingestion\tiffs\Case-48-P5-C15-38051-19362.tiff,327298,92b74f29fbcd3d7a109a0a3589fa2768b3faf2472021e048a3625330f21d3f3f
Case-48-P5-C15-38668-29527,Case-48-P5-C15-38668-29527,Case 48 - P5 C15-38668-29527,http://pathdb.cancerimagingarchive.net/system/files/wsi/ross/Osteosarcoma-UT/converted/Osteosarcoma-UT/Training-Set-1/set7/Case-48-P5-C15-38668-29527.tiff,Case-48,Non-Tumor,NON_TUMOR,TRUE,False,RETRIEVED,200,C:\Users\enkso\.kiro\crew\scratch\runtime-0a306834\osteopatch_full_ingestion\tiffs\Case-48-P5-C15-38668-29527.tiff,189366,226b593547577ea07a0f7befc2995967fe93210f078d9ba4e6850b8a886a0cec
Case-48-P5-C15-38858-22308,Case-48-P5-C15-38858-22308,Case 48 - P5 C15-38858-22308,http://pathdb.cancerimagingarchive.net/system/files/wsi/ross/Osteosarcoma-UT/converted/Osteosarcoma-UT/Training-Set-1/set7/Case-48-P5-C15-38858-22308.tiff,Case-48,Viable,VIABLE_TUMOR,TRUE,False,RETRIEVED,200,C:\Users\enkso\.kiro\crew\scratch\runtime-0a306834\osteopatch_full_ingestion\tiffs\Case-48-P5-C15-38858-22308.tiff,314006,fe7c214295defea554c6e95ea41a925aa188cf2f71ae8a38eee61b4de99f9f38
Case-48-P5-C15-40502-3547,Case-48-P5-C15-40502-3547,Case 48 - P5 C15-40502-3547,http://pathdb.cancerimagingarchive.net/system/files/wsi/ross/Osteosarcoma-UT/converted/Osteosarcoma-UT/Training-Set-1/set7/Case-48-P5-C15-40502-3547.tiff,Case-48,Viable,VIABLE_TUMOR,TRUE,False,RETRIEVED,200,C:\Users\enkso\.kiro\crew\scratch\runtime-0a306834\osteopatch_full_ingestion\tiffs\Case-48-P5-C15-40502-3547.tiff,383876,efebf431a9d8bb18c7512f702e934bf76ff88f4379ed162cfe230095ec64d666
Case-48-P5-C15-41629-16134,Case-48-P5-C15-41629-16134,Case 48 - P5 C15-41629-16134,http://pathdb.cancerimagingarchive.net/system/files/wsi/ross/Osteosarcoma-UT/converted/Osteosarcoma-UT/Training-Set-1/set7/Case-48-P5-C15-41629-16134.tiff,Case-48,Viable,VIABLE_TUMOR,TRUE,False,RETRIEVED,200,C:\Users\enkso\.kiro\crew\scratch\runtime-0a306834\osteopatch_full_ingestion\tiffs\Case-48-P5-C15-41629-16134.tiff,198170,0786ed79ea935d54b4be9fbf8b574667f77848978f88ec92e83da93ab9e46964
Case-48-P5-C15-42605-29137,Case-48-P5-C15-42605-29137,Case 48 - P5 C15-42605-29137,http://pathdb.cancerimagingarchive.net/system/files/wsi/ross/Osteosarcoma-UT/converted/Osteosarcoma-UT/Training-Set-1/set7/Case-48-P5-C15-42605-29137.tiff,Case-48,Non-Tumor,NON_TUMOR,TRUE,False,RETRIEVED,200,C:\Users\enkso\.kiro\crew\scratch\runtime-0a306834\osteopatch_full_ingestion\tiffs\Case-48-P5-C15-42605-29137.tiff,188202,65f68c8e71a95b358fd3459e098cea6075351cd33723a48e76b738bb71dad760
Case-48-P5-C15-42793-18458,Case-48-P5-C15-42793-18458,Case 48 - P5 C15-42793-18458,http://pathdb.cancerimagingarchive.net/system/files/wsi/ross/Osteosarcoma-UT/converted/Osteosarcoma-UT/Training-Set-1/set7/Case-48-P5-C15-42793-18458.tiff,Case-48,Viable,VIABLE_TUMOR,TRUE,False,RETRIEVED,200,C:\Users\enkso\.kiro\crew\scratch\runtime-0a306834\osteopatch_full_ingestion\tiffs\Case-48-P5-C15-42793-18458.tiff,279598,a50aee99bf496a011fed18cfb3d54c5933109e7b3d89bfa13aad9296fb845d45
Case-48-P5-C15-45773-17581,Case-48-P5-C15-45773-17581,Case 48 - P5 C15-45773-17581,http://pathdb.cancerimagingarchive.net/system/files/wsi/ross/Osteosarcoma-UT/converted/Osteosarcoma-UT/Training-Set-1/set7/Case-48-P5-C15-45773-17581.tiff,Case-48,Viable,VIABLE_TUMOR,TRUE,False,RETRIEVED,200,C:\Users\enkso\.kiro\crew\scratch\runtime-0a306834\osteopatch_full_ingestion\tiffs\Case-48-P5-C15-45773-17581.tiff,227402,0e5b0a3e5b062dde0d825af7f7e5903cd77fde70aa596f705a17f187e30fbc55
Case-48-P5-C15-48711-15150,Case-48-P5-C15-48711-15150,Case 48 - P5 C15-48711-15150,http://pathdb.cancerimagingarchive.net/system/files/wsi/ross/Osteosarcoma-UT/converted/Osteosarcoma-UT/Training-Set-1/set7/Case-48-P5-C15-48711-15150.tiff,Case-48,Viable,VIABLE_TUMOR,TRUE,False,RETRIEVED,200,C:\Users\enkso\.kiro\crew\scratch\runtime-0a306834\osteopatch_full_ingestion\tiffs\Case-48-P5-C15-48711-15150.tiff,261048,247655e5b47183550589de01be00d13e2cd7b3d51de2a2dd29a4add05338fabc
Case-48-P5-C15-48775-26545,Case-48-P5-C15-48775-26545,Case 48 - P5 C15-48775-26545,http://pathdb.cancerimagingarchive.net/system/files/wsi/ross/Osteosarcoma-UT/converted/Osteosarcoma-UT/Training-Set-1/set7/Case-48-P5-C15-48775-26545.tiff,Case-48,Viable,VIABLE_TUMOR,TRUE,False,RETRIEVED,200,C:\Users\enkso\.kiro\crew\scratch\runtime-0a306834\osteopatch_full_ingestion\tiffs\Case-48-P5-C15-48775-26545.tiff,215034,14f64647e7baefacafdb39668b5af17d87380fac914858775077b46e65b77696
Case-48-P5-C15-48808-15798,Case-48-P5-C15-48808-15798,Case 48 - P5 C15-48808-15798,http://pathdb.cancerimagingarchive.net/system/files/wsi/ross/Osteosarcoma-UT/converted/Osteosarcoma-UT/Training-Set-1/set7/Case-48-P5-C15-48808-15798.tiff,Case-48,Viable,VIABLE_TUMOR,TRUE,False,RETRIEVED,200,C:\Users\enkso\.kiro\crew\scratch\runtime-0a306834\osteopatch_full_ingestion\tiffs\Case-48-P5-C15-48808-15798.tiff,301202,c727055181e79f8a92d6048f19c8952efe8f2fd11a36c7ffa16a32be5850a605
Case-48-P5-C15-49012-23798,Case-48-P5-C15-49012-23798,Case 48 - P5 C15-49012-23798,http://pathdb.cancerimagingarchive.net/system/files/wsi/ross/Osteosarcoma-UT/converted/Osteosarcoma-UT/Training-Set-1/set7/Case-48-P5-C15-49012-23798.tiff,Case-48,Viable,VIABLE_TUMOR,TRUE,False,RETRIEVED,200,C:\Users\enkso\.kiro\crew\scratch\runtime-0a306834\osteopatch_full_ingestion\tiffs\Case-48-P5-C15-49012-23798.tiff,343046,ecd88a35e1fd5aa8ee032bcf5e8971f575e6b5746b58b3093186b3c49b47a1f5
Case-48-P5-C15-7821-18054,Case-48-P5-C15-7821-18054,Case 48 - P5 C15-7821-18054,http://pathdb.cancerimagingarchive.net/system/files/wsi/ross/Osteosarcoma-UT/converted/Osteosarcoma-UT/Training-Set-2/set7/Case-48-P5-C15-7821-18054.tiff,Case-48,Non-Tumor,NON_TUMOR,TRUE,False,RETRIEVED,200,C:\Users\enkso\.kiro\crew\scratch\runtime-0a306834\osteopatch_full_ingestion\tiffs\Case-48-P5-C15-7821-18054.tiff,146920,4151f944812119f7279cdd2da687b22bf2ff70ac6d403d6f3166010bca9e46ea
Case-48-P5-C15-8356-11851,Case-48-P5-C15-8356-11851,Case 48 - P5 C15-8356-11851,http://pathdb.cancerimagingarchive.net/system/files/wsi/ross/Osteosarcoma-UT/converted/Osteosarcoma-UT/Training-Set-2/set7/Case-48-P5-C15-8356-11851.tiff,Case-48,Non-Tumor,NON_TUMOR,TRUE,False,RETRIEVED,200,C:\Users\enkso\.kiro\crew\scratch\runtime-0a306834\osteopatch_full_ingestion\tiffs\Case-48-P5-C15-8356-11851.tiff,118110,62506693b70e063465cddb4c5dac7964c00c956972e069584acdf630a25a631f
Case-48-P5-C15-9871-11637,Case-48-P5-C15-9871-11637,Case 48 - P5 C15-9871-11637,http://pathdb.cancerimagingarchive.net/system/files/wsi/ross/Osteosarcoma-UT/converted/Osteosarcoma-UT/Training-Set-2/set7/Case-48-P5-C15-9871-11637.tiff,Case-48,Viable,VIABLE_TUMOR,TRUE,False,RETRIEVED,200,C:\Users\enkso\.kiro\crew\scratch\runtime-0a306834\osteopatch_full_ingestion\tiffs\Case-48-P5-C15-9871-11637.tiff,139848,e900d93234a1aeae360a571dee854002f145509bedc2c55007c4a77ef62838b6
Case-48-P5-C16-12239-11981,Case-48-P5-C16-12239-11981,Case 48 - P5 C16-12239-11981,http://pathdb.cancerimagingarchive.net/system/files/wsi/ross/Osteosarcoma-UT/converted/Osteosarcoma-UT/Training-Set-2/set7/Case-48-P5-C16-12239-11981.tiff,Case-48,Viable,VIABLE_TUMOR,TRUE,False,RETRIEVED,200,C:\Users\enkso\.kiro\crew\scratch\runtime-0a306834\osteopatch_full_ingestion\tiffs\Case-48-P5-C16-12239-11981.tiff,275682,21a354903670430ec25ff416af3aec96b1b382f207a0afac1de17db5faa96c65
Case-48-P5-C16-14238-13009,Case-48-P5-C16-14238-13009,Case 48 - P5 C16-14238-13009,http://pathdb.cancerimagingarchive.net/system/files/wsi/ross/Osteosarcoma-UT/converted/Osteosarcoma-UT/Training-Set-2/set7/Case-48-P5-C16-14238-13009.tiff,Case-48,Viable,VIABLE_TUMOR,TRUE,False,RETRIEVED,200,C:\Users\enkso\.kiro\crew\scratch\runtime-0a306834\osteopatch_full_ingestion\tiffs\Case-48-P5-C16-14238-13009.tiff,429406,cadf466274528e13c1754f0783ca033c239212774ec0d4207c3582473db6b005
Case-48-P5-C16-14955-12886,Case-48-P5-C16-14955-12886,Case 48 - P5 C16-14955-12886,http://pathdb.cancerimagingarchive.net/system/files/wsi/ross/Osteosarcoma-UT/converted/Osteosarcoma-UT/Training-Set-2/set7/Case-48-P5-C16-14955-12886.tiff,Case-48,Viable,VIABLE_TUMOR,TRUE,False,RETRIEVED,200,C:\Users\enkso\.kiro\crew\scratch\runtime-0a306834\osteopatch_full_ingestion\tiffs\Case-48-P5-C16-14955-12886.tiff,401046,2311926ba0941d81141107f0b188e9bc1a046ff33c33eec002ce910460032f53
Case-48-P5-C16-15926-10929,Case-48-P5-C16-15926-10929,Case 48 - P5 C16-15926-10929,http://pathdb.cancerimagingarchive.net/system/files/wsi/ross/Osteosarcoma-UT/converted/Osteosarcoma-UT/Training-Set-2/set7/Case-48-P5-C16-15926-10929.tiff,Case-48,Viable,VIABLE_TUMOR,TRUE,False,RETRIEVED,200,C:\Users\enkso\.kiro\crew\scratch\runtime-0a306834\osteopatch_full_ingestion\tiffs\Case-48-P5-C16-15926-10929.tiff,269776,77de41af8861f6371457d64a4d590b8174991e068736d68b646fc943a6c29b0a
Case-48-P5-C16-16775-22744,Case-48-P5-C16-16775-22744,Case 48 - P5 C16-16775-22744,http://pathdb.cancerimagingarchive.net/system/files/wsi/ross/Osteosarcoma-UT/converted/Osteosarcoma-UT/Training-Set-2/set7/Case-48-P5-C16-16775-22744.tiff,Case-48,Non-Tumor,NON_TUMOR,TRUE,False,RETRIEVED,200,C:\Users\enkso\.kiro\crew\scratch\runtime-0a306834\osteopatch_full_ingestion\tiffs\Case-48-P5-C16-16775-22744.tiff,151200,c742710831d7b0e123a2961dc557dd38cab4068021786467a8ab3270f2093fc3
Case-48-P5-C16-20627-20759,Case-48-P5-C16-20627-20759,Case 48 - P5 C16-20627-20759,http://pathdb.cancerimagingarchive.net/system/files/wsi/ross/Osteosarcoma-UT/converted/Osteosarcoma-UT/Training-Set-2/set7/Case-48-P5-C16-20627-20759.tiff,Case-48,Viable,VIABLE_TUMOR,TRUE,False,RETRIEVED,200,C:\Users\enkso\.kiro\crew\scratch\runtime-0a306834\osteopatch_full_ingestion\tiffs\Case-48-P5-C16-20627-20759.tiff,309680,846df715e3255d093eb12ada9234db29aa70476c3ee07c44848a276b134029ca
Case-48-P5-C16-22496-8538,Case-48-P5-C16-22496-8538,Case 48 - P5 C16-22496-8538,http://pathdb.cancerimagingarchive.net/system/files/wsi/ross/Osteosarcoma-UT/converted/Osteosarcoma-UT/Training-Set-2/set7/Case-48-P5-C16-22496-8538.tiff,Case-48,Viable,VIABLE_TUMOR,TRUE,False,RETRIEVED,200,C:\Users\enkso\.kiro\crew\scratch\runtime-0a306834\osteopatch_full_ingestion\tiffs\Case-48-P5-C16-22496-8538.tiff,159958,f02d5f96f6734f8d569f5a9fba861993e6310b0d8ee41914df317cc2d77f5725
Case-48-P5-C16-25369-21517,Case-48-P5-C16-25369-21517,Case 48 - P5 C16-25369-21517,http://pathdb.cancerimagingarchive.net/system/files/wsi/ross/Osteosarcoma-UT/converted/Osteosarcoma-UT/Training-Set-2/set7/Case-48-P5-C16-25369-21517.tiff,Case-48,Viable,VIABLE_TUMOR,TRUE,False,RETRIEVED,200,C:\Users\enkso\.kiro\crew\scratch\runtime-0a306834\osteopatch_full_ingestion\tiffs\Case-48-P5-C16-25369-21517.tiff,324150,deaab3aa9275e1236c876772557c98b0e1cea36e4580451b3272ddee8cab4e3d
Case-48-P5-C16-26938-16149,Case-48-P5-C16-26938-16149,Case 48 - P5 C16-26938-16149,http://pathdb.cancerimagingarchive.net/system/files/wsi/ross/Osteosarcoma-UT/converted/Osteosarcoma-UT/Training-Set-2/set7/Case-48-P5-C16-26938-16149.tiff,Case-48,Viable,VIABLE_TUMOR,TRUE,False,RETRIEVED,200,C:\Users\enkso\.kiro\crew\scratch\runtime-0a306834\osteopatch_full_ingestion\tiffs\Case-48-P5-C16-26938-16149.tiff,231326,5504fa1c561371d215efe2c8a8b62fcf5c78c95d0297412203efc7b204c1a137
Case-48-P5-C16-29805-9678,Case-48-P5-C16-29805-9678,Case 48 - P5 C16-29805-9678,http://pathdb.cancerimagingarchive.net/system/files/wsi/ross/Osteosarcoma-UT/converted/Osteosarcoma-UT/Training-Set-2/set7/Case-48-P5-C16-29805-9678.tiff,Case-48,Viable,VIABLE_TUMOR,TRUE,False,RETRIEVED,200,C:\Users\enkso\.kiro\crew\scratch\runtime-0a306834\osteopatch_full_ingestion\tiffs\Case-48-P5-C16-29805-9678.tiff,299056,b710dfc84d8169ef0c8b09c7efbdf3c2b579fa2e8eeb37269406bcabadc2712e
Case-48-P5-C16-31710-28486,Case-48-P5-C16-31710-28486,Case 48 - P5 C16-31710-28486,http://pathdb.cancerimagingarchive.net/system/files/wsi/ross/Osteosarcoma-UT/converted/Osteosarcoma-UT/Training-Set-2/set7/Case-48-P5-C16-31710-28486.tiff,Case-48,Non-Tumor,NON_TUMOR,TRUE,False,RETRIEVED,200,C:\Users\enkso\.kiro\crew\scratch\runtime-0a306834\osteopatch_full_ingestion\tiffs\Case-48-P5-C16-31710-28486.tiff,165112,955417eff99255f9bca8ae36718e5c427b18071e31d66e3a6389074054df30d5
Case-48-P5-C16-36447-8166,Case-48-P5-C16-36447-8166,Case 48 - P5 C16-36447-8166,http://pathdb.cancerimagingarchive.net/system/files/wsi/ross/Osteosarcoma-UT/converted/Osteosarcoma-UT/Training-Set-2/set7/Case-48-P5-C16-36447-8166.tiff,Case-48,viable: non-viable,,FALSE,True,RETRIEVED,200,C:\Users\enkso\.kiro\crew\scratch\runtime-0a306834\osteopatch_full_ingestion\tiffs\Case-48-P5-C16-36447-8166.tiff,375772,4fad75bbc955daf9c01d3ca8049422ebdc901cc81855e63fa855aa626f5c5ffd
Case-48-P5-C16-37581-7845,Case-48-P5-C16-37581-7845,Case 48 - P5 C16-37581-7845,http://pathdb.cancerimagingarchive.net/system/files/wsi/ross/Osteosarcoma-UT/converted/Osteosarcoma-UT/Training-Set-2/set7/Case-48-P5-C16-37581-7845.tiff,Case-48,viable: non-viable,,FALSE,True,RETRIEVED,200,C:\Users\enkso\.kiro\crew\scratch\runtime-0a306834\osteopatch_full_ingestion\tiffs\Case-48-P5-C16-37581-7845.tiff,260858,64792802caa0d3844d7b7f9614a5fb05d124ebadf9e7c400bc67edab7e3c304f
Case-48-P5-C16-38254-8571,Case-48-P5-C16-38254-8571,Case 48 - P5 C16-38254-8571,http://pathdb.cancerimagingarchive.net/system/files/wsi/ross/Osteosarcoma-UT/converted/Osteosarcoma-UT/Training-Set-2/set7/Case-48-P5-C16-38254-8571.tiff,Case-48,viable: non-viable,,FALSE,True,RETRIEVED,200,C:\Users\enkso\.kiro\crew\scratch\runtime-0a306834\osteopatch_full_ingestion\tiffs\Case-48-P5-C16-38254-8571.tiff,270564,b0254c5eb3bdea3e57ca0ee5c463434b8b33257784d58495548c5ebe92568523
Case-48-P5-C16-39161-16929,Case-48-P5-C16-39161-16929,Case 48 - P5 C16-39161-16929,http://pathdb.cancerimagingarchive.net/system/files/wsi/ross/Osteosarcoma-UT/converted/Osteosarcoma-UT/Training-Set-1/set7/Case-48-P5-C16-39161-16929.tiff,Case-48,Viable,VIABLE_TUMOR,TRUE,False,RETRIEVED,200,C:\Users\enkso\.kiro\crew\scratch\runtime-0a306834\osteopatch_full_ingestion\tiffs\Case-48-P5-C16-39161-16929.tiff,303884,8d6bd80c70d7e8d9a5a2432dc84bec87202ff0b1290fecdba5f9982405ee20a8
Case-48-P5-C16-39748-2743,Case-48-P5-C16-39748-2743,Case 48 - P5 C16-39748-2743,http://pathdb.cancerimagingarchive.net/system/files/wsi/ross/Osteosarcoma-UT/converted/Osteosarcoma-UT/Training-Set-1/set7/Case-48-P5-C16-39748-2743.tiff,Case-48,Viable,VIABLE_TUMOR,TRUE,False,RETRIEVED,200,C:\Users\enkso\.kiro\crew\scratch\runtime-0a306834\osteopatch_full_ingestion\tiffs\Case-48-P5-C16-39748-2743.tiff,140326,4945afcc8232f3c048c7c04947f9d4f94c4100f6a4ba244dc63567e29cb5e5b3
Case-48-P5-C16-42343-20669,Case-48-P5-C16-42343-20669,Case 48 - P5 C16-42343-20669,http://pathdb.cancerimagingarchive.net/system/files/wsi/ross/Osteosarcoma-UT/converted/Osteosarcoma-UT/Training-Set-1/set7/Case-48-P5-C16-42343-20669.tiff,Case-48,Viable,VIABLE_TUMOR,TRUE,False,RETRIEVED,200,C:\Users\enkso\.kiro\crew\scratch\runtime-0a306834\osteopatch_full_ingestion\tiffs\Case-48-P5-C16-42343-20669.tiff,295818,20630fac3941552630a79b07901e700db2f6b79adc4800af5e5b8cdeba55e403
Case-48-P5-C16-43159-11972,Case-48-P5-C16-43159-11972,Case 48 - P5 C16-43159-11972,http://pathdb.cancerimagingarchive.net/system/files/wsi/ross/Osteosarcoma-UT/converted/Osteosarcoma-UT/Training-Set-1/set7/Case-48-P5-C16-43159-11972.tiff,Case-48,Viable,VIABLE_TUMOR,TRUE,False,RETRIEVED,200,C:\Users\enkso\.kiro\crew\scratch\runtime-0a306834\osteopatch_full_ingestion\tiffs\Case-48-P5-C16-43159-11972.tiff,241188,3cdb6551e4615d8061860d0a7c1b689b3442a9711241e27d04700071b797f47b
Case-48-P5-C16-44299-6790,Case-48-P5-C16-44299-6790,Case 48 - P5 C16-44299-6790,http://pathdb.cancerimagingarchive.net/system/files/wsi/ross/Osteosarcoma-UT/converted/Osteosarcoma-UT/Training-Set-1/set7/Case-48-P5-C16-44299-6790.tiff,Case-48,Non-Tumor,NON_TUMOR,TRUE,False,RETRIEVED,200,C:\Users\enkso\.kiro\crew\scratch\runtime-0a306834\osteopatch_full_ingestion\tiffs\Case-48-P5-C16-44299-6790.tiff,152440,971958b99a2a76a343ff04a669645afc11104c660dcd8dd4997fe037b99f96b8
Case-48-P5-C16-44867-23581,Case-48-P5-C16-44867-23581,Case 48 - P5 C16-44867-23581,http://pathdb.cancerimagingarchive.net/system/files/wsi/ross/Osteosarcoma-UT/converted/Osteosarcoma-UT/Training-Set-1/set7/Case-48-P5-C16-44867-23581.tiff,Case-48,Viable,VIABLE_TUMOR,TRUE,False,RETRIEVED,200,C:\Users\enkso\.kiro\crew\scratch\runtime-0a306834\osteopatch_full_ingestion\tiffs\Case-48-P5-C16-44867-23581.tiff,323428,478314f087c7015a2ba0ec7ddd1339323e61e2343a77c18584fd00a59476939a
Case-48-P5-C16-46142-13796,Case-48-P5-C16-46142-13796,Case 48 - P5 C16-46142-13796,http://pathdb.cancerimagingarchive.net/system/files/wsi/ross/Osteosarcoma-UT/converted/Osteosarcoma-UT/Training-Set-1/set7/Case-48-P5-C16-46142-13796.tiff,Case-48,Viable,VIABLE_TUMOR,TRUE,False,RETRIEVED,200,C:\Users\enkso\.kiro\crew\scratch\runtime-0a306834\osteopatch_full_ingestion\tiffs\Case-48-P5-C16-46142-13796.tiff,266994,65876c75fdc9631f36448b9f86e65e97ee97b4704b5759a9548cf3256bc706ff
Case-48-P5-C16-47760-19513,Case-48-P5-C16-47760-19513,Case 48 - P5 C16-47760-19513,http://pathdb.cancerimagingarchive.net/system/files/wsi/ross/Osteosarcoma-UT/converted/Osteosarcoma-UT/Training-Set-1/set7/Case-48-P5-C16-47760-19513.tiff,Case-48,Viable,VIABLE_TUMOR,TRUE,False,RETRIEVED,200,C:\Users\enkso\.kiro\crew\scratch\runtime-0a306834\osteopatch_full_ingestion\tiffs\Case-48-P5-C16-47760-19513.tiff,258988,a5f27c22f1599f8c424469016ab73bd7bd0225dac5ee1419110493e01068a263
Case-48-P5-C16-50052-16053,Case-48-P5-C16-50052-16053,Case 48 - P5 C16-50052-16053,http://pathdb.cancerimagingarchive.net/system/files/wsi/ross/Osteosarcoma-UT/converted/Osteosarcoma-UT/Training-Set-1/set7/Case-48-P5-C16-50052-16053.tiff,Case-48,Viable,VIABLE_TUMOR,TRUE,False,RETRIEVED,200,C:\Users\enkso\.kiro\crew\scratch\runtime-0a306834\osteopatch_full_ingestion\tiffs\Case-48-P5-C16-50052-16053.tiff,207700,6d92c388c730926f7538558c1f0b6aa040cb2d7b53f8f62a7c26188959809f0c
Case-48-P5-C16-50396-24840,Case-48-P5-C16-50396-24840,Case 48 - P5 C16-50396-24840,http://pathdb.cancerimagingarchive.net/system/files/wsi/ross/Osteosarcoma-UT/converted/Osteosarcoma-UT/Training-Set-1/set7/Case-48-P5-C16-50396-24840.tiff,Case-48,Viable,VIABLE_TUMOR,TRUE,False,RETRIEVED,200,C:\Users\enkso\.kiro\crew\scratch\runtime-0a306834\osteopatch_full_ingestion\tiffs\Case-48-P5-C16-50396-24840.tiff,330462,62feba781431f91c21147a2ca47646077b24c4004c179f85cd6186686a9d3db9
Case-48-P5-C16-50924-16162,Case-48-P5-C16-50924-16162,Case 48 - P5 C16-50924-16162,http://pathdb.cancerimagingarchive.net/system/files/wsi/ross/Osteosarcoma-UT/converted/Osteosarcoma-UT/Training-Set-1/set7/Case-48-P5-C16-50924-16162.tiff,Case-48,Viable,VIABLE_TUMOR,TRUE,False,RETRIEVED,200,C:\Users\enkso\.kiro\crew\scratch\runtime-0a306834\osteopatch_full_ingestion\tiffs\Case-48-P5-C16-50924-16162.tiff,271862,93b9ad62c5dee9d07957f41a7aa49ed3dbb316b593c43fd05e1164029225135e
Case-48-P5-C16-52243-22493,Case-48-P5-C16-52243-22493,Case 48 - P5 C16-52243-22493,http://pathdb.cancerimagingarchive.net/system/files/wsi/ross/Osteosarcoma-UT/converted/Osteosarcoma-UT/Training-Set-1/set7/Case-48-P5-C16-52243-22493.tiff,Case-48,Viable,VIABLE_TUMOR,TRUE,False,RETRIEVED,200,C:\Users\enkso\.kiro\crew\scratch\runtime-0a306834\osteopatch_full_ingestion\tiffs\Case-48-P5-C16-52243-22493.tiff,312312,8cc778ec38bdfbacfe2b022e0adf86a96f0828307244168d7a7078e93949a952
Case-48-P5-C16-53844-23083,Case-48-P5-C16-53844-23083,Case 48 - P5 C16-53844-23083,http://pathdb.cancerimagingarchive.net/system/files/wsi/ross/Osteosarcoma-UT/converted/Osteosarcoma-UT/Training-Set-1/set7/Case-48-P5-C16-53844-23083.tiff,Case-48,Viable,VIABLE_TUMOR,TRUE,False,RETRIEVED,200,C:\Users\enkso\.kiro\crew\scratch\runtime-0a306834\osteopatch_full_ingestion\tiffs\Case-48-P5-C16-53844-23083.tiff,320970,5d6188240646cf15a0b1eaa85a0dd685c15540ab7c432a63465588b9a1cb5f1a
Case-48-P5-C16-5406-13863,Case-48-P5-C16-5406-13863,Case 48 - P5 C16-5406-13863,http://pathdb.cancerimagingarchive.net/system/files/wsi/ross/Osteosarcoma-UT/converted/Osteosarcoma-UT/Training-Set-2/set7/Case-48-P5-C16-5406-13863.tiff,Case-48,Non-Tumor,NON_TUMOR,TRUE,False,RETRIEVED,200,C:\Users\enkso\.kiro\crew\scratch\runtime-0a306834\osteopatch_full_ingestion\tiffs\Case-48-P5-C16-5406-13863.tiff,135198,3c3c97c1a79857e126f39601476a782390142716c85030ea9fe52bc3d2715737
Case-48-P5-C16-54563-21138,Case-48-P5-C16-54563-21138,Case 48 - P5 C16-54563-21138,http://pathdb.cancerimagingarchive.net/system/files/wsi/ross/Osteosarcoma-UT/converted/Osteosarcoma-UT/Training-Set-1/set7/Case-48-P5-C16-54563-21138.tiff,Case-48,Viable,VIABLE_TUMOR,TRUE,False,RETRIEVED,200,C:\Users\enkso\.kiro\crew\scratch\runtime-0a306834\osteopatch_full_ingestion\tiffs\Case-48-P5-C16-54563-21138.tiff,234184,579961c5fecd509ed3d7e6b22fe7c86e1e55ab28d8328f2bcedf2c478eb33771
Case-48-P5-C17-19137-20611,Case-48-P5-C17-19137-20611,Case 48 - P5 C17-19137-20611,http://pathdb.cancerimagingarchive.net/system/files/wsi/ross/Osteosarcoma-UT/converted/Osteosarcoma-UT/Training-Set-2/set7/Case-48-P5-C17-19137-20611.tiff,Case-48,Viable,VIABLE_TUMOR,TRUE,False,RETRIEVED,200,C:\Users\enkso\.kiro\crew\scratch\runtime-0a306834\osteopatch_full_ingestion\tiffs\Case-48-P5-C17-19137-20611.tiff,362628,2b06ddc8d1da8eaff1b2c8ae51292076c097083870b8d3f7c93b36b8cc237684
Case-48-P5-C17-26817-18603,Case-48-P5-C17-26817-18603,Case 48 - P5 C17-26817-18603,http://pathdb.cancerimagingarchive.net/system/files/wsi/ross/Osteosarcoma-UT/converted/Osteosarcoma-UT/Training-Set-2/set7/Case-48-P5-C17-26817-18603.tiff,Case-48,Viable,VIABLE_TUMOR,TRUE,False,RETRIEVED,200,C:\Users\enkso\.kiro\crew\scratch\runtime-0a306834\osteopatch_full_ingestion\tiffs\Case-48-P5-C17-26817-18603.tiff,238316,31da314881e9005fdf5fcdcc8049758b74e6f291da5c63e3b408705bcb1e39d0
Case-48-P5-C17-27681-16299,Case-48-P5-C17-27681-16299,Case 48 - P5 C17-27681-16299,http://pathdb.cancerimagingarchive.net/system/files/wsi/ross/Osteosarcoma-UT/converted/Osteosarcoma-UT/Training-Set-2/set8/Case-48-P5-C17-27681-16299.tiff,Case-48,Viable,VIABLE_TUMOR,TRUE,False,RETRIEVED,200,C:\Users\enkso\.kiro\crew\scratch\runtime-0a306834\osteopatch_full_ingestion\tiffs\Case-48-P5-C17-27681-16299.tiff,302122,fdcead358d033329b9e445dd59c15e5fab2145c6087e83877c9f68e08cb3f1ce
Case-48-P5-C17-29452-16131,Case-48-P5-C17-29452-16131,Case 48 - P5 C17-29452-16131,http://pathdb.cancerimagingarchive.net/system/files/wsi/ross/Osteosarcoma-UT/converted/Osteosarcoma-UT/Training-Set-2/set8/Case-48-P5-C17-29452-16131.tiff,Case-48,Viable,VIABLE_TUMOR,TRUE,False,RETRIEVED,200,C:\Users\enkso\.kiro\crew\scratch\runtime-0a306834\osteopatch_full_ingestion\tiffs\Case-48-P5-C17-29452-16131.tiff,184770,e583778dbf80ecf3e52fec8139c8f93bbdf5829d9398b2448535e0601c9a0c31
Case-48-P5-C17-29896-20575,Case-48-P5-C17-29896-20575,Case 48 - P5 C17-29896-20575,http://pathdb.cancerimagingarchive.net/system/files/wsi/ross/Osteosarcoma-UT/converted/Osteosarcoma-UT/Training-Set-2/set8/Case-48-P5-C17-29896-20575.tiff,Case-48,viable: non-viable,,FALSE,True,RETRIEVED,200,C:\Users\enkso\.kiro\crew\scratch\runtime-0a306834\osteopatch_full_ingestion\tiffs\Case-48-P5-C17-29896-20575.tiff,254004,bea162aed1ae61598c8f759ea7704e0811382e9507333d7448aca12206e25809
Case-48-P5-C17-30525-29681,Case-48-P5-C17-30525-29681,Case 48 - P5 C17-30525-29681,http://pathdb.cancerimagingarchive.net/system/files/wsi/ross/Osteosarcoma-UT/converted/Osteosarcoma-UT/Training-Set-2/set8/Case-48-P5-C17-30525-29681.tiff,Case-48,Non-Tumor,NON_TUMOR,TRUE,False,RETRIEVED,200,C:\Users\enkso\.kiro\crew\scratch\runtime-0a306834\osteopatch_full_ingestion\tiffs\Case-48-P5-C17-30525-29681.tiff,176014,13a8b2dd446b91b9fcaa72d1095f88b2c13df891615377e2e4d04e4640611471
Case-48-P5-C17-34283-5396,Case-48-P5-C17-34283-5396,Case 48 - P5 C17-34283-5396,http://pathdb.cancerimagingarchive.net/system/files/wsi/ross/Osteosarcoma-UT/converted/Osteosarcoma-UT/Training-Set-2/set8/Case-48-P5-C17-34283-5396.tiff,Case-48,Viable,VIABLE_TUMOR,TRUE,False,RETRIEVED,200,C:\Users\enkso\.kiro\crew\scratch\runtime-0a306834\osteopatch_full_ingestion\tiffs\Case-48-P5-C17-34283-5396.tiff,367572,fceb5440a93052c6be90c71781f09caf8e4c5725ab1468a9a26567053951a143
Case-48-P5-C17-35726-14827,Case-48-P5-C17-35726-14827,Case 48 - P5 C17-35726-14827,http://pathdb.cancerimagingarchive.net/system/files/wsi/ross/Osteosarcoma-UT/converted/Osteosarcoma-UT/Training-Set-2/set8/Case-48-P5-C17-35726-14827.tiff,Case-48,viable: non-viable,,FALSE,True,RETRIEVED,200,C:\Users\enkso\.kiro\crew\scratch\runtime-0a306834\osteopatch_full_ingestion\tiffs\Case-48-P5-C17-35726-14827.tiff,325520,6d80f8e16bc58476059d883001b76cb14c6d1b0a5b0a196596eae8167bb3e738
Case-48-P5-C17-36719-14729,Case-48-P5-C17-36719-14729,Case 48 - P5 C17-36719-14729,http://pathdb.cancerimagingarchive.net/system/files/wsi/ross/Osteosarcoma-UT/converted/Osteosarcoma-UT/Training-Set-2/set8/Case-48-P5-C17-36719-14729.tiff,Case-48,Viable,VIABLE_TUMOR,TRUE,False,RETRIEVED,200,C:\Users\enkso\.kiro\crew\scratch\runtime-0a306834\osteopatch_full_ingestion\tiffs\Case-48-P5-C17-36719-14729.tiff,349592,3a59c6209937a89e5efe254f2f1e99afaf83b75b62090a77451c48738dcbaa6a
Case-48-P5-C17-36804-20443,Case-48-P5-C17-36804-20443,Case 48 - P5 C17-36804-20443,http://pathdb.cancerimagingarchive.net/system/files/wsi/ross/Osteosarcoma-UT/converted/Osteosarcoma-UT/Training-Set-2/set8/Case-48-P5-C17-36804-20443.tiff,Case-48,Viable,VIABLE_TUMOR,TRUE,False,RETRIEVED,200,C:\Users\enkso\.kiro\crew\scratch\runtime-0a306834\osteopatch_full_ingestion\tiffs\Case-48-P5-C17-36804-20443.tiff,246646,7a57c3a189e42f3ae19f171d3f93af95176b770287a76d1dea146df15171a120
Case-48-P5-C17-36927-11108,Case-48-P5-C17-36927-11108,Case 48 - P5 C17-36927-11108,http://pathdb.cancerimagingarchive.net/system/files/wsi/ross/Osteosarcoma-UT/converted/Osteosarcoma-UT/Training-Set-2/set8/Case-48-P5-C17-36927-11108.tiff,Case-48,viable: non-viable,,FALSE,True,RETRIEVED,200,C:\Users\enkso\.kiro\crew\scratch\runtime-0a306834\osteopatch_full_ingestion\tiffs\Case-48-P5-C17-36927-11108.tiff,242290,ffb5baa3001ffca36a80c32d2b729e36224346701a959d642e826c89d8a255b6
Case-48-P5-C17-37516-18051,Case-48-P5-C17-37516-18051,Case 48 - P5 C17-37516-18051,http://pathdb.cancerimagingarchive.net/system/files/wsi/ross/Osteosarcoma-UT/converted/Osteosarcoma-UT/Training-Set-2/set8/Case-48-P5-C17-37516-18051.tiff,Case-48,Viable,VIABLE_TUMOR,TRUE,False,RETRIEVED,200,C:\Users\enkso\.kiro\crew\scratch\runtime-0a306834\osteopatch_full_ingestion\tiffs\Case-48-P5-C17-37516-18051.tiff,219730,8302680c6d5a9c420bcccc159cf40095d3ee9b0a399482a4891adf780761ac3d
Case-48-P5-C17-37699-30210,Case-48-P5-C17-37699-30210,Case 48 - P5 C17-37699-30210,http://pathdb.cancerimagingarchive.net/system/files/wsi/ross/Osteosarcoma-UT/converted/Osteosarcoma-UT/Training-Set-2/set8/Case-48-P5-C17-37699-30210.tiff,Case-48,Non-Tumor,NON_TUMOR,TRUE,False,RETRIEVED,200,C:\Users\enkso\.kiro\crew\scratch\runtime-0a306834\osteopatch_full_ingestion\tiffs\Case-48-P5-C17-37699-30210.tiff,180518,70572930aa0df58c63f3e22ad0bb7f6aa622261e772456c251d10279d05a8553
Case-48-P5-C17-37966-9580,Case-48-P5-C17-37966-9580,Case 48 - P5 C17-37966-9580,http://pathdb.cancerimagingarchive.net/system/files/wsi/ross/Osteosarcoma-UT/converted/Osteosarcoma-UT/Training-Set-2/set8/Case-48-P5-C17-37966-9580.tiff,Case-48,viable: non-viable,,FALSE,True,RETRIEVED,200,C:\Users\enkso\.kiro\crew\scratch\runtime-0a306834\osteopatch_full_ingestion\tiffs\Case-48-P5-C17-37966-9580.tiff,228626,c3f96f25608229e83bbdabaf333d16fe1b6c8be0a0567cb3d0b56ed0ec8590e2
Case-48-P5-C17-37994-3037,Case-48-P5-C17-37994-3037,Case 48 - P5 C17-37994-3037,http://pathdb.cancerimagingarchive.net/system/files/wsi/ross/Osteosarcoma-UT/converted/Osteosarcoma-UT/Training-Set-1/set7/Case-48-P5-C17-37994-3037.tiff,Case-48,Viable,VIABLE_TUMOR,TRUE,False,RETRIEVED,200,C:\Users\enkso\.kiro\crew\scratch\runtime-0a306834\osteopatch_full_ingestion\tiffs\Case-48-P5-C17-37994-3037.tiff,165014,26e8d68e307a4c95692baf3b824b3ca72b50b3468c5bb5bd5cb74da4cc863406
Case-48-P5-C17-40131-29101,Case-48-P5-C17-40131-29101,Case 48 - P5 C17-40131-29101,http://pathdb.cancerimagingarchive.net/system/files/wsi/ross/Osteosarcoma-UT/converted/Osteosarcoma-UT/Training-Set-1/set7/Case-48-P5-C17-40131-29101.tiff,Case-48,Non-Tumor,NON_TUMOR,TRUE,False,RETRIEVED,200,C:\Users\enkso\.kiro\crew\scratch\runtime-0a306834\osteopatch_full_ingestion\tiffs\Case-48-P5-C17-40131-29101.tiff,184162,28118e39558c67489e8f32bf7cc6d00eca48fe6d2def3bd1995b72df02387fbe
Case-48-P5-C17-40867-15033,Case-48-P5-C17-40867-15033,Case 48 - P5 C17-40867-15033,http://pathdb.cancerimagingarchive.net/system/files/wsi/ross/Osteosarcoma-UT/converted/Osteosarcoma-UT/Training-Set-1/set7/Case-48-P5-C17-40867-15033.tiff,Case-48,Viable,VIABLE_TUMOR,TRUE,False,RETRIEVED,200,C:\Users\enkso\.kiro\crew\scratch\runtime-0a306834\osteopatch_full_ingestion\tiffs\Case-48-P5-C17-40867-15033.tiff,143448,4990404393763a4450977e9cb6d6ea345d7edd66ecc3e527fca00135b592c82a
Case-48-P5-C17-41411-21807,Case-48-P5-C17-41411-21807,Case 48 - P5 C17-41411-21807,http://pathdb.cancerimagingarchive.net/system/files/wsi/ross/Osteosarcoma-UT/converted/Osteosarcoma-UT/Training-Set-1/set7/Case-48-P5-C17-41411-21807.tiff,Case-48,Viable,VIABLE_TUMOR,TRUE,False,RETRIEVED,200,C:\Users\enkso\.kiro\crew\scratch\runtime-0a306834\osteopatch_full_ingestion\tiffs\Case-48-P5-C17-41411-21807.tiff,232290,c85276329e9f2e674d7f9fe7af513a413030e8c33503c4c93dcdc448d834c92a
Case-48-P5-C17-41961-10093,Case-48-P5-C17-41961-10093,Case 48 - P5 C17-41961-10093,http://pathdb.cancerimagingarchive.net/system/files/wsi/ross/Osteosarcoma-UT/converted/Osteosarcoma-UT/Training-Set-1/set7/Case-48-P5-C17-41961-10093.tiff,Case-48,Viable,VIABLE_TUMOR,TRUE,False,RETRIEVED,200,C:\Users\enkso\.kiro\crew\scratch\runtime-0a306834\osteopatch_full_ingestion\tiffs\Case-48-P5-C17-41961-10093.tiff,293036,2fc223e9b11e9963538f75515f9b8a0cdf379881a18d219f97a44b2f980d334e
Case-48-P5-C17-42670-17152,Case-48-P5-C17-42670-17152,Case 48 - P5 C17-42670-17152,http://pathdb.cancerimagingarchive.net/system/files/wsi/ross/Osteosarcoma-UT/converted/Osteosarcoma-UT/Training-Set-1/set7/Case-48-P5-C17-42670-17152.tiff,Case-48,Viable,VIABLE_TUMOR,TRUE,False,RETRIEVED,200,C:\Users\enkso\.kiro\crew\scratch\runtime-0a306834\osteopatch_full_ingestion\tiffs\Case-48-P5-C17-42670-17152.tiff,255746,23f88a8c533bcf0794cca38d27fe8c8f6d511c22a2d55f73b57f56b83dccd6d0
Case-48-P5-C17-43432-26216,Case-48-P5-C17-43432-26216,Case 48 - P5 C17-43432-26216,http://pathdb.cancerimagingarchive.net/system/files/wsi/ross/Osteosarcoma-UT/converted/Osteosarcoma-UT/Training-Set-1/set7/Case-48-P5-C17-43432-26216.tiff,Case-48,Viable,VIABLE_TUMOR,TRUE,False,RETRIEVED,200,C:\Users\enkso\.kiro\crew\scratch\runtime-0a306834\osteopatch_full_ingestion\tiffs\Case-48-P5-C17-43432-26216.tiff,311814,76bb04b9ed5a3f559524c3f00bf9a8569ad4cbdd3f7c4243a2c02a008762f2f9
Case-48-P5-C17-44027-22381,Case-48-P5-C17-44027-22381,Case 48 - P5 C17-44027-22381,http://pathdb.cancerimagingarchive.net/system/files/wsi/ross/Osteosarcoma-UT/converted/Osteosarcoma-UT/Training-Set-1/set7/Case-48-P5-C17-44027-22381.tiff,Case-48,Viable,VIABLE_TUMOR,TRUE,False,RETRIEVED,200,C:\Users\enkso\.kiro\crew\scratch\runtime-0a306834\osteopatch_full_ingestion\tiffs\Case-48-P5-C17-44027-22381.tiff,323858,c3be3a43540016bd80692ca83a210cbc5553dd80a384289d3eddb4fc5452f8a9
Case-48-P5-C17-45932-5812,Case-48-P5-C17-45932-5812,Case 48 - P5 C17-45932-5812,http://pathdb.cancerimagingarchive.net/system/files/wsi/ross/Osteosarcoma-UT/converted/Osteosarcoma-UT/Training-Set-1/set7/Case-48-P5-C17-45932-5812.tiff,Case-48,Viable,VIABLE_TUMOR,TRUE,False,RETRIEVED,200,C:\Users\enkso\.kiro\crew\scratch\runtime-0a306834\osteopatch_full_ingestion\tiffs\Case-48-P5-C17-45932-5812.tiff,315570,80bdf95415cf31c54cb951a53aa76aeeb975e1f2a34d61eaece314a0d2d167e5
Case-48-P5-C17-46317-15755,Case-48-P5-C17-46317-15755,Case 48 - P5 C17-46317-15755,http://pathdb.cancerimagingarchive.net/system/files/wsi/ross/Osteosarcoma-UT/converted/Osteosarcoma-UT/Training-Set-1/set7/Case-48-P5-C17-46317-15755.tiff,Case-48,Viable,VIABLE_TUMOR,TRUE,False,RETRIEVED,200,C:\Users\enkso\.kiro\crew\scratch\runtime-0a306834\osteopatch_full_ingestion\tiffs\Case-48-P5-C17-46317-15755.tiff,250182,e7ce5367acf64fd93cf9977a1d55fd085c9961ec37e6a596d602b5da9d62d713
Case-48-P5-C17-47230-17655,Case-48-P5-C17-47230-17655,Case 48 - P5 C17-47230-17655,http://pathdb.cancerimagingarchive.net/system/files/wsi/ross/Osteosarcoma-UT/converted/Osteosarcoma-UT/Training-Set-1/set7/Case-48-P5-C17-47230-17655.tiff,Case-48,Viable,VIABLE_TUMOR,TRUE,False,RETRIEVED,200,C:\Users\enkso\.kiro\crew\scratch\runtime-0a306834\osteopatch_full_ingestion\tiffs\Case-48-P5-C17-47230-17655.tiff,261336,277de8ad20ad98d02de72ca73cbbeccd928b8f2ff467bcee5fdc60be5c3d629f
Case-48-P5-C17-47640-27910,Case-48-P5-C17-47640-27910,Case 48 - P5 C17-47640-27910,http://pathdb.cancerimagingarchive.net/system/files/wsi/ross/Osteosarcoma-UT/converted/Osteosarcoma-UT/Training-Set-1/set7/Case-48-P5-C17-47640-27910.tiff,Case-48,Non-Tumor,NON_TUMOR,TRUE,False,RETRIEVED,200,C:\Users\enkso\.kiro\crew\scratch\runtime-0a306834\osteopatch_full_ingestion\tiffs\Case-48-P5-C17-47640-27910.tiff,190178,a3d4a2037d8112e7e01acc33d2b5b60555e42da14c5d006a6ea816cae884510f
Case-48-P5-C17-50335-6425,Case-48-P5-C17-50335-6425,Case 48 - P5 C17-50335-6425,http://pathdb.cancerimagingarchive.net/system/files/wsi/ross/Osteosarcoma-UT/converted/Osteosarcoma-UT/Training-Set-1/set7/Case-48-P5-C17-50335-6425.tiff,Case-48,Viable,VIABLE_TUMOR,TRUE,False,RETRIEVED,200,C:\Users\enkso\.kiro\crew\scratch\runtime-0a306834\osteopatch_full_ingestion\tiffs\Case-48-P5-C17-50335-6425.tiff,140088,a482143ed8589a41b60a934a9f2e59313204d93bbd4d668c2363163c37843c5e
Case-48-P5-C17-50358-11013,Case-48-P5-C17-50358-11013,Case 48 - P5 C17-50358-11013,http://pathdb.cancerimagingarchive.net/system/files/wsi/ross/Osteosarcoma-UT/converted/Osteosarcoma-UT/Training-Set-1/set7/Case-48-P5-C17-50358-11013.tiff,Case-48,Viable,VIABLE_TUMOR,TRUE,False,RETRIEVED,200,C:\Users\enkso\.kiro\crew\scratch\runtime-0a306834\osteopatch_full_ingestion\tiffs\Case-48-P5-C17-50358-11013.tiff,291868,bf62edc321c495fb437bc37e05cf0764fe17384b874e8c8b9fe655a247a3ea6d
Case-48-P5-C17-51854-21097,Case-48-P5-C17-51854-21097,Case 48 - P5 C17-51854-21097,http://pathdb.cancerimagingarchive.net/system/files/wsi/ross/Osteosarcoma-UT/converted/Osteosarcoma-UT/Training-Set-1/set7/Case-48-P5-C17-51854-21097.tiff,Case-48,Viable,VIABLE_TUMOR,TRUE,False,RETRIEVED,200,C:\Users\enkso\.kiro\crew\scratch\runtime-0a306834\osteopatch_full_ingestion\tiffs\Case-48-P5-C17-51854-21097.tiff,279340,c089cff6b02a08c3190abdb9a6041b5deb9db1325ae4516903b08c8d54a5bd6c
Case-48-P5-C17-7752-15521,Case-48-P5-C17-7752-15521,Case 48 - P5 C17-7752-15521,http://pathdb.cancerimagingarchive.net/system/files/wsi/ross/Osteosarcoma-UT/converted/Osteosarcoma-UT/Training-Set-2/set8/Case-48-P5-C17-7752-15521.tiff,Case-48,Non-Tumor,NON_TUMOR,TRUE,False,RETRIEVED,200,C:\Users\enkso\.kiro\crew\scratch\runtime-0a306834\osteopatch_full_ingestion\tiffs\Case-48-P5-C17-7752-15521.tiff,168064,e0a6385eeb1334bf49e89cbdfd7e6a65f7431d6ef1921b2065c03566de1e303f
Case-48-P5-C18-15219-24510,Case-48-P5-C18-15219-24510,Case 48 - P5 C18-15219-24510,http://pathdb.cancerimagingarchive.net/system/files/wsi/ross/Osteosarcoma-UT/converted/Osteosarcoma-UT/Training-Set-2/set8/Case-48-P5-C18-15219-24510.tiff,Case-48,Non-Tumor,NON_TUMOR,TRUE,False,RETRIEVED,200,C:\Users\enkso\.kiro\crew\scratch\runtime-0a306834\osteopatch_full_ingestion\tiffs\Case-48-P5-C18-15219-24510.tiff,142134,3f172cb644eba6fcf2572edacd8d81851cc4c99c3c7b077440df47339ea65947
Case-48-P5-C18-15651-15050,Case-48-P5-C18-15651-15050,Case 48 - P5 C18-15651-15050,http://pathdb.cancerimagingarchive.net/system/files/wsi/ross/Osteosarcoma-UT/converted/Osteosarcoma-UT/Training-Set-2/set8/Case-48-P5-C18-15651-15050.tiff,Case-48,Viable,VIABLE_TUMOR,TRUE,False,RETRIEVED,200,C:\Users\enkso\.kiro\crew\scratch\runtime-0a306834\osteopatch_full_ingestion\tiffs\Case-48-P5-C18-15651-15050.tiff,261292,5a2202fbf77941fa2da9aa40913060a7d806d430bd69aef319edefec63b3ecf0
Case-48-P5-C18-17610-25605,Case-48-P5-C18-17610-25605,Case 48 - P5 C18-17610-25605,http://pathdb.cancerimagingarchive.net/system/files/wsi/ross/Osteosarcoma-UT/converted/Osteosarcoma-UT/Training-Set-2/set8/Case-48-P5-C18-17610-25605.tiff,Case-48,Non-Tumor,NON_TUMOR,TRUE,False,RETRIEVED,200,C:\Users\enkso\.kiro\crew\scratch\runtime-0a306834\osteopatch_full_ingestion\tiffs\Case-48-P5-C18-17610-25605.tiff,132036,1bbc21b1ea92bd38f667429b73ab05d2412cd262fd214fbcc33299a61f2932c0
Case-48-P5-C18-19933-18958,Case-48-P5-C18-19933-18958,Case 48 - P5 C18-19933-18958,http://pathdb.cancerimagingarchive.net/system/files/wsi/ross/Osteosarcoma-UT/converted/Osteosarcoma-UT/Training-Set-2/set8/Case-48-P5-C18-19933-18958.tiff,Case-48,Viable,VIABLE_TUMOR,TRUE,False,RETRIEVED,200,C:\Users\enkso\.kiro\crew\scratch\runtime-0a306834\osteopatch_full_ingestion\tiffs\Case-48-P5-C18-19933-18958.tiff,317414,61fd7c5a1115d1547609e1e85fef59f1dd26012ad0338391af801fe684b89f5a
Case-48-P5-C18-20516-10701,Case-48-P5-C18-20516-10701,Case 48 - P5 C18-20516-10701,http://pathdb.cancerimagingarchive.net/system/files/wsi/ross/Osteosarcoma-UT/converted/Osteosarcoma-UT/Training-Set-2/set8/Case-48-P5-C18-20516-10701.tiff,Case-48,Viable,VIABLE_TUMOR,TRUE,False,RETRIEVED,200,C:\Users\enkso\.kiro\crew\scratch\runtime-0a306834\osteopatch_full_ingestion\tiffs\Case-48-P5-C18-20516-10701.tiff,322220,42b0af164097b7298edba8cb3a5f914ddd46ee86745050656284e5a392872b59
Case-48-P5-C18-22374-30391,Case-48-P5-C18-22374-30391,Case 48 - P5 C18-22374-30391,http://pathdb.cancerimagingarchive.net/system/files/wsi/ross/Osteosarcoma-UT/converted/Osteosarcoma-UT/Training-Set-2/set8/Case-48-P5-C18-22374-30391.tiff,Case-48,Non-Tumor,NON_TUMOR,TRUE,False,RETRIEVED,200,C:\Users\enkso\.kiro\crew\scratch\runtime-0a306834\osteopatch_full_ingestion\tiffs\Case-48-P5-C18-22374-30391.tiff,149328,fea1de1fac830a6177a9e25a6b1f89dfb399ac6ea571772c5a52fa19bbea0b8e
Case-48-P5-C18-23684-14239,Case-48-P5-C18-23684-14239,Case 48 - P5 C18-23684-14239,http://pathdb.cancerimagingarchive.net/system/files/wsi/ross/Osteosarcoma-UT/converted/Osteosarcoma-UT/Training-Set-2/set8/Case-48-P5-C18-23684-14239.tiff,Case-48,viable: non-viable,,FALSE,True,RETRIEVED,200,C:\Users\enkso\.kiro\crew\scratch\runtime-0a306834\osteopatch_full_ingestion\tiffs\Case-48-P5-C18-23684-14239.tiff,277322,3e0fd9b44bfa49a65506322e12e211f9690bc565d1023edc41b228df948bbb75
Case-48-P5-C18-23858-23029,Case-48-P5-C18-23858-23029,Case 48 - P5 C18-23858-23029,http://pathdb.cancerimagingarchive.net/system/files/wsi/ross/Osteosarcoma-UT/converted/Osteosarcoma-UT/Training-Set-2/set8/Case-48-P5-C18-23858-23029.tiff,Case-48,viable: non-viable,,FALSE,True,RETRIEVED,200,C:\Users\enkso\.kiro\crew\scratch\runtime-0a306834\osteopatch_full_ingestion\tiffs\Case-48-P5-C18-23858-23029.tiff,194268,951885574580650d6dd39c98860e42b498b504183f21e668e29c57422d414814
Case-48-P5-C18-24383-21699,Case-48-P5-C18-24383-21699,Case 48 - P5 C18-24383-21699,http://pathdb.cancerimagingarchive.net/system/files/wsi/ross/Osteosarcoma-UT/converted/Osteosarcoma-UT/Training-Set-2/set8/Case-48-P5-C18-24383-21699.tiff,Case-48,Viable,VIABLE_TUMOR,TRUE,False,RETRIEVED,200,C:\Users\enkso\.kiro\crew\scratch\runtime-0a306834\osteopatch_full_ingestion\tiffs\Case-48-P5-C18-24383-21699.tiff,304784,86073afe7cb4b5b30a1d5c42be43acf470c146b47bf834e911d20513db2dd28b
Case-48-P5-C18-28794-15036,Case-48-P5-C18-28794-15036,Case 48 - P5 C18-28794-15036,http://pathdb.cancerimagingarchive.net/system/files/wsi/ross/Osteosarcoma-UT/converted/Osteosarcoma-UT/Training-Set-2/set8/Case-48-P5-C18-28794-15036.tiff,Case-48,viable: non-viable,,FALSE,True,RETRIEVED,200,C:\Users\enkso\.kiro\crew\scratch\runtime-0a306834\osteopatch_full_ingestion\tiffs\Case-48-P5-C18-28794-15036.tiff,268064,be24922991e1407bb7563c27e22182d878da36beb5db7e98c11e0f25d4209696
Case-48-P5-C18-29043-24256,Case-48-P5-C18-29043-24256,Case 48 - P5 C18-29043-24256,http://pathdb.cancerimagingarchive.net/system/files/wsi/ross/Osteosarcoma-UT/converted/Osteosarcoma-UT/Training-Set-2/set8/Case-48-P5-C18-29043-24256.tiff,Case-48,Viable,VIABLE_TUMOR,TRUE,False,RETRIEVED,200,C:\Users\enkso\.kiro\crew\scratch\runtime-0a306834\osteopatch_full_ingestion\tiffs\Case-48-P5-C18-29043-24256.tiff,321242,21a77c5265be1879ed0d380d47ce27f966f0ea97c51ff183a9034ed9428a7597
Case-48-P5-C18-29063-22986,Case-48-P5-C18-29063-22986,Case 48 - P5 C18-29063-22986,http://pathdb.cancerimagingarchive.net/system/files/wsi/ross/Osteosarcoma-UT/converted/Osteosarcoma-UT/Training-Set-2/set8/Case-48-P5-C18-29063-22986.tiff,Case-48,Viable,VIABLE_TUMOR,TRUE,False,RETRIEVED,200,C:\Users\enkso\.kiro\crew\scratch\runtime-0a306834\osteopatch_full_ingestion\tiffs\Case-48-P5-C18-29063-22986.tiff,166736,05ccdd07d60dc42318348e8668dd5b7eafe5fd2d163b36e50f32de916bea2c83
Case-48-P5-C18-30468-34044,Case-48-P5-C18-30468-34044,Case 48 - P5 C18-30468-34044,http://pathdb.cancerimagingarchive.net/system/files/wsi/ross/Osteosarcoma-UT/converted/Osteosarcoma-UT/Training-Set-2/set8/Case-48-P5-C18-30468-34044.tiff,Case-48,Non-Tumor,NON_TUMOR,TRUE,False,RETRIEVED,200,C:\Users\enkso\.kiro\crew\scratch\runtime-0a306834\osteopatch_full_ingestion\tiffs\Case-48-P5-C18-30468-34044.tiff,63688,4c35ec495aa308cb0884e727e83661c2c25870b640c7b8bacfa02fcfafc66370
Case-48-P5-C18-32596-23573,Case-48-P5-C18-32596-23573,Case 48 - P5 C18-32596-23573,http://pathdb.cancerimagingarchive.net/system/files/wsi/ross/Osteosarcoma-UT/converted/Osteosarcoma-UT/Training-Set-2/set8/Case-48-P5-C18-32596-23573.tiff,Case-48,Viable,VIABLE_TUMOR,TRUE,False,RETRIEVED,200,C:\Users\enkso\.kiro\crew\scratch\runtime-0a306834\osteopatch_full_ingestion\tiffs\Case-48-P5-C18-32596-23573.tiff,259458,10738aacc68a6958f83f05e46f4a80741397adbd817b5f98640bd89eb63ab4d6
Case-48-P5-C18-32717-16452,Case-48-P5-C18-32717-16452,Case 48 - P5 C18-32717-16452,http://pathdb.cancerimagingarchive.net/system/files/wsi/ross/Osteosarcoma-UT/converted/Osteosarcoma-UT/Training-Set-1/set7/Case-48-P5-C18-32717-16452.tiff,Case-48,Viable,VIABLE_TUMOR,TRUE,False,RETRIEVED,200,C:\Users\enkso\.kiro\crew\scratch\runtime-0a306834\osteopatch_full_ingestion\tiffs\Case-48-P5-C18-32717-16452.tiff,245696,7a66e9047610233a5a10093bdf0641c18887897671247cee4436aaf654c480a6
Case-48-P5-C18-33022-7038,Case-48-P5-C18-33022-7038,Case 48 - P5 C18-33022-7038,http://pathdb.cancerimagingarchive.net/system/files/wsi/ross/Osteosarcoma-UT/converted/Osteosarcoma-UT/Training-Set-1/set7/Case-48-P5-C18-33022-7038.tiff,Case-48,Viable,VIABLE_TUMOR,TRUE,False,RETRIEVED,200,C:\Users\enkso\.kiro\crew\scratch\runtime-0a306834\osteopatch_full_ingestion\tiffs\Case-48-P5-C18-33022-7038.tiff,402584,d36a5230915990437322cb5a72e28cd8badd2681fd8225f3df16f702c408c735
Case-48-P5-C18-33916-33907,Case-48-P5-C18-33916-33907,Case 48 - P5 C18-33916-33907,http://pathdb.cancerimagingarchive.net/system/files/wsi/ross/Osteosarcoma-UT/converted/Osteosarcoma-UT/Training-Set-1/set7/Case-48-P5-C18-33916-33907.tiff,Case-48,Non-Tumor,NON_TUMOR,TRUE,False,RETRIEVED,200,C:\Users\enkso\.kiro\crew\scratch\runtime-0a306834\osteopatch_full_ingestion\tiffs\Case-48-P5-C18-33916-33907.tiff,147928,e7c2781025a4ccf533962c844877175cac9bedddd15024de653f2564c8dc30c2
Case-48-P5-C18-36407-15875,Case-48-P5-C18-36407-15875,Case 48 - P5 C18-36407-15875,http://pathdb.cancerimagingarchive.net/system/files/wsi/ross/Osteosarcoma-UT/converted/Osteosarcoma-UT/Training-Set-1/set7/Case-48-P5-C18-36407-15875.tiff,Case-48,Viable,VIABLE_TUMOR,TRUE,False,RETRIEVED,200,C:\Users\enkso\.kiro\crew\scratch\runtime-0a306834\osteopatch_full_ingestion\tiffs\Case-48-P5-C18-36407-15875.tiff,297216,e7bd11a3246949cc93f90d2d4ffa8360fc2b184b0ae9db626f9899c6942a66de
Case-48-P5-C18-37200-16213,Case-48-P5-C18-37200-16213,Case 48 - P5 C18-37200-16213,http://pathdb.cancerimagingarchive.net/system/files/wsi/ross/Osteosarcoma-UT/converted/Osteosarcoma-UT/Training-Set-1/set8/Case-48-P5-C18-37200-16213.tiff,Case-48,Viable,VIABLE_TUMOR,TRUE,False,RETRIEVED,200,C:\Users\enkso\.kiro\crew\scratch\runtime-0a306834\osteopatch_full_ingestion\tiffs\Case-48-P5-C18-37200-16213.tiff,237012,48017cdec604665fed81853f6cfaf422453fe5172a74c7155c38a609813cc9bd
Case-48-P5-C18-37612-15623,Case-48-P5-C18-37612-15623,Case 48 - P5 C18-37612-15623,http://pathdb.cancerimagingarchive.net/system/files/wsi/ross/Osteosarcoma-UT/converted/Osteosarcoma-UT/Training-Set-1/set8/Case-48-P5-C18-37612-15623.tiff,Case-48,Viable,VIABLE_TUMOR,TRUE,False,RETRIEVED,200,C:\Users\enkso\.kiro\crew\scratch\runtime-0a306834\osteopatch_full_ingestion\tiffs\Case-48-P5-C18-37612-15623.tiff,225220,94b58abd9cabbc1fe7a2c86dc62f79c643830c8feb6dd8c4221b3cdf26bfa758
Case-48-P5-C18-40902-9870,Case-48-P5-C18-40902-9870,Case 48 - P5 C18-40902-9870,http://pathdb.cancerimagingarchive.net/system/files/wsi/ross/Osteosarcoma-UT/converted/Osteosarcoma-UT/Training-Set-1/set8/Case-48-P5-C18-40902-9870.tiff,Case-48,Viable,VIABLE_TUMOR,TRUE,False,RETRIEVED,200,C:\Users\enkso\.kiro\crew\scratch\runtime-0a306834\osteopatch_full_ingestion\tiffs\Case-48-P5-C18-40902-9870.tiff,268892,e4c6d54875f4743ba85ef9252d98907bc41cc3c37fa3e636daf54f2d1b33449b
Case-48-P5-C18-42373-6994,Case-48-P5-C18-42373-6994,Case 48 - P5 C18-42373-6994,http://pathdb.cancerimagingarchive.net/system/files/wsi/ross/Osteosarcoma-UT/converted/Osteosarcoma-UT/Training-Set-1/set8/Case-48-P5-C18-42373-6994.tiff,Case-48,Viable,VIABLE_TUMOR,TRUE,False,RETRIEVED,200,C:\Users\enkso\.kiro\crew\scratch\runtime-0a306834\osteopatch_full_ingestion\tiffs\Case-48-P5-C18-42373-6994.tiff,307398,ecdb5b6da6536571cc7dddfe412634da5a85da0a7ec8e4c15aef2cf3a4322709
Case-48-P5-C18-42513-34016,Case-48-P5-C18-42513-34016,Case 48 - P5 C18-42513-34016,http://pathdb.cancerimagingarchive.net/system/files/wsi/ross/Osteosarcoma-UT/converted/Osteosarcoma-UT/Training-Set-1/set8/Case-48-P5-C18-42513-34016.tiff,Case-48,Non-Tumor,NON_TUMOR,TRUE,False,RETRIEVED,200,C:\Users\enkso\.kiro\crew\scratch\runtime-0a306834\osteopatch_full_ingestion\tiffs\Case-48-P5-C18-42513-34016.tiff,76332,b1e9cfc9da7c25c8d7ff38a1f23d841c736039872d3036d6e8f1e14071631528
Case-48-P5-C18-43324-24367,Case-48-P5-C18-43324-24367,Case 48 - P5 C18-43324-24367,http://pathdb.cancerimagingarchive.net/system/files/wsi/ross/Osteosarcoma-UT/converted/Osteosarcoma-UT/Training-Set-1/set8/Case-48-P5-C18-43324-24367.tiff,Case-48,Viable,VIABLE_TUMOR,TRUE,False,RETRIEVED,200,C:\Users\enkso\.kiro\crew\scratch\runtime-0a306834\osteopatch_full_ingestion\tiffs\Case-48-P5-C18-43324-24367.tiff,243592,80a13988a23a8f21e5c360a797ca6119b231ccb67ebf1fee31a6f128014c3b30
Case-48-P5-C18-46136-24608,Case-48-P5-C18-46136-24608,Case 48 - P5 C18-46136-24608,http://pathdb.cancerimagingarchive.net/system/files/wsi/ross/Osteosarcoma-UT/converted/Osteosarcoma-UT/Training-Set-1/set8/Case-48-P5-C18-46136-24608.tiff,Case-48,Viable,VIABLE_TUMOR,TRUE,False,RETRIEVED,200,C:\Users\enkso\.kiro\crew\scratch\runtime-0a306834\osteopatch_full_ingestion\tiffs\Case-48-P5-C18-46136-24608.tiff,273782,402a484648dcfd64472a540e61f3b49f683230bccbef466443250e7376a6802f
Case-48-P5-C18-47653-31606,Case-48-P5-C18-47653-31606,Case 48 - P5 C18-47653-31606,http://pathdb.cancerimagingarchive.net/system/files/wsi/ross/Osteosarcoma-UT/converted/Osteosarcoma-UT/Training-Set-1/set8/Case-48-P5-C18-47653-31606.tiff,Case-48,Viable,VIABLE_TUMOR,TRUE,False,RETRIEVED,200,C:\Users\enkso\.kiro\crew\scratch\runtime-0a306834\osteopatch_full_ingestion\tiffs\Case-48-P5-C18-47653-31606.tiff,127806,e492de23a9cfce439065efe48888607e40c0af9f965d900651c97bcf6cd91060
Case-48-P5-C18-51237-22363,Case-48-P5-C18-51237-22363,Case 48 - P5 C18-51237-22363,http://pathdb.cancerimagingarchive.net/system/files/wsi/ross/Osteosarcoma-UT/converted/Osteosarcoma-UT/Training-Set-1/set8/Case-48-P5-C18-51237-22363.tiff,Case-48,Viable,VIABLE_TUMOR,TRUE,False,RETRIEVED,200,C:\Users\enkso\.kiro\crew\scratch\runtime-0a306834\osteopatch_full_ingestion\tiffs\Case-48-P5-C18-51237-22363.tiff,305082,dd8c6fbe037a74dba4e9d64ce81b4487b8fbec1bdd702beef4bd8555f6c18411
Case-48-P5-C18-51418-18002,Case-48-P5-C18-51418-18002,Case 48 - P5 C18-51418-18002,http://pathdb.cancerimagingarchive.net/system/files/wsi/ross/Osteosarcoma-UT/converted/Osteosarcoma-UT/Training-Set-1/set8/Case-48-P5-C18-51418-18002.tiff,Case-48,Viable,VIABLE_TUMOR,TRUE,False,RETRIEVED,200,C:\Users\enkso\.kiro\crew\scratch\runtime-0a306834\osteopatch_full_ingestion\tiffs\Case-48-P5-C18-51418-18002.tiff,284398,ec498fbe180b7f3e51a4fbc4d2329cc434c8ca55b110705fa11015ae1924eb15
Case-48-P5-C18-9652-19230,Case-48-P5-C18-9652-19230,Case 48 - P5 C18-9652-19230,http://pathdb.cancerimagingarchive.net/system/files/wsi/ross/Osteosarcoma-UT/converted/Osteosarcoma-UT/Training-Set-2/set8/Case-48-P5-C18-9652-19230.tiff,Case-48,Non-Tumor,NON_TUMOR,TRUE,False,RETRIEVED,200,C:\Users\enkso\.kiro\crew\scratch\runtime-0a306834\osteopatch_full_ingestion\tiffs\Case-48-P5-C18-9652-19230.tiff,136128,d0094feec5ec8a4cd12531b702f97a2ed4660e04752c81f4e72dd7c498d164a4
Case-48-P5-C19-11220-21709,Case-48-P5-C19-11220-21709,Case 48 - P5 C19-11220-21709,http://pathdb.cancerimagingarchive.net/system/files/wsi/ross/Osteosarcoma-UT/converted/Osteosarcoma-UT/Training-Set-2/set8/Case-48-P5-C19-11220-21709.tiff,Case-48,Non-Tumor,NON_TUMOR,TRUE,False,RETRIEVED,200,C:\Users\enkso\.kiro\crew\scratch\runtime-0a306834\osteopatch_full_ingestion\tiffs\Case-48-P5-C19-11220-21709.tiff,144324,eeef90cb6049a8340c53928f127bc6d5bf1fdb3ad2e1baeb0b2a1d643f033941
Case-48-P5-C19-13067-24621,Case-48-P5-C19-13067-24621,Case 48 - P5 C19-13067-24621,http://pathdb.cancerimagingarchive.net/system/files/wsi/ross/Osteosarcoma-UT/converted/Osteosarcoma-UT/Training-Set-2/set8/Case-48-P5-C19-13067-24621.tiff,Case-48,Non-Tumor,NON_TUMOR,TRUE,False,RETRIEVED,200,C:\Users\enkso\.kiro\crew\scratch\runtime-0a306834\osteopatch_full_ingestion\tiffs\Case-48-P5-C19-13067-24621.tiff,122550,8bf3b10b8621b7964ed4a95b05feb5ae28a1b442b6e2a01a6377da37f325b996
Case-48-P5-C19-14308-25500,Case-48-P5-C19-14308-25500,Case 48 - P5 C19-14308-25500,http://pathdb.cancerimagingarchive.net/system/files/wsi/ross/Osteosarcoma-UT/converted/Osteosarcoma-UT/Training-Set-2/set8/Case-48-P5-C19-14308-25500.tiff,Case-48,Non-Tumor,NON_TUMOR,TRUE,False,RETRIEVED,200,C:\Users\enkso\.kiro\crew\scratch\runtime-0a306834\osteopatch_full_ingestion\tiffs\Case-48-P5-C19-14308-25500.tiff,141192,fef709ff3172fee7498f6b241c949403d3a18cbcf5146e1c352f9d5136f2b674
Case-48-P5-C19-14441-14866,Case-48-P5-C19-14441-14866,Case 48 - P5 C19-14441-14866,http://pathdb.cancerimagingarchive.net/system/files/wsi/ross/Osteosarcoma-UT/converted/Osteosarcoma-UT/Training-Set-2/set8/Case-48-P5-C19-14441-14866.tiff,Case-48,Viable,VIABLE_TUMOR,TRUE,False,RETRIEVED,200,C:\Users\enkso\.kiro\crew\scratch\runtime-0a306834\osteopatch_full_ingestion\tiffs\Case-48-P5-C19-14441-14866.tiff,312272,5ff3471af57e6abc026fec54ab0ca54ee26cfe1f5776f6fa235a9eeb439b682a
Case-48-P5-C19-15367-19854,Case-48-P5-C19-15367-19854,Case 48 - P5 C19-15367-19854,http://pathdb.cancerimagingarchive.net/system/files/wsi/ross/Osteosarcoma-UT/converted/Osteosarcoma-UT/Training-Set-2/set8/Case-48-P5-C19-15367-19854.tiff,Case-48,Viable,VIABLE_TUMOR,TRUE,False,RETRIEVED,200,C:\Users\enkso\.kiro\crew\scratch\runtime-0a306834\osteopatch_full_ingestion\tiffs\Case-48-P5-C19-15367-19854.tiff,358936,4221e62a863f35c8ea53181bd46c72cc0bc001b5a28e77add5201de1c85bbcf5
Case-48-P5-C19-19015-27466,Case-48-P5-C19-19015-27466,Case 48 - P5 C19-19015-27466,http://pathdb.cancerimagingarchive.net/system/files/wsi/ross/Osteosarcoma-UT/converted/Osteosarcoma-UT/Training-Set-2/set8/Case-48-P5-C19-19015-27466.tiff,Case-48,Non-Tumor,NON_TUMOR,TRUE,False,RETRIEVED,200,C:\Users\enkso\.kiro\crew\scratch\runtime-0a306834\osteopatch_full_ingestion\tiffs\Case-48-P5-C19-19015-27466.tiff,155916,104fed2ee4e795c10df08e22c8a0eb6dcbfbee151fb859b9b4958fc550520cbd
Case-48-P5-C19-26094-27297,Case-48-P5-C19-26094-27297,Case 48 - P5 C19-26094-27297,http://pathdb.cancerimagingarchive.net/system/files/wsi/ross/Osteosarcoma-UT/converted/Osteosarcoma-UT/Training-Set-2/set8/Case-48-P5-C19-26094-27297.tiff,Case-48,Non-Tumor,NON_TUMOR,TRUE,False,RETRIEVED,200,C:\Users\enkso\.kiro\crew\scratch\runtime-0a306834\osteopatch_full_ingestion\tiffs\Case-48-P5-C19-26094-27297.tiff,147708,219d44f747cd225b06db98575463646412f695281911f2b34a570104133cad88
Case-48-P5-C19-26506-10723,Case-48-P5-C19-26506-10723,Case 48 - P5 C19-26506-10723,http://pathdb.cancerimagingarchive.net/system/files/wsi/ross/Osteosarcoma-UT/converted/Osteosarcoma-UT/Training-Set-2/set8/Case-48-P5-C19-26506-10723.tiff,Case-48,Viable,VIABLE_TUMOR,TRUE,False,RETRIEVED,200,C:\Users\enkso\.kiro\crew\scratch\runtime-0a306834\osteopatch_full_ingestion\tiffs\Case-48-P5-C19-26506-10723.tiff,254972,8c39bd4bef29e90d53741480e68df129f73ea7159b5dabf1b80850db2af376c6
Case-48-P5-C19-26657-32338,Case-48-P5-C19-26657-32338,Case 48 - P5 C19-26657-32338,http://pathdb.cancerimagingarchive.net/system/files/wsi/ross/Osteosarcoma-UT/converted/Osteosarcoma-UT/Training-Set-2/set8/Case-48-P5-C19-26657-32338.tiff,Case-48,Non-Tumor,NON_TUMOR,TRUE,False,RETRIEVED,200,C:\Users\enkso\.kiro\crew\scratch\runtime-0a306834\osteopatch_full_ingestion\tiffs\Case-48-P5-C19-26657-32338.tiff,119818,24ff9aca4f95535c3f9dfeda144d5af3cf19b8aada607bc4c3eea577f1113dd3
Case-48-P5-C19-26719-18659,Case-48-P5-C19-26719-18659,Case 48 - P5 C19-26719-18659,http://pathdb.cancerimagingarchive.net/system/files/wsi/ross/Osteosarcoma-UT/converted/Osteosarcoma-UT/Training-Set-2/set8/Case-48-P5-C19-26719-18659.tiff,Case-48,Viable,VIABLE_TUMOR,TRUE,False,RETRIEVED,200,C:\Users\enkso\.kiro\crew\scratch\runtime-0a306834\osteopatch_full_ingestion\tiffs\Case-48-P5-C19-26719-18659.tiff,230144,e0d9b826939622b045a34fbf591105f1299995c277b54feda913a84b27cb0295
Case-48-P5-C19-27056-17848,Case-48-P5-C19-27056-17848,Case 48 - P5 C19-27056-17848,http://pathdb.cancerimagingarchive.net/system/files/wsi/ross/Osteosarcoma-UT/converted/Osteosarcoma-UT/Training-Set-2/set8/Case-48-P5-C19-27056-17848.tiff,Case-48,Viable,VIABLE_TUMOR,TRUE,False,RETRIEVED,200,C:\Users\enkso\.kiro\crew\scratch\runtime-0a306834\osteopatch_full_ingestion\tiffs\Case-48-P5-C19-27056-17848.tiff,301156,529b0259ba07b2d370ffb263252d5d7bbed2b259e32fd462e98f7a302d3f0675
Case-48-P5-C19-27826-27316,Case-48-P5-C19-27826-27316,Case 48 - P5 C19-27826-27316,http://pathdb.cancerimagingarchive.net/system/files/wsi/ross/Osteosarcoma-UT/converted/Osteosarcoma-UT/Training-Set-2/set8/Case-48-P5-C19-27826-27316.tiff,Case-48,Non-Tumor,NON_TUMOR,TRUE,False,RETRIEVED,200,C:\Users\enkso\.kiro\crew\scratch\runtime-0a306834\osteopatch_full_ingestion\tiffs\Case-48-P5-C19-27826-27316.tiff,120924,3a10886f8aaf1c70ca18b458c4de7a7e9a2820f657d4948a69eaad11641f905a
Case-48-P5-C19-28560-27834,Case-48-P5-C19-28560-27834,Case 48 - P5 C19-28560-27834,http://pathdb.cancerimagingarchive.net/system/files/wsi/ross/Osteosarcoma-UT/converted/Osteosarcoma-UT/Training-Set-2/set8/Case-48-P5-C19-28560-27834.tiff,Case-48,Non-Tumor,NON_TUMOR,TRUE,False,RETRIEVED,200,C:\Users\enkso\.kiro\crew\scratch\runtime-0a306834\osteopatch_full_ingestion\tiffs\Case-48-P5-C19-28560-27834.tiff,121758,e3cd81a62a52765cf0c9a041beb695e999d06f55ea317f0c9354d12738207a93
Case-48-P5-C19-28887-22427,Case-48-P5-C19-28887-22427,Case 48 - P5 C19-28887-22427,http://pathdb.cancerimagingarchive.net/system/files/wsi/ross/Osteosarcoma-UT/converted/Osteosarcoma-UT/Training-Set-2/set8/Case-48-P5-C19-28887-22427.tiff,Case-48,Viable,VIABLE_TUMOR,TRUE,False,RETRIEVED,200,C:\Users\enkso\.kiro\crew\scratch\runtime-0a306834\osteopatch_full_ingestion\tiffs\Case-48-P5-C19-28887-22427.tiff,183112,e1828700bd32f38038a76a036cba0cba50b9599c8b91cd0fadeefa0da3303fc9
Case-48-P5-C19-30501-31832,Case-48-P5-C19-30501-31832,Case 48 - P5 C19-30501-31832,http://pathdb.cancerimagingarchive.net/system/files/wsi/ross/Osteosarcoma-UT/converted/Osteosarcoma-UT/Training-Set-2/set8/Case-48-P5-C19-30501-31832.tiff,Case-48,Non-Tumor,NON_TUMOR,TRUE,False,RETRIEVED,200,C:\Users\enkso\.kiro\crew\scratch\runtime-0a306834\osteopatch_full_ingestion\tiffs\Case-48-P5-C19-30501-31832.tiff,176268,55654b24010f578230d477cdfc90c69ca13dbc7828942598a496bb521f130af2
Case-48-P5-C19-30892-14643,Case-48-P5-C19-30892-14643,Case 48 - P5 C19-30892-14643,http://pathdb.cancerimagingarchive.net/system/files/wsi/ross/Osteosarcoma-UT/converted/Osteosarcoma-UT/Training-Set-2/set8/Case-48-P5-C19-30892-14643.tiff,Case-48,Viable,VIABLE_TUMOR,TRUE,False,RETRIEVED,200,C:\Users\enkso\.kiro\crew\scratch\runtime-0a306834\osteopatch_full_ingestion\tiffs\Case-48-P5-C19-30892-14643.tiff,297070,d77f1f2605f8e8bad2eabf87d58c92a0d0a24d82df3026850947c05acf44271e
Case-48-P5-C19-31003-6587,Case-48-P5-C19-31003-6587,Case 48 - P5 C19-31003-6587,http://pathdb.cancerimagingarchive.net/system/files/wsi/ross/Osteosarcoma-UT/converted/Osteosarcoma-UT/Training-Set-1/set8/Case-48-P5-C19-31003-6587.tiff,Case-48,Viable,VIABLE_TUMOR,TRUE,False,RETRIEVED,200,C:\Users\enkso\.kiro\crew\scratch\runtime-0a306834\osteopatch_full_ingestion\tiffs\Case-48-P5-C19-31003-6587.tiff,337888,8f4b580585dc5a1e02fc682530eaff4b1900ef154feffb6daa13d89ddd993e51
Case-48-P5-C19-31868-8754,Case-48-P5-C19-31868-8754,Case 48 - P5 C19-31868-8754,http://pathdb.cancerimagingarchive.net/system/files/wsi/ross/Osteosarcoma-UT/converted/Osteosarcoma-UT/Training-Set-1/set8/Case-48-P5-C19-31868-8754.tiff,Case-48,Viable,VIABLE_TUMOR,TRUE,False,RETRIEVED,200,C:\Users\enkso\.kiro\crew\scratch\runtime-0a306834\osteopatch_full_ingestion\tiffs\Case-48-P5-C19-31868-8754.tiff,325426,189149ad9c73c61def68d485aeb8222121c9fe14bbc39a1cf231c8090289ccde
Case-48-P5-C19-36599-9672,Case-48-P5-C19-36599-9672,Case 48 - P5 C19-36599-9672,http://pathdb.cancerimagingarchive.net/system/files/wsi/ross/Osteosarcoma-UT/converted/Osteosarcoma-UT/Training-Set-1/set8/Case-48-P5-C19-36599-9672.tiff,Case-48,Viable,VIABLE_TUMOR,TRUE,False,RETRIEVED,200,C:\Users\enkso\.kiro\crew\scratch\runtime-0a306834\osteopatch_full_ingestion\tiffs\Case-48-P5-C19-36599-9672.tiff,414568,df387b40f58a4868ba08e0af57178ac9d52144339112d63436fbc64a0ed658ae
Case-48-P5-C19-36772-18960,Case-48-P5-C19-36772-18960,Case 48 - P5 C19-36772-18960,http://pathdb.cancerimagingarchive.net/system/files/wsi/ross/Osteosarcoma-UT/converted/Osteosarcoma-UT/Training-Set-1/set8/Case-48-P5-C19-36772-18960.tiff,Case-48,Viable,VIABLE_TUMOR,TRUE,False,RETRIEVED,200,C:\Users\enkso\.kiro\crew\scratch\runtime-0a306834\osteopatch_full_ingestion\tiffs\Case-48-P5-C19-36772-18960.tiff,211240,e54ab2b39611b8a843a85147505eabfc6e80b099f833d61bda88f7a2a6a1234d
Case-48-P5-C19-37421-11802,Case-48-P5-C19-37421-11802,Case 48 - P5 C19-37421-11802,http://pathdb.cancerimagingarchive.net/system/files/wsi/ross/Osteosarcoma-UT/converted/Osteosarcoma-UT/Training-Set-1/set8/Case-48-P5-C19-37421-11802.tiff,Case-48,Viable,VIABLE_TUMOR,TRUE,False,RETRIEVED,200,C:\Users\enkso\.kiro\crew\scratch\runtime-0a306834\osteopatch_full_ingestion\tiffs\Case-48-P5-C19-37421-11802.tiff,365520,502fe57254f9bb02c736a0efc474cb7acfe5313c98d8ef96eaffb27cf192a2c7
Case-48-P5-C19-40049-22382,Case-48-P5-C19-40049-22382,Case 48 - P5 C19-40049-22382,http://pathdb.cancerimagingarchive.net/system/files/wsi/ross/Osteosarcoma-UT/converted/Osteosarcoma-UT/Training-Set-1/set8/Case-48-P5-C19-40049-22382.tiff,Case-48,Viable,VIABLE_TUMOR,TRUE,False,RETRIEVED,200,C:\Users\enkso\.kiro\crew\scratch\runtime-0a306834\osteopatch_full_ingestion\tiffs\Case-48-P5-C19-40049-22382.tiff,287930,84b2e80c835be0e5a0fb82984dba000969f801721ebd09225d3683249c427009
Case-48-P5-C19-40702-20386,Case-48-P5-C19-40702-20386,Case 48 - P5 C19-40702-20386,http://pathdb.cancerimagingarchive.net/system/files/wsi/ross/Osteosarcoma-UT/converted/Osteosarcoma-UT/Training-Set-1/set8/Case-48-P5-C19-40702-20386.tiff,Case-48,Viable,VIABLE_TUMOR,TRUE,False,RETRIEVED,200,C:\Users\enkso\.kiro\crew\scratch\runtime-0a306834\osteopatch_full_ingestion\tiffs\Case-48-P5-C19-40702-20386.tiff,238270,1063c31010f863c417042b38a5afc788be75742c9aa8af0b681c5f6d6a8a7adf
Case-48-P5-C19-41884-18067,Case-48-P5-C19-41884-18067,Case 48 - P5 C19-41884-18067,http://pathdb.cancerimagingarchive.net/system/files/wsi/ross/Osteosarcoma-UT/converted/Osteosarcoma-UT/Training-Set-1/set8/Case-48-P5-C19-41884-18067.tiff,Case-48,Viable,VIABLE_TUMOR,TRUE,False,RETRIEVED,200,C:\Users\enkso\.kiro\crew\scratch\runtime-0a306834\osteopatch_full_ingestion\tiffs\Case-48-P5-C19-41884-18067.tiff,209254,2c4f88402c5a2411e6b353ad04f3896de1159298390dc178bc5faa32bc3ed95e
Case-48-P5-C19-43378-18456,Case-48-P5-C19-43378-18456,Case 48 - P5 C19-43378-18456,http://pathdb.cancerimagingarchive.net/system/files/wsi/ross/Osteosarcoma-UT/converted/Osteosarcoma-UT/Training-Set-1/set8/Case-48-P5-C19-43378-18456.tiff,Case-48,Viable,VIABLE_TUMOR,TRUE,False,RETRIEVED,200,C:\Users\enkso\.kiro\crew\scratch\runtime-0a306834\osteopatch_full_ingestion\tiffs\Case-48-P5-C19-43378-18456.tiff,271158,314773570dbbf463a2a2af2592a0aedf941225294cf3469497c67fb8b5ee8569
Case-48-P5-C19-43954-23941,Case-48-P5-C19-43954-23941,Case 48 - P5 C19-43954-23941,http://pathdb.cancerimagingarchive.net/system/files/wsi/ross/Osteosarcoma-UT/converted/Osteosarcoma-UT/Training-Set-1/set8/Case-48-P5-C19-43954-23941.tiff,Case-48,Viable,VIABLE_TUMOR,TRUE,False,RETRIEVED,200,C:\Users\enkso\.kiro\crew\scratch\runtime-0a306834\osteopatch_full_ingestion\tiffs\Case-48-P5-C19-43954-23941.tiff,316404,34c07386f2e211bfbd93ab39d72ce5cd20fe62187f08b40bd11f90dadd896b2e
Case-48-P5-C19-47082-29959,Case-48-P5-C19-47082-29959,Case 48 - P5 C19-47082-29959,http://pathdb.cancerimagingarchive.net/system/files/wsi/ross/Osteosarcoma-UT/converted/Osteosarcoma-UT/Training-Set-1/set8/Case-48-P5-C19-47082-29959.tiff,Case-48,Non-Tumor,NON_TUMOR,TRUE,False,RETRIEVED,200,C:\Users\enkso\.kiro\crew\scratch\runtime-0a306834\osteopatch_full_ingestion\tiffs\Case-48-P5-C19-47082-29959.tiff,258550,155e7d56cd78cd7d181dcfb607cb19a373aa355452a31c0725f64ffeabc0aa88
Case-48-P5-C19-48632-11190,Case-48-P5-C19-48632-11190,Case 48 - P5 C19-48632-11190,http://pathdb.cancerimagingarchive.net/system/files/wsi/ross/Osteosarcoma-UT/converted/Osteosarcoma-UT/Training-Set-1/set8/Case-48-P5-C19-48632-11190.tiff,Case-48,Viable,VIABLE_TUMOR,TRUE,False,RETRIEVED,200,C:\Users\enkso\.kiro\crew\scratch\runtime-0a306834\osteopatch_full_ingestion\tiffs\Case-48-P5-C19-48632-11190.tiff,359108,907dc5b34dab626e4543fff97638a4dfbad517e89f6a05d87a50473bc44bf0fc
Case-48-P5-C19-51505-17925,Case-48-P5-C19-51505-17925,Case 48 - P5 C19-51505-17925,http://pathdb.cancerimagingarchive.net/system/files/wsi/ross/Osteosarcoma-UT/converted/Osteosarcoma-UT/Training-Set-1/set8/Case-48-P5-C19-51505-17925.tiff,Case-48,Viable,VIABLE_TUMOR,TRUE,False,RETRIEVED,200,C:\Users\enkso\.kiro\crew\scratch\runtime-0a306834\osteopatch_full_ingestion\tiffs\Case-48-P5-C19-51505-17925.tiff,284366,093cdde3dffcc962421883d114a6d09d003153001c0ba74a6c7e2b92992be7a4
Case-48-P5-C19-51520-22044,Case-48-P5-C19-51520-22044,Case 48 - P5 C19-51520-22044,http://pathdb.cancerimagingarchive.net/system/files/wsi/ross/Osteosarcoma-UT/converted/Osteosarcoma-UT/Training-Set-1/set8/Case-48-P5-C19-51520-22044.tiff,Case-48,Viable,VIABLE_TUMOR,TRUE,False,RETRIEVED,200,C:\Users\enkso\.kiro\crew\scratch\runtime-0a306834\osteopatch_full_ingestion\tiffs\Case-48-P5-C19-51520-22044.tiff,315238,63384e9c13dcfd609e9cf6994b732235f730a2f002ab74fde3e378547bbcf35f
Case-48-P5-C19-53087-27856,Case-48-P5-C19-53087-27856,Case 48 - P5 C19-53087-27856,http://pathdb.cancerimagingarchive.net/system/files/wsi/ross/Osteosarcoma-UT/converted/Osteosarcoma-UT/Training-Set-1/set8/Case-48-P5-C19-53087-27856.tiff,Case-48,Non-Tumor,NON_TUMOR,TRUE,False,RETRIEVED,200,C:\Users\enkso\.kiro\crew\scratch\runtime-0a306834\osteopatch_full_ingestion\tiffs\Case-48-P5-C19-53087-27856.tiff,73198,3bed37789ec672e93b5f07d7631e7d9ad7c786e3df09b7fa87347d100632c4fc
Case-48-P5-C20-11443-19302,Case-48-P5-C20-11443-19302,Case 48 - P5 C20-11443-19302,http://pathdb.cancerimagingarchive.net/system/files/wsi/ross/Osteosarcoma-UT/converted/Osteosarcoma-UT/Training-Set-2/set8/Case-48-P5-C20-11443-19302.tiff,Case-48,Non-Tumor,NON_TUMOR,TRUE,False,RETRIEVED,200,C:\Users\enkso\.kiro\crew\scratch\runtime-0a306834\osteopatch_full_ingestion\tiffs\Case-48-P5-C20-11443-19302.tiff,135334,d1f12e0f7c610045dfd73c5e0dd4dcdd46328b933ce9d520583c83031eb9742c
Case-48-P5-C20-12605-20018,Case-48-P5-C20-12605-20018,Case 48 - P5 C20-12605-20018,http://pathdb.cancerimagingarchive.net/system/files/wsi/ross/Osteosarcoma-UT/converted/Osteosarcoma-UT/Training-Set-2/set8/Case-48-P5-C20-12605-20018.tiff,Case-48,Non-Tumor,NON_TUMOR,TRUE,False,RETRIEVED,200,C:\Users\enkso\.kiro\crew\scratch\runtime-0a306834\osteopatch_full_ingestion\tiffs\Case-48-P5-C20-12605-20018.tiff,133134,65255aa97ee4301c05fab254e556b6c2acbd5857682235e77898fd8b14aad1d2
Case-48-P5-C20-15162-19423,Case-48-P5-C20-15162-19423,Case 48 - P5 C20-15162-19423,http://pathdb.cancerimagingarchive.net/system/files/wsi/ross/Osteosarcoma-UT/converted/Osteosarcoma-UT/Training-Set-2/set8/Case-48-P5-C20-15162-19423.tiff,Case-48,Viable,VIABLE_TUMOR,TRUE,False,RETRIEVED,200,C:\Users\enkso\.kiro\crew\scratch\runtime-0a306834\osteopatch_full_ingestion\tiffs\Case-48-P5-C20-15162-19423.tiff,326488,7fdbae6c02bfb0e66fd661debc8404191539c0a3994e412cf9f0f7cf93109965
Case-48-P5-C20-20964-23796,Case-48-P5-C20-20964-23796,Case 48 - P5 C20-20964-23796,http://pathdb.cancerimagingarchive.net/system/files/wsi/ross/Osteosarcoma-UT/converted/Osteosarcoma-UT/Training-Set-2/set8/Case-48-P5-C20-20964-23796.tiff,Case-48,Viable,VIABLE_TUMOR,TRUE,False,RETRIEVED,200,C:\Users\enkso\.kiro\crew\scratch\runtime-0a306834\osteopatch_full_ingestion\tiffs\Case-48-P5-C20-20964-23796.tiff,245940,ff8d8de78ea075913508343005a5960e73af4c85fb15f11b7b3eb34e4a3512f5
Case-48-P5-C20-23452-15492,Case-48-P5-C20-23452-15492,Case 48 - P5 C20-23452-15492,http://pathdb.cancerimagingarchive.net/system/files/wsi/ross/Osteosarcoma-UT/converted/Osteosarcoma-UT/Training-Set-2/set8/Case-48-P5-C20-23452-15492.tiff,Case-48,Viable,VIABLE_TUMOR,TRUE,False,RETRIEVED,200,C:\Users\enkso\.kiro\crew\scratch\runtime-0a306834\osteopatch_full_ingestion\tiffs\Case-48-P5-C20-23452-15492.tiff,322468,a01bf4ac675cbea8e057800c971ebc1e2c9e4172f24908cfe43868f39ed46538
Case-48-P5-C20-23915-20256,Case-48-P5-C20-23915-20256,Case 48 - P5 C20-23915-20256,http://pathdb.cancerimagingarchive.net/system/files/wsi/ross/Osteosarcoma-UT/converted/Osteosarcoma-UT/Training-Set-2/set8/Case-48-P5-C20-23915-20256.tiff,Case-48,Viable,VIABLE_TUMOR,TRUE,False,RETRIEVED,200,C:\Users\enkso\.kiro\crew\scratch\runtime-0a306834\osteopatch_full_ingestion\tiffs\Case-48-P5-C20-23915-20256.tiff,312680,96855a6ddfbbb4f8bf1caf979b0f2d1bc26a71ddc850bb90fe187f9b6798a5f6
Case-48-P5-C20-28430-29841,Case-48-P5-C20-28430-29841,Case 48 - P5 C20-28430-29841,http://pathdb.cancerimagingarchive.net/system/files/wsi/ross/Osteosarcoma-UT/converted/Osteosarcoma-UT/Training-Set-2/set9/Case-48-P5-C20-28430-29841.tiff,Case-48,Non-Tumor,NON_TUMOR,TRUE,False,RETRIEVED,200,C:\Users\enkso\.kiro\crew\scratch\runtime-0a306834\osteopatch_full_ingestion\tiffs\Case-48-P5-C20-28430-29841.tiff,150796,47c3ed9e7e6e322b452ee6c26cdc8c0ec0495081f68f031c7840d931c9d196f9
Case-48-P5-C20-30894-20232,Case-48-P5-C20-30894-20232,Case 48 - P5 C20-30894-20232,http://pathdb.cancerimagingarchive.net/system/files/wsi/ross/Osteosarcoma-UT/converted/Osteosarcoma-UT/Training-Set-2/set9/Case-48-P5-C20-30894-20232.tiff,Case-48,viable: non-viable,,FALSE,True,RETRIEVED,200,C:\Users\enkso\.kiro\crew\scratch\runtime-0a306834\osteopatch_full_ingestion\tiffs\Case-48-P5-C20-30894-20232.tiff,252382,e4f3fcd0ff1bd430c11383a3a350f27f66e017c2b165d58cd894ab72aefcff12
Case-48-P5-C20-32019-11742,Case-48-P5-C20-32019-11742,Case 48 - P5 C20-32019-11742,http://pathdb.cancerimagingarchive.net/system/files/wsi/ross/Osteosarcoma-UT/converted/Osteosarcoma-UT/Training-Set-2/set9/Case-48-P5-C20-32019-11742.tiff,Case-48,viable: non-viable,,FALSE,True,RETRIEVED,200,C:\Users\enkso\.kiro\crew\scratch\runtime-0a306834\osteopatch_full_ingestion\tiffs\Case-48-P5-C20-32019-11742.tiff,356530,342fb714ff1ae9e73d67bb5c7640a0e6ac95fad3a3d875d551850804ecaecea2
Case-48-P5-C20-33672-6381,Case-48-P5-C20-33672-6381,Case 48 - P5 C20-33672-6381,http://pathdb.cancerimagingarchive.net/system/files/wsi/ross/Osteosarcoma-UT/converted/Osteosarcoma-UT/Training-Set-2/set9/Case-48-P5-C20-33672-6381.tiff,Case-48,Viable,VIABLE_TUMOR,TRUE,False,RETRIEVED,200,C:\Users\enkso\.kiro\crew\scratch\runtime-0a306834\osteopatch_full_ingestion\tiffs\Case-48-P5-C20-33672-6381.tiff,388444,7f45b22fa8e130c1dfbd8e785c0dbf5d3c5979f7004a908cd53ad490605fc938
Case-48-P5-C20-34597-27525,Case-48-P5-C20-34597-27525,Case 48 - P5 C20-34597-27525,http://pathdb.cancerimagingarchive.net/system/files/wsi/ross/Osteosarcoma-UT/converted/Osteosarcoma-UT/Training-Set-1/set8/Case-48-P5-C20-34597-27525.tiff,Case-48,Viable,VIABLE_TUMOR,TRUE,False,RETRIEVED,200,C:\Users\enkso\.kiro\crew\scratch\runtime-0a306834\osteopatch_full_ingestion\tiffs\Case-48-P5-C20-34597-27525.tiff,288428,5fdf6c8069b5e6d50cec77555b739bf37d3d03742ae16740a849dd54bebbd0be
Case-48-P5-C20-36537-9437,Case-48-P5-C20-36537-9437,Case 48 - P5 C20-36537-9437,http://pathdb.cancerimagingarchive.net/system/files/wsi/ross/Osteosarcoma-UT/converted/Osteosarcoma-UT/Training-Set-1/set8/Case-48-P5-C20-36537-9437.tiff,Case-48,Viable,VIABLE_TUMOR,TRUE,False,RETRIEVED,200,C:\Users\enkso\.kiro\crew\scratch\runtime-0a306834\osteopatch_full_ingestion\tiffs\Case-48-P5-C20-36537-9437.tiff,399776,1c92f720b9ff3b8a1d82d842de1229c72db6ab2616150511546e8fb58232332a
Case-48-P5-C20-37287-24574,Case-48-P5-C20-37287-24574,Case 48 - P5 C20-37287-24574,http://pathdb.cancerimagingarchive.net/system/files/wsi/ross/Osteosarcoma-UT/converted/Osteosarcoma-UT/Training-Set-1/set8/Case-48-P5-C20-37287-24574.tiff,Case-48,Viable,VIABLE_TUMOR,TRUE,False,RETRIEVED,200,C:\Users\enkso\.kiro\crew\scratch\runtime-0a306834\osteopatch_full_ingestion\tiffs\Case-48-P5-C20-37287-24574.tiff,273738,f15b56c62baf5fd9be11a21c07a5d85e3cab6dd340726de35ab25386912672e4
Case-48-P5-C20-39704-11268,Case-48-P5-C20-39704-11268,Case 48 - P5 C20-39704-11268,http://pathdb.cancerimagingarchive.net/system/files/wsi/ross/Osteosarcoma-UT/converted/Osteosarcoma-UT/Training-Set-1/set8/Case-48-P5-C20-39704-11268.tiff,Case-48,Viable,VIABLE_TUMOR,TRUE,False,RETRIEVED,200,C:\Users\enkso\.kiro\crew\scratch\runtime-0a306834\osteopatch_full_ingestion\tiffs\Case-48-P5-C20-39704-11268.tiff,238560,acfe5dc2d02a8a7f05f514f72bbb65a0856396765a8d6aa71c275943060d1512
Case-48-P5-C20-44108-28521,Case-48-P5-C20-44108-28521,Case 48 - P5 C20-44108-28521,http://pathdb.cancerimagingarchive.net/system/files/wsi/ross/Osteosarcoma-UT/converted/Osteosarcoma-UT/Training-Set-1/set8/Case-48-P5-C20-44108-28521.tiff,Case-48,Non-Tumor,NON_TUMOR,TRUE,False,RETRIEVED,200,C:\Users\enkso\.kiro\crew\scratch\runtime-0a306834\osteopatch_full_ingestion\tiffs\Case-48-P5-C20-44108-28521.tiff,178758,8fd734cd8bde1627c7be5d24d556100d79cce37b558e267e42f2ec7a1b1c6f43
Case-48-P5-C20-45622-14695,Case-48-P5-C20-45622-14695,Case 48 - P5 C20-45622-14695,http://pathdb.cancerimagingarchive.net/system/files/wsi/ross/Osteosarcoma-UT/converted/Osteosarcoma-UT/Training-Set-1/set8/Case-48-P5-C20-45622-14695.tiff,Case-48,Viable,VIABLE_TUMOR,TRUE,False,RETRIEVED,200,C:\Users\enkso\.kiro\crew\scratch\runtime-0a306834\osteopatch_full_ingestion\tiffs\Case-48-P5-C20-45622-14695.tiff,244432,94f853f16e81c1fd9c8f0c827e60a0e9da4ecfe68a84183e4a1252eff825c25f
Case-48-P5-C20-46837-16405,Case-48-P5-C20-46837-16405,Case 48 - P5 C20-46837-16405,http://pathdb.cancerimagingarchive.net/system/files/wsi/ross/Osteosarcoma-UT/converted/Osteosarcoma-UT/Training-Set-1/set8/Case-48-P5-C20-46837-16405.tiff,Case-48,Viable,VIABLE_TUMOR,TRUE,False,RETRIEVED,200,C:\Users\enkso\.kiro\crew\scratch\runtime-0a306834\osteopatch_full_ingestion\tiffs\Case-48-P5-C20-46837-16405.tiff,206776,43bda89d0affe42be8c1c56246591fee87ebce8c21befc4835e3a27f08275ebe
Case-48-P5-C20-47763-12780,Case-48-P5-C20-47763-12780,Case 48 - P5 C20-47763-12780,http://pathdb.cancerimagingarchive.net/system/files/wsi/ross/Osteosarcoma-UT/converted/Osteosarcoma-UT/Training-Set-1/set8/Case-48-P5-C20-47763-12780.tiff,Case-48,Viable,VIABLE_TUMOR,TRUE,False,RETRIEVED,200,C:\Users\enkso\.kiro\crew\scratch\runtime-0a306834\osteopatch_full_ingestion\tiffs\Case-48-P5-C20-47763-12780.tiff,192698,676ed63b240a83d95467e43ad63f4ff811da8f06c62533e6d3cfa43ad703f975
Case-48-P5-C20-51201-13842,Case-48-P5-C20-51201-13842,Case 48 - P5 C20-51201-13842,http://pathdb.cancerimagingarchive.net/system/files/wsi/ross/Osteosarcoma-UT/converted/Osteosarcoma-UT/Training-Set-1/set8/Case-48-P5-C20-51201-13842.tiff,Case-48,Viable,VIABLE_TUMOR,TRUE,False,RETRIEVED,200,C:\Users\enkso\.kiro\crew\scratch\runtime-0a306834\osteopatch_full_ingestion\tiffs\Case-48-P5-C20-51201-13842.tiff,220242,3609efe06e7cdf4ebaac9a8426125fdea10bb650dde3fb8960ca8c4393dd093e
Case-48-P5-C20-51615-14123,Case-48-P5-C20-51615-14123,Case 48 - P5 C20-51615-14123,http://pathdb.cancerimagingarchive.net/system/files/wsi/ross/Osteosarcoma-UT/converted/Osteosarcoma-UT/Training-Set-1/set8/Case-48-P5-C20-51615-14123.tiff,Case-48,Viable,VIABLE_TUMOR,TRUE,False,RETRIEVED,200,C:\Users\enkso\.kiro\crew\scratch\runtime-0a306834\osteopatch_full_ingestion\tiffs\Case-48-P5-C20-51615-14123.tiff,204598,6aa13a687c3d3bf148ce97852c9d0fd1bc3228086b5f9b8217fa5049455f1336
Case-48-P5-C20-52344-15596,Case-48-P5-C20-52344-15596,Case 48 - P5 C20-52344-15596,http://pathdb.cancerimagingarchive.net/system/files/wsi/ross/Osteosarcoma-UT/converted/Osteosarcoma-UT/Training-Set-1/set8/Case-48-P5-C20-52344-15596.tiff,Case-48,Viable,VIABLE_TUMOR,TRUE,False,RETRIEVED,200,C:\Users\enkso\.kiro\crew\scratch\runtime-0a306834\osteopatch_full_ingestion\tiffs\Case-48-P5-C20-52344-15596.tiff,259766,61a85a29e05929c27eb3417afc1e02ad9d19228b388f399ed0c132d7c4609a05
Case-48-P5-C20-52983-12499,Case-48-P5-C20-52983-12499,Case 48 - P5 C20-52983-12499,http://pathdb.cancerimagingarchive.net/system/files/wsi/ross/Osteosarcoma-UT/converted/Osteosarcoma-UT/Training-Set-1/set8/Case-48-P5-C20-52983-12499.tiff,Case-48,Viable,VIABLE_TUMOR,TRUE,False,RETRIEVED,200,C:\Users\enkso\.kiro\crew\scratch\runtime-0a306834\osteopatch_full_ingestion\tiffs\Case-48-P5-C20-52983-12499.tiff,112602,39b383cb515a7836a24cb604bc53410419988a2881511bbf71847e7f1ef3c9ae
Case-48-P5-C20-53379-18032,Case-48-P5-C20-53379-18032,Case 48 - P5 C20-53379-18032,http://pathdb.cancerimagingarchive.net/system/files/wsi/ross/Osteosarcoma-UT/converted/Osteosarcoma-UT/Training-Set-1/set8/Case-48-P5-C20-53379-18032.tiff,Case-48,Viable,VIABLE_TUMOR,TRUE,False,RETRIEVED,200,C:\Users\enkso\.kiro\crew\scratch\runtime-0a306834\osteopatch_full_ingestion\tiffs\Case-48-P5-C20-53379-18032.tiff,282378,99408fd4c6db638665747520ddcfa274bb7a41e9984a93b82c9ed73b968fec49
Case-48-P5-C20-54244-17885,Case-48-P5-C20-54244-17885,Case 48 - P5 C20-54244-17885,http://pathdb.cancerimagingarchive.net/system/files/wsi/ross/Osteosarcoma-UT/converted/Osteosarcoma-UT/Training-Set-1/set8/Case-48-P5-C20-54244-17885.tiff,Case-48,Viable,VIABLE_TUMOR,TRUE,False,RETRIEVED,200,C:\Users\enkso\.kiro\crew\scratch\runtime-0a306834\osteopatch_full_ingestion\tiffs\Case-48-P5-C20-54244-17885.tiff,172354,b4630d5f21c4d17886c182f170b4e7bcce60f4b1c19b2ef9b1628ceb1899dfcd
Case-48-P5-C20-7234-13196,Case-48-P5-C20-7234-13196,Case 48 - P5 C20-7234-13196,http://pathdb.cancerimagingarchive.net/system/files/wsi/ross/Osteosarcoma-UT/converted/Osteosarcoma-UT/Training-Set-2/set9/Case-48-P5-C20-7234-13196.tiff,Case-48,Non-Tumor,NON_TUMOR,TRUE,False,RETRIEVED,200,C:\Users\enkso\.kiro\crew\scratch\runtime-0a306834\osteopatch_full_ingestion\tiffs\Case-48-P5-C20-7234-13196.tiff,175136,f488b108069a8fcc92f2461e285031c53a178c80e2dbd1cc55fd869792260f92
Case-48-P5-C20-7949-14990,Case-48-P5-C20-7949-14990,Case 48 - P5 C20-7949-14990,http://pathdb.cancerimagingarchive.net/system/files/wsi/ross/Osteosarcoma-UT/converted/Osteosarcoma-UT/Training-Set-2/set9/Case-48-P5-C20-7949-14990.tiff,Case-48,Non-Tumor,NON_TUMOR,TRUE,False,RETRIEVED,200,C:\Users\enkso\.kiro\crew\scratch\runtime-0a306834\osteopatch_full_ingestion\tiffs\Case-48-P5-C20-7949-14990.tiff,164252,05b587094a7f40b6b05b2c172c99f939604bf66d30571dc439bd42e9d5460803
Case-48-P5-C20-8427-20401,Case-48-P5-C20-8427-20401,Case 48 - P5 C20-8427-20401,http://pathdb.cancerimagingarchive.net/system/files/wsi/ross/Osteosarcoma-UT/converted/Osteosarcoma-UT/Training-Set-2/set9/Case-48-P5-C20-8427-20401.tiff,Case-48,Non-Tumor,NON_TUMOR,TRUE,False,RETRIEVED,200,C:\Users\enkso\.kiro\crew\scratch\runtime-0a306834\osteopatch_full_ingestion\tiffs\Case-48-P5-C20-8427-20401.tiff,136666,b433803fab55c3ee2624d05b54c0f29c9e2fb464328e0fc10e6f8ef20408e229
Case-48-P5-C20-8674-13881,Case-48-P5-C20-8674-13881,Case 48 - P5 C20-8674-13881,http://pathdb.cancerimagingarchive.net/system/files/wsi/ross/Osteosarcoma-UT/converted/Osteosarcoma-UT/Training-Set-2/set9/Case-48-P5-C20-8674-13881.tiff,Case-48,Viable,VIABLE_TUMOR,TRUE,False,RETRIEVED,200,C:\Users\enkso\.kiro\crew\scratch\runtime-0a306834\osteopatch_full_ingestion\tiffs\Case-48-P5-C20-8674-13881.tiff,306132,03dff32ed6e762e5bb48689da549d4edeec0b7b1b07a30c8848a0f2e166428ea
Case-48-P5-C20-9712-22991,Case-48-P5-C20-9712-22991,Case 48 - P5 C20-9712-22991,http://pathdb.cancerimagingarchive.net/system/files/wsi/ross/Osteosarcoma-UT/converted/Osteosarcoma-UT/Training-Set-2/set9/Case-48-P5-C20-9712-22991.tiff,Case-48,Non-Tumor,NON_TUMOR,TRUE,False,RETRIEVED,200,C:\Users\enkso\.kiro\crew\scratch\runtime-0a306834\osteopatch_full_ingestion\tiffs\Case-48-P5-C20-9712-22991.tiff,102084,60f07603dea41e6b0670e4e4644f2328925962f5515b567b54335f7e16b48ddd
Case-48-P5-C21-10548-16103,Case-48-P5-C21-10548-16103,Case 48 - P5 C21-10548-16103,http://pathdb.cancerimagingarchive.net/system/files/wsi/ross/Osteosarcoma-UT/converted/Osteosarcoma-UT/Training-Set-2/set9/Case-48-P5-C21-10548-16103.tiff,Case-48,Viable,VIABLE_TUMOR,TRUE,False,RETRIEVED,200,C:\Users\enkso\.kiro\crew\scratch\runtime-0a306834\osteopatch_full_ingestion\tiffs\Case-48-P5-C21-10548-16103.tiff,328882,cdb2d17bb9783c2cc334559a17adbf8ad7c4cd58c3d169ee0b3c2108ed5ebad6
Case-48-P5-C21-12077-14707,Case-48-P5-C21-12077-14707,Case 48 - P5 C21-12077-14707,http://pathdb.cancerimagingarchive.net/system/files/wsi/ross/Osteosarcoma-UT/converted/Osteosarcoma-UT/Training-Set-2/set9/Case-48-P5-C21-12077-14707.tiff,Case-48,Viable,VIABLE_TUMOR,TRUE,False,RETRIEVED,200,C:\Users\enkso\.kiro\crew\scratch\runtime-0a306834\osteopatch_full_ingestion\tiffs\Case-48-P5-C21-12077-14707.tiff,310158,c92df6d0d8946610a5aa11eb551bbf3742e30f1d357a7f5fd78127f4c30c1c8a
Case-48-P5-C21-16402-14274,Case-48-P5-C21-16402-14274,Case 48 - P5 C21-16402-14274,http://pathdb.cancerimagingarchive.net/system/files/wsi/ross/Osteosarcoma-UT/converted/Osteosarcoma-UT/Training-Set-2/set9/Case-48-P5-C21-16402-14274.tiff,Case-48,Viable,VIABLE_TUMOR,TRUE,False,RETRIEVED,200,C:\Users\enkso\.kiro\crew\scratch\runtime-0a306834\osteopatch_full_ingestion\tiffs\Case-48-P5-C21-16402-14274.tiff,214288,9814cf2798205de1e87ef75ff67129462024de797c29aa942d7d7eb036c97bb4
Case-48-P5-C21-17366-10237,Case-48-P5-C21-17366-10237,Case 48 - P5 C21-17366-10237,http://pathdb.cancerimagingarchive.net/system/files/wsi/ross/Osteosarcoma-UT/converted/Osteosarcoma-UT/Training-Set-2/set9/Case-48-P5-C21-17366-10237.tiff,Case-48,Viable,VIABLE_TUMOR,TRUE,False,RETRIEVED,200,C:\Users\enkso\.kiro\crew\scratch\runtime-0a306834\osteopatch_full_ingestion\tiffs\Case-48-P5-C21-17366-10237.tiff,212272,d912ff1084eb9c94ff9e2d7aca37506016d2bec6e27431d14b78eccc0395e382
Case-48-P5-C21-19402-23915,Case-48-P5-C21-19402-23915,Case 48 - P5 C21-19402-23915,http://pathdb.cancerimagingarchive.net/system/files/wsi/ross/Osteosarcoma-UT/converted/Osteosarcoma-UT/Training-Set-2/set9/Case-48-P5-C21-19402-23915.tiff,Case-48,Non-Tumor,NON_TUMOR,TRUE,False,RETRIEVED,200,C:\Users\enkso\.kiro\crew\scratch\runtime-0a306834\osteopatch_full_ingestion\tiffs\Case-48-P5-C21-19402-23915.tiff,113336,501feebd5038361ece8f685f6f1402b8b9284f96d8658ba50344e87c2d95a230
Case-48-P5-C21-19527-27711,Case-48-P5-C21-19527-27711,Case 48 - P5 C21-19527-27711,http://pathdb.cancerimagingarchive.net/system/files/wsi/ross/Osteosarcoma-UT/converted/Osteosarcoma-UT/Training-Set-2/set9/Case-48-P5-C21-19527-27711.tiff,Case-48,Non-Tumor,NON_TUMOR,TRUE,False,RETRIEVED,200,C:\Users\enkso\.kiro\crew\scratch\runtime-0a306834\osteopatch_full_ingestion\tiffs\Case-48-P5-C21-19527-27711.tiff,151920,e129e1510cbf771cfbc4280fa770eba010913dc84b0f813f7f8375abcce7b60b
Case-48-P5-C21-22691-12407,Case-48-P5-C21-22691-12407,Case 48 - P5 C21-22691-12407,http://pathdb.cancerimagingarchive.net/system/files/wsi/ross/Osteosarcoma-UT/converted/Osteosarcoma-UT/Training-Set-2/set9/Case-48-P5-C21-22691-12407.tiff,Case-48,Viable,VIABLE_TUMOR,TRUE,False,RETRIEVED,200,C:\Users\enkso\.kiro\crew\scratch\runtime-0a306834\osteopatch_full_ingestion\tiffs\Case-48-P5-C21-22691-12407.tiff,334740,fc8d921d5f67e66ffa190c5123b9bfc7cf78e20436f70568940028e8efd68f58
Case-48-P5-C21-23229-19992,Case-48-P5-C21-23229-19992,Case 48 - P5 C21-23229-19992,http://pathdb.cancerimagingarchive.net/system/files/wsi/ross/Osteosarcoma-UT/converted/Osteosarcoma-UT/Training-Set-2/set9/Case-48-P5-C21-23229-19992.tiff,Case-48,Viable,VIABLE_TUMOR,TRUE,False,RETRIEVED,200,C:\Users\enkso\.kiro\crew\scratch\runtime-0a306834\osteopatch_full_ingestion\tiffs\Case-48-P5-C21-23229-19992.tiff,289004,1444c638ad4a8e2257bcdae6ad7221a487e66fe27fb95c9967de66a83f690016
Case-48-P5-C21-25947-25506,Case-48-P5-C21-25947-25506,Case 48 - P5 C21-25947-25506,http://pathdb.cancerimagingarchive.net/system/files/wsi/ross/Osteosarcoma-UT/converted/Osteosarcoma-UT/Training-Set-2/set9/Case-48-P5-C21-25947-25506.tiff,Case-48,Viable,VIABLE_TUMOR,TRUE,False,RETRIEVED,200,C:\Users\enkso\.kiro\crew\scratch\runtime-0a306834\osteopatch_full_ingestion\tiffs\Case-48-P5-C21-25947-25506.tiff,307796,96714e33c3fed0fca890144f3bb8e72c7a661d94c95ef98092ada5b53feccc49
Case-48-P5-C21-28107-32141,Case-48-P5-C21-28107-32141,Case 48 - P5 C21-28107-32141,http://pathdb.cancerimagingarchive.net/system/files/wsi/ross/Osteosarcoma-UT/converted/Osteosarcoma-UT/Training-Set-2/set9/Case-48-P5-C21-28107-32141.tiff,Case-48,Non-Tumor,NON_TUMOR,TRUE,False,RETRIEVED,200,C:\Users\enkso\.kiro\crew\scratch\runtime-0a306834\osteopatch_full_ingestion\tiffs\Case-48-P5-C21-28107-32141.tiff,164976,7da563126ca44c4d4798c3160878ee6e6ef8af55435a604c6f6028e54bd0453d
Case-48-P5-C21-28225-10553,Case-48-P5-C21-28225-10553,Case 48 - P5 C21-28225-10553,http://pathdb.cancerimagingarchive.net/system/files/wsi/ross/Osteosarcoma-UT/converted/Osteosarcoma-UT/Training-Set-2/set9/Case-48-P5-C21-28225-10553.tiff,Case-48,viable: non-viable,,FALSE,True,RETRIEVED,200,C:\Users\enkso\.kiro\crew\scratch\runtime-0a306834\osteopatch_full_ingestion\tiffs\Case-48-P5-C21-28225-10553.tiff,309552,6db94e41d9bbd6af72680bd4e63f1d9e589f168ce0c637fe1b0dfa76c406667d
Case-48-P5-C21-35299-19753,Case-48-P5-C21-35299-19753,Case 48 - P5 C21-35299-19753,http://pathdb.cancerimagingarchive.net/system/files/wsi/ross/Osteosarcoma-UT/converted/Osteosarcoma-UT/Training-Set-2/set9/Case-48-P5-C21-35299-19753.tiff,Case-48,Viable,VIABLE_TUMOR,TRUE,False,RETRIEVED,200,C:\Users\enkso\.kiro\crew\scratch\runtime-0a306834\osteopatch_full_ingestion\tiffs\Case-48-P5-C21-35299-19753.tiff,221954,38397b8fe92b97809df720b7ac9c9e6258b759f76ba622449d4ebd35edc36333
Case-48-P5-C21-35903-16346,Case-48-P5-C21-35903-16346,Case 48 - P5 C21-35903-16346,http://pathdb.cancerimagingarchive.net/system/files/wsi/ross/Osteosarcoma-UT/converted/Osteosarcoma-UT/Training-Set-2/set9/Case-48-P5-C21-35903-16346.tiff,Case-48,Viable,VIABLE_TUMOR,TRUE,False,RETRIEVED,200,C:\Users\enkso\.kiro\crew\scratch\runtime-0a306834\osteopatch_full_ingestion\tiffs\Case-48-P5-C21-35903-16346.tiff,299522,92b5b4816662b9c2eb91b57722c672ac42fadf15a5dd1d4bda8cf4713e2e6c71
Case-48-P5-C21-36006-23109,Case-48-P5-C21-36006-23109,Case 48 - P5 C21-36006-23109,http://pathdb.cancerimagingarchive.net/system/files/wsi/ross/Osteosarcoma-UT/converted/Osteosarcoma-UT/Training-Set-2/set9/Case-48-P5-C21-36006-23109.tiff,Case-48,Viable,VIABLE_TUMOR,TRUE,False,RETRIEVED,200,C:\Users\enkso\.kiro\crew\scratch\runtime-0a306834\osteopatch_full_ingestion\tiffs\Case-48-P5-C21-36006-23109.tiff,306166,ea48eef177a795d093762b1b187a2eb94c667b90269230d63dac10c6d6ebad12
Case-48-P5-C21-38065-16064,Case-48-P5-C21-38065-16064,Case 48 - P5 C21-38065-16064,http://pathdb.cancerimagingarchive.net/system/files/wsi/ross/Osteosarcoma-UT/converted/Osteosarcoma-UT/Training-Set-2/set9/Case-48-P5-C21-38065-16064.tiff,Case-48,Viable,VIABLE_TUMOR,TRUE,False,RETRIEVED,200,C:\Users\enkso\.kiro\crew\scratch\runtime-0a306834\osteopatch_full_ingestion\tiffs\Case-48-P5-C21-38065-16064.tiff,261250,3b9d92cfd9674536d95f34ae5d116399045d83824e3386bd3ccd2aa566738f1f
Case-48-P5-C21-40591-33043,Case-48-P5-C21-40591-33043,Case 48 - P5 C21-40591-33043,http://pathdb.cancerimagingarchive.net/system/files/wsi/ross/Osteosarcoma-UT/converted/Osteosarcoma-UT/Training-Set-1/set8/Case-48-P5-C21-40591-33043.tiff,Case-48,Non-Tumor,NON_TUMOR,TRUE,False,RETRIEVED,200,C:\Users\enkso\.kiro\crew\scratch\runtime-0a306834\osteopatch_full_ingestion\tiffs\Case-48-P5-C21-40591-33043.tiff,136478,6d7935cd483311ad7854f1cf5ad3259cbcec628cfbf18b242a0ac71fe9571ca4
Case-48-P5-C21-40791-19023,Case-48-P5-C21-40791-19023,Case 48 - P5 C21-40791-19023,http://pathdb.cancerimagingarchive.net/system/files/wsi/ross/Osteosarcoma-UT/converted/Osteosarcoma-UT/Training-Set-1/set8/Case-48-P5-C21-40791-19023.tiff,Case-48,Viable,VIABLE_TUMOR,TRUE,False,RETRIEVED,200,C:\Users\enkso\.kiro\crew\scratch\runtime-0a306834\osteopatch_full_ingestion\tiffs\Case-48-P5-C21-40791-19023.tiff,299336,cc37c9e8095c2943a03dfaca488b79725c9d7c25d249464208f0de76e7311457
Case-48-P5-C21-41788-27797,Case-48-P5-C21-41788-27797,Case 48 - P5 C21-41788-27797,http://pathdb.cancerimagingarchive.net/system/files/wsi/ross/Osteosarcoma-UT/converted/Osteosarcoma-UT/Training-Set-1/set8/Case-48-P5-C21-41788-27797.tiff,Case-48,Viable,VIABLE_TUMOR,TRUE,False,RETRIEVED,200,C:\Users\enkso\.kiro\crew\scratch\runtime-0a306834\osteopatch_full_ingestion\tiffs\Case-48-P5-C21-41788-27797.tiff,298984,88c261852efc7c59a12dd90e9fa28ef31979941a0cc1c0c6e0a0422becff04e5
Case-48-P5-C21-43325-2248,Case-48-P5-C21-43325-2248,Case 48 - P5 C21-43325-2248,http://pathdb.cancerimagingarchive.net/system/files/wsi/ross/Osteosarcoma-UT/converted/Osteosarcoma-UT/Training-Set-1/set8/Case-48-P5-C21-43325-2248.tiff,Case-48,Viable,VIABLE_TUMOR,TRUE,False,RETRIEVED,200,C:\Users\enkso\.kiro\crew\scratch\runtime-0a306834\osteopatch_full_ingestion\tiffs\Case-48-P5-C21-43325-2248.tiff,258766,ba8f44370a89b87e7fc89e53de994c75d9d592de592760896201b5f2749abac9
Case-48-P5-C21-45322-31087,Case-48-P5-C21-45322-31087,Case 48 - P5 C21-45322-31087,http://pathdb.cancerimagingarchive.net/system/files/wsi/ross/Osteosarcoma-UT/converted/Osteosarcoma-UT/Training-Set-1/set8/Case-48-P5-C21-45322-31087.tiff,Case-48,Non-Tumor,NON_TUMOR,TRUE,False,RETRIEVED,200,C:\Users\enkso\.kiro\crew\scratch\runtime-0a306834\osteopatch_full_ingestion\tiffs\Case-48-P5-C21-45322-31087.tiff,127598,d3241ebbcaa2d859e6bf719ce186c0ae4f307a1055feb467ef977da355c47200
Case-48-P5-C21-45348-15985,Case-48-P5-C21-45348-15985,Case 48 - P5 C21-45348-15985,http://pathdb.cancerimagingarchive.net/system/files/wsi/ross/Osteosarcoma-UT/converted/Osteosarcoma-UT/Training-Set-1/set8/Case-48-P5-C21-45348-15985.tiff,Case-48,Viable,VIABLE_TUMOR,TRUE,False,RETRIEVED,200,C:\Users\enkso\.kiro\crew\scratch\runtime-0a306834\osteopatch_full_ingestion\tiffs\Case-48-P5-C21-45348-15985.tiff,264886,a8e5e9ed82a547713dfae7be4698e6c6c0d596a9096a2f6007db8b1b88a00748
Case-48-P5-C21-45909-8019,Case-48-P5-C21-45909-8019,Case 48 - P5 C21-45909-8019,http://pathdb.cancerimagingarchive.net/system/files/wsi/ross/Osteosarcoma-UT/converted/Osteosarcoma-UT/Training-Set-1/set8/Case-48-P5-C21-45909-8019.tiff,Case-48,Viable,VIABLE_TUMOR,TRUE,False,RETRIEVED,200,C:\Users\enkso\.kiro\crew\scratch\runtime-0a306834\osteopatch_full_ingestion\tiffs\Case-48-P5-C21-45909-8019.tiff,333766,c4f72ee8c5274bb9633ca5fbc6eb58d7af1041a223767d5ae9fe97ac4bb0a90b
Case-48-P5-C21-46100-29884,Case-48-P5-C21-46100-29884,Case 48 - P5 C21-46100-29884,http://pathdb.cancerimagingarchive.net/system/files/wsi/ross/Osteosarcoma-UT/converted/Osteosarcoma-UT/Training-Set-1/set8/Case-48-P5-C21-46100-29884.tiff,Case-48,Non-Tumor,NON_TUMOR,TRUE,False,RETRIEVED,200,C:\Users\enkso\.kiro\crew\scratch\runtime-0a306834\osteopatch_full_ingestion\tiffs\Case-48-P5-C21-46100-29884.tiff,149770,2791c7788df2d4b1b6599d3eb4b87b3f344c1f31e27d8686f11413a34f2c2f3c
Case-48-P5-C21-46692-23838,Case-48-P5-C21-46692-23838,Case 48 - P5 C21-46692-23838,http://pathdb.cancerimagingarchive.net/system/files/wsi/ross/Osteosarcoma-UT/converted/Osteosarcoma-UT/Training-Set-1/set8/Case-48-P5-C21-46692-23838.tiff,Case-48,Viable,VIABLE_TUMOR,TRUE,False,RETRIEVED,200,C:\Users\enkso\.kiro\crew\scratch\runtime-0a306834\osteopatch_full_ingestion\tiffs\Case-48-P5-C21-46692-23838.tiff,251812,7caebac165f7bc903b224139e351839b752ae952bb40c3d32854e3e53a9646bb
Case-48-P5-C21-48446-3802,Case-48-P5-C21-48446-3802,Case 48 - P5 C21-48446-3802,http://pathdb.cancerimagingarchive.net/system/files/wsi/ross/Osteosarcoma-UT/converted/Osteosarcoma-UT/Training-Set-1/set8/Case-48-P5-C21-48446-3802.tiff,Case-48,Viable,VIABLE_TUMOR,TRUE,False,RETRIEVED,200,C:\Users\enkso\.kiro\crew\scratch\runtime-0a306834\osteopatch_full_ingestion\tiffs\Case-48-P5-C21-48446-3802.tiff,196968,2454a27ff74b72fe1bc3514db0b7c1a8b1352086b9e0ebd4ecae232e601fe7da
Case-48-P5-C21-50643-22090,Case-48-P5-C21-50643-22090,Case 48 - P5 C21-50643-22090,http://pathdb.cancerimagingarchive.net/system/files/wsi/ross/Osteosarcoma-UT/converted/Osteosarcoma-UT/Training-Set-1/set8/Case-48-P5-C21-50643-22090.tiff,Case-48,Viable,VIABLE_TUMOR,TRUE,False,RETRIEVED,200,C:\Users\enkso\.kiro\crew\scratch\runtime-0a306834\osteopatch_full_ingestion\tiffs\Case-48-P5-C21-50643-22090.tiff,303594,204e78938b81ca2438faf02d79e5988baf1170e74e33a66e665aa324ba4915af
Case-48-P5-C21-51030-28827,Case-48-P5-C21-51030-28827,Case 48 - P5 C21-51030-28827,http://pathdb.cancerimagingarchive.net/system/files/wsi/ross/Osteosarcoma-UT/converted/Osteosarcoma-UT/Training-Set-1/set9/Case-48-P5-C21-51030-28827.tiff,Case-48,Non-Tumor,NON_TUMOR,TRUE,False,RETRIEVED,200,C:\Users\enkso\.kiro\crew\scratch\runtime-0a306834\osteopatch_full_ingestion\tiffs\Case-48-P5-C21-51030-28827.tiff,239836,ce8b76cb21cbbb1f0dc469f551ef6e104994f46095974b1b354a68222942fe8c
Case-48-P5-C21-52961-18393,Case-48-P5-C21-52961-18393,Case 48 - P5 C21-52961-18393,http://pathdb.cancerimagingarchive.net/system/files/wsi/ross/Osteosarcoma-UT/converted/Osteosarcoma-UT/Training-Set-1/set9/Case-48-P5-C21-52961-18393.tiff,Case-48,Viable,VIABLE_TUMOR,TRUE,False,RETRIEVED,200,C:\Users\enkso\.kiro\crew\scratch\runtime-0a306834\osteopatch_full_ingestion\tiffs\Case-48-P5-C21-52961-18393.tiff,300126,b825258e77f681958131044b11c4ea55cfacbac91db7cfa59b95fe0a99508b56
Case-48-P5-C21-8898-15670,Case-48-P5-C21-8898-15670,Case 48 - P5 C21-8898-15670,http://pathdb.cancerimagingarchive.net/system/files/wsi/ross/Osteosarcoma-UT/converted/Osteosarcoma-UT/Training-Set-2/set9/Case-48-P5-C21-8898-15670.tiff,Case-48,Non-Tumor,NON_TUMOR,TRUE,False,RETRIEVED,200,C:\Users\enkso\.kiro\crew\scratch\runtime-0a306834\osteopatch_full_ingestion\tiffs\Case-48-P5-C21-8898-15670.tiff,165560,a2eac44cbed123e27cd4cf56bd0a32ef19a471189d35e65e595a3c6952f94010
Case-48-P5-C22-10542-19412,Case-48-P5-C22-10542-19412,Case 48 - P5 C22-10542-19412,http://pathdb.cancerimagingarchive.net/system/files/wsi/ross/Osteosarcoma-UT/converted/Osteosarcoma-UT/Training-Set-2/set9/Case-48-P5-C22-10542-19412.tiff,Case-48,Non-Tumor,NON_TUMOR,TRUE,False,RETRIEVED,200,C:\Users\enkso\.kiro\crew\scratch\runtime-0a306834\osteopatch_full_ingestion\tiffs\Case-48-P5-C22-10542-19412.tiff,138892,968c50d4fe3cc7785584444d6610e5b21e84f43288755bb6a846061de352fc0a
Case-48-P5-C22-13977-20055,Case-48-P5-C22-13977-20055,Case 48 - P5 C22-13977-20055,http://pathdb.cancerimagingarchive.net/system/files/wsi/ross/Osteosarcoma-UT/converted/Osteosarcoma-UT/Training-Set-2/set9/Case-48-P5-C22-13977-20055.tiff,Case-48,Non-Tumor,NON_TUMOR,TRUE,False,RETRIEVED,200,C:\Users\enkso\.kiro\crew\scratch\runtime-0a306834\osteopatch_full_ingestion\tiffs\Case-48-P5-C22-13977-20055.tiff,141714,84dd4df26610da0d4b40d954b9991dc46cbeed6c57244774412dacef29a55c5c
Case-48-P5-C22-14392-22302,Case-48-P5-C22-14392-22302,Case 48 - P5 C22-14392-22302,http://pathdb.cancerimagingarchive.net/system/files/wsi/ross/Osteosarcoma-UT/converted/Osteosarcoma-UT/Training-Set-2/set9/Case-48-P5-C22-14392-22302.tiff,Case-48,Non-Tumor,NON_TUMOR,TRUE,False,RETRIEVED,200,C:\Users\enkso\.kiro\crew\scratch\runtime-0a306834\osteopatch_full_ingestion\tiffs\Case-48-P5-C22-14392-22302.tiff,143156,ed64be73c65c7345da2f769fc905f07ce27ad58fd95b1fa54c443da06822a746
Case-48-P5-C22-14726-13837,Case-48-P5-C22-14726-13837,Case 48 - P5 C22-14726-13837,http://pathdb.cancerimagingarchive.net/system/files/wsi/ross/Osteosarcoma-UT/converted/Osteosarcoma-UT/Training-Set-2/set9/Case-48-P5-C22-14726-13837.tiff,Case-48,Viable,VIABLE_TUMOR,TRUE,False,RETRIEVED,200,C:\Users\enkso\.kiro\crew\scratch\runtime-0a306834\osteopatch_full_ingestion\tiffs\Case-48-P5-C22-14726-13837.tiff,393962,0ad83561eac3df8b7a7e6f818aa669b2fda658a07fcb66739b6c112fa78640d1
Case-48-P5-C22-17464-9867,Case-48-P5-C22-17464-9867,Case 48 - P5 C22-17464-9867,http://pathdb.cancerimagingarchive.net/system/files/wsi/ross/Osteosarcoma-UT/converted/Osteosarcoma-UT/Training-Set-2/set9/Case-48-P5-C22-17464-9867.tiff,Case-48,Viable,VIABLE_TUMOR,TRUE,False,RETRIEVED,200,C:\Users\enkso\.kiro\crew\scratch\runtime-0a306834\osteopatch_full_ingestion\tiffs\Case-48-P5-C22-17464-9867.tiff,141820,be5fa4678833f51b792d2bfc9e1d4d059f6d915d97a50fa9398cb15316669d4c
Case-48-P5-C22-21419-13624,Case-48-P5-C22-21419-13624,Case 48 - P5 C22-21419-13624,http://pathdb.cancerimagingarchive.net/system/files/wsi/ross/Osteosarcoma-UT/converted/Osteosarcoma-UT/Training-Set-2/set9/Case-48-P5-C22-21419-13624.tiff,Case-48,viable: non-viable,,FALSE,True,RETRIEVED,200,C:\Users\enkso\.kiro\crew\scratch\runtime-0a306834\osteopatch_full_ingestion\tiffs\Case-48-P5-C22-21419-13624.tiff,237070,2a40073dd92ba5f23b87963f3dfa2e1d70913040ba3069481a9f8c07d6a73fc7
Case-48-P5-C22-25507-14943,Case-48-P5-C22-25507-14943,Case 48 - P5 C22-25507-14943,http://pathdb.cancerimagingarchive.net/system/files/wsi/ross/Osteosarcoma-UT/converted/Osteosarcoma-UT/Training-Set-2/set9/Case-48-P5-C22-25507-14943.tiff,Case-48,Viable,VIABLE_TUMOR,TRUE,False,RETRIEVED,200,C:\Users\enkso\.kiro\crew\scratch\runtime-0a306834\osteopatch_full_ingestion\tiffs\Case-48-P5-C22-25507-14943.tiff,247382,05b786514397c1ed9043c7653862e0151c35b4ddba16a18b52ac1400568dbfa0
Case-48-P5-C22-26068-19668,Case-48-P5-C22-26068-19668,Case 48 - P5 C22-26068-19668,http://pathdb.cancerimagingarchive.net/system/files/wsi/ross/Osteosarcoma-UT/converted/Osteosarcoma-UT/Training-Set-2/set9/Case-48-P5-C22-26068-19668.tiff,Case-48,Viable,VIABLE_TUMOR,TRUE,False,RETRIEVED,200,C:\Users\enkso\.kiro\crew\scratch\runtime-0a306834\osteopatch_full_ingestion\tiffs\Case-48-P5-C22-26068-19668.tiff,297264,ce87d78e91997bafd1405fb0725d350137d7e61370a37cfb76197696069e832d
Case-48-P5-C22-29420-12082,Case-48-P5-C22-29420-12082,Case 48 - P5 C22-29420-12082,http://pathdb.cancerimagingarchive.net/system/files/wsi/ross/Osteosarcoma-UT/converted/Osteosarcoma-UT/Training-Set-2/set9/Case-48-P5-C22-29420-12082.tiff,Case-48,viable: non-viable,,FALSE,True,RETRIEVED,200,C:\Users\enkso\.kiro\crew\scratch\runtime-0a306834\osteopatch_full_ingestion\tiffs\Case-48-P5-C22-29420-12082.tiff,271644,d67ac7f49bf98eccefd97410c74830a741b154c3a6079b349871fbd07a3fa712
Case-48-P5-C22-29810-28152,Case-48-P5-C22-29810-28152,Case 48 - P5 C22-29810-28152,http://pathdb.cancerimagingarchive.net/system/files/wsi/ross/Osteosarcoma-UT/converted/Osteosarcoma-UT/Training-Set-2/set9/Case-48-P5-C22-29810-28152.tiff,Case-48,Non-Tumor,NON_TUMOR,TRUE,False,RETRIEVED,200,C:\Users\enkso\.kiro\crew\scratch\runtime-0a306834\osteopatch_full_ingestion\tiffs\Case-48-P5-C22-29810-28152.tiff,148732,d88f151f7f8fe6febed6dad3d50b84ef0a29faf6c5c87ff293e81de542760d0e
Case-48-P5-C22-33153-19473,Case-48-P5-C22-33153-19473,Case 48 - P5 C22-33153-19473,http://pathdb.cancerimagingarchive.net/system/files/wsi/ross/Osteosarcoma-UT/converted/Osteosarcoma-UT/Training-Set-2/set9/Case-48-P5-C22-33153-19473.tiff,Case-48,Viable,VIABLE_TUMOR,TRUE,False,RETRIEVED,200,C:\Users\enkso\.kiro\crew\scratch\runtime-0a306834\osteopatch_full_ingestion\tiffs\Case-48-P5-C22-33153-19473.tiff,248046,486409b78a4ce85c6d203b7948fc5581fe60547a7d33b08b17046c59ac0bfb12
Case-48-P5-C22-33543-8004,Case-48-P5-C22-33543-8004,Case 48 - P5 C22-33543-8004,http://pathdb.cancerimagingarchive.net/system/files/wsi/ross/Osteosarcoma-UT/converted/Osteosarcoma-UT/Training-Set-2/set9/Case-48-P5-C22-33543-8004.tiff,Case-48,Viable,VIABLE_TUMOR,TRUE,False,RETRIEVED,200,C:\Users\enkso\.kiro\crew\scratch\runtime-0a306834\osteopatch_full_ingestion\tiffs\Case-48-P5-C22-33543-8004.tiff,244482,3a67631c04ac7d3263e006b470dff7e574dddf9e44c7c1af4d007b0dcb48dce7
Case-48-P5-C22-33640-5373,Case-48-P5-C22-33640-5373,Case 48 - P5 C22-33640-5373,http://pathdb.cancerimagingarchive.net/system/files/wsi/ross/Osteosarcoma-UT/converted/Osteosarcoma-UT/Training-Set-2/set9/Case-48-P5-C22-33640-5373.tiff,Case-48,Viable,VIABLE_TUMOR,TRUE,False,RETRIEVED,200,C:\Users\enkso\.kiro\crew\scratch\runtime-0a306834\osteopatch_full_ingestion\tiffs\Case-48-P5-C22-33640-5373.tiff,343218,ab8dcec4e4e658c5d9c78cdb542ed39d975439713782626dd6fe7229822425b6
Case-48-P5-C22-34058-4542,Case-48-P5-C22-34058-4542,Case 48 - P5 C22-34058-4542,http://pathdb.cancerimagingarchive.net/system/files/wsi/ross/Osteosarcoma-UT/converted/Osteosarcoma-UT/Training-Set-2/set9/Case-48-P5-C22-34058-4542.tiff,Case-48,Viable,VIABLE_TUMOR,TRUE,False,RETRIEVED,200,C:\Users\enkso\.kiro\crew\scratch\runtime-0a306834\osteopatch_full_ingestion\tiffs\Case-48-P5-C22-34058-4542.tiff,215634,ac297677007c63be435ff6e3dc950ff13ca741e16f54e69bcc368e0b9c534b0c
Case-48-P5-C22-35024-20347,Case-48-P5-C22-35024-20347,Case 48 - P5 C22-35024-20347,http://pathdb.cancerimagingarchive.net/system/files/wsi/ross/Osteosarcoma-UT/converted/Osteosarcoma-UT/Training-Set-2/set9/Case-48-P5-C22-35024-20347.tiff,Case-48,viable: non-viable,,FALSE,True,RETRIEVED,200,C:\Users\enkso\.kiro\crew\scratch\runtime-0a306834\osteopatch_full_ingestion\tiffs\Case-48-P5-C22-35024-20347.tiff,221192,e2fb7241ba634634c45b65d8f461a98b5ea7d4e75e6981c18acf45f6fcc77def
Case-48-P5-C22-41496-16304,Case-48-P5-C22-41496-16304,Case 48 - P5 C22-41496-16304,http://pathdb.cancerimagingarchive.net/system/files/wsi/ross/Osteosarcoma-UT/converted/Osteosarcoma-UT/Training-Set-1/set9/Case-48-P5-C22-41496-16304.tiff,Case-48,Viable,VIABLE_TUMOR,TRUE,False,RETRIEVED,200,C:\Users\enkso\.kiro\crew\scratch\runtime-0a306834\osteopatch_full_ingestion\tiffs\Case-48-P5-C22-41496-16304.tiff,181804,964e1a4f238e1ad70591ddbb19e31047cc3b8e7b2885209125c043c391df77b1
Case-48-P5-C22-45202-17053,Case-48-P5-C22-45202-17053,Case 48 - P5 C22-45202-17053,http://pathdb.cancerimagingarchive.net/system/files/wsi/ross/Osteosarcoma-UT/converted/Osteosarcoma-UT/Training-Set-1/set9/Case-48-P5-C22-45202-17053.tiff,Case-48,Viable,VIABLE_TUMOR,TRUE,False,RETRIEVED,200,C:\Users\enkso\.kiro\crew\scratch\runtime-0a306834\osteopatch_full_ingestion\tiffs\Case-48-P5-C22-45202-17053.tiff,182434,8ee475e64263656ba35ab1f33e80b2cfde683110c0b14c7f1b5138c6097065c6
Case-48-P5-C22-45260-4742,Case-48-P5-C22-45260-4742,Case 48 - P5 C22-45260-4742,http://pathdb.cancerimagingarchive.net/system/files/wsi/ross/Osteosarcoma-UT/converted/Osteosarcoma-UT/Training-Set-1/set9/Case-48-P5-C22-45260-4742.tiff,Case-48,Viable,VIABLE_TUMOR,TRUE,False,RETRIEVED,200,C:\Users\enkso\.kiro\crew\scratch\runtime-0a306834\osteopatch_full_ingestion\tiffs\Case-48-P5-C22-45260-4742.tiff,350922,c81ce3f77c6ac32548a9ca1e8418638fbd2eff07f3df4bfaad276f648ffcb1ca
Case-48-P5-C22-45517-9307,Case-48-P5-C22-45517-9307,Case 48 - P5 C22-45517-9307,http://pathdb.cancerimagingarchive.net/system/files/wsi/ross/Osteosarcoma-UT/converted/Osteosarcoma-UT/Training-Set-1/set9/Case-48-P5-C22-45517-9307.tiff,Case-48,Viable,VIABLE_TUMOR,TRUE,False,RETRIEVED,200,C:\Users\enkso\.kiro\crew\scratch\runtime-0a306834\osteopatch_full_ingestion\tiffs\Case-48-P5-C22-45517-9307.tiff,302882,bc0f68d57b072eaea1e46c76ad8f9a4de9b7e92348be034b83ee1a30de47e0aa
Case-48-P5-C22-45776-7378,Case-48-P5-C22-45776-7378,Case 48 - P5 C22-45776-7378,http://pathdb.cancerimagingarchive.net/system/files/wsi/ross/Osteosarcoma-UT/converted/Osteosarcoma-UT/Training-Set-1/set9/Case-48-P5-C22-45776-7378.tiff,Case-48,Viable,VIABLE_TUMOR,TRUE,False,RETRIEVED,200,C:\Users\enkso\.kiro\crew\scratch\runtime-0a306834\osteopatch_full_ingestion\tiffs\Case-48-P5-C22-45776-7378.tiff,296970,ed83ffc55f3a7c38b4f60a66ab1e666d834176af387e28d798014027f995d4d3
Case-48-P5-C22-45824-16584,Case-48-P5-C22-45824-16584,Case 48 - P5 C22-45824-16584,http://pathdb.cancerimagingarchive.net/system/files/wsi/ross/Osteosarcoma-UT/converted/Osteosarcoma-UT/Training-Set-1/set9/Case-48-P5-C22-45824-16584.tiff,Case-48,Viable,VIABLE_TUMOR,TRUE,False,RETRIEVED,200,C:\Users\enkso\.kiro\crew\scratch\runtime-0a306834\osteopatch_full_ingestion\tiffs\Case-48-P5-C22-45824-16584.tiff,300248,e843edb96c88bcac6ce18c4dc73dc137b9f091a7bc43f61836ccb592d50465e5
Case-48-P5-C22-46134-22320,Case-48-P5-C22-46134-22320,Case 48 - P5 C22-46134-22320,http://pathdb.cancerimagingarchive.net/system/files/wsi/ross/Osteosarcoma-UT/converted/Osteosarcoma-UT/Training-Set-1/set9/Case-48-P5-C22-46134-22320.tiff,Case-48,Viable,VIABLE_TUMOR,TRUE,False,RETRIEVED,200,C:\Users\enkso\.kiro\crew\scratch\runtime-0a306834\osteopatch_full_ingestion\tiffs\Case-48-P5-C22-46134-22320.tiff,156118,8bb8670bddb2d4e54f4d5b6e64070de30f45370b462b3573b5221f85b756be88
Case-48-P5-C22-46689-25261,Case-48-P5-C22-46689-25261,Case 48 - P5 C22-46689-25261,http://pathdb.cancerimagingarchive.net/system/files/wsi/ross/Osteosarcoma-UT/converted/Osteosarcoma-UT/Training-Set-1/set9/Case-48-P5-C22-46689-25261.tiff,Case-48,Viable,VIABLE_TUMOR,TRUE,False,RETRIEVED,200,C:\Users\enkso\.kiro\crew\scratch\runtime-0a306834\osteopatch_full_ingestion\tiffs\Case-48-P5-C22-46689-25261.tiff,283168,0e9b2d29d3978f901f01d9707fd717238710aeb3aa4dca633c1db0d25c8acf70
Case-48-P5-C22-47843-3919,Case-48-P5-C22-47843-3919,Case 48 - P5 C22-47843-3919,http://pathdb.cancerimagingarchive.net/system/files/wsi/ross/Osteosarcoma-UT/converted/Osteosarcoma-UT/Training-Set-1/set9/Case-48-P5-C22-47843-3919.tiff,Case-48,Viable,VIABLE_TUMOR,TRUE,False,RETRIEVED,200,C:\Users\enkso\.kiro\crew\scratch\runtime-0a306834\osteopatch_full_ingestion\tiffs\Case-48-P5-C22-47843-3919.tiff,339380,6f0ae425ddfc565e40f22d2ac92d46dac74ae1f387e79642525f6ebdeee8e568
Case-48-P5-C22-4801-12473,Case-48-P5-C22-4801-12473,Case 48 - P5 C22-4801-12473,http://pathdb.cancerimagingarchive.net/system/files/wsi/ross/Osteosarcoma-UT/converted/Osteosarcoma-UT/Training-Set-2/set9/Case-48-P5-C22-4801-12473.tiff,Case-48,Non-Tumor,NON_TUMOR,TRUE,False,RETRIEVED,200,C:\Users\enkso\.kiro\crew\scratch\runtime-0a306834\osteopatch_full_ingestion\tiffs\Case-48-P5-C22-4801-12473.tiff,54462,2ffffcca2912d07bd3b115c13dfd71086f8af812f9fc70e775211cd52c88eacf
Case-48-P5-C22-48383-3948,Case-48-P5-C22-48383-3948,Case 48 - P5 C22-48383-3948,http://pathdb.cancerimagingarchive.net/system/files/wsi/ross/Osteosarcoma-UT/converted/Osteosarcoma-UT/Training-Set-1/set9/Case-48-P5-C22-48383-3948.tiff,Case-48,Viable,VIABLE_TUMOR,TRUE,False,RETRIEVED,200,C:\Users\enkso\.kiro\crew\scratch\runtime-0a306834\osteopatch_full_ingestion\tiffs\Case-48-P5-C22-48383-3948.tiff,245044,89ac6a74f69b033f41d92147fd0927d4a81b151fcaecfbf4cb066b6fe2408433
Case-48-P5-C22-50594-23644,Case-48-P5-C22-50594-23644,Case 48 - P5 C22-50594-23644,http://pathdb.cancerimagingarchive.net/system/files/wsi/ross/Osteosarcoma-UT/converted/Osteosarcoma-UT/Training-Set-1/set9/Case-48-P5-C22-50594-23644.tiff,Case-48,Non-Tumor,NON_TUMOR,TRUE,False,RETRIEVED,200,C:\Users\enkso\.kiro\crew\scratch\runtime-0a306834\osteopatch_full_ingestion\tiffs\Case-48-P5-C22-50594-23644.tiff,246688,d91de6e726bb10a6d3cbf8d2ba3ed804a383bde01438b49c1c9ef2faf3e5ca8f
Case-48-P5-C22-51881-12030,Case-48-P5-C22-51881-12030,Case 48 - P5 C22-51881-12030,http://pathdb.cancerimagingarchive.net/system/files/wsi/ross/Osteosarcoma-UT/converted/Osteosarcoma-UT/Training-Set-1/set9/Case-48-P5-C22-51881-12030.tiff,Case-48,Viable,VIABLE_TUMOR,TRUE,False,RETRIEVED,200,C:\Users\enkso\.kiro\crew\scratch\runtime-0a306834\osteopatch_full_ingestion\tiffs\Case-48-P5-C22-51881-12030.tiff,266926,2764117f047d4f90739a87d81f1fb7f6880e63acbc11826e54a835114ae7b83b
Case-48-P5-C23-10747-20258,Case-48-P5-C23-10747-20258,Case 48 - P5 C23-10747-20258,http://pathdb.cancerimagingarchive.net/system/files/wsi/ross/Osteosarcoma-UT/converted/Osteosarcoma-UT/Training-Set-2/set9/Case-48-P5-C23-10747-20258.tiff,Case-48,Non-Tumor,NON_TUMOR,TRUE,False,RETRIEVED,200,C:\Users\enkso\.kiro\crew\scratch\runtime-0a306834\osteopatch_full_ingestion\tiffs\Case-48-P5-C23-10747-20258.tiff,138244,6a191d987f386353aa2b9ca3663bfae0b6baa439f512f2356065663d7bd9e211
Case-48-P5-C23-13674-18318,Case-48-P5-C23-13674-18318,Case 48 - P5 C23-13674-18318,http://pathdb.cancerimagingarchive.net/system/files/wsi/ross/Osteosarcoma-UT/converted/Osteosarcoma-UT/Training-Set-2/set9/Case-48-P5-C23-13674-18318.tiff,Case-48,Non-Tumor,NON_TUMOR,TRUE,False,RETRIEVED,200,C:\Users\enkso\.kiro\crew\scratch\runtime-0a306834\osteopatch_full_ingestion\tiffs\Case-48-P5-C23-13674-18318.tiff,257886,873c4129a549a707a768b238fd5e13bb0aae6f089fc40b1ff3bfb972f5889292
Case-48-P5-C23-15409-20333,Case-48-P5-C23-15409-20333,Case 48 - P5 C23-15409-20333,http://pathdb.cancerimagingarchive.net/system/files/wsi/ross/Osteosarcoma-UT/converted/Osteosarcoma-UT/Training-Set-2/set9/Case-48-P5-C23-15409-20333.tiff,Case-48,Viable,VIABLE_TUMOR,TRUE,False,RETRIEVED,200,C:\Users\enkso\.kiro\crew\scratch\runtime-0a306834\osteopatch_full_ingestion\tiffs\Case-48-P5-C23-15409-20333.tiff,266954,754b30f62386528e90d596a6e74c0ae50293b2e86c60b5b4f4263becd289add3
Case-48-P5-C23-18472-17481,Case-48-P5-C23-18472-17481,Case 48 - P5 C23-18472-17481,http://pathdb.cancerimagingarchive.net/system/files/wsi/ross/Osteosarcoma-UT/converted/Osteosarcoma-UT/Training-Set-2/set9/Case-48-P5-C23-18472-17481.tiff,Case-48,Viable,VIABLE_TUMOR,TRUE,False,RETRIEVED,200,C:\Users\enkso\.kiro\crew\scratch\runtime-0a306834\osteopatch_full_ingestion\tiffs\Case-48-P5-C23-18472-17481.tiff,286952,c1d891a1f8e838f4b414b8d509b1b44ed1a675a071b58759bf3b6299522d7452
Case-48-P5-C23-19579-22034,Case-48-P5-C23-19579-22034,Case 48 - P5 C23-19579-22034,http://pathdb.cancerimagingarchive.net/system/files/wsi/ross/Osteosarcoma-UT/converted/Osteosarcoma-UT/Training-Set-2/set9/Case-48-P5-C23-19579-22034.tiff,Case-48,Viable,VIABLE_TUMOR,TRUE,False,RETRIEVED,200,C:\Users\enkso\.kiro\crew\scratch\runtime-0a306834\osteopatch_full_ingestion\tiffs\Case-48-P5-C23-19579-22034.tiff,309714,aea2f77e3bbfa8b3f43550e5618977563207193cb82bcc764257aaf011d6d9bb
Case-48-P5-C23-23240-21386,Case-48-P5-C23-23240-21386,Case 48 - P5 C23-23240-21386,http://pathdb.cancerimagingarchive.net/system/files/wsi/ross/Osteosarcoma-UT/converted/Osteosarcoma-UT/Training-Set-2/set9/Case-48-P5-C23-23240-21386.tiff,Case-48,Viable,VIABLE_TUMOR,TRUE,False,RETRIEVED,200,C:\Users\enkso\.kiro\crew\scratch\runtime-0a306834\osteopatch_full_ingestion\tiffs\Case-48-P5-C23-23240-21386.tiff,257366,cca6c8a8a68f90f0e7e607fe18bfc34932d0c005eda79bdb84dcd53d0b62657e
Case-48-P5-C23-27501-16553,Case-48-P5-C23-27501-16553,Case 48 - P5 C23-27501-16553,http://pathdb.cancerimagingarchive.net/system/files/wsi/ross/Osteosarcoma-UT/converted/Osteosarcoma-UT/Training-Set-2/set9/Case-48-P5-C23-27501-16553.tiff,Case-48,Viable,VIABLE_TUMOR,TRUE,False,RETRIEVED,200,C:\Users\enkso\.kiro\crew\scratch\runtime-0a306834\osteopatch_full_ingestion\tiffs\Case-48-P5-C23-27501-16553.tiff,288832,95986e8809e90082bd5d878b2c5866d804321cf47c35a25769576bbbe6fea716
Case-48-P5-C23-28780-10637,Case-48-P5-C23-28780-10637,Case 48 - P5 C23-28780-10637,http://pathdb.cancerimagingarchive.net/system/files/wsi/ross/Osteosarcoma-UT/converted/Osteosarcoma-UT/Training-Set-2/set9/Case-48-P5-C23-28780-10637.tiff,Case-48,Viable,VIABLE_TUMOR,TRUE,False,RETRIEVED,200,C:\Users\enkso\.kiro\crew\scratch\runtime-0a306834\osteopatch_full_ingestion\tiffs\Case-48-P5-C23-28780-10637.tiff,365788,b952ed034a9293d4ece0622b271959dad406e8ccdb3a4c48f28a0433c6b05168
Case-48-P5-C23-29641-13214,Case-48-P5-C23-29641-13214,Case 48 - P5 C23-29641-13214,http://pathdb.cancerimagingarchive.net/system/files/wsi/ross/Osteosarcoma-UT/converted/Osteosarcoma-UT/Training-Set-2/set9/Case-48-P5-C23-29641-13214.tiff,Case-48,Viable,VIABLE_TUMOR,TRUE,False,RETRIEVED,200,C:\Users\enkso\.kiro\crew\scratch\runtime-0a306834\osteopatch_full_ingestion\tiffs\Case-48-P5-C23-29641-13214.tiff,272428,3248c43929e8759ab244e6a62dbfe6ed12bd6f3fd215c60b846d210d84454b84
Case-48-P5-C23-29743-6511,Case-48-P5-C23-29743-6511,Case 48 - P5 C23-29743-6511,http://pathdb.cancerimagingarchive.net/system/files/wsi/ross/Osteosarcoma-UT/converted/Osteosarcoma-UT/Training-Set-2/set10/Case-48-P5-C23-29743-6511.tiff,Case-48,Viable,VIABLE_TUMOR,TRUE,False,RETRIEVED,200,C:\Users\enkso\.kiro\crew\scratch\runtime-0a306834\osteopatch_full_ingestion\tiffs\Case-48-P5-C23-29743-6511.tiff,310680,8daf38ca5fc441c19cd5a269c3999999eca7a2f1f48ab8bbe2f78e0266408e78
Case-48-P5-C23-30981-19966,Case-48-P5-C23-30981-19966,Case 48 - P5 C23-30981-19966,http://pathdb.cancerimagingarchive.net/system/files/wsi/ross/Osteosarcoma-UT/converted/Osteosarcoma-UT/Training-Set-2/set10/Case-48-P5-C23-30981-19966.tiff,Case-48,viable: non-viable,,FALSE,True,RETRIEVED,200,C:\Users\enkso\.kiro\crew\scratch\runtime-0a306834\osteopatch_full_ingestion\tiffs\Case-48-P5-C23-30981-19966.tiff,217348,6df0a38b03038e9383f789132bd0001bc8fd5c07324e1d6f0aabf269e6a734ae
Case-48-P5-C23-32821-29229,Case-48-P5-C23-32821-29229,Case 48 - P5 C23-32821-29229,http://pathdb.cancerimagingarchive.net/system/files/wsi/ross/Osteosarcoma-UT/converted/Osteosarcoma-UT/Training-Set-2/set10/Case-48-P5-C23-32821-29229.tiff,Case-48,Non-Tumor,NON_TUMOR,TRUE,False,RETRIEVED,200,C:\Users\enkso\.kiro\crew\scratch\runtime-0a306834\osteopatch_full_ingestion\tiffs\Case-48-P5-C23-32821-29229.tiff,130524,860a9664f98e68bcf52c605922b3efffa328842bc4a41ebe26e165e2dedcbf87
Case-48-P5-C23-33786-5204,Case-48-P5-C23-33786-5204,Case 48 - P5 C23-33786-5204,http://pathdb.cancerimagingarchive.net/system/files/wsi/ross/Osteosarcoma-UT/converted/Osteosarcoma-UT/Training-Set-2/set10/Case-48-P5-C23-33786-5204.tiff,Case-48,Viable,VIABLE_TUMOR,TRUE,False,RETRIEVED,200,C:\Users\enkso\.kiro\crew\scratch\runtime-0a306834\osteopatch_full_ingestion\tiffs\Case-48-P5-C23-33786-5204.tiff,319906,b94469a4727256205f0e41d0dd12b12e901e33f0abc8d61811ead17aff1b34db
Case-48-P5-C23-34632-9865,Case-48-P5-C23-34632-9865,Case 48 - P5 C23-34632-9865,http://pathdb.cancerimagingarchive.net/system/files/wsi/ross/Osteosarcoma-UT/converted/Osteosarcoma-UT/Training-Set-2/set10/Case-48-P5-C23-34632-9865.tiff,Case-48,viable: non-viable,,FALSE,True,RETRIEVED,200,C:\Users\enkso\.kiro\crew\scratch\runtime-0a306834\osteopatch_full_ingestion\tiffs\Case-48-P5-C23-34632-9865.tiff,405760,9373466574b41d3231409743cf6d1fe8f8d8191693be54a1dc50afff0e39d74c
Case-48-P5-C23-34741-19829,Case-48-P5-C23-34741-19829,Case 48 - P5 C23-34741-19829,http://pathdb.cancerimagingarchive.net/system/files/wsi/ross/Osteosarcoma-UT/converted/Osteosarcoma-UT/Training-Set-2/set10/Case-48-P5-C23-34741-19829.tiff,Case-48,Viable,VIABLE_TUMOR,TRUE,False,RETRIEVED,200,C:\Users\enkso\.kiro\crew\scratch\runtime-0a306834\osteopatch_full_ingestion\tiffs\Case-48-P5-C23-34741-19829.tiff,212008,7e31c8b1795f67431ae379e07c0c38e3585e86c6926b5e808471a257c0dcd550
Case-48-P5-C23-36139-19852,Case-48-P5-C23-36139-19852,Case 48 - P5 C23-36139-19852,http://pathdb.cancerimagingarchive.net/system/files/wsi/ross/Osteosarcoma-UT/converted/Osteosarcoma-UT/Training-Set-1/set9/Case-48-P5-C23-36139-19852.tiff,Case-48,Viable,VIABLE_TUMOR,TRUE,False,RETRIEVED,200,C:\Users\enkso\.kiro\crew\scratch\runtime-0a306834\osteopatch_full_ingestion\tiffs\Case-48-P5-C23-36139-19852.tiff,270904,c9816b986ed092cbeeb49de0154522b3c2150143c05bca1aafc6b90219ca32d8
Case-48-P5-C23-36214-9904,Case-48-P5-C23-36214-9904,Case 48 - P5 C23-36214-9904,http://pathdb.cancerimagingarchive.net/system/files/wsi/ross/Osteosarcoma-UT/converted/Osteosarcoma-UT/Training-Set-1/set9/Case-48-P5-C23-36214-9904.tiff,Case-48,Viable,VIABLE_TUMOR,TRUE,False,RETRIEVED,200,C:\Users\enkso\.kiro\crew\scratch\runtime-0a306834\osteopatch_full_ingestion\tiffs\Case-48-P5-C23-36214-9904.tiff,369598,f7ed71adc0eaa6918afcc1efd109b6914b602a0eea95fd1a84321cc8a365cfa2
Case-48-P5-C23-37489-18137,Case-48-P5-C23-37489-18137,Case 48 - P5 C23-37489-18137,http://pathdb.cancerimagingarchive.net/system/files/wsi/ross/Osteosarcoma-UT/converted/Osteosarcoma-UT/Training-Set-1/set9/Case-48-P5-C23-37489-18137.tiff,Case-48,Viable,VIABLE_TUMOR,TRUE,False,RETRIEVED,200,C:\Users\enkso\.kiro\crew\scratch\runtime-0a306834\osteopatch_full_ingestion\tiffs\Case-48-P5-C23-37489-18137.tiff,215706,cfe8d4346e417f1e72519d4d428793c8a71c978c0fbe2368bf6b4e7c02cc133c
Case-48-P5-C23-37654-23879,Case-48-P5-C23-37654-23879,Case 48 - P5 C23-37654-23879,http://pathdb.cancerimagingarchive.net/system/files/wsi/ross/Osteosarcoma-UT/converted/Osteosarcoma-UT/Training-Set-1/set9/Case-48-P5-C23-37654-23879.tiff,Case-48,Viable,VIABLE_TUMOR,TRUE,False,RETRIEVED,200,C:\Users\enkso\.kiro\crew\scratch\runtime-0a306834\osteopatch_full_ingestion\tiffs\Case-48-P5-C23-37654-23879.tiff,266488,3b33697a016439f87df206b85c445a19381f95f1a0feebd5d050deb72216ac46
Case-48-P5-C23-40661-11039,Case-48-P5-C23-40661-11039,Case 48 - P5 C23-40661-11039,http://pathdb.cancerimagingarchive.net/system/files/wsi/ross/Osteosarcoma-UT/converted/Osteosarcoma-UT/Training-Set-1/set9/Case-48-P5-C23-40661-11039.tiff,Case-48,Non-Tumor,NON_TUMOR,TRUE,False,RETRIEVED,200,C:\Users\enkso\.kiro\crew\scratch\runtime-0a306834\osteopatch_full_ingestion\tiffs\Case-48-P5-C23-40661-11039.tiff,271354,b4d0e2f3f5d879baaa5d5266536712214106a0bf0fc50fcffae3e7a850b65440
Case-48-P5-C23-45260-15418,Case-48-P5-C23-45260-15418,Case 48 - P5 C23-45260-15418,http://pathdb.cancerimagingarchive.net/system/files/wsi/ross/Osteosarcoma-UT/converted/Osteosarcoma-UT/Training-Set-1/set9/Case-48-P5-C23-45260-15418.tiff,Case-48,Viable,VIABLE_TUMOR,TRUE,False,RETRIEVED,200,C:\Users\enkso\.kiro\crew\scratch\runtime-0a306834\osteopatch_full_ingestion\tiffs\Case-48-P5-C23-45260-15418.tiff,279536,f59e5b28cb05d872acf5ed49622f529667dccee39f99131c015e5c415fe8bf30
Case-48-P5-C23-46530-30085,Case-48-P5-C23-46530-30085,Case 48 - P5 C23-46530-30085,http://pathdb.cancerimagingarchive.net/system/files/wsi/ross/Osteosarcoma-UT/converted/Osteosarcoma-UT/Training-Set-1/set9/Case-48-P5-C23-46530-30085.tiff,Case-48,Non-Tumor,NON_TUMOR,TRUE,False,RETRIEVED,200,C:\Users\enkso\.kiro\crew\scratch\runtime-0a306834\osteopatch_full_ingestion\tiffs\Case-48-P5-C23-46530-30085.tiff,166996,406d05c908c2251da23ff38e9f50843d70f124d0dc8c8c782939e0f5e6499f59
Case-48-P5-C23-46857-10945,Case-48-P5-C23-46857-10945,Case 48 - P5 C23-46857-10945,http://pathdb.cancerimagingarchive.net/system/files/wsi/ross/Osteosarcoma-UT/converted/Osteosarcoma-UT/Training-Set-1/set9/Case-48-P5-C23-46857-10945.tiff,Case-48,Non-Tumor,NON_TUMOR,TRUE,False,RETRIEVED,200,C:\Users\enkso\.kiro\crew\scratch\runtime-0a306834\osteopatch_full_ingestion\tiffs\Case-48-P5-C23-46857-10945.tiff,155490,0122cb7f1619d9b07e1d3fb01bc279057c9cc7a4b78b8af094d71c2e79280439
Case-48-P5-C23-47339-30578,Case-48-P5-C23-47339-30578,Case 48 - P5 C23-47339-30578,http://pathdb.cancerimagingarchive.net/system/files/wsi/ross/Osteosarcoma-UT/converted/Osteosarcoma-UT/Training-Set-1/set9/Case-48-P5-C23-47339-30578.tiff,Case-48,Non-Tumor,NON_TUMOR,TRUE,False,RETRIEVED,200,C:\Users\enkso\.kiro\crew\scratch\runtime-0a306834\osteopatch_full_ingestion\tiffs\Case-48-P5-C23-47339-30578.tiff,174288,eded6ffa41bd833bbc3cb63562dd15d3f133c4715ecb135f3a5f5d976956262a
Case-48-P5-C23-47543-18036,Case-48-P5-C23-47543-18036,Case 48 - P5 C23-47543-18036,http://pathdb.cancerimagingarchive.net/system/files/wsi/ross/Osteosarcoma-UT/converted/Osteosarcoma-UT/Training-Set-1/set9/Case-48-P5-C23-47543-18036.tiff,Case-48,Viable,VIABLE_TUMOR,TRUE,False,RETRIEVED,200,C:\Users\enkso\.kiro\crew\scratch\runtime-0a306834\osteopatch_full_ingestion\tiffs\Case-48-P5-C23-47543-18036.tiff,272434,b1eb885bcfe8a08e316a49b104a931337b04e8817d435b9184e2db0dc1e4f2ef
Case-48-P5-C23-49586-9920,Case-48-P5-C23-49586-9920,Case 48 - P5 C23-49586-9920,http://pathdb.cancerimagingarchive.net/system/files/wsi/ross/Osteosarcoma-UT/converted/Osteosarcoma-UT/Training-Set-1/set9/Case-48-P5-C23-49586-9920.tiff,Case-48,Viable,VIABLE_TUMOR,TRUE,False,RETRIEVED,200,C:\Users\enkso\.kiro\crew\scratch\runtime-0a306834\osteopatch_full_ingestion\tiffs\Case-48-P5-C23-49586-9920.tiff,282380,d4f2716878c8e72aabdd69cf020f227098ecf98da6858150c49bf12cfba34cb6
Case-48-P5-C23-54011-19464,Case-48-P5-C23-54011-19464,Case 48 - P5 C23-54011-19464,http://pathdb.cancerimagingarchive.net/system/files/wsi/ross/Osteosarcoma-UT/converted/Osteosarcoma-UT/Training-Set-1/set9/Case-48-P5-C23-54011-19464.tiff,Case-48,Viable,VIABLE_TUMOR,TRUE,False,RETRIEVED,200,C:\Users\enkso\.kiro\crew\scratch\runtime-0a306834\osteopatch_full_ingestion\tiffs\Case-48-P5-C23-54011-19464.tiff,295882,0a012d433fa61a3aa18afce5afbcbd265e68423ed1eee0f48db140791719f0ed
Case-48-P5-C24-12193-15641,Case-48-P5-C24-12193-15641,Case 48 - P5 C24-12193-15641,http://pathdb.cancerimagingarchive.net/system/files/wsi/ross/Osteosarcoma-UT/converted/Osteosarcoma-UT/Training-Set-2/set10/Case-48-P5-C24-12193-15641.tiff,Case-48,Non-Tumor,NON_TUMOR,TRUE,False,RETRIEVED,200,C:\Users\enkso\.kiro\crew\scratch\runtime-0a306834\osteopatch_full_ingestion\tiffs\Case-48-P5-C24-12193-15641.tiff,127462,bd4a07fc44cd3aface582ecb72484a48eb4e50f8f940ac196251712235ae19fb
Case-48-P5-C24-15473-17927,Case-48-P5-C24-15473-17927,Case 48 - P5 C24-15473-17927,http://pathdb.cancerimagingarchive.net/system/files/wsi/ross/Osteosarcoma-UT/converted/Osteosarcoma-UT/Training-Set-2/set10/Case-48-P5-C24-15473-17927.tiff,Case-48,Non-Tumor,NON_TUMOR,TRUE,False,RETRIEVED,200,C:\Users\enkso\.kiro\crew\scratch\runtime-0a306834\osteopatch_full_ingestion\tiffs\Case-48-P5-C24-15473-17927.tiff,252390,24aed7600741fa72ddedbda8abf028c53d1f49aaf82b4ddc98cc67f3eff3bc7b
Case-48-P5-C24-17000-3955,Case-48-P5-C24-17000-3955,Case 48 - P5 C24-17000-3955,http://pathdb.cancerimagingarchive.net/system/files/wsi/ross/Osteosarcoma-UT/converted/Osteosarcoma-UT/Training-Set-2/set10/Case-48-P5-C24-17000-3955.tiff,Case-48,Non-Tumor,NON_TUMOR,TRUE,False,RETRIEVED,200,C:\Users\enkso\.kiro\crew\scratch\runtime-0a306834\osteopatch_full_ingestion\tiffs\Case-48-P5-C24-17000-3955.tiff,199720,65fa8fa0a75c93f1a1f8eae420bb7f614b60a59f717e82d292d87fb1a8e86bb0
Case-48-P5-C24-21560-34143,Case-48-P5-C24-21560-34143,Case 48 - P5 C24-21560-34143,http://pathdb.cancerimagingarchive.net/system/files/wsi/ross/Osteosarcoma-UT/converted/Osteosarcoma-UT/Training-Set-2/set10/Case-48-P5-C24-21560-34143.tiff,Case-48,Non-Tumor,NON_TUMOR,TRUE,False,RETRIEVED,200,C:\Users\enkso\.kiro\crew\scratch\runtime-0a306834\osteopatch_full_ingestion\tiffs\Case-48-P5-C24-21560-34143.tiff,154778,35a41e6ac224f438571b05d583a7697d536703379740842e12eed1ce7f5e8b10
Case-48-P5-C24-21763-16611,Case-48-P5-C24-21763-16611,Case 48 - P5 C24-21763-16611,http://pathdb.cancerimagingarchive.net/system/files/wsi/ross/Osteosarcoma-UT/converted/Osteosarcoma-UT/Training-Set-2/set10/Case-48-P5-C24-21763-16611.tiff,Case-48,Non-Tumor,NON_TUMOR,TRUE,False,RETRIEVED,200,C:\Users\enkso\.kiro\crew\scratch\runtime-0a306834\osteopatch_full_ingestion\tiffs\Case-48-P5-C24-21763-16611.tiff,250406,b45fd985e2fc7869a31f837e03e836d76237065c356a318565842684405983d9
Case-48-P5-C24-21815-17299,Case-48-P5-C24-21815-17299,Case 48 - P5 C24-21815-17299,http://pathdb.cancerimagingarchive.net/system/files/wsi/ross/Osteosarcoma-UT/converted/Osteosarcoma-UT/Training-Set-2/set10/Case-48-P5-C24-21815-17299.tiff,Case-48,Non-Tumor,NON_TUMOR,TRUE,False,RETRIEVED,200,C:\Users\enkso\.kiro\crew\scratch\runtime-0a306834\osteopatch_full_ingestion\tiffs\Case-48-P5-C24-21815-17299.tiff,258344,59bd7a12b262efc1afda9a77e5a7e1f8bf2cbde8d5a5d232218693d06489b833
Case-48-P5-C24-24437-18106,Case-48-P5-C24-24437-18106,Case 48 - P5 C24-24437-18106,http://pathdb.cancerimagingarchive.net/system/files/wsi/ross/Osteosarcoma-UT/converted/Osteosarcoma-UT/Training-Set-1/set9/Case-48-P5-C24-24437-18106.tiff,Case-48,Non-Tumor,NON_TUMOR,TRUE,False,RETRIEVED,200,C:\Users\enkso\.kiro\crew\scratch\runtime-0a306834\osteopatch_full_ingestion\tiffs\Case-48-P5-C24-24437-18106.tiff,243156,c8cf8f63ae044d348a5f1f75f592e105f73318bb5a9ea540bf62ce9e09fc86f9
Case-48-P5-C24-26818-12582,Case-48-P5-C24-26818-12582,Case 48 - P5 C24-26818-12582,http://pathdb.cancerimagingarchive.net/system/files/wsi/ross/Osteosarcoma-UT/converted/Osteosarcoma-UT/Training-Set-1/set9/Case-48-P5-C24-26818-12582.tiff,Case-48,Non-Tumor,NON_TUMOR,TRUE,False,RETRIEVED,200,C:\Users\enkso\.kiro\crew\scratch\runtime-0a306834\osteopatch_full_ingestion\tiffs\Case-48-P5-C24-26818-12582.tiff,303608,45c39370759e614f0e120bf7154f57e6df82302cee9b4b6d61744f43c1af2a28
Case-48-P5-C24-27048-31771,Case-48-P5-C24-27048-31771,Case 48 - P5 C24-27048-31771,http://pathdb.cancerimagingarchive.net/system/files/wsi/ross/Osteosarcoma-UT/converted/Osteosarcoma-UT/Training-Set-1/set9/Case-48-P5-C24-27048-31771.tiff,Case-48,Non-Tumor,NON_TUMOR,TRUE,False,RETRIEVED,200,C:\Users\enkso\.kiro\crew\scratch\runtime-0a306834\osteopatch_full_ingestion\tiffs\Case-48-P5-C24-27048-31771.tiff,161432,ac5ea8fd29f52d0d6e0c49205c5ebf5eb807bba710d1ef06ee0a26dc38350527
Case-48-P5-C24-27657-16224,Case-48-P5-C24-27657-16224,Case 48 - P5 C24-27657-16224,http://pathdb.cancerimagingarchive.net/system/files/wsi/ross/Osteosarcoma-UT/converted/Osteosarcoma-UT/Training-Set-1/set9/Case-48-P5-C24-27657-16224.tiff,Case-48,Non-Tumor,NON_TUMOR,TRUE,False,RETRIEVED,200,C:\Users\enkso\.kiro\crew\scratch\runtime-0a306834\osteopatch_full_ingestion\tiffs\Case-48-P5-C24-27657-16224.tiff,216262,6f00492a06887869d102f04166579e3a3c9521bfdd355c3be164d205ce5f31c4
Case-48-P5-C24-29276-10680,Case-48-P5-C24-29276-10680,Case 48 - P5 C24-29276-10680,http://pathdb.cancerimagingarchive.net/system/files/wsi/ross/Osteosarcoma-UT/converted/Osteosarcoma-UT/Training-Set-1/set9/Case-48-P5-C24-29276-10680.tiff,Case-48,Non-Tumor,NON_TUMOR,TRUE,False,RETRIEVED,200,C:\Users\enkso\.kiro\crew\scratch\runtime-0a306834\osteopatch_full_ingestion\tiffs\Case-48-P5-C24-29276-10680.tiff,291552,40c98023237fb5fd89c34327d057ce291da9c6f59fecf7305413438b206d20e7
Case-48-P5-C24-30259-11826,Case-48-P5-C24-30259-11826,Case 48 - P5 C24-30259-11826,http://pathdb.cancerimagingarchive.net/system/files/wsi/ross/Osteosarcoma-UT/converted/Osteosarcoma-UT/Training-Set-1/set9/Case-48-P5-C24-30259-11826.tiff,Case-48,Non-Tumor,NON_TUMOR,TRUE,False,RETRIEVED,200,C:\Users\enkso\.kiro\crew\scratch\runtime-0a306834\osteopatch_full_ingestion\tiffs\Case-48-P5-C24-30259-11826.tiff,293862,33a836948a5e470cd8ba01e350fcee825240f60ef62c8fc6a961216492e2ee57
Case-48-P5-C24-37333-35425,Case-48-P5-C24-37333-35425,Case 48 - P5 C24-37333-35425,http://pathdb.cancerimagingarchive.net/system/files/wsi/ross/Osteosarcoma-UT/converted/Osteosarcoma-UT/Training-Set-1/set9/Case-48-P5-C24-37333-35425.tiff,Case-48,Non-Tumor,NON_TUMOR,TRUE,False,RETRIEVED,200,C:\Users\enkso\.kiro\crew\scratch\runtime-0a306834\osteopatch_full_ingestion\tiffs\Case-48-P5-C24-37333-35425.tiff,218522,d3fea7f941bc7cdb547fb3eb5aa96c912d9505bbb353b52c2d87c3c5540b8446
Case-48-P5-C24-38091-32786,Case-48-P5-C24-38091-32786,Case 48 - P5 C24-38091-32786,http://pathdb.cancerimagingarchive.net/system/files/wsi/ross/Osteosarcoma-UT/converted/Osteosarcoma-UT/Training-Set-1/set9/Case-48-P5-C24-38091-32786.tiff,Case-48,Non-Tumor,NON_TUMOR,TRUE,False,RETRIEVED,200,C:\Users\enkso\.kiro\crew\scratch\runtime-0a306834\osteopatch_full_ingestion\tiffs\Case-48-P5-C24-38091-32786.tiff,230386,7df9fbdea6265ad379352b4e62400a27d7104ef84be48f71d6f200254de0749b
Case-48-P5-C24-39421-35791,Case-48-P5-C24-39421-35791,Case 48 - P5 C24-39421-35791,http://pathdb.cancerimagingarchive.net/system/files/wsi/ross/Osteosarcoma-UT/converted/Osteosarcoma-UT/Training-Set-1/set9/Case-48-P5-C24-39421-35791.tiff,Case-48,Non-Tumor,NON_TUMOR,TRUE,False,RETRIEVED,200,C:\Users\enkso\.kiro\crew\scratch\runtime-0a306834\osteopatch_full_ingestion\tiffs\Case-48-P5-C24-39421-35791.tiff,152132,20053873a5683e6e813bcc542f58aa7c32c9aee27a8c5795889ca591d7e20964
Case-48-P5-C24-39614-21477,Case-48-P5-C24-39614-21477,Case 48 - P5 C24-39614-21477,http://pathdb.cancerimagingarchive.net/system/files/wsi/ross/Osteosarcoma-UT/converted/Osteosarcoma-UT/Training-Set-1/set9/Case-48-P5-C24-39614-21477.tiff,Case-48,Non-Tumor,NON_TUMOR,TRUE,False,RETRIEVED,200,C:\Users\enkso\.kiro\crew\scratch\runtime-0a306834\osteopatch_full_ingestion\tiffs\Case-48-P5-C24-39614-21477.tiff,128076,4cd5bb8c8775a8dbdb88b8da9a630478fe584527bdbdf3adab8c80b25378ff14
Case-48-P5-C24-40142-14331,Case-48-P5-C24-40142-14331,Case 48 - P5 C24-40142-14331,http://pathdb.cancerimagingarchive.net/system/files/wsi/ross/Osteosarcoma-UT/converted/Osteosarcoma-UT/Training-Set-1/set9/Case-48-P5-C24-40142-14331.tiff,Case-48,Non-Tumor,NON_TUMOR,TRUE,False,RETRIEVED,200,C:\Users\enkso\.kiro\crew\scratch\runtime-0a306834\osteopatch_full_ingestion\tiffs\Case-48-P5-C24-40142-14331.tiff,66890,43d9bb29fcb47a0e0f224914675c4b7893a70b1cdbc0288d1d0b3a445e741ffe
Case-48-P5-C24-44425-22814,Case-48-P5-C24-44425-22814,Case 48 - P5 C24-44425-22814,http://pathdb.cancerimagingarchive.net/system/files/wsi/ross/Osteosarcoma-UT/converted/Osteosarcoma-UT/Training-Set-1/set9/Case-48-P5-C24-44425-22814.tiff,Case-48,Non-Tumor,NON_TUMOR,TRUE,False,RETRIEVED,200,C:\Users\enkso\.kiro\crew\scratch\runtime-0a306834\osteopatch_full_ingestion\tiffs\Case-48-P5-C24-44425-22814.tiff,257454,2c5b3a89d77348d9d538d83be49de28808bb1f325ea6873939ef44478cbd4dab
Case-48-P5-C24-45358-16505,Case-48-P5-C24-45358-16505,Case 48 - P5 C24-45358-16505,http://pathdb.cancerimagingarchive.net/system/files/wsi/ross/Osteosarcoma-UT/converted/Osteosarcoma-UT/Training-Set-1/set9/Case-48-P5-C24-45358-16505.tiff,Case-48,Non-Tumor,NON_TUMOR,TRUE,False,RETRIEVED,200,C:\Users\enkso\.kiro\crew\scratch\runtime-0a306834\osteopatch_full_ingestion\tiffs\Case-48-P5-C24-45358-16505.tiff,102358,b2fb03f75733bd50360b9aa16e5df006c723ae14ccc1ecc08e3cd228931280f3
Case-48-P5-C24-5204-12840,Case-48-P5-C24-5204-12840,Case 48 - P5 C24-5204-12840,http://pathdb.cancerimagingarchive.net/system/files/wsi/ross/Osteosarcoma-UT/converted/Osteosarcoma-UT/Training-Set-2/set10/Case-48-P5-C24-5204-12840.tiff,Case-48,Non-Tumor,NON_TUMOR,TRUE,False,RETRIEVED,200,C:\Users\enkso\.kiro\crew\scratch\runtime-0a306834\osteopatch_full_ingestion\tiffs\Case-48-P5-C24-5204-12840.tiff,46042,3ce11af8e55702a1d31dd562a3ee066b54c8ac730636a9137b58c378e135ebbd
Case-48-P5-C24-5972-23007,Case-48-P5-C24-5972-23007,Case 48 - P5 C24-5972-23007,http://pathdb.cancerimagingarchive.net/system/files/wsi/ross/Osteosarcoma-UT/converted/Osteosarcoma-UT/Training-Set-2/set10/Case-48-P5-C24-5972-23007.tiff,Case-48,Non-Tumor,NON_TUMOR,TRUE,False,RETRIEVED,200,C:\Users\enkso\.kiro\crew\scratch\runtime-0a306834\osteopatch_full_ingestion\tiffs\Case-48-P5-C24-5972-23007.tiff,241328,f6f984a91bbc1f9d330651d75a55d35cb58050d8ba645f70ea0b693c7cf12184
Case-48-P5-C24-7958-14175,Case-48-P5-C24-7958-14175,Case 48 - P5 C24-7958-14175,http://pathdb.cancerimagingarchive.net/system/files/wsi/ross/Osteosarcoma-UT/converted/Osteosarcoma-UT/Training-Set-2/set10/Case-48-P5-C24-7958-14175.tiff,Case-48,Non-Tumor,NON_TUMOR,TRUE,False,RETRIEVED,200,C:\Users\enkso\.kiro\crew\scratch\runtime-0a306834\osteopatch_full_ingestion\tiffs\Case-48-P5-C24-7958-14175.tiff,81646,9b2985989498f4eb9cd794f8719c7359f67951199c4712b83c921ea825c3c37c
Case-48-P5-C24-8126-17022,Case-48-P5-C24-8126-17022,Case 48 - P5 C24-8126-17022,http://pathdb.cancerimagingarchive.net/system/files/wsi/ross/Osteosarcoma-UT/converted/Osteosarcoma-UT/Training-Set-2/set10/Case-48-P5-C24-8126-17022.tiff,Case-48,Non-Tumor,NON_TUMOR,TRUE,False,RETRIEVED,200,C:\Users\enkso\.kiro\crew\scratch\runtime-0a306834\osteopatch_full_ingestion\tiffs\Case-48-P5-C24-8126-17022.tiff,130754,ca14ef2032e41919a6d65069c5762d0aefa5006db178f1fee38f68f5c15d8a8a
Case-48-P5-C24-9713-21393,Case-48-P5-C24-9713-21393,Case 48 - P5 C24-9713-21393,http://pathdb.cancerimagingarchive.net/system/files/wsi/ross/Osteosarcoma-UT/converted/Osteosarcoma-UT/Training-Set-2/set10/Case-48-P5-C24-9713-21393.tiff,Case-48,Non-Tumor,NON_TUMOR,TRUE,False,RETRIEVED,200,C:\Users\enkso\.kiro\crew\scratch\runtime-0a306834\osteopatch_full_ingestion\tiffs\Case-48-P5-C24-9713-21393.tiff,249488,dfd15ebd91f19a9c919a404f481b0fefed01fc04aa685a3a6f921f7ea90b3e33
Case-48-P5-C25-12809-12456,Case-48-P5-C25-12809-12456,Case 48 - P5 C25-12809-12456,http://pathdb.cancerimagingarchive.net/system/files/wsi/ross/Osteosarcoma-UT/converted/Osteosarcoma-UT/Training-Set-2/set10/Case-48-P5-C25-12809-12456.tiff,Case-48,Non-Tumor,NON_TUMOR,TRUE,False,RETRIEVED,200,C:\Users\enkso\.kiro\crew\scratch\runtime-0a306834\osteopatch_full_ingestion\tiffs\Case-48-P5-C25-12809-12456.tiff,136114,d0d8be66c3f5dc34926400babfb4eac4ef9b98c6c4c7934fe468e17b5313c5ae
Case-48-P5-C25-12843-22806,Case-48-P5-C25-12843-22806,Case 48 - P5 C25-12843-22806,http://pathdb.cancerimagingarchive.net/system/files/wsi/ross/Osteosarcoma-UT/converted/Osteosarcoma-UT/Training-Set-2/set10/Case-48-P5-C25-12843-22806.tiff,Case-48,Non-Tumor,NON_TUMOR,TRUE,False,RETRIEVED,200,C:\Users\enkso\.kiro\crew\scratch\runtime-0a306834\osteopatch_full_ingestion\tiffs\Case-48-P5-C25-12843-22806.tiff,268514,308c66755c4c65b184738691d16c38e3f0e918da40669f19f686da7ff7bdb1a0
Case-48-P5-C25-14114-21655,Case-48-P5-C25-14114-21655,Case 48 - P5 C25-14114-21655,http://pathdb.cancerimagingarchive.net/system/files/wsi/ross/Osteosarcoma-UT/converted/Osteosarcoma-UT/Training-Set-2/set10/Case-48-P5-C25-14114-21655.tiff,Case-48,Non-Tumor,NON_TUMOR,TRUE,False,RETRIEVED,200,C:\Users\enkso\.kiro\crew\scratch\runtime-0a306834\osteopatch_full_ingestion\tiffs\Case-48-P5-C25-14114-21655.tiff,265136,1c2f61018064561bd46a2e9ea6b3697a8ed70493b8ce07b3523868e65bd931db
Case-48-P5-C25-17864-19558,Case-48-P5-C25-17864-19558,Case 48 - P5 C25-17864-19558,http://pathdb.cancerimagingarchive.net/system/files/wsi/ross/Osteosarcoma-UT/converted/Osteosarcoma-UT/Training-Set-2/set10/Case-48-P5-C25-17864-19558.tiff,Case-48,Non-Tumor,NON_TUMOR,TRUE,False,RETRIEVED,200,C:\Users\enkso\.kiro\crew\scratch\runtime-0a306834\osteopatch_full_ingestion\tiffs\Case-48-P5-C25-17864-19558.tiff,271462,a2fcb89f954202a7ec931c147a4449d70dea26c1d0286626f8ec7d3e2670667d
Case-48-P5-C25-18486-7532,Case-48-P5-C25-18486-7532,Case 48 - P5 C25-18486-7532,http://pathdb.cancerimagingarchive.net/system/files/wsi/ross/Osteosarcoma-UT/converted/Osteosarcoma-UT/Training-Set-2/set10/Case-48-P5-C25-18486-7532.tiff,Case-48,Non-Tumor,NON_TUMOR,TRUE,False,RETRIEVED,200,C:\Users\enkso\.kiro\crew\scratch\runtime-0a306834\osteopatch_full_ingestion\tiffs\Case-48-P5-C25-18486-7532.tiff,218322,7968ddcf760f0c9aac2ef85d05e693ac4abd7dff6544eaf8764bad09c49ec549
Case-48-P5-C25-20304-11543,Case-48-P5-C25-20304-11543,Case 48 - P5 C25-20304-11543,http://pathdb.cancerimagingarchive.net/system/files/wsi/ross/Osteosarcoma-UT/converted/Osteosarcoma-UT/Training-Set-2/set10/Case-48-P5-C25-20304-11543.tiff,Case-48,Non-Tumor,NON_TUMOR,TRUE,False,RETRIEVED,200,C:\Users\enkso\.kiro\crew\scratch\runtime-0a306834\osteopatch_full_ingestion\tiffs\Case-48-P5-C25-20304-11543.tiff,151496,ab53c1050596df3134681118caa5c9612278347f303d324edf9ce931498cb6e6
Case-48-P5-C25-20418-21432,Case-48-P5-C25-20418-21432,Case 48 - P5 C25-20418-21432,http://pathdb.cancerimagingarchive.net/system/files/wsi/ross/Osteosarcoma-UT/converted/Osteosarcoma-UT/Training-Set-2/set10/Case-48-P5-C25-20418-21432.tiff,Case-48,Non-Tumor,NON_TUMOR,TRUE,False,RETRIEVED,200,C:\Users\enkso\.kiro\crew\scratch\runtime-0a306834\osteopatch_full_ingestion\tiffs\Case-48-P5-C25-20418-21432.tiff,249036,4850e3c587ded6e20eb84b54dd58079b89aca29f4ec85f3c08df629149334d98
Case-48-P5-C25-20536-9499,Case-48-P5-C25-20536-9499,Case 48 - P5 C25-20536-9499,http://pathdb.cancerimagingarchive.net/system/files/wsi/ross/Osteosarcoma-UT/converted/Osteosarcoma-UT/Training-Set-2/set10/Case-48-P5-C25-20536-9499.tiff,Case-48,Non-Tumor,NON_TUMOR,TRUE,False,RETRIEVED,200,C:\Users\enkso\.kiro\crew\scratch\runtime-0a306834\osteopatch_full_ingestion\tiffs\Case-48-P5-C25-20536-9499.tiff,212006,2dba594479a214da5bac670950d837e2c75acf38b2e7c795984446735005a5cc
Case-48-P5-C25-26246-2368,Case-48-P5-C25-26246-2368,Case 48 - P5 C25-26246-2368,http://pathdb.cancerimagingarchive.net/system/files/wsi/ross/Osteosarcoma-UT/converted/Osteosarcoma-UT/Training-Set-2/set10/Case-48-P5-C25-26246-2368.tiff,Case-48,Non-Tumor,NON_TUMOR,TRUE,False,RETRIEVED,200,C:\Users\enkso\.kiro\crew\scratch\runtime-0a306834\osteopatch_full_ingestion\tiffs\Case-48-P5-C25-26246-2368.tiff,244270,14767c71ce3be33cd1b24f878ebf586f2e98e49cfa1369803650baf7f709aff1
Case-48-P5-C25-26937-1708,Case-48-P5-C25-26937-1708,Case 48 - P5 C25-26937-1708,http://pathdb.cancerimagingarchive.net/system/files/wsi/ross/Osteosarcoma-UT/converted/Osteosarcoma-UT/Training-Set-2/set10/Case-48-P5-C25-26937-1708.tiff,Case-48,Non-Tumor,NON_TUMOR,TRUE,False,RETRIEVED,200,C:\Users\enkso\.kiro\crew\scratch\runtime-0a306834\osteopatch_full_ingestion\tiffs\Case-48-P5-C25-26937-1708.tiff,205560,c060d80ec84f5771d76085da41dcc787a7cb30c4a7180354124cec7594b4e8bc
Case-48-P5-C25-29486-14939,Case-48-P5-C25-29486-14939,Case 48 - P5 C25-29486-14939,http://pathdb.cancerimagingarchive.net/system/files/wsi/ross/Osteosarcoma-UT/converted/Osteosarcoma-UT/Training-Set-2/set10/Case-48-P5-C25-29486-14939.tiff,Case-48,Non-Tumor,NON_TUMOR,TRUE,False,RETRIEVED,200,C:\Users\enkso\.kiro\crew\scratch\runtime-0a306834\osteopatch_full_ingestion\tiffs\Case-48-P5-C25-29486-14939.tiff,221118,629449fba7e8566fa8df570d8cea9a73f7d69e6e66d6f4c0d987a74d5139a3a1
Case-48-P5-C25-29797-38536,Case-48-P5-C25-29797-38536,Case 48 - P5 C25-29797-38536,http://pathdb.cancerimagingarchive.net/system/files/wsi/ross/Osteosarcoma-UT/converted/Osteosarcoma-UT/Training-Set-1/set9/Case-48-P5-C25-29797-38536.tiff,Case-48,Non-Tumor,NON_TUMOR,TRUE,False,RETRIEVED,200,C:\Users\enkso\.kiro\crew\scratch\runtime-0a306834\osteopatch_full_ingestion\tiffs\Case-48-P5-C25-29797-38536.tiff,231014,b8575a311dac1560d1c6eaab35bdb5e2129cba8b7ae11e3a99db58ef7ea1ccfa
Case-48-P5-C25-30163-25906,Case-48-P5-C25-30163-25906,Case 48 - P5 C25-30163-25906,http://pathdb.cancerimagingarchive.net/system/files/wsi/ross/Osteosarcoma-UT/converted/Osteosarcoma-UT/Training-Set-1/set9/Case-48-P5-C25-30163-25906.tiff,Case-48,Non-Tumor,NON_TUMOR,TRUE,False,RETRIEVED,200,C:\Users\enkso\.kiro\crew\scratch\runtime-0a306834\osteopatch_full_ingestion\tiffs\Case-48-P5-C25-30163-25906.tiff,118486,162907d7358142baafff8c8ae8c971d04166d80e3855528861b39c464b314216
Case-48-P5-C25-31139-13405,Case-48-P5-C25-31139-13405,Case 48 - P5 C25-31139-13405,http://pathdb.cancerimagingarchive.net/system/files/wsi/ross/Osteosarcoma-UT/converted/Osteosarcoma-UT/Training-Set-1/set9/Case-48-P5-C25-31139-13405.tiff,Case-48,Non-Tumor,NON_TUMOR,TRUE,False,RETRIEVED,200,C:\Users\enkso\.kiro\crew\scratch\runtime-0a306834\osteopatch_full_ingestion\tiffs\Case-48-P5-C25-31139-13405.tiff,183336,266a82da1bcc1faee2fc1b592c528a91b4361e6c70dd75a62dd691c9312337f4
Case-48-P5-C25-31766-30946,Case-48-P5-C25-31766-30946,Case 48 - P5 C25-31766-30946,http://pathdb.cancerimagingarchive.net/system/files/wsi/ross/Osteosarcoma-UT/converted/Osteosarcoma-UT/Training-Set-1/set9/Case-48-P5-C25-31766-30946.tiff,Case-48,Non-Tumor,NON_TUMOR,TRUE,False,RETRIEVED,200,C:\Users\enkso\.kiro\crew\scratch\runtime-0a306834\osteopatch_full_ingestion\tiffs\Case-48-P5-C25-31766-30946.tiff,187806,c992962b80cd559d0f2d936d8a95fcfce627ed54cf520a9418d46979172f8049
Case-48-P5-C25-32201-30326,Case-48-P5-C25-32201-30326,Case 48 - P5 C25-32201-30326,http://pathdb.cancerimagingarchive.net/system/files/wsi/ross/Osteosarcoma-UT/converted/Osteosarcoma-UT/Training-Set-1/set9/Case-48-P5-C25-32201-30326.tiff,Case-48,Non-Tumor,NON_TUMOR,TRUE,False,RETRIEVED,200,C:\Users\enkso\.kiro\crew\scratch\runtime-0a306834\osteopatch_full_ingestion\tiffs\Case-48-P5-C25-32201-30326.tiff,188500,9261f846b7c427dcf5926c1948d6d2da7f968a4b404db4aba3a113f8942b34c5
Case-48-P5-C25-32661-30441,Case-48-P5-C25-32661-30441,Case 48 - P5 C25-32661-30441,http://pathdb.cancerimagingarchive.net/system/files/wsi/ross/Osteosarcoma-UT/converted/Osteosarcoma-UT/Training-Set-1/set9/Case-48-P5-C25-32661-30441.tiff,Case-48,Non-Tumor,NON_TUMOR,TRUE,False,RETRIEVED,200,C:\Users\enkso\.kiro\crew\scratch\runtime-0a306834\osteopatch_full_ingestion\tiffs\Case-48-P5-C25-32661-30441.tiff,173790,2e7253eda86026c1caced5f02dc49351a0d22468d46fac830d477da883e7c1fd
Case-48-P5-C25-35044-30800,Case-48-P5-C25-35044-30800,Case 48 - P5 C25-35044-30800,http://pathdb.cancerimagingarchive.net/system/files/wsi/ross/Osteosarcoma-UT/converted/Osteosarcoma-UT/Training-Set-1/set9/Case-48-P5-C25-35044-30800.tiff,Case-48,Non-Tumor,NON_TUMOR,TRUE,False,RETRIEVED,200,C:\Users\enkso\.kiro\crew\scratch\runtime-0a306834\osteopatch_full_ingestion\tiffs\Case-48-P5-C25-35044-30800.tiff,205812,51dc45fbdd2f9212ca6f8f4ab5f5c56c39462dd20895b7bf763c176f2849d4a6
Case-48-P5-C25-35701-21325,Case-48-P5-C25-35701-21325,Case 48 - P5 C25-35701-21325,http://pathdb.cancerimagingarchive.net/system/files/wsi/ross/Osteosarcoma-UT/converted/Osteosarcoma-UT/Training-Set-1/set9/Case-48-P5-C25-35701-21325.tiff,Case-48,Non-Tumor,NON_TUMOR,TRUE,False,RETRIEVED,200,C:\Users\enkso\.kiro\crew\scratch\runtime-0a306834\osteopatch_full_ingestion\tiffs\Case-48-P5-C25-35701-21325.tiff,269908,07d842b855bc311049c0d5e8dfd00113d5faa15e940a22b9c27600ba66ae431f
Case-48-P5-C25-37421-34911,Case-48-P5-C25-37421-34911,Case 48 - P5 C25-37421-34911,http://pathdb.cancerimagingarchive.net/system/files/wsi/ross/Osteosarcoma-UT/converted/Osteosarcoma-UT/Training-Set-1/set9/Case-48-P5-C25-37421-34911.tiff,Case-48,Non-Tumor,NON_TUMOR,TRUE,False,RETRIEVED,200,C:\Users\enkso\.kiro\crew\scratch\runtime-0a306834\osteopatch_full_ingestion\tiffs\Case-48-P5-C25-37421-34911.tiff,237888,b1d99c0eb567cf16b5400f1fec0085a19ca47cd3b1ad3f147fad7ece3884407b
Case-48-P5-C25-37498-35824,Case-48-P5-C25-37498-35824,Case 48 - P5 C25-37498-35824,http://pathdb.cancerimagingarchive.net/system/files/wsi/ross/Osteosarcoma-UT/converted/Osteosarcoma-UT/Training-Set-1/set9/Case-48-P5-C25-37498-35824.tiff,Case-48,Non-Tumor,NON_TUMOR,TRUE,False,RETRIEVED,200,C:\Users\enkso\.kiro\crew\scratch\runtime-0a306834\osteopatch_full_ingestion\tiffs\Case-48-P5-C25-37498-35824.tiff,220796,8c2fe587f709a744c8958ec4563e4085bcee5033fbe49ee9eacd41bc09bcf2fe
Case-48-P5-C25-39181-21965,Case-48-P5-C25-39181-21965,Case 48 - P5 C25-39181-21965,http://pathdb.cancerimagingarchive.net/system/files/wsi/ross/Osteosarcoma-UT/converted/Osteosarcoma-UT/Training-Set-1/set9/Case-48-P5-C25-39181-21965.tiff,Case-48,Non-Tumor,NON_TUMOR,TRUE,False,RETRIEVED,200,C:\Users\enkso\.kiro\crew\scratch\runtime-0a306834\osteopatch_full_ingestion\tiffs\Case-48-P5-C25-39181-21965.tiff,146598,18aabc1bfc1a099e71d380ad172d970991ad9fecdb11524877676ef5f1755db0
Case-48-P5-C25-41901-28675,Case-48-P5-C25-41901-28675,Case 48 - P5 C25-41901-28675,http://pathdb.cancerimagingarchive.net/system/files/wsi/ross/Osteosarcoma-UT/converted/Osteosarcoma-UT/Training-Set-1/set10/Case-48-P5-C25-41901-28675.tiff,Case-48,Non-Tumor,NON_TUMOR,TRUE,False,RETRIEVED,200,C:\Users\enkso\.kiro\crew\scratch\runtime-0a306834\osteopatch_full_ingestion\tiffs\Case-48-P5-C25-41901-28675.tiff,248760,297e1fc9c3ff17b1eb5d94b36d8a82dc02f781d05aae4a16827bb8831966c93d
Case-48-P5-C25-44980-18952,Case-48-P5-C25-44980-18952,Case 48 - P5 C25-44980-18952,http://pathdb.cancerimagingarchive.net/system/files/wsi/ross/Osteosarcoma-UT/converted/Osteosarcoma-UT/Training-Set-1/set10/Case-48-P5-C25-44980-18952.tiff,Case-48,Non-Tumor,NON_TUMOR,TRUE,False,RETRIEVED,200,C:\Users\enkso\.kiro\crew\scratch\runtime-0a306834\osteopatch_full_ingestion\tiffs\Case-48-P5-C25-44980-18952.tiff,235314,40d28f63c972ac6645302b4797b2c238d143c8bf377a2258bec9ce114287aba6
Case-48-P5-C25-51442-22185,Case-48-P5-C25-51442-22185,Case 48 - P5 C25-51442-22185,http://pathdb.cancerimagingarchive.net/system/files/wsi/ross/Osteosarcoma-UT/converted/Osteosarcoma-UT/Training-Set-1/set10/Case-48-P5-C25-51442-22185.tiff,Case-48,Non-Tumor,NON_TUMOR,TRUE,False,RETRIEVED,200,C:\Users\enkso\.kiro\crew\scratch\runtime-0a306834\osteopatch_full_ingestion\tiffs\Case-48-P5-C25-51442-22185.tiff,93658,4ea7dc68d150c46a4de7dba2ed4c356ff79ca609abaeb2bf83e099d3ee9b08f0
Case-48-P5-C25-5819-20106,Case-48-P5-C25-5819-20106,Case 48 - P5 C25-5819-20106,http://pathdb.cancerimagingarchive.net/system/files/wsi/ross/Osteosarcoma-UT/converted/Osteosarcoma-UT/Training-Set-2/set10/Case-48-P5-C25-5819-20106.tiff,Case-48,Non-Tumor,NON_TUMOR,TRUE,False,RETRIEVED,200,C:\Users\enkso\.kiro\crew\scratch\runtime-0a306834\osteopatch_full_ingestion\tiffs\Case-48-P5-C25-5819-20106.tiff,177820,0f9607a138c2f1e5f60f21de74eeaedfe02595cdeca0074924d60d37b286d7c6
Case-48-P5-C25-7779-23788,Case-48-P5-C25-7779-23788,Case 48 - P5 C25-7779-23788,http://pathdb.cancerimagingarchive.net/system/files/wsi/ross/Osteosarcoma-UT/converted/Osteosarcoma-UT/Training-Set-2/set10/Case-48-P5-C25-7779-23788.tiff,Case-48,Non-Tumor,NON_TUMOR,TRUE,False,RETRIEVED,200,C:\Users\enkso\.kiro\crew\scratch\runtime-0a306834\osteopatch_full_ingestion\tiffs\Case-48-P5-C25-7779-23788.tiff,240980,ca0d13f91c8bea3b4b6a1d3d1604244bb9b7ea68c888d185edaaa7cbbf9cafa8
Case-48-P5-C25-8387-24405,Case-48-P5-C25-8387-24405,Case 48 - P5 C25-8387-24405,http://pathdb.cancerimagingarchive.net/system/files/wsi/ross/Osteosarcoma-UT/converted/Osteosarcoma-UT/Training-Set-2/set10/Case-48-P5-C25-8387-24405.tiff,Case-48,Non-Tumor,NON_TUMOR,TRUE,False,RETRIEVED,200,C:\Users\enkso\.kiro\crew\scratch\runtime-0a306834\osteopatch_full_ingestion\tiffs\Case-48-P5-C25-8387-24405.tiff,169254,8638cd1bfa417ee2aaa6c684bfeb363c918cefc04b9088b022c1ff6a6a8462a6
P9-B11-10159-22267,P9-B11-10159-22267,P9 B11-10159-22267,http://pathdb.cancerimagingarchive.net/system/files/wsi/ross/Osteosarcoma-UT/converted/Osteosarcoma-UT/Training-Set-2/set10/P9-B11-10159-22267.tiff,P9,Non-Tumor,NON_TUMOR,TRUE,False,RETRIEVED,200,C:\Users\enkso\.kiro\crew\scratch\runtime-0a306834\osteopatch_full_ingestion\tiffs\P9-B11-10159-22267.tiff,210802,f056a9a85620c22a437e7f39b76554b7fc5c212de1848193e0c5cb1dda98b945
P9-B11-10954-27548,P9-B11-10954-27548,P9 B11-10954-27548,http://pathdb.cancerimagingarchive.net/system/files/wsi/ross/Osteosarcoma-UT/converted/Osteosarcoma-UT/Training-Set-2/set10/P9-B11-10954-27548.tiff,P9,Non-Tumor,NON_TUMOR,TRUE,False,RETRIEVED,200,C:\Users\enkso\.kiro\crew\scratch\runtime-0a306834\osteopatch_full_ingestion\tiffs\P9-B11-10954-27548.tiff,146628,8c31cc014d9d409464cafc20bedf6bd82c3fdcf0e542fadaf82ba386f6cb1aa8
P9-B11-11002-19483,P9-B11-11002-19483,P9 B11-11002-19483,http://pathdb.cancerimagingarchive.net/system/files/wsi/ross/Osteosarcoma-UT/converted/Osteosarcoma-UT/Training-Set-2/set10/P9-B11-11002-19483.tiff,P9,Non-Tumor,NON_TUMOR,TRUE,False,RETRIEVED,200,C:\Users\enkso\.kiro\crew\scratch\runtime-0a306834\osteopatch_full_ingestion\tiffs\P9-B11-11002-19483.tiff,172986,0cadcd04548037afe49ff2d9f5f435c0922ad9dfb160d016966311cde07ec250
P9-B11-14643-10873,P9-B11-14643-10873,P9 B11-14643-10873,http://pathdb.cancerimagingarchive.net/system/files/wsi/ross/Osteosarcoma-UT/converted/Osteosarcoma-UT/Training-Set-2/set10/P9-B11-14643-10873.tiff,P9,Non-Tumor,NON_TUMOR,TRUE,False,RETRIEVED,200,C:\Users\enkso\.kiro\crew\scratch\runtime-0a306834\osteopatch_full_ingestion\tiffs\P9-B11-14643-10873.tiff,158930,cf0205a91bbcb93823e3d22a1c9f6a2b2dcf98ffeb47c7f27105d502d8bbd7ac
P9-B11-16073-4565,P9-B11-16073-4565,P9 B11-16073-4565,http://pathdb.cancerimagingarchive.net/system/files/wsi/ross/Osteosarcoma-UT/converted/Osteosarcoma-UT/Training-Set-2/set10/P9-B11-16073-4565.tiff,P9,Non-Tumor,NON_TUMOR,TRUE,False,RETRIEVED,200,C:\Users\enkso\.kiro\crew\scratch\runtime-0a306834\osteopatch_full_ingestion\tiffs\P9-B11-16073-4565.tiff,276146,0b8d6d398d057f950d1a5e9ab6e1ceec6db6c42d811b41d484a730b4195b61c7
P9-B11-16083-27658,P9-B11-16083-27658,P9 B11-16083-27658,http://pathdb.cancerimagingarchive.net/system/files/wsi/ross/Osteosarcoma-UT/converted/Osteosarcoma-UT/Training-Set-2/set10/P9-B11-16083-27658.tiff,P9,Non-Tumor,NON_TUMOR,TRUE,False,RETRIEVED,200,C:\Users\enkso\.kiro\crew\scratch\runtime-0a306834\osteopatch_full_ingestion\tiffs\P9-B11-16083-27658.tiff,91724,f1907cb4bdd787d2a826ddc648944850638b5bd472fecbef3d559cf02fdccaa9
P9-B11-16430-12424,P9-B11-16430-12424,P9 B11-16430-12424,http://pathdb.cancerimagingarchive.net/system/files/wsi/ross/Osteosarcoma-UT/converted/Osteosarcoma-UT/Training-Set-2/set10/P9-B11-16430-12424.tiff,P9,Non-Tumor,NON_TUMOR,TRUE,False,RETRIEVED,200,C:\Users\enkso\.kiro\crew\scratch\runtime-0a306834\osteopatch_full_ingestion\tiffs\P9-B11-16430-12424.tiff,87334,d2f15f98c2f98b6dd33cadcaa0573d0ccfc61da1bb6bfa3b80734dc433f8a09c
P9-B11-16749-7610,P9-B11-16749-7610,P9 B11-16749-7610,http://pathdb.cancerimagingarchive.net/system/files/wsi/ross/Osteosarcoma-UT/converted/Osteosarcoma-UT/Training-Set-2/set10/P9-B11-16749-7610.tiff,P9,Non-Tumor,NON_TUMOR,TRUE,False,RETRIEVED,200,C:\Users\enkso\.kiro\crew\scratch\runtime-0a306834\osteopatch_full_ingestion\tiffs\P9-B11-16749-7610.tiff,204778,757e05bc607bb24ede273604edabeca15ea11fb64adad9322cfd3daf1663032a
P9-B11-16810-24014,P9-B11-16810-24014,P9 B11-16810-24014,http://pathdb.cancerimagingarchive.net/system/files/wsi/ross/Osteosarcoma-UT/converted/Osteosarcoma-UT/Training-Set-2/set10/P9-B11-16810-24014.tiff,P9,Non-Tumor,NON_TUMOR,TRUE,False,RETRIEVED,200,C:\Users\enkso\.kiro\crew\scratch\runtime-0a306834\osteopatch_full_ingestion\tiffs\P9-B11-16810-24014.tiff,180336,27ee586f73915af2f40fdd7d415f62fd101eb7341ffcc88bf463472d74925c9f
P9-B11-18148-24277,P9-B11-18148-24277,P9 B11-18148-24277,http://pathdb.cancerimagingarchive.net/system/files/wsi/ross/Osteosarcoma-UT/converted/Osteosarcoma-UT/Training-Set-2/set10/P9-B11-18148-24277.tiff,P9,Non-Tumor,NON_TUMOR,TRUE,False,RETRIEVED,200,C:\Users\enkso\.kiro\crew\scratch\runtime-0a306834\osteopatch_full_ingestion\tiffs\P9-B11-18148-24277.tiff,107252,fa4162d556810f97eb7de4aa83ab7f452961fb8265e81e1a3a605ccf3f80c8f1
P9-B11-19719-21996,P9-B11-19719-21996,P9 B11-19719-21996,http://pathdb.cancerimagingarchive.net/system/files/wsi/ross/Osteosarcoma-UT/converted/Osteosarcoma-UT/Training-Set-2/set10/P9-B11-19719-21996.tiff,P9,Non-Tumor,NON_TUMOR,TRUE,False,RETRIEVED,200,C:\Users\enkso\.kiro\crew\scratch\runtime-0a306834\osteopatch_full_ingestion\tiffs\P9-B11-19719-21996.tiff,161362,ecef72fd69ec845bb5df26b22b4738137266dc350f5b0e2f6e2155e39a1170f7
P9-B11-20225-12843,P9-B11-20225-12843,P9 B11-20225-12843,http://pathdb.cancerimagingarchive.net/system/files/wsi/ross/Osteosarcoma-UT/converted/Osteosarcoma-UT/Training-Set-2/set10/P9-B11-20225-12843.tiff,P9,Non-Tumor,NON_TUMOR,TRUE,False,RETRIEVED,200,C:\Users\enkso\.kiro\crew\scratch\runtime-0a306834\osteopatch_full_ingestion\tiffs\P9-B11-20225-12843.tiff,195404,6f71a005d911f948308ee5d72089e3abd4ab5ca470b075893eaf73d9459b90a6
P9-B11-21061-24042,P9-B11-21061-24042,P9 B11-21061-24042,http://pathdb.cancerimagingarchive.net/system/files/wsi/ross/Osteosarcoma-UT/converted/Osteosarcoma-UT/Training-Set-2/set10/P9-B11-21061-24042.tiff,P9,Non-Tumor,NON_TUMOR,TRUE,False,RETRIEVED,200,C:\Users\enkso\.kiro\crew\scratch\runtime-0a306834\osteopatch_full_ingestion\tiffs\P9-B11-21061-24042.tiff,53142,032cc51f749e04cbc720302369d4f50ec763a824f0ea9392a57b926a47218c69
P9-B11-21394-5645,P9-B11-21394-5645,P9 B11-21394-5645,http://pathdb.cancerimagingarchive.net/system/files/wsi/ross/Osteosarcoma-UT/converted/Osteosarcoma-UT/Training-Set-1/set10/P9-B11-21394-5645.tiff,P9,Non-Tumor,NON_TUMOR,TRUE,False,RETRIEVED,200,C:\Users\enkso\.kiro\crew\scratch\runtime-0a306834\osteopatch_full_ingestion\tiffs\P9-B11-21394-5645.tiff,226012,85410bb7aaf651daab13693d14d6f6aaa4704f9db31ccc45750bcccaae3a55cf
P9-B11-25615-35242,P9-B11-25615-35242,P9 B11-25615-35242,http://pathdb.cancerimagingarchive.net/system/files/wsi/ross/Osteosarcoma-UT/converted/Osteosarcoma-UT/Training-Set-1/set10/P9-B11-25615-35242.tiff,P9,Non-Tumor,NON_TUMOR,TRUE,False,RETRIEVED,200,C:\Users\enkso\.kiro\crew\scratch\runtime-0a306834\osteopatch_full_ingestion\tiffs\P9-B11-25615-35242.tiff,29646,e510c00264ccec9aedce8fa5abcda2fa76a3a5c8365bc07017a0abe0e20a846e
P9-B11-26303-28482,P9-B11-26303-28482,P9 B11-26303-28482,http://pathdb.cancerimagingarchive.net/system/files/wsi/ross/Osteosarcoma-UT/converted/Osteosarcoma-UT/Training-Set-1/set10/P9-B11-26303-28482.tiff,P9,Non-Tumor,NON_TUMOR,TRUE,False,RETRIEVED,200,C:\Users\enkso\.kiro\crew\scratch\runtime-0a306834\osteopatch_full_ingestion\tiffs\P9-B11-26303-28482.tiff,211822,50a588ad102a2c567cfafcc40ce4dc1ffbc08ed52469eb5bd3d7920cc17160bd
P9-B11-26308-7596,P9-B11-26308-7596,P9 B11-26308-7596,http://pathdb.cancerimagingarchive.net/system/files/wsi/ross/Osteosarcoma-UT/converted/Osteosarcoma-UT/Training-Set-1/set10/P9-B11-26308-7596.tiff,P9,Non-Tumor,NON_TUMOR,TRUE,False,RETRIEVED,200,C:\Users\enkso\.kiro\crew\scratch\runtime-0a306834\osteopatch_full_ingestion\tiffs\P9-B11-26308-7596.tiff,196896,58ebb5eb1343eaa4d1f434e9f57d4e015bd0d40c3361e3c47716dc9fd5ba99db
P9-B11-26343-18701,P9-B11-26343-18701,P9 B11-26343-18701,http://pathdb.cancerimagingarchive.net/system/files/wsi/ross/Osteosarcoma-UT/converted/Osteosarcoma-UT/Training-Set-1/set10/P9-B11-26343-18701.tiff,P9,Non-Tumor,NON_TUMOR,TRUE,False,RETRIEVED,200,C:\Users\enkso\.kiro\crew\scratch\runtime-0a306834\osteopatch_full_ingestion\tiffs\P9-B11-26343-18701.tiff,109106,0c5521db9f595c4154bb7ecc73eb68a7dcf7b7b5bc57fe66b8e327f040eeedc3
P9-B11-26402-13634,P9-B11-26402-13634,P9 B11-26402-13634,http://pathdb.cancerimagingarchive.net/system/files/wsi/ross/Osteosarcoma-UT/converted/Osteosarcoma-UT/Training-Set-1/set10/P9-B11-26402-13634.tiff,P9,Non-Tumor,NON_TUMOR,TRUE,False,RETRIEVED,200,C:\Users\enkso\.kiro\crew\scratch\runtime-0a306834\osteopatch_full_ingestion\tiffs\P9-B11-26402-13634.tiff,194714,2ab5edea64cd28e706d1250f9ecb4261d3047bbea0673e9ede456476b8a06a03
P9-B11-29902-13822,P9-B11-29902-13822,P9 B11-29902-13822,http://pathdb.cancerimagingarchive.net/system/files/wsi/ross/Osteosarcoma-UT/converted/Osteosarcoma-UT/Training-Set-1/set10/P9-B11-29902-13822.tiff,P9,Non-Tumor,NON_TUMOR,TRUE,False,RETRIEVED,200,C:\Users\enkso\.kiro\crew\scratch\runtime-0a306834\osteopatch_full_ingestion\tiffs\P9-B11-29902-13822.tiff,180492,3c3069dc0630bc820ed7838cd99a51e65bca2649279647136b36443f7fab3b47
P9-B11-30287-7531,P9-B11-30287-7531,P9 B11-30287-7531,http://pathdb.cancerimagingarchive.net/system/files/wsi/ross/Osteosarcoma-UT/converted/Osteosarcoma-UT/Training-Set-1/set10/P9-B11-30287-7531.tiff,P9,Non-Tumor,NON_TUMOR,TRUE,False,RETRIEVED,200,C:\Users\enkso\.kiro\crew\scratch\runtime-0a306834\osteopatch_full_ingestion\tiffs\P9-B11-30287-7531.tiff,92036,6d4b293c3dc04eeb1d5247fab6fd9aa06bf677a5cf820c226674f1812609c31d
P9-B11-34379-16878,P9-B11-34379-16878,P9 B11-34379-16878,http://pathdb.cancerimagingarchive.net/system/files/wsi/ross/Osteosarcoma-UT/converted/Osteosarcoma-UT/Training-Set-1/set10/P9-B11-34379-16878.tiff,P9,Non-Tumor,NON_TUMOR,TRUE,False,RETRIEVED,200,C:\Users\enkso\.kiro\crew\scratch\runtime-0a306834\osteopatch_full_ingestion\tiffs\P9-B11-34379-16878.tiff,76180,3f487b9c89c4cd507e83eb47ca73a44d6046078a38cf2eb4d004ced2e70852bd
P9-B11-35165-17386,P9-B11-35165-17386,P9 B11-35165-17386,http://pathdb.cancerimagingarchive.net/system/files/wsi/ross/Osteosarcoma-UT/converted/Osteosarcoma-UT/Training-Set-1/set10/P9-B11-35165-17386.tiff,P9,Non-Tumor,NON_TUMOR,TRUE,False,RETRIEVED,200,C:\Users\enkso\.kiro\crew\scratch\runtime-0a306834\osteopatch_full_ingestion\tiffs\P9-B11-35165-17386.tiff,39434,7299c017fa6eb4bfbb7e1247d9a03e269d3ccf14337d75018eb445496b525b56
P9-B11-35942-19663,P9-B11-35942-19663,P9 B11-35942-19663,http://pathdb.cancerimagingarchive.net/system/files/wsi/ross/Osteosarcoma-UT/converted/Osteosarcoma-UT/Training-Set-1/set10/P9-B11-35942-19663.tiff,P9,Non-Tumor,NON_TUMOR,TRUE,False,RETRIEVED,200,C:\Users\enkso\.kiro\crew\scratch\runtime-0a306834\osteopatch_full_ingestion\tiffs\P9-B11-35942-19663.tiff,71700,cb4c5a889f9df49259143fe8c00795be0e062a6f9e819bcb973b6f1acc8e2b3e
P9-B11-5522-26247,P9-B11-5522-26247,P9 B11-5522-26247,http://pathdb.cancerimagingarchive.net/system/files/wsi/ross/Osteosarcoma-UT/converted/Osteosarcoma-UT/Training-Set-2/set10/P9-B11-5522-26247.tiff,P9,Non-Tumor,NON_TUMOR,TRUE,False,RETRIEVED,200,C:\Users\enkso\.kiro\crew\scratch\runtime-0a306834\osteopatch_full_ingestion\tiffs\P9-B11-5522-26247.tiff,142088,d3c853fe0e70e9421441a755f3f295c46b5257d684ba1cd89038770a2f6a7ef4
P9-B11-6871-31252,P9-B11-6871-31252,P9 B11-6871-31252,http://pathdb.cancerimagingarchive.net/system/files/wsi/ross/Osteosarcoma-UT/converted/Osteosarcoma-UT/Training-Set-2/set10/P9-B11-6871-31252.tiff,P9,Non-Tumor,NON_TUMOR,TRUE,False,RETRIEVED,200,C:\Users\enkso\.kiro\crew\scratch\runtime-0a306834\osteopatch_full_ingestion\tiffs\P9-B11-6871-31252.tiff,195088,8d8e081603d586a7e7727dd23effe111b4774138bb18a5045c686a938e5add0a
P9-B12-10654-27260,P9-B12-10654-27260,P9 B12-10654-27260,http://pathdb.cancerimagingarchive.net/system/files/wsi/ross/Osteosarcoma-UT/converted/Osteosarcoma-UT/Training-Set-2/set10/P9-B12-10654-27260.tiff,P9,Non-Tumor,NON_TUMOR,TRUE,False,RETRIEVED,200,C:\Users\enkso\.kiro\crew\scratch\runtime-0a306834\osteopatch_full_ingestion\tiffs\P9-B12-10654-27260.tiff,140436,a22f51612bfdceeb3ad90d1254a818adf8c8901ccf0d0d4f5c859613d520ec8d
P9-B12-10806-33872,P9-B12-10806-33872,P9 B12-10806-33872,http://pathdb.cancerimagingarchive.net/system/files/wsi/ross/Osteosarcoma-UT/converted/Osteosarcoma-UT/Training-Set-2/set10/P9-B12-10806-33872.tiff,P9,Non-Tumor,NON_TUMOR,TRUE,False,RETRIEVED,200,C:\Users\enkso\.kiro\crew\scratch\runtime-0a306834\osteopatch_full_ingestion\tiffs\P9-B12-10806-33872.tiff,221676,5780f672cbe1d6776e1542afea27e8e058a3dd0a7dabc234a72e303b1c4fefdb
P9-B12-13935-21508,P9-B12-13935-21508,P9 B12-13935-21508,http://pathdb.cancerimagingarchive.net/system/files/wsi/ross/Osteosarcoma-UT/converted/Osteosarcoma-UT/Training-Set-2/set10/P9-B12-13935-21508.tiff,P9,Non-Tumor,NON_TUMOR,TRUE,False,RETRIEVED,200,C:\Users\enkso\.kiro\crew\scratch\runtime-0a306834\osteopatch_full_ingestion\tiffs\P9-B12-13935-21508.tiff,146552,36c7bafcdc1906b14a0ba2caddee6ca2b3fb83b80a3ecf99c2558d2bac8102a0
P9-B12-14125-15905,P9-B12-14125-15905,P9 B12-14125-15905,http://pathdb.cancerimagingarchive.net/system/files/wsi/ross/Osteosarcoma-UT/converted/Osteosarcoma-UT/Training-Set-2/set10/P9-B12-14125-15905.tiff,P9,Non-Tumor,NON_TUMOR,TRUE,False,RETRIEVED,200,C:\Users\enkso\.kiro\crew\scratch\runtime-0a306834\osteopatch_full_ingestion\tiffs\P9-B12-14125-15905.tiff,146330,70774c5999b3efd8e9165c3ba5847c537bc7409030bbe5104954b44302328bff
P9-B12-1528-19097,P9-B12-1528-19097,P9 B12-1528-19097,http://pathdb.cancerimagingarchive.net/system/files/wsi/ross/Osteosarcoma-UT/converted/Osteosarcoma-UT/Training-Set-2/set11/P9-B12-1528-19097.tiff,P9,Non-Tumor,NON_TUMOR,TRUE,False,RETRIEVED,200,C:\Users\enkso\.kiro\crew\scratch\runtime-0a306834\osteopatch_full_ingestion\tiffs\P9-B12-1528-19097.tiff,128548,a588b8d7b37070ee2a9293986d9e28893ee9b495d51d4a5fd42613f3bb6e78d9
P9-B12-15791-34183,P9-B12-15791-34183,P9 B12-15791-34183,http://pathdb.cancerimagingarchive.net/system/files/wsi/ross/Osteosarcoma-UT/converted/Osteosarcoma-UT/Training-Set-2/set11/P9-B12-15791-34183.tiff,P9,Non-Tumor,NON_TUMOR,TRUE,False,RETRIEVED,200,C:\Users\enkso\.kiro\crew\scratch\runtime-0a306834\osteopatch_full_ingestion\tiffs\P9-B12-15791-34183.tiff,220694,168ed6fc89b516303c1c2a5e89953d525c51e791dfaaaf76675dbe59418df642
P9-B12-16016-24828,P9-B12-16016-24828,P9 B12-16016-24828,http://pathdb.cancerimagingarchive.net/system/files/wsi/ross/Osteosarcoma-UT/converted/Osteosarcoma-UT/Training-Set-2/set11/P9-B12-16016-24828.tiff,P9,Non-Tumor,NON_TUMOR,TRUE,False,RETRIEVED,200,C:\Users\enkso\.kiro\crew\scratch\runtime-0a306834\osteopatch_full_ingestion\tiffs\P9-B12-16016-24828.tiff,188620,9bfe4aa4b5aabcf910f05b0ff23883096de5f88ad3ad98d0ba03ab54514e3692
P9-B12-16205-18441,P9-B12-16205-18441,P9 B12-16205-18441,http://pathdb.cancerimagingarchive.net/system/files/wsi/ross/Osteosarcoma-UT/converted/Osteosarcoma-UT/Training-Set-2/set11/P9-B12-16205-18441.tiff,P9,Non-Tumor,NON_TUMOR,TRUE,False,RETRIEVED,200,C:\Users\enkso\.kiro\crew\scratch\runtime-0a306834\osteopatch_full_ingestion\tiffs\P9-B12-16205-18441.tiff,141290,916db47f31f24c811c90abc7be2be038092aaad636f6552c20cadd014b4cd9fe
P9-B12-16776-15675,P9-B12-16776-15675,P9 B12-16776-15675,http://pathdb.cancerimagingarchive.net/system/files/wsi/ross/Osteosarcoma-UT/converted/Osteosarcoma-UT/Training-Set-2/set11/P9-B12-16776-15675.tiff,P9,Non-Tumor,NON_TUMOR,TRUE,False,RETRIEVED,200,C:\Users\enkso\.kiro\crew\scratch\runtime-0a306834\osteopatch_full_ingestion\tiffs\P9-B12-16776-15675.tiff,125792,bba36435ee2a595c6350dc8631782f2235804f41da531c319ca82e16025f6623
P9-B12-16864-22190,P9-B12-16864-22190,P9 B12-16864-22190,http://pathdb.cancerimagingarchive.net/system/files/wsi/ross/Osteosarcoma-UT/converted/Osteosarcoma-UT/Training-Set-2/set11/P9-B12-16864-22190.tiff,P9,Non-Tumor,NON_TUMOR,TRUE,False,RETRIEVED,200,C:\Users\enkso\.kiro\crew\scratch\runtime-0a306834\osteopatch_full_ingestion\tiffs\P9-B12-16864-22190.tiff,222068,bc8617c56f8deff7f9494487d4dec2976f3bf9febb85363eb6a42d501397f26d
P9-B12-17951-15665,P9-B12-17951-15665,P9 B12-17951-15665,http://pathdb.cancerimagingarchive.net/system/files/wsi/ross/Osteosarcoma-UT/converted/Osteosarcoma-UT/Training-Set-2/set11/P9-B12-17951-15665.tiff,P9,Non-Tumor,NON_TUMOR,TRUE,False,RETRIEVED,200,C:\Users\enkso\.kiro\crew\scratch\runtime-0a306834\osteopatch_full_ingestion\tiffs\P9-B12-17951-15665.tiff,130876,bc9956c1168add0d35e774bbd9b9af6960b0d15117482e1ecfd784fb380e547b
P9-B12-18729-28478,P9-B12-18729-28478,P9 B12-18729-28478,http://pathdb.cancerimagingarchive.net/system/files/wsi/ross/Osteosarcoma-UT/converted/Osteosarcoma-UT/Training-Set-2/set11/P9-B12-18729-28478.tiff,P9,Non-Tumor,NON_TUMOR,TRUE,False,RETRIEVED,200,C:\Users\enkso\.kiro\crew\scratch\runtime-0a306834\osteopatch_full_ingestion\tiffs\P9-B12-18729-28478.tiff,164882,ae9a565b0c80c99e4b05799270cba831f2f5a7bad0269e95f1be74857ff66c07
P9-B12-21385-26109,P9-B12-21385-26109,P9 B12-21385-26109,http://pathdb.cancerimagingarchive.net/system/files/wsi/ross/Osteosarcoma-UT/converted/Osteosarcoma-UT/Training-Set-1/set10/P9-B12-21385-26109.tiff,P9,Non-Tumor,NON_TUMOR,TRUE,False,RETRIEVED,200,C:\Users\enkso\.kiro\crew\scratch\runtime-0a306834\osteopatch_full_ingestion\tiffs\P9-B12-21385-26109.tiff,107494,ba47a84338b3d776acd0a14c2715e88f96f30f33c24bf1e8949d3e2a853ceeb6
P9-B12-22760-3440,P9-B12-22760-3440,P9 B12-22760-3440,http://pathdb.cancerimagingarchive.net/system/files/wsi/ross/Osteosarcoma-UT/converted/Osteosarcoma-UT/Training-Set-1/set10/P9-B12-22760-3440.tiff,P9,Non-Tumor,NON_TUMOR,TRUE,False,RETRIEVED,200,C:\Users\enkso\.kiro\crew\scratch\runtime-0a306834\osteopatch_full_ingestion\tiffs\P9-B12-22760-3440.tiff,256012,55f24cc59fee14a934acdba2be08e4374992bc362b0ca3c424d8863cf56309d5
P9-B12-22944-25112,P9-B12-22944-25112,P9 B12-22944-25112,http://pathdb.cancerimagingarchive.net/system/files/wsi/ross/Osteosarcoma-UT/converted/Osteosarcoma-UT/Training-Set-1/set10/P9-B12-22944-25112.tiff,P9,Non-Tumor,NON_TUMOR,TRUE,False,RETRIEVED,200,C:\Users\enkso\.kiro\crew\scratch\runtime-0a306834\osteopatch_full_ingestion\tiffs\P9-B12-22944-25112.tiff,87766,5f8d3b6a7c7fef377ce42ce201374d9ee41e7bb25b68376c95ffc620c2037ff6
P9-B12-23055-29024,P9-B12-23055-29024,P9 B12-23055-29024,http://pathdb.cancerimagingarchive.net/system/files/wsi/ross/Osteosarcoma-UT/converted/Osteosarcoma-UT/Training-Set-1/set10/P9-B12-23055-29024.tiff,P9,Non-Tumor,NON_TUMOR,TRUE,False,RETRIEVED,200,C:\Users\enkso\.kiro\crew\scratch\runtime-0a306834\osteopatch_full_ingestion\tiffs\P9-B12-23055-29024.tiff,222698,66de8f36073fcd7633c857f25cc8a50b9f4547a88db0c5c96c318317b7152884
P9-B12-23537-5923,P9-B12-23537-5923,P9 B12-23537-5923,http://pathdb.cancerimagingarchive.net/system/files/wsi/ross/Osteosarcoma-UT/converted/Osteosarcoma-UT/Training-Set-1/set10/P9-B12-23537-5923.tiff,P9,Non-Tumor,NON_TUMOR,TRUE,False,RETRIEVED,200,C:\Users\enkso\.kiro\crew\scratch\runtime-0a306834\osteopatch_full_ingestion\tiffs\P9-B12-23537-5923.tiff,134468,e32497f92481d181422ad802e7a7551a817879a1c92e90594b216db372c8ad69
P9-B12-25916-5462,P9-B12-25916-5462,P9 B12-25916-5462,http://pathdb.cancerimagingarchive.net/system/files/wsi/ross/Osteosarcoma-UT/converted/Osteosarcoma-UT/Training-Set-1/set10/P9-B12-25916-5462.tiff,P9,Non-Tumor,NON_TUMOR,TRUE,False,RETRIEVED,200,C:\Users\enkso\.kiro\crew\scratch\runtime-0a306834\osteopatch_full_ingestion\tiffs\P9-B12-25916-5462.tiff,133514,0b8596c380dd1583ca04413ca70c9173be14cc3d1458eab48566fb6480657c7a
P9-B12-27373-27674,P9-B12-27373-27674,P9 B12-27373-27674,http://pathdb.cancerimagingarchive.net/system/files/wsi/ross/Osteosarcoma-UT/converted/Osteosarcoma-UT/Training-Set-1/set10/P9-B12-27373-27674.tiff,P9,Non-Tumor,NON_TUMOR,TRUE,False,RETRIEVED,200,C:\Users\enkso\.kiro\crew\scratch\runtime-0a306834\osteopatch_full_ingestion\tiffs\P9-B12-27373-27674.tiff,216750,32ad95eeb30038fb3fbf7c5b3985ac87260a364dc6a0707fe07c69913d886d23
P9-B12-29086-24068,P9-B12-29086-24068,P9 B12-29086-24068,http://pathdb.cancerimagingarchive.net/system/files/wsi/ross/Osteosarcoma-UT/converted/Osteosarcoma-UT/Training-Set-1/set10/P9-B12-29086-24068.tiff,P9,Non-Tumor,NON_TUMOR,TRUE,False,RETRIEVED,200,C:\Users\enkso\.kiro\crew\scratch\runtime-0a306834\osteopatch_full_ingestion\tiffs\P9-B12-29086-24068.tiff,183264,0f7a4ccd54752848fc1d174771e4b76b9cb6e720dd39a9c537306d45c85fe4a8
P9-B12-29972-10692,P9-B12-29972-10692,P9 B12-29972-10692,http://pathdb.cancerimagingarchive.net/system/files/wsi/ross/Osteosarcoma-UT/converted/Osteosarcoma-UT/Training-Set-1/set10/P9-B12-29972-10692.tiff,P9,Non-Tumor,NON_TUMOR,TRUE,False,RETRIEVED,200,C:\Users\enkso\.kiro\crew\scratch\runtime-0a306834\osteopatch_full_ingestion\tiffs\P9-B12-29972-10692.tiff,160696,ece6bf59fc3e363bc7d9d74932f1516880b806c98ffdbea02c6183d8a0622a85
P9-B12-30756-25977,P9-B12-30756-25977,P9 B12-30756-25977,http://pathdb.cancerimagingarchive.net/system/files/wsi/ross/Osteosarcoma-UT/converted/Osteosarcoma-UT/Training-Set-1/set10/P9-B12-30756-25977.tiff,P9,Non-Tumor,NON_TUMOR,TRUE,False,RETRIEVED,200,C:\Users\enkso\.kiro\crew\scratch\runtime-0a306834\osteopatch_full_ingestion\tiffs\P9-B12-30756-25977.tiff,222766,f6dd0a357630b86ca8971d1712e2a47b63c5f054a7c10d8dce93411820e7852d
P9-B12-30770-23009,P9-B12-30770-23009,P9 B12-30770-23009,http://pathdb.cancerimagingarchive.net/system/files/wsi/ross/Osteosarcoma-UT/converted/Osteosarcoma-UT/Training-Set-1/set10/P9-B12-30770-23009.tiff,P9,Non-Tumor,NON_TUMOR,TRUE,False,RETRIEVED,200,C:\Users\enkso\.kiro\crew\scratch\runtime-0a306834\osteopatch_full_ingestion\tiffs\P9-B12-30770-23009.tiff,225538,111895d226edc7b3cf002f0dc83070edb814d066ad9298ed1f89f091ca440197
P9-B12-31177-18166,P9-B12-31177-18166,P9 B12-31177-18166,http://pathdb.cancerimagingarchive.net/system/files/wsi/ross/Osteosarcoma-UT/converted/Osteosarcoma-UT/Training-Set-1/set10/P9-B12-31177-18166.tiff,P9,Non-Tumor,NON_TUMOR,TRUE,False,RETRIEVED,200,C:\Users\enkso\.kiro\crew\scratch\runtime-0a306834\osteopatch_full_ingestion\tiffs\P9-B12-31177-18166.tiff,126818,34c2ba44b38bb66add080866f62e6b51d91eb23be5c3be2d32e992530ed7029d
P9-B12-33745-16087,P9-B12-33745-16087,P9 B12-33745-16087,http://pathdb.cancerimagingarchive.net/system/files/wsi/ross/Osteosarcoma-UT/converted/Osteosarcoma-UT/Training-Set-1/set10/P9-B12-33745-16087.tiff,P9,Non-Tumor,NON_TUMOR,TRUE,False,RETRIEVED,200,C:\Users\enkso\.kiro\crew\scratch\runtime-0a306834\osteopatch_full_ingestion\tiffs\P9-B12-33745-16087.tiff,108266,53a68c5adaa71827851441fe4e500c5107e71f421c39b5b93ccb38f3543d6820
P9-B12-3695-15824,P9-B12-3695-15824,P9 B12-3695-15824,http://pathdb.cancerimagingarchive.net/system/files/wsi/ross/Osteosarcoma-UT/converted/Osteosarcoma-UT/Training-Set-2/set11/P9-B12-3695-15824.tiff,P9,Non-Tumor,NON_TUMOR,TRUE,False,RETRIEVED,200,C:\Users\enkso\.kiro\crew\scratch\runtime-0a306834\osteopatch_full_ingestion\tiffs\P9-B12-3695-15824.tiff,80150,1787d520ea9a8ab54f228d3f961e25e6ddfa6435fdd2c8c37717debe94781964
P9-B12-7286-14751,P9-B12-7286-14751,P9 B12-7286-14751,http://pathdb.cancerimagingarchive.net/system/files/wsi/ross/Osteosarcoma-UT/converted/Osteosarcoma-UT/Training-Set-2/set11/P9-B12-7286-14751.tiff,P9,Non-Tumor,NON_TUMOR,TRUE,False,RETRIEVED,200,C:\Users\enkso\.kiro\crew\scratch\runtime-0a306834\osteopatch_full_ingestion\tiffs\P9-B12-7286-14751.tiff,204078,2fcdf5a7edc0031c831a76a850fcba3d60717de75ceb7a4fd9cbb116d089147c
P9-B12-7917-18432,P9-B12-7917-18432,P9 B12-7917-18432,http://pathdb.cancerimagingarchive.net/system/files/wsi/ross/Osteosarcoma-UT/converted/Osteosarcoma-UT/Training-Set-2/set11/P9-B12-7917-18432.tiff,P9,Non-Tumor,NON_TUMOR,TRUE,False,RETRIEVED,200,C:\Users\enkso\.kiro\crew\scratch\runtime-0a306834\osteopatch_full_ingestion\tiffs\P9-B12-7917-18432.tiff,160198,b1dbd57370de5f53d43d3affbade3e5a3cba123c45e183ae81de73e356edc22c
P9-B27-12460-16377,P9-B27-12460-16377,P9 B27-12460-16377,http://pathdb.cancerimagingarchive.net/system/files/wsi/ross/Osteosarcoma-UT/converted/Osteosarcoma-UT/Training-Set-2/set11/P9-B27-12460-16377.tiff,P9,Non-Tumor,NON_TUMOR,TRUE,False,RETRIEVED,200,C:\Users\enkso\.kiro\crew\scratch\runtime-0a306834\osteopatch_full_ingestion\tiffs\P9-B27-12460-16377.tiff,135392,6394c1088d458f0faaa48ad5e497e1557646bb33846ce71116bcdcb6e4fe95da
P9-B27-14462-34695,P9-B27-14462-34695,P9 B27-14462-34695,http://pathdb.cancerimagingarchive.net/system/files/wsi/ross/Osteosarcoma-UT/converted/Osteosarcoma-UT/Training-Set-2/set11/P9-B27-14462-34695.tiff,P9,Non-Tumor,NON_TUMOR,TRUE,False,RETRIEVED,200,C:\Users\enkso\.kiro\crew\scratch\runtime-0a306834\osteopatch_full_ingestion\tiffs\P9-B27-14462-34695.tiff,221170,0df4a23a67423815f9a76e70c58018bd0b10cfa61fbf353dc40e00ab4866102c
P9-B27-16009-8612,P9-B27-16009-8612,P9 B27-16009-8612,http://pathdb.cancerimagingarchive.net/system/files/wsi/ross/Osteosarcoma-UT/converted/Osteosarcoma-UT/Training-Set-2/set11/P9-B27-16009-8612.tiff,P9,Non-Tumor,NON_TUMOR,TRUE,False,RETRIEVED,200,C:\Users\enkso\.kiro\crew\scratch\runtime-0a306834\osteopatch_full_ingestion\tiffs\P9-B27-16009-8612.tiff,140210,7fc5c128b3d6cc1392d8e0a1f068418183ef614dc5c58c4f53615316bd1c215d
P9-B27-17480-8356,P9-B27-17480-8356,P9 B27-17480-8356,http://pathdb.cancerimagingarchive.net/system/files/wsi/ross/Osteosarcoma-UT/converted/Osteosarcoma-UT/Training-Set-2/set11/P9-B27-17480-8356.tiff,P9,Non-Tumor,NON_TUMOR,TRUE,False,RETRIEVED,200,C:\Users\enkso\.kiro\crew\scratch\runtime-0a306834\osteopatch_full_ingestion\tiffs\P9-B27-17480-8356.tiff,171324,ecbd8262b92c0f1188b61a0f3b69670ba531190d83fcdb8beec04694cc2a1388
P9-B27-19851-11325,P9-B27-19851-11325,P9 B27-19851-11325,http://pathdb.cancerimagingarchive.net/system/files/wsi/ross/Osteosarcoma-UT/converted/Osteosarcoma-UT/Training-Set-2/set11/P9-B27-19851-11325.tiff,P9,Non-Tumor,NON_TUMOR,TRUE,False,RETRIEVED,200,C:\Users\enkso\.kiro\crew\scratch\runtime-0a306834\osteopatch_full_ingestion\tiffs\P9-B27-19851-11325.tiff,76282,0c7495458a419071544391cc8945111f03d1f5bc3a8c1ed0da0db4e4df601c7b
P9-B27-19974-33573,P9-B27-19974-33573,P9 B27-19974-33573,http://pathdb.cancerimagingarchive.net/system/files/wsi/ross/Osteosarcoma-UT/converted/Osteosarcoma-UT/Training-Set-2/set11/P9-B27-19974-33573.tiff,P9,Non-Tumor,NON_TUMOR,TRUE,False,RETRIEVED,200,C:\Users\enkso\.kiro\crew\scratch\runtime-0a306834\osteopatch_full_ingestion\tiffs\P9-B27-19974-33573.tiff,37704,c6d95afd42d839f124b37ff983f278ce8c596927506128c990923f25046c93fe
P9-B27-20395-30971,P9-B27-20395-30971,P9 B27-20395-30971,http://pathdb.cancerimagingarchive.net/system/files/wsi/ross/Osteosarcoma-UT/converted/Osteosarcoma-UT/Training-Set-2/set11/P9-B27-20395-30971.tiff,P9,Non-Tumor,NON_TUMOR,TRUE,False,RETRIEVED,200,C:\Users\enkso\.kiro\crew\scratch\runtime-0a306834\osteopatch_full_ingestion\tiffs\P9-B27-20395-30971.tiff,217340,54fb2290cc92cd37a0c6eea5cdf8b4542b5e1f98625ec64c6bfa35b3bb7a8c7f
P9-B27-20913-9107,P9-B27-20913-9107,P9 B27-20913-9107,http://pathdb.cancerimagingarchive.net/system/files/wsi/ross/Osteosarcoma-UT/converted/Osteosarcoma-UT/Training-Set-2/set11/P9-B27-20913-9107.tiff,P9,Non-Tumor,NON_TUMOR,TRUE,False,RETRIEVED,200,C:\Users\enkso\.kiro\crew\scratch\runtime-0a306834\osteopatch_full_ingestion\tiffs\P9-B27-20913-9107.tiff,147332,ebc397771dfd518f89df17ec3e63662a205e93ccbcadef2d7ce6e197aec7fea4
P9-B27-21147-30384,P9-B27-21147-30384,P9 B27-21147-30384,http://pathdb.cancerimagingarchive.net/system/files/wsi/ross/Osteosarcoma-UT/converted/Osteosarcoma-UT/Training-Set-1/set10/P9-B27-21147-30384.tiff,P9,Non-Tumor,NON_TUMOR,TRUE,False,RETRIEVED,200,C:\Users\enkso\.kiro\crew\scratch\runtime-0a306834\osteopatch_full_ingestion\tiffs\P9-B27-21147-30384.tiff,194560,cc9697ac53444f88ef552c15b74e38fd06a31a35fa826ea69750319ea87ea43e
P9-B27-22893-27985,P9-B27-22893-27985,P9 B27-22893-27985,http://pathdb.cancerimagingarchive.net/system/files/wsi/ross/Osteosarcoma-UT/converted/Osteosarcoma-UT/Training-Set-1/set10/P9-B27-22893-27985.tiff,P9,Non-Tumor,NON_TUMOR,TRUE,False,RETRIEVED,200,C:\Users\enkso\.kiro\crew\scratch\runtime-0a306834\osteopatch_full_ingestion\tiffs\P9-B27-22893-27985.tiff,198812,45f5d5da04214e19eceafc91efb71977b62c4566bd06153593fe5eebf6960c50
P9-B27-23402-16368,P9-B27-23402-16368,P9 B27-23402-16368,http://pathdb.cancerimagingarchive.net/system/files/wsi/ross/Osteosarcoma-UT/converted/Osteosarcoma-UT/Training-Set-1/set10/P9-B27-23402-16368.tiff,P9,Non-Tumor,NON_TUMOR,TRUE,False,RETRIEVED,200,C:\Users\enkso\.kiro\crew\scratch\runtime-0a306834\osteopatch_full_ingestion\tiffs\P9-B27-23402-16368.tiff,149928,1e51081198ea6ece87b664a6a3fe56de45b1fababe080917fdb3e406042a67c7
P9-B27-24181-31257,P9-B27-24181-31257,P9 B27-24181-31257,http://pathdb.cancerimagingarchive.net/system/files/wsi/ross/Osteosarcoma-UT/converted/Osteosarcoma-UT/Training-Set-1/set10/P9-B27-24181-31257.tiff,P9,Non-Tumor,NON_TUMOR,TRUE,False,RETRIEVED,200,C:\Users\enkso\.kiro\crew\scratch\runtime-0a306834\osteopatch_full_ingestion\tiffs\P9-B27-24181-31257.tiff,81314,8fd4bcc30837fce797a36f84e4bb5a4d6999844be1294a85a4c553dd733bd10d
P9-B27-24733-4169,P9-B27-24733-4169,P9 B27-24733-4169,http://pathdb.cancerimagingarchive.net/system/files/wsi/ross/Osteosarcoma-UT/converted/Osteosarcoma-UT/Training-Set-1/set10/P9-B27-24733-4169.tiff,P9,Non-Tumor,NON_TUMOR,TRUE,False,RETRIEVED,200,C:\Users\enkso\.kiro\crew\scratch\runtime-0a306834\osteopatch_full_ingestion\tiffs\P9-B27-24733-4169.tiff,212412,5087a67639c484d2bee65d7003fd12a012225a264c72828f0800d101eeab803e
P9-B27-25164-29040,P9-B27-25164-29040,P9 B27-25164-29040,http://pathdb.cancerimagingarchive.net/system/files/wsi/ross/Osteosarcoma-UT/converted/Osteosarcoma-UT/Training-Set-1/set10/P9-B27-25164-29040.tiff,P9,Non-Tumor,NON_TUMOR,TRUE,False,RETRIEVED,200,C:\Users\enkso\.kiro\crew\scratch\runtime-0a306834\osteopatch_full_ingestion\tiffs\P9-B27-25164-29040.tiff,221616,ff4f683f3a457087c31647ba72af8d97f2b84448dfc9132ed6808c600cc18955
P9-B27-25739-23378,P9-B27-25739-23378,P9 B27-25739-23378,http://pathdb.cancerimagingarchive.net/system/files/wsi/ross/Osteosarcoma-UT/converted/Osteosarcoma-UT/Training-Set-1/set10/P9-B27-25739-23378.tiff,P9,Non-Tumor,NON_TUMOR,TRUE,False,RETRIEVED,200,C:\Users\enkso\.kiro\crew\scratch\runtime-0a306834\osteopatch_full_ingestion\tiffs\P9-B27-25739-23378.tiff,51596,2173f26133f60baf981df9fa906b676f2fc0a4ac5dcd47d9af8f3b4ea74ed852
P9-B27-26731-20410,P9-B27-26731-20410,P9 B27-26731-20410,http://pathdb.cancerimagingarchive.net/system/files/wsi/ross/Osteosarcoma-UT/converted/Osteosarcoma-UT/Training-Set-1/set10/P9-B27-26731-20410.tiff,P9,Non-Tumor,NON_TUMOR,TRUE,False,RETRIEVED,200,C:\Users\enkso\.kiro\crew\scratch\runtime-0a306834\osteopatch_full_ingestion\tiffs\P9-B27-26731-20410.tiff,190342,d56e76ae8807fa3de409c07e7d60d32161beebf2a93ca966465badc628266a97
P9-B27-26824-12635,P9-B27-26824-12635,P9 B27-26824-12635,http://pathdb.cancerimagingarchive.net/system/files/wsi/ross/Osteosarcoma-UT/converted/Osteosarcoma-UT/Training-Set-1/set10/P9-B27-26824-12635.tiff,P9,Non-Tumor,NON_TUMOR,TRUE,False,RETRIEVED,200,C:\Users\enkso\.kiro\crew\scratch\runtime-0a306834\osteopatch_full_ingestion\tiffs\P9-B27-26824-12635.tiff,193218,719664fe1c2bee7dbcb1914a95f4ba755f2fe351d42716275f1f73a2692c8a0f
P9-B27-29220-27404,P9-B27-29220-27404,P9 B27-29220-27404,http://pathdb.cancerimagingarchive.net/system/files/wsi/ross/Osteosarcoma-UT/converted/Osteosarcoma-UT/Training-Set-1/set10/P9-B27-29220-27404.tiff,P9,Non-Tumor,NON_TUMOR,TRUE,False,RETRIEVED,200,C:\Users\enkso\.kiro\crew\scratch\runtime-0a306834\osteopatch_full_ingestion\tiffs\P9-B27-29220-27404.tiff,203532,fa2b7bfca6cc8db4766a66980705baadd1c10003c591e9050cea1e1f6c61857c
P9-B27-3237-19787,P9-B27-3237-19787,P9 B27-3237-19787,http://pathdb.cancerimagingarchive.net/system/files/wsi/ross/Osteosarcoma-UT/converted/Osteosarcoma-UT/Training-Set-2/set11/P9-B27-3237-19787.tiff,P9,Non-Tumor,NON_TUMOR,TRUE,False,RETRIEVED,200,C:\Users\enkso\.kiro\crew\scratch\runtime-0a306834\osteopatch_full_ingestion\tiffs\P9-B27-3237-19787.tiff,123904,7f7ebc6474bce3f773881b13616ed86bac175c478aeaa6674b53f658ebe65eb1
P9-B27-32593-22757,P9-B27-32593-22757,P9 B27-32593-22757,http://pathdb.cancerimagingarchive.net/system/files/wsi/ross/Osteosarcoma-UT/converted/Osteosarcoma-UT/Training-Set-1/set10/P9-B27-32593-22757.tiff,P9,Non-Tumor,NON_TUMOR,TRUE,False,RETRIEVED,200,C:\Users\enkso\.kiro\crew\scratch\runtime-0a306834\osteopatch_full_ingestion\tiffs\P9-B27-32593-22757.tiff,208888,cb5d878fc3b4a42855c6777f8a773b761c82a64d381a2e3a63d13ac542d76a79
P9-B27-32861-24034,P9-B27-32861-24034,P9 B27-32861-24034,http://pathdb.cancerimagingarchive.net/system/files/wsi/ross/Osteosarcoma-UT/converted/Osteosarcoma-UT/Training-Set-1/set10/P9-B27-32861-24034.tiff,P9,Non-Tumor,NON_TUMOR,TRUE,False,RETRIEVED,200,C:\Users\enkso\.kiro\crew\scratch\runtime-0a306834\osteopatch_full_ingestion\tiffs\P9-B27-32861-24034.tiff,218884,87118efd133f0bf7a1c1daed542b058355a61bf0aca57d63f175cf88f40239a9
P9-B27-33859-19909,P9-B27-33859-19909,P9 B27-33859-19909,http://pathdb.cancerimagingarchive.net/system/files/wsi/ross/Osteosarcoma-UT/converted/Osteosarcoma-UT/Training-Set-1/set10/P9-B27-33859-19909.tiff,P9,Non-Tumor,NON_TUMOR,TRUE,False,RETRIEVED,200,C:\Users\enkso\.kiro\crew\scratch\runtime-0a306834\osteopatch_full_ingestion\tiffs\P9-B27-33859-19909.tiff,169610,63b8161e619162a556374698cf3720927bcb73cf862946b887bebb897c668cb3
P9-B27-4044-15408,P9-B27-4044-15408,P9 B27-4044-15408,http://pathdb.cancerimagingarchive.net/system/files/wsi/ross/Osteosarcoma-UT/converted/Osteosarcoma-UT/Training-Set-2/set11/P9-B27-4044-15408.tiff,P9,Non-Tumor,NON_TUMOR,TRUE,False,RETRIEVED,200,C:\Users\enkso\.kiro\crew\scratch\runtime-0a306834\osteopatch_full_ingestion\tiffs\P9-B27-4044-15408.tiff,102812,1d940036eb62e8ffc36737893d84e56174fb31871d72a89f0ab64809ddaf6036
P9-B27-7490-21036,P9-B27-7490-21036,P9 B27-7490-21036,http://pathdb.cancerimagingarchive.net/system/files/wsi/ross/Osteosarcoma-UT/converted/Osteosarcoma-UT/Training-Set-2/set11/P9-B27-7490-21036.tiff,P9,Non-Tumor,NON_TUMOR,TRUE,False,RETRIEVED,200,C:\Users\enkso\.kiro\crew\scratch\runtime-0a306834\osteopatch_full_ingestion\tiffs\P9-B27-7490-21036.tiff,178218,64bb62aa53b830aa7d6dd472850ec22240742a46cf4267fac9af5bf95f65326d
P9-B27-7514-15190,P9-B27-7514-15190,P9 B27-7514-15190,http://pathdb.cancerimagingarchive.net/system/files/wsi/ross/Osteosarcoma-UT/converted/Osteosarcoma-UT/Training-Set-2/set11/P9-B27-7514-15190.tiff,P9,Non-Tumor,NON_TUMOR,TRUE,False,RETRIEVED,200,C:\Users\enkso\.kiro\crew\scratch\runtime-0a306834\osteopatch_full_ingestion\tiffs\P9-B27-7514-15190.tiff,168456,e0aaa4a87751c41d45ba5477a40d12eda716c113a98db53bdf89d362c89eed8f
P9-B27-7554-23732,P9-B27-7554-23732,P9 B27-7554-23732,http://pathdb.cancerimagingarchive.net/system/files/wsi/ross/Osteosarcoma-UT/converted/Osteosarcoma-UT/Training-Set-2/set11/P9-B27-7554-23732.tiff,P9,Non-Tumor,NON_TUMOR,TRUE,False,RETRIEVED,200,C:\Users\enkso\.kiro\crew\scratch\runtime-0a306834\osteopatch_full_ingestion\tiffs\P9-B27-7554-23732.tiff,99254,42e0ce4ebb88a365b5f7b883ce040f226c0fc9107c949a0682c99a936c5210b1
P9-B27-8203-28059,P9-B27-8203-28059,P9 B27-8203-28059,http://pathdb.cancerimagingarchive.net/system/files/wsi/ross/Osteosarcoma-UT/converted/Osteosarcoma-UT/Training-Set-2/set11/P9-B27-8203-28059.tiff,P9,Non-Tumor,NON_TUMOR,TRUE,False,RETRIEVED,200,C:\Users\enkso\.kiro\crew\scratch\runtime-0a306834\osteopatch_full_ingestion\tiffs\P9-B27-8203-28059.tiff,119106,1e1fc6f0a2d5cf9d2ca16c6c74fd4a35475eb2b21d303b42c5773c9616442caa
P9-B27-9346-28187,P9-B27-9346-28187,P9 B27-9346-28187,http://pathdb.cancerimagingarchive.net/system/files/wsi/ross/Osteosarcoma-UT/converted/Osteosarcoma-UT/Training-Set-2/set11/P9-B27-9346-28187.tiff,P9,Non-Tumor,NON_TUMOR,TRUE,False,RETRIEVED,200,C:\Users\enkso\.kiro\crew\scratch\runtime-0a306834\osteopatch_full_ingestion\tiffs\P9-B27-9346-28187.tiff,155804,ac2755d829a83c70b0c12737caa22c4bb9c49049faaca2a0d92067b46fa2c8db
P9-B28-11013-9554,P9-B28-11013-9554,P9 B28-11013-9554,http://pathdb.cancerimagingarchive.net/system/files/wsi/ross/Osteosarcoma-UT/converted/Osteosarcoma-UT/Training-Set-2/set11/P9-B28-11013-9554.tiff,P9,Non-Tumor,NON_TUMOR,TRUE,False,RETRIEVED,200,C:\Users\enkso\.kiro\crew\scratch\runtime-0a306834\osteopatch_full_ingestion\tiffs\P9-B28-11013-9554.tiff,149818,3242659750948fea019b0789efd922f714657529e3479d0e2ec37c2cb7999d83
P9-B28-11927-9548,P9-B28-11927-9548,P9 B28-11927-9548,http://pathdb.cancerimagingarchive.net/system/files/wsi/ross/Osteosarcoma-UT/converted/Osteosarcoma-UT/Training-Set-2/set11/P9-B28-11927-9548.tiff,P9,Non-Tumor,NON_TUMOR,TRUE,False,RETRIEVED,200,C:\Users\enkso\.kiro\crew\scratch\runtime-0a306834\osteopatch_full_ingestion\tiffs\P9-B28-11927-9548.tiff,148732,eb542b97100b8af83a62e25a5609e039ddaa3cbfdd5dc85da4bad332a7e8be10
P9-B28-12856-10047,P9-B28-12856-10047,P9 B28-12856-10047,http://pathdb.cancerimagingarchive.net/system/files/wsi/ross/Osteosarcoma-UT/converted/Osteosarcoma-UT/Training-Set-2/set11/P9-B28-12856-10047.tiff,P9,Non-Tumor,NON_TUMOR,TRUE,False,RETRIEVED,200,C:\Users\enkso\.kiro\crew\scratch\runtime-0a306834\osteopatch_full_ingestion\tiffs\P9-B28-12856-10047.tiff,99142,f8e130cb000494d57ee1e5dd7b6c7dc0274aa5f14869f65c1d809430cdee1327
P9-B28-12901-5993,P9-B28-12901-5993,P9 B28-12901-5993,http://pathdb.cancerimagingarchive.net/system/files/wsi/ross/Osteosarcoma-UT/converted/Osteosarcoma-UT/Training-Set-2/set11/P9-B28-12901-5993.tiff,P9,Non-Tumor,NON_TUMOR,TRUE,False,RETRIEVED,200,C:\Users\enkso\.kiro\crew\scratch\runtime-0a306834\osteopatch_full_ingestion\tiffs\P9-B28-12901-5993.tiff,179930,3d44c00967367dcd6f91b78c67bec28b176bb6ca9d596ea9c445d2ed074e4f87
P9-B28-14182-7718,P9-B28-14182-7718,P9 B28-14182-7718,http://pathdb.cancerimagingarchive.net/system/files/wsi/ross/Osteosarcoma-UT/converted/Osteosarcoma-UT/Training-Set-2/set11/P9-B28-14182-7718.tiff,P9,Non-Tumor,NON_TUMOR,TRUE,False,RETRIEVED,200,C:\Users\enkso\.kiro\crew\scratch\runtime-0a306834\osteopatch_full_ingestion\tiffs\P9-B28-14182-7718.tiff,219552,035f77d0be1a9722b0f0100074339ab2732ffdc80ccf12177425171e2e0b6a45
P9-B28-14508-11698,P9-B28-14508-11698,P9 B28-14508-11698,http://pathdb.cancerimagingarchive.net/system/files/wsi/ross/Osteosarcoma-UT/converted/Osteosarcoma-UT/Training-Set-2/set11/P9-B28-14508-11698.tiff,P9,Non-Tumor,NON_TUMOR,TRUE,False,RETRIEVED,200,C:\Users\enkso\.kiro\crew\scratch\runtime-0a306834\osteopatch_full_ingestion\tiffs\P9-B28-14508-11698.tiff,144824,be0a207d25110fd6ed20563fb9e37053837a4a0cf4de89e5b20593d702b3402c
P9-B28-14987-29631,P9-B28-14987-29631,P9 B28-14987-29631,http://pathdb.cancerimagingarchive.net/system/files/wsi/ross/Osteosarcoma-UT/converted/Osteosarcoma-UT/Training-Set-2/set11/P9-B28-14987-29631.tiff,P9,Non-Tumor,NON_TUMOR,TRUE,False,RETRIEVED,200,C:\Users\enkso\.kiro\crew\scratch\runtime-0a306834\osteopatch_full_ingestion\tiffs\P9-B28-14987-29631.tiff,128926,127d8cf02f2f36555e0a4b579c8c06b0117c49be018bc7219cd673850f7def74
P9-B28-15374-32337,P9-B28-15374-32337,P9 B28-15374-32337,http://pathdb.cancerimagingarchive.net/system/files/wsi/ross/Osteosarcoma-UT/converted/Osteosarcoma-UT/Training-Set-2/set11/P9-B28-15374-32337.tiff,P9,Non-Tumor,NON_TUMOR,TRUE,False,RETRIEVED,200,C:\Users\enkso\.kiro\crew\scratch\runtime-0a306834\osteopatch_full_ingestion\tiffs\P9-B28-15374-32337.tiff,213668,03847494fd628bb584c2743bf55b76af2bad1829c6da6593377c8fc647848615
P9-B28-15856-19913,P9-B28-15856-19913,P9 B28-15856-19913,http://pathdb.cancerimagingarchive.net/system/files/wsi/ross/Osteosarcoma-UT/converted/Osteosarcoma-UT/Training-Set-2/set11/P9-B28-15856-19913.tiff,P9,Non-Tumor,NON_TUMOR,TRUE,False,RETRIEVED,200,C:\Users\enkso\.kiro\crew\scratch\runtime-0a306834\osteopatch_full_ingestion\tiffs\P9-B28-15856-19913.tiff,159040,e5bacd0a4935c319a88c3697ca16480f99b02040af4315cdcb95d2efd69e706a
P9-B28-17157-16037,P9-B28-17157-16037,P9 B28-17157-16037,http://pathdb.cancerimagingarchive.net/system/files/wsi/ross/Osteosarcoma-UT/converted/Osteosarcoma-UT/Training-Set-2/set11/P9-B28-17157-16037.tiff,P9,Non-Tumor,NON_TUMOR,TRUE,False,RETRIEVED,200,C:\Users\enkso\.kiro\crew\scratch\runtime-0a306834\osteopatch_full_ingestion\tiffs\P9-B28-17157-16037.tiff,140244,923d686468641d5d5a24ccf4e32af321de210a7c63757e7138f19ec3b65c5926
P9-B28-18049-26737,P9-B28-18049-26737,P9 B28-18049-26737,http://pathdb.cancerimagingarchive.net/system/files/wsi/ross/Osteosarcoma-UT/converted/Osteosarcoma-UT/Training-Set-2/set11/P9-B28-18049-26737.tiff,P9,Non-Tumor,NON_TUMOR,TRUE,False,RETRIEVED,200,C:\Users\enkso\.kiro\crew\scratch\runtime-0a306834\osteopatch_full_ingestion\tiffs\P9-B28-18049-26737.tiff,129410,326222f04121a948bea2a72a8f38e5274926fb40aaf6559f73644bf840d88ec6
P9-B28-19864-33157,P9-B28-19864-33157,P9 B28-19864-33157,http://pathdb.cancerimagingarchive.net/system/files/wsi/ross/Osteosarcoma-UT/converted/Osteosarcoma-UT/Training-Set-1/set10/P9-B28-19864-33157.tiff,P9,Non-Tumor,NON_TUMOR,TRUE,False,RETRIEVED,200,C:\Users\enkso\.kiro\crew\scratch\runtime-0a306834\osteopatch_full_ingestion\tiffs\P9-B28-19864-33157.tiff,120156,45f4a2af9bf926d6ddced4fbc1d674b84aceb21cdafc452744b2c32bb9f2812f
P9-B28-22141-15533,P9-B28-22141-15533,P9 B28-22141-15533,http://pathdb.cancerimagingarchive.net/system/files/wsi/ross/Osteosarcoma-UT/converted/Osteosarcoma-UT/Training-Set-1/set10/P9-B28-22141-15533.tiff,P9,Non-Tumor,NON_TUMOR,TRUE,False,RETRIEVED,200,C:\Users\enkso\.kiro\crew\scratch\runtime-0a306834\osteopatch_full_ingestion\tiffs\P9-B28-22141-15533.tiff,180842,74ba898bfc27b174b067cdd145c29c691e39a7338dbff0e7aa72f97688cd716b
P9-B28-22294-32166,P9-B28-22294-32166,P9 B28-22294-32166,http://pathdb.cancerimagingarchive.net/system/files/wsi/ross/Osteosarcoma-UT/converted/Osteosarcoma-UT/Training-Set-1/set10/P9-B28-22294-32166.tiff,P9,Non-Tumor,NON_TUMOR,TRUE,False,RETRIEVED,200,C:\Users\enkso\.kiro\crew\scratch\runtime-0a306834\osteopatch_full_ingestion\tiffs\P9-B28-22294-32166.tiff,93192,90bcf01bf46d6b295d32767b20636f30ff28f13269856628a76814ca941bcb3a
P9-B28-23153-16435,P9-B28-23153-16435,P9 B28-23153-16435,http://pathdb.cancerimagingarchive.net/system/files/wsi/ross/Osteosarcoma-UT/converted/Osteosarcoma-UT/Training-Set-1/set10/P9-B28-23153-16435.tiff,P9,Non-Tumor,NON_TUMOR,TRUE,False,RETRIEVED,200,C:\Users\enkso\.kiro\crew\scratch\runtime-0a306834\osteopatch_full_ingestion\tiffs\P9-B28-23153-16435.tiff,155730,a272ef46b9825b7023311785d882ab978ef40aacddb452039957f20b884fb832
P9-B28-23691-19742,P9-B28-23691-19742,P9 B28-23691-19742,http://pathdb.cancerimagingarchive.net/system/files/wsi/ross/Osteosarcoma-UT/converted/Osteosarcoma-UT/Training-Set-1/set10/P9-B28-23691-19742.tiff,P9,Non-Tumor,NON_TUMOR,TRUE,False,RETRIEVED,200,C:\Users\enkso\.kiro\crew\scratch\runtime-0a306834\osteopatch_full_ingestion\tiffs\P9-B28-23691-19742.tiff,223288,92459196fc5d633d1d2bf9d30148c8f4a692fd988b2ed612bcaf316667db48bd
P9-B28-25314-10006,P9-B28-25314-10006,P9 B28-25314-10006,http://pathdb.cancerimagingarchive.net/system/files/wsi/ross/Osteosarcoma-UT/converted/Osteosarcoma-UT/Training-Set-1/set10/P9-B28-25314-10006.tiff,P9,Non-Tumor,NON_TUMOR,TRUE,False,RETRIEVED,200,C:\Users\enkso\.kiro\crew\scratch\runtime-0a306834\osteopatch_full_ingestion\tiffs\P9-B28-25314-10006.tiff,146626,11f7821a872a22460c4ccc52e70a2d44e35c4a0f2f93696996a375f6c1571fa5
P9-B28-26096-29717,P9-B28-26096-29717,P9 B28-26096-29717,http://pathdb.cancerimagingarchive.net/system/files/wsi/ross/Osteosarcoma-UT/converted/Osteosarcoma-UT/Training-Set-1/set10/P9-B28-26096-29717.tiff,P9,Non-Tumor,NON_TUMOR,TRUE,False,RETRIEVED,200,C:\Users\enkso\.kiro\crew\scratch\runtime-0a306834\osteopatch_full_ingestion\tiffs\P9-B28-26096-29717.tiff,193452,248d6493b24b7afe0c1601be36d0d3c9d8f7927afe8e591aa8872f637573c0a2
P9-B28-26855-15884,P9-B28-26855-15884,P9 B28-26855-15884,http://pathdb.cancerimagingarchive.net/system/files/wsi/ross/Osteosarcoma-UT/converted/Osteosarcoma-UT/Training-Set-1/set10/P9-B28-26855-15884.tiff,P9,Non-Tumor,NON_TUMOR,TRUE,False,RETRIEVED,200,C:\Users\enkso\.kiro\crew\scratch\runtime-0a306834\osteopatch_full_ingestion\tiffs\P9-B28-26855-15884.tiff,209752,4fd94ce2c95d8e13c981f4e9b8a16c377704ad9504d4f4880b0dadbfb5510e96
P9-B28-27408-11967,P9-B28-27408-11967,P9 B28-27408-11967,http://pathdb.cancerimagingarchive.net/system/files/wsi/ross/Osteosarcoma-UT/converted/Osteosarcoma-UT/Training-Set-1/set10/P9-B28-27408-11967.tiff,P9,Non-Tumor,NON_TUMOR,TRUE,False,RETRIEVED,200,C:\Users\enkso\.kiro\crew\scratch\runtime-0a306834\osteopatch_full_ingestion\tiffs\P9-B28-27408-11967.tiff,175292,ef197a5cfd6aa413e10b3a5925367013013af9ed68b4eb97d6471914942abc00
P9-B28-30940-15637,P9-B28-30940-15637,P9 B28-30940-15637,http://pathdb.cancerimagingarchive.net/system/files/wsi/ross/Osteosarcoma-UT/converted/Osteosarcoma-UT/Training-Set-1/set10/P9-B28-30940-15637.tiff,P9,Non-Tumor,NON_TUMOR,TRUE,False,RETRIEVED,200,C:\Users\enkso\.kiro\crew\scratch\runtime-0a306834\osteopatch_full_ingestion\tiffs\P9-B28-30940-15637.tiff,167464,a083629d91d5d0d4a3963282e0ad8f3d35d5c503bbe71e34b40811d14d0cd762
P9-B28-31159-9949,P9-B28-31159-9949,P9 B28-31159-9949,http://pathdb.cancerimagingarchive.net/system/files/wsi/ross/Osteosarcoma-UT/converted/Osteosarcoma-UT/Training-Set-1/set11/P9-B28-31159-9949.tiff,P9,Non-Tumor,NON_TUMOR,TRUE,False,RETRIEVED,200,C:\Users\enkso\.kiro\crew\scratch\runtime-0a306834\osteopatch_full_ingestion\tiffs\P9-B28-31159-9949.tiff,191664,1b9c8a6e82052020bb1cb58c20a96b87d269c7d8ff567d53b6c84d3187b9e8bd
P9-B28-31966-8742,P9-B28-31966-8742,P9 B28-31966-8742,http://pathdb.cancerimagingarchive.net/system/files/wsi/ross/Osteosarcoma-UT/converted/Osteosarcoma-UT/Training-Set-1/set11/P9-B28-31966-8742.tiff,P9,Non-Tumor,NON_TUMOR,TRUE,False,RETRIEVED,200,C:\Users\enkso\.kiro\crew\scratch\runtime-0a306834\osteopatch_full_ingestion\tiffs\P9-B28-31966-8742.tiff,44122,074146e39e7266be0818582ed1b49f27e2733eea60fe52ce55606d47480599a6
P9-B28-34690-20420,P9-B28-34690-20420,P9 B28-34690-20420,http://pathdb.cancerimagingarchive.net/system/files/wsi/ross/Osteosarcoma-UT/converted/Osteosarcoma-UT/Training-Set-1/set11/P9-B28-34690-20420.tiff,P9,Non-Tumor,NON_TUMOR,TRUE,False,RETRIEVED,200,C:\Users\enkso\.kiro\crew\scratch\runtime-0a306834\osteopatch_full_ingestion\tiffs\P9-B28-34690-20420.tiff,224892,76befc34e2687c1a9ceb6c57c83462c14b33eaf2e476a9764795cde70aa60954
P9-B28-4455-17128,P9-B28-4455-17128,P9 B28-4455-17128,http://pathdb.cancerimagingarchive.net/system/files/wsi/ross/Osteosarcoma-UT/converted/Osteosarcoma-UT/Training-Set-2/set11/P9-B28-4455-17128.tiff,P9,Non-Tumor,NON_TUMOR,TRUE,False,RETRIEVED,200,C:\Users\enkso\.kiro\crew\scratch\runtime-0a306834\osteopatch_full_ingestion\tiffs\P9-B28-4455-17128.tiff,92820,1de82cf54c169dad34fe69c66a6af9e25fca2c31b2d67ecf1c2dd200d9e3fa26
P9-B28-4816-22317,P9-B28-4816-22317,P9 B28-4816-22317,http://pathdb.cancerimagingarchive.net/system/files/wsi/ross/Osteosarcoma-UT/converted/Osteosarcoma-UT/Training-Set-2/set11/P9-B28-4816-22317.tiff,P9,Non-Tumor,NON_TUMOR,TRUE,False,RETRIEVED,200,C:\Users\enkso\.kiro\crew\scratch\runtime-0a306834\osteopatch_full_ingestion\tiffs\P9-B28-4816-22317.tiff,165140,00144cbc8fcbc4c8e3437c1fedcb005299265501c873f5b1c708c5403644887c
P9-B28-6717-20778,P9-B28-6717-20778,P9 B28-6717-20778,http://pathdb.cancerimagingarchive.net/system/files/wsi/ross/Osteosarcoma-UT/converted/Osteosarcoma-UT/Training-Set-2/set11/P9-B28-6717-20778.tiff,P9,Non-Tumor,NON_TUMOR,TRUE,False,RETRIEVED,200,C:\Users\enkso\.kiro\crew\scratch\runtime-0a306834\osteopatch_full_ingestion\tiffs\P9-B28-6717-20778.tiff,196048,3fa5d5e0ae01f031b9e831bd02c41da7b0b0b07b35647dea257fd9de15552cef
P9-B28-8403-19923,P9-B28-8403-19923,P9 B28-8403-19923,http://pathdb.cancerimagingarchive.net/system/files/wsi/ross/Osteosarcoma-UT/converted/Osteosarcoma-UT/Training-Set-2/set11/P9-B28-8403-19923.tiff,P9,Non-Tumor,NON_TUMOR,TRUE,False,RETRIEVED,200,C:\Users\enkso\.kiro\crew\scratch\runtime-0a306834\osteopatch_full_ingestion\tiffs\P9-B28-8403-19923.tiff,200726,a359458f1281a0fff78d8b66b5157eaef53be2485a99fbd1ffb0b05ddea5ad3a
P9-B34-10040-27730,P9-B34-10040-27730,P9 B34-10040-27730,http://pathdb.cancerimagingarchive.net/system/files/wsi/ross/Osteosarcoma-UT/converted/Osteosarcoma-UT/Training-Set-2/set11/P9-B34-10040-27730.tiff,P9,Non-Tumor,NON_TUMOR,TRUE,False,RETRIEVED,200,C:\Users\enkso\.kiro\crew\scratch\runtime-0a306834\osteopatch_full_ingestion\tiffs\P9-B34-10040-27730.tiff,106752,aa0983e40bb788b5ee864aabae03ea26b12669dfd5f66d0fcc7bcec1f51abb05
P9-B34-10616-22327,P9-B34-10616-22327,P9 B34-10616-22327,http://pathdb.cancerimagingarchive.net/system/files/wsi/ross/Osteosarcoma-UT/converted/Osteosarcoma-UT/Training-Set-2/set11/P9-B34-10616-22327.tiff,P9,Non-Tumor,NON_TUMOR,TRUE,False,RETRIEVED,200,C:\Users\enkso\.kiro\crew\scratch\runtime-0a306834\osteopatch_full_ingestion\tiffs\P9-B34-10616-22327.tiff,187052,7ad5d9e4a3e762170bb2fc3bffee0932bf3c3aca540524d0f201f84795810b73
P9-B34-11480-15755,P9-B34-11480-15755,P9 B34-11480-15755,http://pathdb.cancerimagingarchive.net/system/files/wsi/ross/Osteosarcoma-UT/converted/Osteosarcoma-UT/Training-Set-2/set11/P9-B34-11480-15755.tiff,P9,Non-Tumor,NON_TUMOR,TRUE,False,RETRIEVED,200,C:\Users\enkso\.kiro\crew\scratch\runtime-0a306834\osteopatch_full_ingestion\tiffs\P9-B34-11480-15755.tiff,138798,d2eda61ac123ebebb5ad792afd0b98a588d798b8d8dba4aac1b1bfae657fe43e
P9-B34-12550-21771,P9-B34-12550-21771,P9 B34-12550-21771,http://pathdb.cancerimagingarchive.net/system/files/wsi/ross/Osteosarcoma-UT/converted/Osteosarcoma-UT/Training-Set-2/set11/P9-B34-12550-21771.tiff,P9,Non-Tumor,NON_TUMOR,TRUE,False,RETRIEVED,200,C:\Users\enkso\.kiro\crew\scratch\runtime-0a306834\osteopatch_full_ingestion\tiffs\P9-B34-12550-21771.tiff,163520,b78e72a4ff6cd0c5bed22699030e241e63f933f9ef89d006ad0ae5dae023f6a6
P9-B34-17628-29682,P9-B34-17628-29682,P9 B34-17628-29682,http://pathdb.cancerimagingarchive.net/system/files/wsi/ross/Osteosarcoma-UT/converted/Osteosarcoma-UT/Training-Set-2/set11/P9-B34-17628-29682.tiff,P9,Non-Tumor,NON_TUMOR,TRUE,False,RETRIEVED,200,C:\Users\enkso\.kiro\crew\scratch\runtime-0a306834\osteopatch_full_ingestion\tiffs\P9-B34-17628-29682.tiff,180210,4c743937d0db8988ff8b4ec7a3a23e38b94dfb3b6cfa956c92cb6ac56841c113
P9-B34-18605-6878,P9-B34-18605-6878,P9 B34-18605-6878,http://pathdb.cancerimagingarchive.net/system/files/wsi/ross/Osteosarcoma-UT/converted/Osteosarcoma-UT/Training-Set-2/set11/P9-B34-18605-6878.tiff,P9,Non-Tumor,NON_TUMOR,TRUE,False,RETRIEVED,200,C:\Users\enkso\.kiro\crew\scratch\runtime-0a306834\osteopatch_full_ingestion\tiffs\P9-B34-18605-6878.tiff,111784,00cc0760cf1b05a26c61d7b3e85dd7c17c7f52584d2b9b32a843e6f6da56c0a5
P9-B34-22138-14146,P9-B34-22138-14146,P9 B34-22138-14146,http://pathdb.cancerimagingarchive.net/system/files/wsi/ross/Osteosarcoma-UT/converted/Osteosarcoma-UT/Training-Set-2/set11/P9-B34-22138-14146.tiff,P9,Non-Tumor,NON_TUMOR,TRUE,False,RETRIEVED,200,C:\Users\enkso\.kiro\crew\scratch\runtime-0a306834\osteopatch_full_ingestion\tiffs\P9-B34-22138-14146.tiff,204198,f86df2b9950dd87e3cc7350154684a6d3ea6ba38cbcb27341b2d9215c2523c98
P9-B34-22505-3850,P9-B34-22505-3850,P9 B34-22505-3850,http://pathdb.cancerimagingarchive.net/system/files/wsi/ross/Osteosarcoma-UT/converted/Osteosarcoma-UT/Training-Set-2/set11/P9-B34-22505-3850.tiff,P9,Non-Tumor,NON_TUMOR,TRUE,False,RETRIEVED,200,C:\Users\enkso\.kiro\crew\scratch\runtime-0a306834\osteopatch_full_ingestion\tiffs\P9-B34-22505-3850.tiff,222054,9ef4e1724e3dade9cddea871a05e960efdc92e0567f8289b02a3f4ea4584b6d9
P9-B34-22773-28922,P9-B34-22773-28922,P9 B34-22773-28922,http://pathdb.cancerimagingarchive.net/system/files/wsi/ross/Osteosarcoma-UT/converted/Osteosarcoma-UT/Training-Set-2/set11/P9-B34-22773-28922.tiff,P9,Non-Tumor,NON_TUMOR,TRUE,False,RETRIEVED,200,C:\Users\enkso\.kiro\crew\scratch\runtime-0a306834\osteopatch_full_ingestion\tiffs\P9-B34-22773-28922.tiff,226386,5190294006855a2cb6fed4b478ebc8cb6588fe8ef2c22982361a5439db0d1807
P9-B34-23472-28061,P9-B34-23472-28061,P9 B34-23472-28061,http://pathdb.cancerimagingarchive.net/system/files/wsi/ross/Osteosarcoma-UT/converted/Osteosarcoma-UT/Training-Set-1/set11/P9-B34-23472-28061.tiff,P9,Non-Tumor,NON_TUMOR,TRUE,False,RETRIEVED,200,C:\Users\enkso\.kiro\crew\scratch\runtime-0a306834\osteopatch_full_ingestion\tiffs\P9-B34-23472-28061.tiff,185238,28e4459a9171daefa5537bc6257657e57d34e5f90db4f1be7e00a6b9d7d127c1
P9-B34-24112-27360,P9-B34-24112-27360,P9 B34-24112-27360,http://pathdb.cancerimagingarchive.net/system/files/wsi/ross/Osteosarcoma-UT/converted/Osteosarcoma-UT/Training-Set-1/set11/P9-B34-24112-27360.tiff,P9,Non-Tumor,NON_TUMOR,TRUE,False,RETRIEVED,200,C:\Users\enkso\.kiro\crew\scratch\runtime-0a306834\osteopatch_full_ingestion\tiffs\P9-B34-24112-27360.tiff,189394,51298ff30e40addafb74c36e2c1ba92bbdeca53a9632c2835685d5b7fc291deb
P9-B34-24786-29238,P9-B34-24786-29238,P9 B34-24786-29238,http://pathdb.cancerimagingarchive.net/system/files/wsi/ross/Osteosarcoma-UT/converted/Osteosarcoma-UT/Training-Set-1/set11/P9-B34-24786-29238.tiff,P9,Non-Tumor,NON_TUMOR,TRUE,False,RETRIEVED,200,C:\Users\enkso\.kiro\crew\scratch\runtime-0a306834\osteopatch_full_ingestion\tiffs\P9-B34-24786-29238.tiff,226272,3ce5cc6588fa389a16df0768a6dfc1383448747dd74e233838abacf6f101272b
P9-B34-24972-14320,P9-B34-24972-14320,P9 B34-24972-14320,http://pathdb.cancerimagingarchive.net/system/files/wsi/ross/Osteosarcoma-UT/converted/Osteosarcoma-UT/Training-Set-1/set11/P9-B34-24972-14320.tiff,P9,Non-Tumor,NON_TUMOR,TRUE,False,RETRIEVED,200,C:\Users\enkso\.kiro\crew\scratch\runtime-0a306834\osteopatch_full_ingestion\tiffs\P9-B34-24972-14320.tiff,171448,43818c9fd06c41a92adb7ac4079eea0261def4cff4285ae6640a81a3deaf6ee1
P9-B34-25704-20109,P9-B34-25704-20109,P9 B34-25704-20109,http://pathdb.cancerimagingarchive.net/system/files/wsi/ross/Osteosarcoma-UT/converted/Osteosarcoma-UT/Training-Set-1/set11/P9-B34-25704-20109.tiff,P9,Non-Tumor,NON_TUMOR,TRUE,False,RETRIEVED,200,C:\Users\enkso\.kiro\crew\scratch\runtime-0a306834\osteopatch_full_ingestion\tiffs\P9-B34-25704-20109.tiff,156902,b75af6a9d08c49fcd8e609060435c8090215cc78a1b99e588cf0526f9d014c4d
P9-B34-26276-21044,P9-B34-26276-21044,P9 B34-26276-21044,http://pathdb.cancerimagingarchive.net/system/files/wsi/ross/Osteosarcoma-UT/converted/Osteosarcoma-UT/Training-Set-1/set11/P9-B34-26276-21044.tiff,P9,Non-Tumor,NON_TUMOR,TRUE,False,RETRIEVED,200,C:\Users\enkso\.kiro\crew\scratch\runtime-0a306834\osteopatch_full_ingestion\tiffs\P9-B34-26276-21044.tiff,189006,d60c249240d1396a55bdfed17370dc51fc92516abe03fad8b8ba8e9d806a1737
P9-B34-26396-10641,P9-B34-26396-10641,P9 B34-26396-10641,http://pathdb.cancerimagingarchive.net/system/files/wsi/ross/Osteosarcoma-UT/converted/Osteosarcoma-UT/Training-Set-1/set11/P9-B34-26396-10641.tiff,P9,Non-Tumor,NON_TUMOR,TRUE,False,RETRIEVED,200,C:\Users\enkso\.kiro\crew\scratch\runtime-0a306834\osteopatch_full_ingestion\tiffs\P9-B34-26396-10641.tiff,148798,8289a195531ec2baa58fbaab34d19f099af9b24f468f5d16d51ac9037bf86c63
P9-B34-29602-19976,P9-B34-29602-19976,P9 B34-29602-19976,http://pathdb.cancerimagingarchive.net/system/files/wsi/ross/Osteosarcoma-UT/converted/Osteosarcoma-UT/Training-Set-1/set11/P9-B34-29602-19976.tiff,P9,Non-Tumor,NON_TUMOR,TRUE,False,RETRIEVED,200,C:\Users\enkso\.kiro\crew\scratch\runtime-0a306834\osteopatch_full_ingestion\tiffs\P9-B34-29602-19976.tiff,139046,ff6f1e77f6f7c31843fd3ad82afceb0b0e16c214b734a6ce04a4c381ef5bcba9
P9-B34-29961-25751,P9-B34-29961-25751,P9 B34-29961-25751,http://pathdb.cancerimagingarchive.net/system/files/wsi/ross/Osteosarcoma-UT/converted/Osteosarcoma-UT/Training-Set-1/set11/P9-B34-29961-25751.tiff,P9,Non-Tumor,NON_TUMOR,TRUE,False,RETRIEVED,200,C:\Users\enkso\.kiro\crew\scratch\runtime-0a306834\osteopatch_full_ingestion\tiffs\P9-B34-29961-25751.tiff,199660,5f1d26e19cd3efbcfcc00b0fd8656aeb8eb994cc3f8e0a79112112fda56e4fad
P9-B34-31502-20976,P9-B34-31502-20976,P9 B34-31502-20976,http://pathdb.cancerimagingarchive.net/system/files/wsi/ross/Osteosarcoma-UT/converted/Osteosarcoma-UT/Training-Set-1/set11/P9-B34-31502-20976.tiff,P9,Non-Tumor,NON_TUMOR,TRUE,False,RETRIEVED,200,C:\Users\enkso\.kiro\crew\scratch\runtime-0a306834\osteopatch_full_ingestion\tiffs\P9-B34-31502-20976.tiff,172156,8264c36c9999f9ed8575557c524df2203bdaf45c15972658dd1d996a6b17f0e9
P9-B34-32214-14627,P9-B34-32214-14627,P9 B34-32214-14627,http://pathdb.cancerimagingarchive.net/system/files/wsi/ross/Osteosarcoma-UT/converted/Osteosarcoma-UT/Training-Set-1/set11/P9-B34-32214-14627.tiff,P9,Non-Tumor,NON_TUMOR,TRUE,False,RETRIEVED,200,C:\Users\enkso\.kiro\crew\scratch\runtime-0a306834\osteopatch_full_ingestion\tiffs\P9-B34-32214-14627.tiff,268824,de22c408840a8283a4b81812d1ee5729893da02356397239300d6a1e08d34864
P9-B34-34830-24344,P9-B34-34830-24344,P9 B34-34830-24344,http://pathdb.cancerimagingarchive.net/system/files/wsi/ross/Osteosarcoma-UT/converted/Osteosarcoma-UT/Training-Set-1/set11/P9-B34-34830-24344.tiff,P9,Non-Tumor,NON_TUMOR,TRUE,False,RETRIEVED,200,C:\Users\enkso\.kiro\crew\scratch\runtime-0a306834\osteopatch_full_ingestion\tiffs\P9-B34-34830-24344.tiff,217450,3a614bbfe371ae343474b4605159b38aefd01c94bac2fc132ef8cf00506dffc8
P9-B34-3963-13771,P9-B34-3963-13771,P9 B34-3963-13771,http://pathdb.cancerimagingarchive.net/system/files/wsi/ross/Osteosarcoma-UT/converted/Osteosarcoma-UT/Training-Set-2/set12/P9-B34-3963-13771.tiff,P9,Non-Tumor,NON_TUMOR,TRUE,False,RETRIEVED,200,C:\Users\enkso\.kiro\crew\scratch\runtime-0a306834\osteopatch_full_ingestion\tiffs\P9-B34-3963-13771.tiff,64684,d5df85433e74528754d4abbb61b97bfb1caec297e22e9b39dade8de4d6d10adc
P9-B34-4804-20458,P9-B34-4804-20458,P9 B34-4804-20458,http://pathdb.cancerimagingarchive.net/system/files/wsi/ross/Osteosarcoma-UT/converted/Osteosarcoma-UT/Training-Set-2/set12/P9-B34-4804-20458.tiff,P9,Non-Tumor,NON_TUMOR,TRUE,False,RETRIEVED,200,C:\Users\enkso\.kiro\crew\scratch\runtime-0a306834\osteopatch_full_ingestion\tiffs\P9-B34-4804-20458.tiff,164804,236211ff315e79868934bd92a1cb56fce93176661c81b092d611eb04310220a3
P9-B34-5389-15014,P9-B34-5389-15014,P9 B34-5389-15014,http://pathdb.cancerimagingarchive.net/system/files/wsi/ross/Osteosarcoma-UT/converted/Osteosarcoma-UT/Training-Set-2/set12/P9-B34-5389-15014.tiff,P9,Non-Tumor,NON_TUMOR,TRUE,False,RETRIEVED,200,C:\Users\enkso\.kiro\crew\scratch\runtime-0a306834\osteopatch_full_ingestion\tiffs\P9-B34-5389-15014.tiff,128618,e29e1e94c3f016bb9dcc87fe1236c5c9c879b7010a02842f0b51d6b63bf3b579
P9-B34-8114-26748,P9-B34-8114-26748,P9 B34-8114-26748,http://pathdb.cancerimagingarchive.net/system/files/wsi/ross/Osteosarcoma-UT/converted/Osteosarcoma-UT/Training-Set-2/set12/P9-B34-8114-26748.tiff,P9,Non-Tumor,NON_TUMOR,TRUE,False,RETRIEVED,200,C:\Users\enkso\.kiro\crew\scratch\runtime-0a306834\osteopatch_full_ingestion\tiffs\P9-B34-8114-26748.tiff,175990,7267e9301954e70ba2f61ccd64ee76452c42dc492a5c9f688a16a51622eabc11
P9-B34-8406-7688,P9-B34-8406-7688,P9 B34-8406-7688,http://pathdb.cancerimagingarchive.net/system/files/wsi/ross/Osteosarcoma-UT/converted/Osteosarcoma-UT/Training-Set-2/set12/P9-B34-8406-7688.tiff,P9,Non-Tumor,NON_TUMOR,TRUE,False,RETRIEVED,200,C:\Users\enkso\.kiro\crew\scratch\runtime-0a306834\osteopatch_full_ingestion\tiffs\P9-B34-8406-7688.tiff,51054,2531653ed322c3e4cf91c590f909c922f81c37bdb992f6cd2a0815d5c7be8acf
P9-B34-8718-30889,P9-B34-8718-30889,P9 B34-8718-30889,http://pathdb.cancerimagingarchive.net/system/files/wsi/ross/Osteosarcoma-UT/converted/Osteosarcoma-UT/Training-Set-2/set12/P9-B34-8718-30889.tiff,P9,Non-Tumor,NON_TUMOR,TRUE,False,RETRIEVED,200,C:\Users\enkso\.kiro\crew\scratch\runtime-0a306834\osteopatch_full_ingestion\tiffs\P9-B34-8718-30889.tiff,160532,afa54784aa5113c9f85b543961db39892d4b453a0ee00627f58b4be82f259d03
P9-B35-12438-25674,P9-B35-12438-25674,P9 B35-12438-25674,http://pathdb.cancerimagingarchive.net/system/files/wsi/ross/Osteosarcoma-UT/converted/Osteosarcoma-UT/Training-Set-2/set12/P9-B35-12438-25674.tiff,P9,Non-Tumor,NON_TUMOR,TRUE,False,RETRIEVED,200,C:\Users\enkso\.kiro\crew\scratch\runtime-0a306834\osteopatch_full_ingestion\tiffs\P9-B35-12438-25674.tiff,178900,5fcf98070144fd1d50a7fc8c810327da1c810022e598566d4a1a12d1de096e9b
P9-B35-12815-12096,P9-B35-12815-12096,P9 B35-12815-12096,http://pathdb.cancerimagingarchive.net/system/files/wsi/ross/Osteosarcoma-UT/converted/Osteosarcoma-UT/Training-Set-2/set12/P9-B35-12815-12096.tiff,P9,Non-Tumor,NON_TUMOR,TRUE,False,RETRIEVED,200,C:\Users\enkso\.kiro\crew\scratch\runtime-0a306834\osteopatch_full_ingestion\tiffs\P9-B35-12815-12096.tiff,164930,d3d56a0b0f914ecfab1f3c18e4a8dc9f839f922ec7a39d876dd45761fc421460
P9-B35-14505-12348,P9-B35-14505-12348,P9 B35-14505-12348,http://pathdb.cancerimagingarchive.net/system/files/wsi/ross/Osteosarcoma-UT/converted/Osteosarcoma-UT/Training-Set-2/set12/P9-B35-14505-12348.tiff,P9,Non-Tumor,NON_TUMOR,TRUE,False,RETRIEVED,200,C:\Users\enkso\.kiro\crew\scratch\runtime-0a306834\osteopatch_full_ingestion\tiffs\P9-B35-14505-12348.tiff,137510,ef70463d8cfeba47f4a4464f6fb6131093aa4f7b9627dd2be214df7494379d2a
P9-B35-15021-9557,P9-B35-15021-9557,P9 B35-15021-9557,http://pathdb.cancerimagingarchive.net/system/files/wsi/ross/Osteosarcoma-UT/converted/Osteosarcoma-UT/Training-Set-2/set12/P9-B35-15021-9557.tiff,P9,Non-Tumor,NON_TUMOR,TRUE,False,RETRIEVED,200,C:\Users\enkso\.kiro\crew\scratch\runtime-0a306834\osteopatch_full_ingestion\tiffs\P9-B35-15021-9557.tiff,138330,fda2db2623e1ca1c63d04d0c20e04e620d44b2de2eb7871314e930fd6bfa68c4
P9-B35-15208-10297,P9-B35-15208-10297,P9 B35-15208-10297,http://pathdb.cancerimagingarchive.net/system/files/wsi/ross/Osteosarcoma-UT/converted/Osteosarcoma-UT/Training-Set-2/set12/P9-B35-15208-10297.tiff,P9,Non-Tumor,NON_TUMOR,TRUE,False,RETRIEVED,200,C:\Users\enkso\.kiro\crew\scratch\runtime-0a306834\osteopatch_full_ingestion\tiffs\P9-B35-15208-10297.tiff,168956,c81b51274a9384ced38a4e7d0bf2948b10ee2831ac79a0adee60b29821914899
P9-B35-16551-24506,P9-B35-16551-24506,P9 B35-16551-24506,http://pathdb.cancerimagingarchive.net/system/files/wsi/ross/Osteosarcoma-UT/converted/Osteosarcoma-UT/Training-Set-2/set12/P9-B35-16551-24506.tiff,P9,Non-Tumor,NON_TUMOR,TRUE,False,RETRIEVED,200,C:\Users\enkso\.kiro\crew\scratch\runtime-0a306834\osteopatch_full_ingestion\tiffs\P9-B35-16551-24506.tiff,219522,364b4c07089c4bd3e3c1f42e1cd0c08997b44f0b24ac6869e263d2a0a81cc8de
P9-B35-16877-31247,P9-B35-16877-31247,P9 B35-16877-31247,http://pathdb.cancerimagingarchive.net/system/files/wsi/ross/Osteosarcoma-UT/converted/Osteosarcoma-UT/Training-Set-2/set12/P9-B35-16877-31247.tiff,P9,Non-Tumor,NON_TUMOR,TRUE,False,RETRIEVED,200,C:\Users\enkso\.kiro\crew\scratch\runtime-0a306834\osteopatch_full_ingestion\tiffs\P9-B35-16877-31247.tiff,211528,3a603875e6fd007067d91e305dc7963bd158e3f13b171c3164f48db673c2b9f1
P9-B35-17883-27584,P9-B35-17883-27584,P9 B35-17883-27584,http://pathdb.cancerimagingarchive.net/system/files/wsi/ross/Osteosarcoma-UT/converted/Osteosarcoma-UT/Training-Set-2/set12/P9-B35-17883-27584.tiff,P9,Non-Tumor,NON_TUMOR,TRUE,False,RETRIEVED,200,C:\Users\enkso\.kiro\crew\scratch\runtime-0a306834\osteopatch_full_ingestion\tiffs\P9-B35-17883-27584.tiff,69644,02ef8893a3172523374ec66a811b07f85f8a04c609f63af2398687f5cdf3594f
P9-B35-19533-30395,P9-B35-19533-30395,P9 B35-19533-30395,http://pathdb.cancerimagingarchive.net/system/files/wsi/ross/Osteosarcoma-UT/converted/Osteosarcoma-UT/Training-Set-1/set11/P9-B35-19533-30395.tiff,P9,Non-Tumor,NON_TUMOR,TRUE,False,RETRIEVED,200,C:\Users\enkso\.kiro\crew\scratch\runtime-0a306834\osteopatch_full_ingestion\tiffs\P9-B35-19533-30395.tiff,171574,30f5b2130afaac8f331f34484929eac496b179548d21a7a0b1b05b9b8e608bd3
P9-B35-21019-2866,P9-B35-21019-2866,P9 B35-21019-2866,http://pathdb.cancerimagingarchive.net/system/files/wsi/ross/Osteosarcoma-UT/converted/Osteosarcoma-UT/Training-Set-1/set11/P9-B35-21019-2866.tiff,P9,Non-Tumor,NON_TUMOR,TRUE,False,RETRIEVED,200,C:\Users\enkso\.kiro\crew\scratch\runtime-0a306834\osteopatch_full_ingestion\tiffs\P9-B35-21019-2866.tiff,68352,6da06b91c6f618d2e2f430c2a6b09a383808216489d5b00c5c7c0363f02be413
P9-B35-22735-12061,P9-B35-22735-12061,P9 B35-22735-12061,http://pathdb.cancerimagingarchive.net/system/files/wsi/ross/Osteosarcoma-UT/converted/Osteosarcoma-UT/Training-Set-1/set11/P9-B35-22735-12061.tiff,P9,Non-Tumor,NON_TUMOR,TRUE,False,RETRIEVED,200,C:\Users\enkso\.kiro\crew\scratch\runtime-0a306834\osteopatch_full_ingestion\tiffs\P9-B35-22735-12061.tiff,204592,3afdeb80ba92c79e881549c7a961c0c989acbfc1c4a432e111dd58fda3cb21fc
P9-B35-24085-20586,P9-B35-24085-20586,P9 B35-24085-20586,http://pathdb.cancerimagingarchive.net/system/files/wsi/ross/Osteosarcoma-UT/converted/Osteosarcoma-UT/Training-Set-1/set11/P9-B35-24085-20586.tiff,P9,Non-Tumor,NON_TUMOR,TRUE,False,RETRIEVED,200,C:\Users\enkso\.kiro\crew\scratch\runtime-0a306834\osteopatch_full_ingestion\tiffs\P9-B35-24085-20586.tiff,134160,b15f39425a11585ce3051173943ac6bab9fb956dd64430c4be2261578e98c73b
P9-B35-24179-20080,P9-B35-24179-20080,P9 B35-24179-20080,http://pathdb.cancerimagingarchive.net/system/files/wsi/ross/Osteosarcoma-UT/converted/Osteosarcoma-UT/Training-Set-1/set11/P9-B35-24179-20080.tiff,P9,Non-Tumor,NON_TUMOR,TRUE,False,RETRIEVED,200,C:\Users\enkso\.kiro\crew\scratch\runtime-0a306834\osteopatch_full_ingestion\tiffs\P9-B35-24179-20080.tiff,184464,a46089c8a9d07c386f9c0c32eee4feca169c0a9587d4d28ea74f06ccb4731d63
P9-B35-24524-30984,P9-B35-24524-30984,P9 B35-24524-30984,http://pathdb.cancerimagingarchive.net/system/files/wsi/ross/Osteosarcoma-UT/converted/Osteosarcoma-UT/Training-Set-1/set11/P9-B35-24524-30984.tiff,P9,Non-Tumor,NON_TUMOR,TRUE,False,RETRIEVED,200,C:\Users\enkso\.kiro\crew\scratch\runtime-0a306834\osteopatch_full_ingestion\tiffs\P9-B35-24524-30984.tiff,118518,dfb35336768087d2fc593977aa2a662111d88987563e72edf562e5ae5020a2af
P9-B35-24706-27321,P9-B35-24706-27321,P9 B35-24706-27321,http://pathdb.cancerimagingarchive.net/system/files/wsi/ross/Osteosarcoma-UT/converted/Osteosarcoma-UT/Training-Set-1/set11/P9-B35-24706-27321.tiff,P9,Non-Tumor,NON_TUMOR,TRUE,False,RETRIEVED,200,C:\Users\enkso\.kiro\crew\scratch\runtime-0a306834\osteopatch_full_ingestion\tiffs\P9-B35-24706-27321.tiff,220866,de2fe9fd8061014599636a6bc2f6fbccede79f0c4bab532e70e7b028ff5b6f12
P9-B35-25420-14360,P9-B35-25420-14360,P9 B35-25420-14360,http://pathdb.cancerimagingarchive.net/system/files/wsi/ross/Osteosarcoma-UT/converted/Osteosarcoma-UT/Training-Set-1/set11/P9-B35-25420-14360.tiff,P9,Non-Tumor,NON_TUMOR,TRUE,False,RETRIEVED,200,C:\Users\enkso\.kiro\crew\scratch\runtime-0a306834\osteopatch_full_ingestion\tiffs\P9-B35-25420-14360.tiff,170470,3ac86cc82d3fc374bd75b6d82c6d1bef99a159f6aaab12d19036c833fae63891
P9-B35-26037-23313,P9-B35-26037-23313,P9 B35-26037-23313,http://pathdb.cancerimagingarchive.net/system/files/wsi/ross/Osteosarcoma-UT/converted/Osteosarcoma-UT/Training-Set-1/set11/P9-B35-26037-23313.tiff,P9,Non-Tumor,NON_TUMOR,TRUE,False,RETRIEVED,200,C:\Users\enkso\.kiro\crew\scratch\runtime-0a306834\osteopatch_full_ingestion\tiffs\P9-B35-26037-23313.tiff,64406,de23cb6f12905371ba132df5ff569ead049e5f75505e6bca935997013a20070b
P9-B35-26526-8068,P9-B35-26526-8068,P9 B35-26526-8068,http://pathdb.cancerimagingarchive.net/system/files/wsi/ross/Osteosarcoma-UT/converted/Osteosarcoma-UT/Training-Set-1/set11/P9-B35-26526-8068.tiff,P9,Non-Tumor,NON_TUMOR,TRUE,False,RETRIEVED,200,C:\Users\enkso\.kiro\crew\scratch\runtime-0a306834\osteopatch_full_ingestion\tiffs\P9-B35-26526-8068.tiff,183056,1905abe7f7fcfee126a69cb1541703db8a7c809061e1e72be23172932429d1c1
P9-B35-32599-17175,P9-B35-32599-17175,P9 B35-32599-17175,http://pathdb.cancerimagingarchive.net/system/files/wsi/ross/Osteosarcoma-UT/converted/Osteosarcoma-UT/Training-Set-1/set11/P9-B35-32599-17175.tiff,P9,Non-Tumor,NON_TUMOR,TRUE,False,RETRIEVED,200,C:\Users\enkso\.kiro\crew\scratch\runtime-0a306834\osteopatch_full_ingestion\tiffs\P9-B35-32599-17175.tiff,138362,0cbec92b8da6f3b7c16a0bd92993ea1ded4af2d3dcbd140a8e2f8360ea06673a
P9-B35-37035-24678,P9-B35-37035-24678,P9 B35-37035-24678,http://pathdb.cancerimagingarchive.net/system/files/wsi/ross/Osteosarcoma-UT/converted/Osteosarcoma-UT/Training-Set-1/set11/P9-B35-37035-24678.tiff,P9,Non-Tumor,NON_TUMOR,TRUE,False,RETRIEVED,200,C:\Users\enkso\.kiro\crew\scratch\runtime-0a306834\osteopatch_full_ingestion\tiffs\P9-B35-37035-24678.tiff,158802,bcc7a896cbc1de3d0e6fc134eeaaf81ebcda53a7b68ab2592af7f39543d0b874
P9-B35-4389-24585,P9-B35-4389-24585,P9 B35-4389-24585,http://pathdb.cancerimagingarchive.net/system/files/wsi/ross/Osteosarcoma-UT/converted/Osteosarcoma-UT/Training-Set-2/set12/P9-B35-4389-24585.tiff,P9,Non-Tumor,NON_TUMOR,TRUE,False,RETRIEVED,200,C:\Users\enkso\.kiro\crew\scratch\runtime-0a306834\osteopatch_full_ingestion\tiffs\P9-B35-4389-24585.tiff,129668,4c2d82c92214c973aa3119e321f078730878c27ae747c7f8cdc2613e58dcd6d5
P9-B35-6618-26202,P9-B35-6618-26202,P9 B35-6618-26202,http://pathdb.cancerimagingarchive.net/system/files/wsi/ross/Osteosarcoma-UT/converted/Osteosarcoma-UT/Training-Set-2/set12/P9-B35-6618-26202.tiff,P9,Non-Tumor,NON_TUMOR,TRUE,False,RETRIEVED,200,C:\Users\enkso\.kiro\crew\scratch\runtime-0a306834\osteopatch_full_ingestion\tiffs\P9-B35-6618-26202.tiff,152374,3d03d2bf42d5464cf63b116ffbaf1021e33e92cf9b491a8e602c36f094780006
P9-B35-8320-3884,P9-B35-8320-3884,P9 B35-8320-3884,http://pathdb.cancerimagingarchive.net/system/files/wsi/ross/Osteosarcoma-UT/converted/Osteosarcoma-UT/Training-Set-2/set12/P9-B35-8320-3884.tiff,P9,Non-Tumor,NON_TUMOR,TRUE,False,RETRIEVED,200,C:\Users\enkso\.kiro\crew\scratch\runtime-0a306834\osteopatch_full_ingestion\tiffs\P9-B35-8320-3884.tiff,59718,641aa9e35940f87d1ff01067b950cca52b6e0200a05e85f24ab544fd71730094
P9-B35-8377-19050,P9-B35-8377-19050,P9 B35-8377-19050,http://pathdb.cancerimagingarchive.net/system/files/wsi/ross/Osteosarcoma-UT/converted/Osteosarcoma-UT/Training-Set-2/set12/P9-B35-8377-19050.tiff,P9,Non-Tumor,NON_TUMOR,TRUE,False,RETRIEVED,200,C:\Users\enkso\.kiro\crew\scratch\runtime-0a306834\osteopatch_full_ingestion\tiffs\P9-B35-8377-19050.tiff,180374,67ca9e559509a3965744c918ccb162a02d7a1e464140a1e6f52b2d49754dcc17
P9-B6-10488-27683,P9-B6-10488-27683,P9 B6-10488-27683,http://pathdb.cancerimagingarchive.net/system/files/wsi/ross/Osteosarcoma-UT/converted/Osteosarcoma-UT/Training-Set-2/set12/P9-B6-10488-27683.tiff,P9,Non-Tumor,NON_TUMOR,TRUE,False,RETRIEVED,200,C:\Users\enkso\.kiro\crew\scratch\runtime-0a306834\osteopatch_full_ingestion\tiffs\P9-B6-10488-27683.tiff,146790,3a17d5c9a5bc528cec596322129f15dba317d2883d97cdbc732d207d482bfcd8
P9-B6-11153-24729,P9-B6-11153-24729,P9 B6-11153-24729,http://pathdb.cancerimagingarchive.net/system/files/wsi/ross/Osteosarcoma-UT/converted/Osteosarcoma-UT/Training-Set-2/set12/P9-B6-11153-24729.tiff,P9,Non-Tumor,NON_TUMOR,TRUE,False,RETRIEVED,200,C:\Users\enkso\.kiro\crew\scratch\runtime-0a306834\osteopatch_full_ingestion\tiffs\P9-B6-11153-24729.tiff,125838,8d22f9e0b1473889b87b18ca52df7399a7ffb9d5dbeb76c718615bfd8e43ede9
P9-B6-12212-7812,P9-B6-12212-7812,P9 B6-12212-7812,http://pathdb.cancerimagingarchive.net/system/files/wsi/ross/Osteosarcoma-UT/converted/Osteosarcoma-UT/Training-Set-2/set12/P9-B6-12212-7812.tiff,P9,Non-Tumor,NON_TUMOR,TRUE,False,RETRIEVED,200,C:\Users\enkso\.kiro\crew\scratch\runtime-0a306834\osteopatch_full_ingestion\tiffs\P9-B6-12212-7812.tiff,104190,2ca27264869206ea3bd37e550b53e8404dc5cb44c2e02f3c02c7b0e18317e779
P9-B6-15408-27469,P9-B6-15408-27469,P9 B6-15408-27469,http://pathdb.cancerimagingarchive.net/system/files/wsi/ross/Osteosarcoma-UT/converted/Osteosarcoma-UT/Training-Set-2/set12/P9-B6-15408-27469.tiff,P9,Non-Tumor,NON_TUMOR,TRUE,False,RETRIEVED,200,C:\Users\enkso\.kiro\crew\scratch\runtime-0a306834\osteopatch_full_ingestion\tiffs\P9-B6-15408-27469.tiff,113640,1d1dab6eb5056bed40439ac964a05e4b94be7667084a49da1abde53f1c5a1262
P9-B6-17146-14469,P9-B6-17146-14469,P9 B6-17146-14469,http://pathdb.cancerimagingarchive.net/system/files/wsi/ross/Osteosarcoma-UT/converted/Osteosarcoma-UT/Training-Set-2/set12/P9-B6-17146-14469.tiff,P9,Non-Tumor,NON_TUMOR,TRUE,False,RETRIEVED,200,C:\Users\enkso\.kiro\crew\scratch\runtime-0a306834\osteopatch_full_ingestion\tiffs\P9-B6-17146-14469.tiff,56608,590f817ace15daf64a58b98c88209ea887d30b087e0e4bb5c03618b05dd13372
P9-B6-17176-31590,P9-B6-17176-31590,P9 B6-17176-31590,http://pathdb.cancerimagingarchive.net/system/files/wsi/ross/Osteosarcoma-UT/converted/Osteosarcoma-UT/Training-Set-2/set12/P9-B6-17176-31590.tiff,P9,Non-Tumor,NON_TUMOR,TRUE,False,RETRIEVED,200,C:\Users\enkso\.kiro\crew\scratch\runtime-0a306834\osteopatch_full_ingestion\tiffs\P9-B6-17176-31590.tiff,192440,c864aa9fae350e15c516aedd2c681f4c4b999c75f57f97df0a647315bfdafc95
P9-B6-17918-19733,P9-B6-17918-19733,P9 B6-17918-19733,http://pathdb.cancerimagingarchive.net/system/files/wsi/ross/Osteosarcoma-UT/converted/Osteosarcoma-UT/Training-Set-2/set12/P9-B6-17918-19733.tiff,P9,Non-Tumor,NON_TUMOR,TRUE,False,RETRIEVED,200,C:\Users\enkso\.kiro\crew\scratch\runtime-0a306834\osteopatch_full_ingestion\tiffs\P9-B6-17918-19733.tiff,215528,bb2948d645764e0eeff18dd2a4e00508839be7a09b4292c8d3b3cb911c061bff
P9-B6-18080-13972,P9-B6-18080-13972,P9 B6-18080-13972,http://pathdb.cancerimagingarchive.net/system/files/wsi/ross/Osteosarcoma-UT/converted/Osteosarcoma-UT/Training-Set-2/set12/P9-B6-18080-13972.tiff,P9,Non-Tumor,NON_TUMOR,TRUE,False,RETRIEVED,200,C:\Users\enkso\.kiro\crew\scratch\runtime-0a306834\osteopatch_full_ingestion\tiffs\P9-B6-18080-13972.tiff,110552,6281a3a9c47c4dc6742444c4c5dc3ae8380680c4691576f9d3a41a4c4759e4ad
P9-B6-18107-15557,P9-B6-18107-15557,P9 B6-18107-15557,http://pathdb.cancerimagingarchive.net/system/files/wsi/ross/Osteosarcoma-UT/converted/Osteosarcoma-UT/Training-Set-2/set12/P9-B6-18107-15557.tiff,P9,Non-Tumor,NON_TUMOR,TRUE,False,RETRIEVED,200,C:\Users\enkso\.kiro\crew\scratch\runtime-0a306834\osteopatch_full_ingestion\tiffs\P9-B6-18107-15557.tiff,121106,822a3c28fb2427160ff6cd8e2927e343ae8c23aad0cfdf5dc26c99bcafab153a
P9-B6-18722-31321,P9-B6-18722-31321,P9 B6-18722-31321,http://pathdb.cancerimagingarchive.net/system/files/wsi/ross/Osteosarcoma-UT/converted/Osteosarcoma-UT/Training-Set-2/set12/P9-B6-18722-31321.tiff,P9,Non-Tumor,NON_TUMOR,TRUE,False,RETRIEVED,200,C:\Users\enkso\.kiro\crew\scratch\runtime-0a306834\osteopatch_full_ingestion\tiffs\P9-B6-18722-31321.tiff,204414,9d14dc28f9319e2b7fe36fbcaa19fe3f03e891c1420432fee6e04a63b652f7fa
P9-B6-19328-19600,P9-B6-19328-19600,P9 B6-19328-19600,http://pathdb.cancerimagingarchive.net/system/files/wsi/ross/Osteosarcoma-UT/converted/Osteosarcoma-UT/Training-Set-1/set11/P9-B6-19328-19600.tiff,P9,Non-Tumor,NON_TUMOR,TRUE,False,RETRIEVED,200,C:\Users\enkso\.kiro\crew\scratch\runtime-0a306834\osteopatch_full_ingestion\tiffs\P9-B6-19328-19600.tiff,227126,2467aeb26dff0da8a626c667cb5b6806b7e60db4808634c16250af0ee30ad151
P9-B6-19704-3257,P9-B6-19704-3257,P9 B6-19704-3257,http://pathdb.cancerimagingarchive.net/system/files/wsi/ross/Osteosarcoma-UT/converted/Osteosarcoma-UT/Training-Set-1/set11/P9-B6-19704-3257.tiff,P9,Non-Tumor,NON_TUMOR,TRUE,False,RETRIEVED,200,C:\Users\enkso\.kiro\crew\scratch\runtime-0a306834\osteopatch_full_ingestion\tiffs\P9-B6-19704-3257.tiff,114600,1286b9b6a95a49ec87ada83dc1e0e756bbbc0705f46a582b0a8df454799b046b
P9-B6-19992-23631,P9-B6-19992-23631,P9 B6-19992-23631,http://pathdb.cancerimagingarchive.net/system/files/wsi/ross/Osteosarcoma-UT/converted/Osteosarcoma-UT/Training-Set-1/set11/P9-B6-19992-23631.tiff,P9,Non-Tumor,NON_TUMOR,TRUE,False,RETRIEVED,200,C:\Users\enkso\.kiro\crew\scratch\runtime-0a306834\osteopatch_full_ingestion\tiffs\P9-B6-19992-23631.tiff,129540,acbc275d7ee588e5f20be346582a928618f77e1e1cb89c9701d577d71101d34e
P9-B6-20458-6118,P9-B6-20458-6118,P9 B6-20458-6118,http://pathdb.cancerimagingarchive.net/system/files/wsi/ross/Osteosarcoma-UT/converted/Osteosarcoma-UT/Training-Set-1/set11/P9-B6-20458-6118.tiff,P9,Non-Tumor,NON_TUMOR,TRUE,False,RETRIEVED,200,C:\Users\enkso\.kiro\crew\scratch\runtime-0a306834\osteopatch_full_ingestion\tiffs\P9-B6-20458-6118.tiff,161254,8bb57370b9d60f13c1461c08bdd86557d4657fd78d3aa31f989f92d504e64639
P9-B6-22762-13561,P9-B6-22762-13561,P9 B6-22762-13561,http://pathdb.cancerimagingarchive.net/system/files/wsi/ross/Osteosarcoma-UT/converted/Osteosarcoma-UT/Training-Set-1/set11/P9-B6-22762-13561.tiff,P9,Non-Tumor,NON_TUMOR,TRUE,False,RETRIEVED,200,C:\Users\enkso\.kiro\crew\scratch\runtime-0a306834\osteopatch_full_ingestion\tiffs\P9-B6-22762-13561.tiff,140518,f8e02b8d02c87d7acfb6d7f9f3a5c41e21df2c067f30fba60401a877215a4002
P9-B6-23023-20652,P9-B6-23023-20652,P9 B6-23023-20652,http://pathdb.cancerimagingarchive.net/system/files/wsi/ross/Osteosarcoma-UT/converted/Osteosarcoma-UT/Training-Set-1/set11/P9-B6-23023-20652.tiff,P9,Non-Tumor,NON_TUMOR,TRUE,False,RETRIEVED,200,C:\Users\enkso\.kiro\crew\scratch\runtime-0a306834\osteopatch_full_ingestion\tiffs\P9-B6-23023-20652.tiff,153688,08a85fd901a6c392ac75ae04d9b0d215b3ce7d5d53557aafbffd084dc469b37b
P9-B6-23209-22319,P9-B6-23209-22319,P9 B6-23209-22319,http://pathdb.cancerimagingarchive.net/system/files/wsi/ross/Osteosarcoma-UT/converted/Osteosarcoma-UT/Training-Set-1/set11/P9-B6-23209-22319.tiff,P9,Non-Tumor,NON_TUMOR,TRUE,False,RETRIEVED,200,C:\Users\enkso\.kiro\crew\scratch\runtime-0a306834\osteopatch_full_ingestion\tiffs\P9-B6-23209-22319.tiff,184416,4d686604096850957cca4ffcdba4bd5a7c48cdc834611b5ca29c90385bc69d57
P9-B6-23429-20864,P9-B6-23429-20864,P9 B6-23429-20864,http://pathdb.cancerimagingarchive.net/system/files/wsi/ross/Osteosarcoma-UT/converted/Osteosarcoma-UT/Training-Set-1/set11/P9-B6-23429-20864.tiff,P9,Non-Tumor,NON_TUMOR,TRUE,False,RETRIEVED,200,C:\Users\enkso\.kiro\crew\scratch\runtime-0a306834\osteopatch_full_ingestion\tiffs\P9-B6-23429-20864.tiff,68522,bb281a30f1c7daad3fbfc246bd886d0ddb4a3015dc56ac98f60b52ee100fb446
P9-B6-2451-23298,P9-B6-2451-23298,P9 B6-2451-23298,http://pathdb.cancerimagingarchive.net/system/files/wsi/ross/Osteosarcoma-UT/converted/Osteosarcoma-UT/Training-Set-2/set12/P9-B6-2451-23298.tiff,P9,Non-Tumor,NON_TUMOR,TRUE,False,RETRIEVED,200,C:\Users\enkso\.kiro\crew\scratch\runtime-0a306834\osteopatch_full_ingestion\tiffs\P9-B6-2451-23298.tiff,61674,ddb0cd9efd25b9d45d9506c2f8cc2e7a8b13fbce435ffde8499ff575b01a9eb5
P9-B6-24779-30011,P9-B6-24779-30011,P9 B6-24779-30011,http://pathdb.cancerimagingarchive.net/system/files/wsi/ross/Osteosarcoma-UT/converted/Osteosarcoma-UT/Training-Set-1/set11/P9-B6-24779-30011.tiff,P9,Non-Tumor,NON_TUMOR,TRUE,False,RETRIEVED,200,C:\Users\enkso\.kiro\crew\scratch\runtime-0a306834\osteopatch_full_ingestion\tiffs\P9-B6-24779-30011.tiff,229434,7900968a8809877584067b7154e23f5aa47c60b8429a49d1be7f0799e0725080
P9-B6-25039-13328,P9-B6-25039-13328,P9 B6-25039-13328,http://pathdb.cancerimagingarchive.net/system/files/wsi/ross/Osteosarcoma-UT/converted/Osteosarcoma-UT/Training-Set-1/set11/P9-B6-25039-13328.tiff,P9,Non-Tumor,NON_TUMOR,TRUE,False,RETRIEVED,200,C:\Users\enkso\.kiro\crew\scratch\runtime-0a306834\osteopatch_full_ingestion\tiffs\P9-B6-25039-13328.tiff,171012,e8b3371e74d291f13cf0fa695e65ad8e53f21e36f0191b1c44db5df57e59ce51
P9-B6-27036-22226,P9-B6-27036-22226,P9 B6-27036-22226,http://pathdb.cancerimagingarchive.net/system/files/wsi/ross/Osteosarcoma-UT/converted/Osteosarcoma-UT/Training-Set-1/set11/P9-B6-27036-22226.tiff,P9,Non-Tumor,NON_TUMOR,TRUE,False,RETRIEVED,200,C:\Users\enkso\.kiro\crew\scratch\runtime-0a306834\osteopatch_full_ingestion\tiffs\P9-B6-27036-22226.tiff,183630,f2954a5dc26476cff7470687ffb6465684bc28f12937feb13d577be5e0a14a04
P9-B6-29196-14072,P9-B6-29196-14072,P9 B6-29196-14072,http://pathdb.cancerimagingarchive.net/system/files/wsi/ross/Osteosarcoma-UT/converted/Osteosarcoma-UT/Training-Set-1/set11/P9-B6-29196-14072.tiff,P9,Non-Tumor,NON_TUMOR,TRUE,False,RETRIEVED,200,C:\Users\enkso\.kiro\crew\scratch\runtime-0a306834\osteopatch_full_ingestion\tiffs\P9-B6-29196-14072.tiff,134044,8638cde54a056ce478c156d33a827f3187b0403198820bd9eafd7301065b9f9e
P9-B6-5195-29864,P9-B6-5195-29864,P9 B6-5195-29864,http://pathdb.cancerimagingarchive.net/system/files/wsi/ross/Osteosarcoma-UT/converted/Osteosarcoma-UT/Training-Set-2/set12/P9-B6-5195-29864.tiff,P9,Non-Tumor,NON_TUMOR,TRUE,False,RETRIEVED,200,C:\Users\enkso\.kiro\crew\scratch\runtime-0a306834\osteopatch_full_ingestion\tiffs\P9-B6-5195-29864.tiff,76552,6510f566ae54df2092d842dd6a9170b7ed1627a2768c464702e132c536361f4a
P9-B6-6130-23430,P9-B6-6130-23430,P9 B6-6130-23430,http://pathdb.cancerimagingarchive.net/system/files/wsi/ross/Osteosarcoma-UT/converted/Osteosarcoma-UT/Training-Set-2/set12/P9-B6-6130-23430.tiff,P9,Non-Tumor,NON_TUMOR,TRUE,False,RETRIEVED,200,C:\Users\enkso\.kiro\crew\scratch\runtime-0a306834\osteopatch_full_ingestion\tiffs\P9-B6-6130-23430.tiff,120740,694233b9b7f870a947ea11ad444f74ada136533e362e3c1a4a3ebed8fe052b15
P9-B6-7024-29103,P9-B6-7024-29103,P9 B6-7024-29103,http://pathdb.cancerimagingarchive.net/system/files/wsi/ross/Osteosarcoma-UT/converted/Osteosarcoma-UT/Training-Set-2/set12/P9-B6-7024-29103.tiff,P9,Non-Tumor,NON_TUMOR,TRUE,False,RETRIEVED,200,C:\Users\enkso\.kiro\crew\scratch\runtime-0a306834\osteopatch_full_ingestion\tiffs\P9-B6-7024-29103.tiff,112052,1e2870c033e0ee96f75c7491aad0204e257d7d3e257ac9c6d71b440bb4ad6104
P9-B6-9887-18682,P9-B6-9887-18682,P9 B6-9887-18682,http://pathdb.cancerimagingarchive.net/system/files/wsi/ross/Osteosarcoma-UT/converted/Osteosarcoma-UT/Training-Set-2/set12/P9-B6-9887-18682.tiff,P9,Non-Tumor,NON_TUMOR,TRUE,False,RETRIEVED,200,C:\Users\enkso\.kiro\crew\scratch\runtime-0a306834\osteopatch_full_ingestion\tiffs\P9-B6-9887-18682.tiff,144050,ea2a2ee3000679942bd54b84f323a5a332789d4fc443c6870918a22c5e8c5e0e
P9-B7-10723-33887,P9-B7-10723-33887,P9 B7-10723-33887,http://pathdb.cancerimagingarchive.net/system/files/wsi/ross/Osteosarcoma-UT/converted/Osteosarcoma-UT/Training-Set-2/set12/P9-B7-10723-33887.tiff,P9,Non-Tumor,NON_TUMOR,TRUE,False,RETRIEVED,200,C:\Users\enkso\.kiro\crew\scratch\runtime-0a306834\osteopatch_full_ingestion\tiffs\P9-B7-10723-33887.tiff,220456,fef8971062442e48873c3b917aa3f62d20b3307364522f228ca15853319a0e2f
P9-B7-13277-26914,P9-B7-13277-26914,P9 B7-13277-26914,http://pathdb.cancerimagingarchive.net/system/files/wsi/ross/Osteosarcoma-UT/converted/Osteosarcoma-UT/Training-Set-2/set12/P9-B7-13277-26914.tiff,P9,Non-Tumor,NON_TUMOR,TRUE,False,RETRIEVED,200,C:\Users\enkso\.kiro\crew\scratch\runtime-0a306834\osteopatch_full_ingestion\tiffs\P9-B7-13277-26914.tiff,117162,b1ae02ae88fdb11f8e2997ab9a938e904888c92531588daef4ce719e63b51124
P9-B7-13453-27559,P9-B7-13453-27559,P9 B7-13453-27559,http://pathdb.cancerimagingarchive.net/system/files/wsi/ross/Osteosarcoma-UT/converted/Osteosarcoma-UT/Training-Set-2/set12/P9-B7-13453-27559.tiff,P9,Non-Tumor,NON_TUMOR,TRUE,False,RETRIEVED,200,C:\Users\enkso\.kiro\crew\scratch\runtime-0a306834\osteopatch_full_ingestion\tiffs\P9-B7-13453-27559.tiff,105338,85fb2ee7036bcbfdb94283185696ad9d76adad0cec2b064309c2bc4f741425b3
P9-B7-14699-28544,P9-B7-14699-28544,P9 B7-14699-28544,http://pathdb.cancerimagingarchive.net/system/files/wsi/ross/Osteosarcoma-UT/converted/Osteosarcoma-UT/Training-Set-2/set12/P9-B7-14699-28544.tiff,P9,Non-Tumor,NON_TUMOR,TRUE,False,RETRIEVED,200,C:\Users\enkso\.kiro\crew\scratch\runtime-0a306834\osteopatch_full_ingestion\tiffs\P9-B7-14699-28544.tiff,162658,40bde6847d71af73a69f2e393520447066c5241486a7da237c6d65c525f80b0f
P9-B7-17432-9890,P9-B7-17432-9890,P9 B7-17432-9890,http://pathdb.cancerimagingarchive.net/system/files/wsi/ross/Osteosarcoma-UT/converted/Osteosarcoma-UT/Training-Set-2/set12/P9-B7-17432-9890.tiff,P9,Non-Tumor,NON_TUMOR,TRUE,False,RETRIEVED,200,C:\Users\enkso\.kiro\crew\scratch\runtime-0a306834\osteopatch_full_ingestion\tiffs\P9-B7-17432-9890.tiff,209460,bc92f233c496936c462e6e7d9d138d42a22f3b024cf860b6634c3a032b164187
P9-B7-17824-13368,P9-B7-17824-13368,P9 B7-17824-13368,http://pathdb.cancerimagingarchive.net/system/files/wsi/ross/Osteosarcoma-UT/converted/Osteosarcoma-UT/Training-Set-2/set12/P9-B7-17824-13368.tiff,P9,Non-Tumor,NON_TUMOR,TRUE,False,RETRIEVED,200,C:\Users\enkso\.kiro\crew\scratch\runtime-0a306834\osteopatch_full_ingestion\tiffs\P9-B7-17824-13368.tiff,163024,c0af96283792aeb90d5166d762d2fd2f978b375066c0857b6cfc60887cb99903
P9-B7-21432-27614,P9-B7-21432-27614,P9 B7-21432-27614,http://pathdb.cancerimagingarchive.net/system/files/wsi/ross/Osteosarcoma-UT/converted/Osteosarcoma-UT/Training-Set-2/set12/P9-B7-21432-27614.tiff,P9,Non-Tumor,NON_TUMOR,TRUE,False,RETRIEVED,200,C:\Users\enkso\.kiro\crew\scratch\runtime-0a306834\osteopatch_full_ingestion\tiffs\P9-B7-21432-27614.tiff,168944,d614f7b63972725bf00486161ed50947e7f636d925656449d4b84601031db5dd
P9-B7-21767-26717,P9-B7-21767-26717,P9 B7-21767-26717,http://pathdb.cancerimagingarchive.net/system/files/wsi/ross/Osteosarcoma-UT/converted/Osteosarcoma-UT/Training-Set-2/set12/P9-B7-21767-26717.tiff,P9,Non-Tumor,NON_TUMOR,TRUE,False,RETRIEVED,200,C:\Users\enkso\.kiro\crew\scratch\runtime-0a306834\osteopatch_full_ingestion\tiffs\P9-B7-21767-26717.tiff,159596,c5ee6adf29189b06128d5a55647da187321df5a03f5a444b2ac1c126c1650e2f
P9-B7-22066-28200,P9-B7-22066-28200,P9 B7-22066-28200,http://pathdb.cancerimagingarchive.net/system/files/wsi/ross/Osteosarcoma-UT/converted/Osteosarcoma-UT/Training-Set-2/set12/P9-B7-22066-28200.tiff,P9,Non-Tumor,NON_TUMOR,TRUE,False,RETRIEVED,200,C:\Users\enkso\.kiro\crew\scratch\runtime-0a306834\osteopatch_full_ingestion\tiffs\P9-B7-22066-28200.tiff,202278,e2b0d26732bee0f8a9625dc2cf34526ad083af2471a2f189727c1c72e434d3ef
P9-B7-23277-6246,P9-B7-23277-6246,P9 B7-23277-6246,http://pathdb.cancerimagingarchive.net/system/files/wsi/ross/Osteosarcoma-UT/converted/Osteosarcoma-UT/Training-Set-1/set11/P9-B7-23277-6246.tiff,P9,Non-Tumor,NON_TUMOR,TRUE,False,RETRIEVED,200,C:\Users\enkso\.kiro\crew\scratch\runtime-0a306834\osteopatch_full_ingestion\tiffs\P9-B7-23277-6246.tiff,145144,b1607490f3dd2190c42130f8eee313a3fdaf8ba1fb1d7927d4a2ea34c9f37ae6
P9-B7-23373-11741,P9-B7-23373-11741,P9 B7-23373-11741,http://pathdb.cancerimagingarchive.net/system/files/wsi/ross/Osteosarcoma-UT/converted/Osteosarcoma-UT/Training-Set-1/set11/P9-B7-23373-11741.tiff,P9,Non-Tumor,NON_TUMOR,TRUE,False,RETRIEVED,200,C:\Users\enkso\.kiro\crew\scratch\runtime-0a306834\osteopatch_full_ingestion\tiffs\P9-B7-23373-11741.tiff,193360,c365f7b3af7c7b88f795fa614c29780bb9b827c56fa29cc53087546a5201efaf
P9-B7-24872-12722,P9-B7-24872-12722,P9 B7-24872-12722,http://pathdb.cancerimagingarchive.net/system/files/wsi/ross/Osteosarcoma-UT/converted/Osteosarcoma-UT/Training-Set-1/set11/P9-B7-24872-12722.tiff,P9,Non-Tumor,NON_TUMOR,TRUE,False,RETRIEVED,200,C:\Users\enkso\.kiro\crew\scratch\runtime-0a306834\osteopatch_full_ingestion\tiffs\P9-B7-24872-12722.tiff,159102,1e421540e9684dfd4d9a1bb2afaf5af8ff53e89c5692e0d97ea14308bc11934d
P9-B7-26719-8006,P9-B7-26719-8006,P9 B7-26719-8006,http://pathdb.cancerimagingarchive.net/system/files/wsi/ross/Osteosarcoma-UT/converted/Osteosarcoma-UT/Training-Set-1/set11/P9-B7-26719-8006.tiff,P9,Non-Tumor,NON_TUMOR,TRUE,False,RETRIEVED,200,C:\Users\enkso\.kiro\crew\scratch\runtime-0a306834\osteopatch_full_ingestion\tiffs\P9-B7-26719-8006.tiff,191306,6a3ac0e7008736f14f4d932cde67dba5c72a2408c1e0328d044aeca15ec51359
P9-B7-27737-7637,P9-B7-27737-7637,P9 B7-27737-7637,http://pathdb.cancerimagingarchive.net/system/files/wsi/ross/Osteosarcoma-UT/converted/Osteosarcoma-UT/Training-Set-1/set11/P9-B7-27737-7637.tiff,P9,Non-Tumor,NON_TUMOR,TRUE,False,RETRIEVED,200,C:\Users\enkso\.kiro\crew\scratch\runtime-0a306834\osteopatch_full_ingestion\tiffs\P9-B7-27737-7637.tiff,143580,aaffc6dcd0809fd190434e2f8919248fd5f07a306d1ea433123d57330f3427f2
P9-B7-27830-11834,P9-B7-27830-11834,P9 B7-27830-11834,http://pathdb.cancerimagingarchive.net/system/files/wsi/ross/Osteosarcoma-UT/converted/Osteosarcoma-UT/Training-Set-1/set11/P9-B7-27830-11834.tiff,P9,Non-Tumor,NON_TUMOR,TRUE,False,RETRIEVED,200,C:\Users\enkso\.kiro\crew\scratch\runtime-0a306834\osteopatch_full_ingestion\tiffs\P9-B7-27830-11834.tiff,187310,8b50485e0e4afecdb6bd635d6cf82cc8ee52b6645b7bc0784daee5627fe401fb
P9-B7-31436-18746,P9-B7-31436-18746,P9 B7-31436-18746,http://pathdb.cancerimagingarchive.net/system/files/wsi/ross/Osteosarcoma-UT/converted/Osteosarcoma-UT/Training-Set-1/set11/P9-B7-31436-18746.tiff,P9,Non-Tumor,NON_TUMOR,TRUE,False,RETRIEVED,200,C:\Users\enkso\.kiro\crew\scratch\runtime-0a306834\osteopatch_full_ingestion\tiffs\P9-B7-31436-18746.tiff,174932,73aae64747a1a0d4d91871663908625c2b69d40ad468ae44d01ca733a36a469a
P9-B7-32198-19590,P9-B7-32198-19590,P9 B7-32198-19590,http://pathdb.cancerimagingarchive.net/system/files/wsi/ross/Osteosarcoma-UT/converted/Osteosarcoma-UT/Training-Set-1/set11/P9-B7-32198-19590.tiff,P9,Non-Tumor,NON_TUMOR,TRUE,False,RETRIEVED,200,C:\Users\enkso\.kiro\crew\scratch\runtime-0a306834\osteopatch_full_ingestion\tiffs\P9-B7-32198-19590.tiff,179860,54cab67497584d503ee2b7f4f862fad780cb9c9dfa4f5c0ecc6cc51c7084a099
P9-B7-35456-21995,P9-B7-35456-21995,P9 B7-35456-21995,http://pathdb.cancerimagingarchive.net/system/files/wsi/ross/Osteosarcoma-UT/converted/Osteosarcoma-UT/Training-Set-1/set11/P9-B7-35456-21995.tiff,P9,Non-Tumor,NON_TUMOR,TRUE,False,RETRIEVED,200,C:\Users\enkso\.kiro\crew\scratch\runtime-0a306834\osteopatch_full_ingestion\tiffs\P9-B7-35456-21995.tiff,212150,8ae98fb2a7cb60db27be38040667e69708e31616f2a6902a9914597129d1ff57
P9-B7-3806-21832,P9-B7-3806-21832,P9 B7-3806-21832,http://pathdb.cancerimagingarchive.net/system/files/wsi/ross/Osteosarcoma-UT/converted/Osteosarcoma-UT/Training-Set-2/set12/P9-B7-3806-21832.tiff,P9,Non-Tumor,NON_TUMOR,TRUE,False,RETRIEVED,200,C:\Users\enkso\.kiro\crew\scratch\runtime-0a306834\osteopatch_full_ingestion\tiffs\P9-B7-3806-21832.tiff,108836,2f8db4b972cc0dafa78e39093c92cbdf7664a9587cf33de2b2c28a65b316ff60
P9-B7-4168-28271,P9-B7-4168-28271,P9 B7-4168-28271,http://pathdb.cancerimagingarchive.net/system/files/wsi/ross/Osteosarcoma-UT/converted/Osteosarcoma-UT/Training-Set-2/set12/P9-B7-4168-28271.tiff,P9,Non-Tumor,NON_TUMOR,TRUE,False,RETRIEVED,200,C:\Users\enkso\.kiro\crew\scratch\runtime-0a306834\osteopatch_full_ingestion\tiffs\P9-B7-4168-28271.tiff,69238,e3d030698b2a728ef55574e9ba730f61c09b134bf9b72edad6fac6f5477a9cf5
P9-B7-5454-29446,P9-B7-5454-29446,P9 B7-5454-29446,http://pathdb.cancerimagingarchive.net/system/files/wsi/ross/Osteosarcoma-UT/converted/Osteosarcoma-UT/Training-Set-2/set12/P9-B7-5454-29446.tiff,P9,Non-Tumor,NON_TUMOR,TRUE,False,RETRIEVED,200,C:\Users\enkso\.kiro\crew\scratch\runtime-0a306834\osteopatch_full_ingestion\tiffs\P9-B7-5454-29446.tiff,135820,4569c93ec18015b3b704ce1a2204c0249e5ba387687da8dfc879499eb654ca28
P9-B7-6105-28215,P9-B7-6105-28215,P9 B7-6105-28215,http://pathdb.cancerimagingarchive.net/system/files/wsi/ross/Osteosarcoma-UT/converted/Osteosarcoma-UT/Training-Set-2/set12/P9-B7-6105-28215.tiff,P9,Non-Tumor,NON_TUMOR,TRUE,False,RETRIEVED,200,C:\Users\enkso\.kiro\crew\scratch\runtime-0a306834\osteopatch_full_ingestion\tiffs\P9-B7-6105-28215.tiff,148630,7e3fd0a295bdd2e60aa304efb61e5095ff2e5c02aa1c17a9235970c3de819d6b
P9-B7-7568-14821,P9-B7-7568-14821,P9 B7-7568-14821,http://pathdb.cancerimagingarchive.net/system/files/wsi/ross/Osteosarcoma-UT/converted/Osteosarcoma-UT/Training-Set-2/set12/P9-B7-7568-14821.tiff,P9,Non-Tumor,NON_TUMOR,TRUE,False,RETRIEVED,200,C:\Users\enkso\.kiro\crew\scratch\runtime-0a306834\osteopatch_full_ingestion\tiffs\P9-B7-7568-14821.tiff,170914,066ab047c3c8b159209012742a36878ae01ececf0823666e056252cf7578cce0
P9-B7-8325-33733,P9-B7-8325-33733,P9 B7-8325-33733,http://pathdb.cancerimagingarchive.net/system/files/wsi/ross/Osteosarcoma-UT/converted/Osteosarcoma-UT/Training-Set-2/set12/P9-B7-8325-33733.tiff,P9,Non-Tumor,NON_TUMOR,TRUE,False,RETRIEVED,200,C:\Users\enkso\.kiro\crew\scratch\runtime-0a306834\osteopatch_full_ingestion\tiffs\P9-B7-8325-33733.tiff,194534,2264fa98135f22b797719699080503328a7f6aaf36cc307247bb2383c1393a1b
