image_id,pathdb_image_id,source_filename,image_url,group,original_label,canonical_label,trainable_label,mixed_state,retrieval_status,http_status,local_path,byte_size,sha256,pixel_sha256,phash,dhash,format,magic,width,height,mode,channels,bit_depth,decode_ok,mean,std,frac_white,frac_black,entropy,content_flags,byte_dup,pixel_dup,near_dup,cross_group_leakage,label_conflict,human_review_required,primary_qc_status,training_eligible,ineligibility_reason
Case-3-A10-10547-25283,Case-3-A10-10547-25283,Case 3 A10-10547-25283,http://pathdb.cancerimagingarchive.net/system/files/wsi/ross/Osteosarcoma-UT/converted/Osteosarcoma-UT/Training-Set-2/set1/Case-3-A10-10547-25283.tiff,Case-3,Non-Tumor,NON_TUMOR,TRUE,False,RETRIEVED,200,C:\Users\enkso\.kiro\crew\scratch\runtime-0a306834\osteopatch_full_ingestion\tiffs\Case-3-A10-10547-25283.tiff,238242,3d3da0c24d03c97a5bd6e93627d0137fd41d4adf4d2414a005bb307b96995144,a063e9175504603aaac35e5f02947f2c046369e8f8acab5e0af8e3d6411384f5,95da64a4dd314c8f,b419711871b6d662,TIFF,TIFF-LE,1024,1024,RGB,3,8,True,226.61730098724365,28.46860562060111,0.5721759796142578,1.9073486328125e-06,5.446050295533084,,False,False,False,False,False,False,PASS,True,
Case-3-A10-10566-40206,Case-3-A10-10566-40206,Case 3 A10-10566-40206,http://pathdb.cancerimagingarchive.net/system/files/wsi/ross/Osteosarcoma-UT/converted/Osteosarcoma-UT/Training-Set-2/set1/Case-3-A10-10566-40206.tiff,Case-3,Non-Tumor,NON_TUMOR,TRUE,False,RETRIEVED,200,C:\Users\enkso\.kiro\crew\scratch\runtime-0a306834\osteopatch_full_ingestion\tiffs\Case-3-A10-10566-40206.tiff,148776,3ff604115c161c2fbe0e47ee70f46f9937a23de249d9814280f90bfd55b621ab,48114f5a892b659c7947093abb85eb3b779ece8326bc32da6db0292aaaae1d32,b9b39e5f8b0d8460,7a3d9f539122033b,TIFF,TIFF-LE,1024,1024,RGB,3,8,True,166.87035465240479,60.53439531340239,0.34371280670166016,5.7220458984375e-06,5.580588226835765,,False,False,False,False,False,False,PASS,True,
Case-3-A10-13444-20223,Case-3-A10-13444-20223,Case 3 A10-13444-20223,http://pathdb.cancerimagingarchive.net/system/files/wsi/ross/Osteosarcoma-UT/converted/Osteosarcoma-UT/Training-Set-2/set1/Case-3-A10-13444-20223.tiff,Case-3,Non-Tumor,NON_TUMOR,TRUE,False,RETRIEVED,200,C:\Users\enkso\.kiro\crew\scratch\runtime-0a306834\osteopatch_full_ingestion\tiffs\Case-3-A10-13444-20223.tiff,240768,ecc57da9111dbda2b8701fae05b28325760e155c71dad46f7dc6006adbc4c341,e676db2592cb71263c7631124f3ff25713b26135a887dbe2de8a379276c6b54d,ebcd9072a64cf509,195bb3e7cb1c31cf,TIFF,TIFF-LE,1024,1024,RGB,3,8,True,185.32778072357178,58.23633703172263,0.3580904006958008,9.5367431640625e-07,6.836126391786044,,False,False,False,False,False,False,PASS,True,
Case-3-A10-14507-37285,Case-3-A10-14507-37285,Case 3 A10-14507-37285,http://pathdb.cancerimagingarchive.net/system/files/wsi/ross/Osteosarcoma-UT/converted/Osteosarcoma-UT/Training-Set-2/set1/Case-3-A10-14507-37285.tiff,Case-3,Non-Tumor,NON_TUMOR,TRUE,False,RETRIEVED,200,C:\Users\enkso\.kiro\crew\scratch\runtime-0a306834\osteopatch_full_ingestion\tiffs\Case-3-A10-14507-37285.tiff,183938,883d96b439a8363737691ba249c8931d8f2d51c9d87ac43c05ce5096235bfd2b,388d453cda78192447d918a6c2723efcec72bdd4a0821551daf133955f043e6a,ec9386cd367478e0,2ae38f1c4652c707,TIFF,TIFF-LE,1024,1024,RGB,3,8,True,179.29808521270752,54.49398588538338,0.35910511016845703,1.9073486328125e-06,5.764296736033831,,False,False,False,False,False,False,PASS,True,
Case-3-A10-14726-26052,Case-3-A10-14726-26052,Case 3 A10-14726-26052,http://pathdb.cancerimagingarchive.net/system/files/wsi/ross/Osteosarcoma-UT/converted/Osteosarcoma-UT/Training-Set-2/set1/Case-3-A10-14726-26052.tiff,Case-3,Non-Tumor,NON_TUMOR,TRUE,False,RETRIEVED,200,C:\Users\enkso\.kiro\crew\scratch\runtime-0a306834\osteopatch_full_ingestion\tiffs\Case-3-A10-14726-26052.tiff,256904,4fc7ec40c5e122278d3cba19d1d322a4ca3aa71201d8f5e69127eef14198961a,ca64c36a7085da85dcc1a2851df820c188e2291dd09bc5df19c333a4a8c4eb76,e39a8548deb425ab,c6598e2c09d3ccca,TIFF,TIFF-LE,1024,1024,RGB,3,8,True,228.90869045257568,24.66883091218419,0.5804843902587891,0.0,5.702830333394715,,False,False,False,False,False,False,PASS,True,
Case-3-A10-14813-24100,Case-3-A10-14813-24100,Case 3 A10-14813-24100,http://pathdb.cancerimagingarchive.net/system/files/wsi/ross/Osteosarcoma-UT/converted/Osteosarcoma-UT/Training-Set-2/set1/Case-3-A10-14813-24100.tiff,Case-3,Non-Viable-Tumor,NECROSIS,TRUE,False,RETRIEVED,200,C:\Users\enkso\.kiro\crew\scratch\runtime-0a306834\osteopatch_full_ingestion\tiffs\Case-3-A10-14813-24100.tiff,200454,9fa53b4730fc5cce46f64eb831ef4fbe5d30e0b7f1f256534f0bed473b40a34d,0369ddac92565516549454513edc37f01880601a5b2d5c6bd3003579d0c82f4a,fb276660391f8691,0f87e03098271318,TIFF,TIFF-LE,1024,1024,RGB,3,8,True,230.06456851959229,30.792232562420498,0.6965169906616211,2.574920654296875e-05,4.695165790816502,,False,False,False,False,False,False,PASS,True,
Case-3-A10-16082-41283,Case-3-A10-16082-41283,Case 3 A10-16082-41283,http://pathdb.cancerimagingarchive.net/system/files/wsi/ross/Osteosarcoma-UT/converted/Osteosarcoma-UT/Training-Set-2/set1/Case-3-A10-16082-41283.tiff,Case-3,Non-Tumor,NON_TUMOR,TRUE,False,RETRIEVED,200,C:\Users\enkso\.kiro\crew\scratch\runtime-0a306834\osteopatch_full_ingestion\tiffs\Case-3-A10-16082-41283.tiff,42862,a365fb738aa7fd71779f41708c02b23ce8ed41dfff1124013b390545be4beec8,bf3e2520db1c24dcb5b5d760f0ec7307ef61fec8450da30b2d9b081ec02cf720,bf3f3e3030706247,3d7a449040000000,TIFF,TIFF-LE,1024,1024,RGB,3,8,True,237.67141914367676,26.09534954892021,0.9219770431518555,0.0,1.0359624167743307,NEAR_BLANK;LOW_INFORMATION,False,False,False,False,False,True,REVIEW,False,image QC status REVIEW
Case-3-A10-17206-19249,Case-3-A10-17206-19249,Case 3 A10-17206-19249,http://pathdb.cancerimagingarchive.net/system/files/wsi/ross/Osteosarcoma-UT/converted/Osteosarcoma-UT/Training-Set-1/set1/Case-3-A10-17206-19249.tiff,Case-3,Non-Viable-Tumor,NECROSIS,TRUE,False,RETRIEVED,200,C:\Users\enkso\.kiro\crew\scratch\runtime-0a306834\osteopatch_full_ingestion\tiffs\Case-3-A10-17206-19249.tiff,276968,4ee1102f982d0f8391910940dafcc1dba668a6736ef100d3f157b80a8ac96f7c,7912b3bafddac1c1bc5cdd6b562700544d3a0e5589a3bc6135b80939de064f0f,9ce33c06f30e6791,0c2c7051ede6b6b6,TIFF,TIFF-LE,1024,1024,RGB,3,8,True,214.4194164276123,36.88170444962041,0.4077730178833008,6.67572021484375e-06,6.485735468811171,,False,False,False,False,False,False,PASS,True,
Case-3-A10-19799-5772,Case-3-A10-19799-5772,Case 3 A10-19799-5772,http://pathdb.cancerimagingarchive.net/system/files/wsi/ross/Osteosarcoma-UT/converted/Osteosarcoma-UT/Training-Set-1/set1/Case-3-A10-19799-5772.tiff,Case-3,Non-Viable-Tumor,NECROSIS,TRUE,False,RETRIEVED,200,C:\Users\enkso\.kiro\crew\scratch\runtime-0a306834\osteopatch_full_ingestion\tiffs\Case-3-A10-19799-5772.tiff,312890,d6f3c89ccd432231154de7db1976bd9cc22a1f41061caddec32d06919091b8fe,31737ce3045e3984a03313affef51107333b186f42a237910ebc1ddcce96f921,b34b5fa44c451f34,62494b9f9d9c3c3c,TIFF,TIFF-LE,1024,1024,RGB,3,8,True,210.39025402069092,36.79371193105036,0.37314510345458984,7.62939453125e-06,6.605542332020804,,False,False,False,False,False,False,PASS,True,
Case-3-A10-25071-24159,Case-3-A10-25071-24159,Case 3 A10-25071-24159,http://pathdb.cancerimagingarchive.net/system/files/wsi/ross/Osteosarcoma-UT/converted/Osteosarcoma-UT/Training-Set-1/set1/Case-3-A10-25071-24159.tiff,Case-3,Non-Viable-Tumor,NECROSIS,TRUE,False,RETRIEVED,200,C:\Users\enkso\.kiro\crew\scratch\runtime-0a306834\osteopatch_full_ingestion\tiffs\Case-3-A10-25071-24159.tiff,309072,830c6d5e91b19ada47dd1bccdf20e5ba7eebbeac3c91e376af7a358c01e937ed,38a6c7dde636e7c8c81d1539f74c228c336fb5ea58a14b3b590e4cfdb57d3591,b60ee7d8510f2738,a52f6f6e951d0c4e,TIFF,TIFF-LE,1024,1024,RGB,3,8,True,216.82777404785156,33.50306541553354,0.38030433654785156,4.76837158203125e-06,6.4913547338346556,,False,False,False,False,False,False,PASS,True,
Case-3-A10-26546-21577,Case-3-A10-26546-21577,Case 3 A10-26546-21577,http://pathdb.cancerimagingarchive.net/system/files/wsi/ross/Osteosarcoma-UT/converted/Osteosarcoma-UT/Training-Set-1/set1/Case-3-A10-26546-21577.tiff,Case-3,Non-Viable-Tumor,NECROSIS,TRUE,False,RETRIEVED,200,C:\Users\enkso\.kiro\crew\scratch\runtime-0a306834\osteopatch_full_ingestion\tiffs\Case-3-A10-26546-21577.tiff,328870,e91062b44a29c37794d15e8019c8989bca1997f930dabc0d98a45cf81e5d75d8,eabe428a1442ba54fc9c1c6a4e044204c405e8a0705a78858c8faab30c89344d,e6b7945e66b45148,6c4e1bce2368a7e6,TIFF,TIFF-LE,1024,1024,RGB,3,8,True,218.04247760772705,31.47514566178547,0.38108062744140625,2.86102294921875e-06,6.474088099641042,,False,False,False,False,False,False,PASS,True,
Case-3-A10-26935-6593,Case-3-A10-26935-6593,Case 3 A10-26935-6593,http://pathdb.cancerimagingarchive.net/system/files/wsi/ross/Osteosarcoma-UT/converted/Osteosarcoma-UT/Training-Set-1/set1/Case-3-A10-26935-6593.tiff,Case-3,Non-Viable-Tumor,NECROSIS,TRUE,False,RETRIEVED,200,C:\Users\enkso\.kiro\crew\scratch\runtime-0a306834\osteopatch_full_ingestion\tiffs\Case-3-A10-26935-6593.tiff,384902,866d770b7b3daa2a1c4ff5edc7f35b306395134f5a34dfa6baf67518a90febdf,719e8baa679489b9ebc046292a757d63ee61fd22f8a3f39916e7d96c57e07eab,b7f5e5052c48da92,260e18397c7cd78f,TIFF,TIFF-LE,1024,1024,RGB,3,8,True,202.94831085205078,33.722171987360106,0.1960277557373047,0.0,6.923059689406214,,False,False,False,False,False,False,PASS,True,
Case-3-A10-28110-17616,Case-3-A10-28110-17616,Case 3 A10-28110-17616,http://pathdb.cancerimagingarchive.net/system/files/wsi/ross/Osteosarcoma-UT/converted/Osteosarcoma-UT/Training-Set-1/set1/Case-3-A10-28110-17616.tiff,Case-3,Non-Viable-Tumor,NECROSIS,TRUE,False,RETRIEVED,200,C:\Users\enkso\.kiro\crew\scratch\runtime-0a306834\osteopatch_full_ingestion\tiffs\Case-3-A10-28110-17616.tiff,427404,338bbd6a7444309dd1bbb222ac124f7d7d5cb63f54e89c1a295da33b52382add,237eaf75ef6acd411f096319207947832b7b1967ac59965afec6e69261db9dda,bb2ac67ca24d4b92,8b3fd9531f1030db,TIFF,TIFF-LE,1024,1024,RGB,3,8,True,171.51873588562012,46.52916856766497,0.08138465881347656,0.0,7.470019266417236,,False,False,False,False,False,False,PASS,True,
Case-3-A10-28463-9497,Case-3-A10-28463-9497,Case 3 A10-28463-9497,http://pathdb.cancerimagingarchive.net/system/files/wsi/ross/Osteosarcoma-UT/converted/Osteosarcoma-UT/Training-Set-1/set1/Case-3-A10-28463-9497.tiff,Case-3,Non-Viable-Tumor,NECROSIS,TRUE,False,RETRIEVED,200,C:\Users\enkso\.kiro\crew\scratch\runtime-0a306834\osteopatch_full_ingestion\tiffs\Case-3-A10-28463-9497.tiff,376884,5f0bcd0acee9dedd1ad5e0cb92cf762eed953f2136e4eb523284cfe0fd7b529e,7a7b58313ac90986ae90688fd3f504b0041d1ffc0a617b9316bc2e1f67d645c4,8ea64ad4fd1121f3,f5255f3e46dc9121,TIFF,TIFF-LE,1024,1024,RGB,3,8,True,213.47857284545898,27.999293226018924,0.24071788787841797,0.0,6.603844116956154,,False,False,False,False,False,False,PASS,True,
Case-3-A10-32184-17317,Case-3-A10-32184-17317,Case 3 A10-32184-17317,http://pathdb.cancerimagingarchive.net/system/files/wsi/ross/Osteosarcoma-UT/converted/Osteosarcoma-UT/Training-Set-1/set1/Case-3-A10-32184-17317.tiff,Case-3,Non-Viable-Tumor,NECROSIS,TRUE,False,RETRIEVED,200,C:\Users\enkso\.kiro\crew\scratch\runtime-0a306834\osteopatch_full_ingestion\tiffs\Case-3-A10-32184-17317.tiff,389752,86e5a1e6fbc6655f223f3a3df375ecf946af9a70b1ce974ec7f560fae9239b5a,6fc8ea9c2bb58a7feffc8e12b79349108c6aa9adb35f86771506ffa5506c313c,b61a31319a8ecee9,9c9ee72d2c5e0eb5,TIFF,TIFF-LE,1024,1024,RGB,3,8,True,195.77321529388428,34.86956404798947,0.14716720581054688,0.0,7.030932880988089,,False,False,False,False,False,False,PASS,True,
Case-3-A10-33239-2811,Case-3-A10-33239-2811,Case 3 A10-33239-2811,http://pathdb.cancerimagingarchive.net/system/files/wsi/ross/Osteosarcoma-UT/converted/Osteosarcoma-UT/Training-Set-1/set1/Case-3-A10-33239-2811.tiff,Case-3,Non-Viable-Tumor,NECROSIS,TRUE,False,RETRIEVED,200,C:\Users\enkso\.kiro\crew\scratch\runtime-0a306834\osteopatch_full_ingestion\tiffs\Case-3-A10-33239-2811.tiff,252556,9908d3a92c03e22462c6ea574a052ca49fe3e79378beaf5aaecd131b0e43aa97,4a6d9f22d8709b6aefe328a584706ae723bf750bc5d8ec6a1c8fc4a7589112be,fe1e0f9da3e080b8,6f682d8d9f97a3c3,TIFF,TIFF-LE,1024,1024,RGB,3,8,True,218.5398931503296,35.57054579790385,0.5378637313842773,0.0,5.620428366158349,,False,False,False,False,False,False,PASS,True,
Case-3-A10-3671-14840,Case-3-A10-3671-14840,Case 3 A10-3671-14840,http://pathdb.cancerimagingarchive.net/system/files/wsi/ross/Osteosarcoma-UT/converted/Osteosarcoma-UT/Training-Set-2/set1/Case-3-A10-3671-14840.tiff,Case-3,Non-Tumor,NON_TUMOR,TRUE,False,RETRIEVED,200,C:\Users\enkso\.kiro\crew\scratch\runtime-0a306834\osteopatch_full_ingestion\tiffs\Case-3-A10-3671-14840.tiff,228394,9c28743eb9371146cdc3829387279cf776f5c2ad68eae0d06a9c79a16ee52477,5b235c900ab1c79aeab3a8f643be6d7c31df3907086500e30bb07bbfbbee7bc2,cc68bb4aad56a855,43c386c5c2c94476,TIFF,TIFF-LE,1024,1024,RGB,3,8,True,192.3983907699585,49.666970384767104,0.3457603454589844,0.0,6.585984908497095,,False,False,False,False,False,False,PASS,True,
Case-3-A10-37695-6276,Case-3-A10-37695-6276,Case 3 A10-37695-6276,http://pathdb.cancerimagingarchive.net/system/files/wsi/ross/Osteosarcoma-UT/converted/Osteosarcoma-UT/Training-Set-1/set1/Case-3-A10-37695-6276.tiff,Case-3,Non-Viable-Tumor,NECROSIS,TRUE,False,RETRIEVED,200,C:\Users\enkso\.kiro\crew\scratch\runtime-0a306834\osteopatch_full_ingestion\tiffs\Case-3-A10-37695-6276.tiff,373068,5b3547f36a5ca6297a3d9543b80e2dfd3c707b27edfd59e1a0f03b9390efb2bf,d6a61f1727817f1ebe735b007de9384f7e061a9a6ead0611954adff88b303718,ee2171cc3c31ead8,8e4a436725654515,TIFF,TIFF-LE,1024,1024,RGB,3,8,True,198.12047863006592,36.1755568119975,0.19039154052734375,0.0,6.996309309537522,,False,False,False,False,False,False,PASS,True,
Case-3-A10-42682-16878,Case-3-A10-42682-16878,Case 3 A10-42682-16878,http://pathdb.cancerimagingarchive.net/system/files/wsi/ross/Osteosarcoma-UT/converted/Osteosarcoma-UT/Training-Set-1/set1/Case-3-A10-42682-16878.tiff,Case-3,Non-Viable-Tumor,NECROSIS,TRUE,False,RETRIEVED,200,C:\Users\enkso\.kiro\crew\scratch\runtime-0a306834\osteopatch_full_ingestion\tiffs\Case-3-A10-42682-16878.tiff,360978,d9403edcb0e6d2729d09edace525496e29ada3cf842f3240fdaacfc0bb0ec6b3,0d8bd11becbae1598665da387e2240a00a027a5f15abfdbfb8c15391cfd0a6f4,f269ca9c05ebbc09,c389878ede3c48e8,TIFF,TIFF-LE,1024,1024,RGB,3,8,True,205.34263801574707,28.600451280601867,0.14449214935302734,0.0,6.745471158930757,,False,False,False,False,False,False,PASS,True,
Case-3-A10-43205-4260,Case-3-A10-43205-4260,Case 3 A10-43205-4260,http://pathdb.cancerimagingarchive.net/system/files/wsi/ross/Osteosarcoma-UT/converted/Osteosarcoma-UT/Training-Set-1/set1/Case-3-A10-43205-4260.tiff,Case-3,Non-Viable-Tumor,NECROSIS,TRUE,False,RETRIEVED,200,C:\Users\enkso\.kiro\crew\scratch\runtime-0a306834\osteopatch_full_ingestion\tiffs\Case-3-A10-43205-4260.tiff,131912,2c3caa52bab9bab43d82941234b194c1ac6bc71d35efe9dfdf262365200beef1,f56b0caf77ffacf1ad812d1fc46f49757a710b18af73ea6ecdee5c389df13b34,9c39c73ce00f7cc1,b47434b4b43468e0,TIFF,TIFF-LE,1024,1024,RGB,3,8,True,221.6938714981079,37.6000081708704,0.6891822814941406,3.814697265625e-06,3.7061856599544356,,False,False,False,False,False,False,PASS,True,
Case-3-A10-43279-17240,Case-3-A10-43279-17240,Case 3 A10-43279-17240,http://pathdb.cancerimagingarchive.net/system/files/wsi/ross/Osteosarcoma-UT/converted/Osteosarcoma-UT/Training-Set-1/set1/Case-3-A10-43279-17240.tiff,Case-3,Non-Viable-Tumor,NECROSIS,TRUE,False,RETRIEVED,200,C:\Users\enkso\.kiro\crew\scratch\runtime-0a306834\osteopatch_full_ingestion\tiffs\Case-3-A10-43279-17240.tiff,248484,66f259053f005cfe3435a375444e06a63d585a093cbaa669524a2cb1b49e3852,060562d668c67cdb990f9268df4f5b952442887c9a687e1ac53b1f42a9c89341,b6cc03fd0d06b0cf,cc8c8d2c1c0d2dad,TIFF,TIFF-LE,1024,1024,RGB,3,8,True,214.90009021759033,34.389477183694034,0.45853328704833984,0.0,5.508644142712335,,False,False,False,False,False,False,PASS,True,
Case-3-A10-43563-32168,Case-3-A10-43563-32168,Case 3 A10-43563-32168,http://pathdb.cancerimagingarchive.net/system/files/wsi/ross/Osteosarcoma-UT/converted/Osteosarcoma-UT/Training-Set-1/set1/Case-3-A10-43563-32168.tiff,Case-3,Non-Tumor,NON_TUMOR,TRUE,False,RETRIEVED,200,C:\Users\enkso\.kiro\crew\scratch\runtime-0a306834\osteopatch_full_ingestion\tiffs\Case-3-A10-43563-32168.tiff,186184,f0ea7aedeab32c4003e7b4a3f927b60f50a9bb523425cd673b134c97b6beb339,8008aa97b770a1e2d027140d7f3bb8be2a0d64f957b524d75d735c1f29724ac8,f04f8e98e1708fe8,5871e9839f7c9d47,TIFF,TIFF-LE,1024,1024,RGB,3,8,True,173.76715564727783,47.44970641459436,0.26711273193359375,0.0,6.236886544351258,,False,False,False,False,False,False,PASS,True,
Case-3-A10-6162-33852,Case-3-A10-6162-33852,Case 3 A10-6162-33852,http://pathdb.cancerimagingarchive.net/system/files/wsi/ross/Osteosarcoma-UT/converted/Osteosarcoma-UT/Training-Set-2/set1/Case-3-A10-6162-33852.tiff,Case-3,Non-Tumor,NON_TUMOR,TRUE,False,RETRIEVED,200,C:\Users\enkso\.kiro\crew\scratch\runtime-0a306834\osteopatch_full_ingestion\tiffs\Case-3-A10-6162-33852.tiff,205718,0f9da79ea25cb41fa569385224d187e81295656f3def05af47b16ac15f7452bb,2ab42b6dfc63d1a182296403af5bb56c7e452456ff073865ff88749122e6c1de,b5de62424ae59ae2,063636362e3e869a,TIFF,TIFF-LE,1024,1024,RGB,3,8,True,141.45464706420898,39.621274624932326,0.07097244262695312,3.910064697265625e-05,6.7216354212636205,,False,False,False,False,False,False,PASS,True,
Case-3-A10-6747-12959,Case-3-A10-6747-12959,Case 3 A10-6747-12959,http://pathdb.cancerimagingarchive.net/system/files/wsi/ross/Osteosarcoma-UT/converted/Osteosarcoma-UT/Training-Set-2/set1/Case-3-A10-6747-12959.tiff,Case-3,Non-Tumor,NON_TUMOR,TRUE,False,RETRIEVED,200,C:\Users\enkso\.kiro\crew\scratch\runtime-0a306834\osteopatch_full_ingestion\tiffs\Case-3-A10-6747-12959.tiff,264456,00f1de02cd9754e8329495fcd100c00ce9d24ce5532f093dcd8ab181b3fee442,285341373b6f1294c567af3a522b924a78d81dd4333eb6f9ae3c09503ee9bbbd,d8e7b853a3b04e2c,cb6a23cdc810b5b1,TIFF,TIFF-LE,1024,1024,RGB,3,8,True,218.49213314056396,36.122273551540495,0.48194026947021484,2.86102294921875e-06,6.20855373653837,,False,False,False,False,False,False,PASS,True,
Case-3-A10-6935-14250,Case-3-A10-6935-14250,Case 3 A10-6935-14250,http://pathdb.cancerimagingarchive.net/system/files/wsi/ross/Osteosarcoma-UT/converted/Osteosarcoma-UT/Training-Set-2/set1/Case-3-A10-6935-14250.tiff,Case-3,Non-Tumor,NON_TUMOR,TRUE,False,RETRIEVED,200,C:\Users\enkso\.kiro\crew\scratch\runtime-0a306834\osteopatch_full_ingestion\tiffs\Case-3-A10-6935-14250.tiff,243044,7d0eec664ebd4e0a69a24854f3d520305961dc13417845ed11de48f352f75dc2,3b717bcc31d0a5e3bb396697ebb7ef9fc8bc89397d32af03897ad78035045362,b2fd982eca5345c1,bebe9c0ded6c9c98,TIFF,TIFF-LE,1024,1024,RGB,3,8,True,202.2279748916626,51.402077120715205,0.4444284439086914,6.961822509765625e-05,6.3941971589166515,,False,False,False,False,False,False,PASS,True,
Case-3-A10-7101-7481,Case-3-A10-7101-7481,Case 3 A10-7101-7481,http://pathdb.cancerimagingarchive.net/system/files/wsi/ross/Osteosarcoma-UT/converted/Osteosarcoma-UT/Training-Set-2/set1/Case-3-A10-7101-7481.tiff,Case-3,Non-Viable-Tumor,NECROSIS,TRUE,False,RETRIEVED,200,C:\Users\enkso\.kiro\crew\scratch\runtime-0a306834\osteopatch_full_ingestion\tiffs\Case-3-A10-7101-7481.tiff,308682,8fb5812584be26c2250684e9c08789effe4bc97a64f11ca31fab3da77ea08770,31a52c846b64e56dce28172d36de50ec24a4211a36b592039733e89ffc83da4d,be39d07103057c5f,9a3f366e7d16a6e4,TIFF,TIFF-LE,1024,1024,RGB,3,8,True,217.55803108215332,28.649217660961607,0.3314943313598633,0.0,6.4642470633409195,,False,False,False,False,False,False,PASS,True,
Case-3-A10-9695-39638,Case-3-A10-9695-39638,Case 3 A10-9695-39638,http://pathdb.cancerimagingarchive.net/system/files/wsi/ross/Osteosarcoma-UT/converted/Osteosarcoma-UT/Training-Set-2/set1/Case-3-A10-9695-39638.tiff,Case-3,Non-Tumor,NON_TUMOR,TRUE,False,RETRIEVED,200,C:\Users\enkso\.kiro\crew\scratch\runtime-0a306834\osteopatch_full_ingestion\tiffs\Case-3-A10-9695-39638.tiff,85078,cd7ca101e962834029a92ea3c7d5d5b9072d2f89486d7a0d8ef0d700edf6c0d5,26e487c72af7483a2ede5e8b766d69e8af07814bf599b14b2b83ffec5c2d7a01,df3ea1d550686156,847e4fb170866102,TIFF,TIFF-LE,1024,1024,RGB,3,8,True,211.98130321502686,52.1893307160265,0.698394775390625,0.0,3.131916550485317,,False,False,False,False,False,False,PASS,True,
Case-3-A12-12706-7126,Case-3-A12-12706-7126,Case 3 A12-12706-7126,http://pathdb.cancerimagingarchive.net/system/files/wsi/ross/Osteosarcoma-UT/converted/Osteosarcoma-UT/Training-Set-2/set1/Case-3-A12-12706-7126.tiff,Case-3,Non-Viable-Tumor,NECROSIS,TRUE,False,RETRIEVED,200,C:\Users\enkso\.kiro\crew\scratch\runtime-0a306834\osteopatch_full_ingestion\tiffs\Case-3-A12-12706-7126.tiff,359154,92544353ac8917d5ec6fb82d12cbee3f77a58c5677401525b66b2ee73c3cf7b3,0df6edc1aa7146c236041f42081fcabc173dc893df4c7952526b54d6fe98405b,a2c3361f253e4fa4,ccc981e1ff3bbd97,TIFF,TIFF-LE,1024,1024,RGB,3,8,True,209.08862590789795,29.961750552142767,0.1946277618408203,0.0,6.736358474729305,,False,False,True,False,False,True,NEAR_DUPLICATE_CANDIDATE,False,image QC status NEAR_DUPLICATE_CANDIDATE
Case-3-A12-14795-35402,Case-3-A12-14795-35402,Case 3 A12-14795-35402,http://pathdb.cancerimagingarchive.net/system/files/wsi/ross/Osteosarcoma-UT/converted/Osteosarcoma-UT/Training-Set-2/set1/Case-3-A12-14795-35402.tiff,Case-3,Non-Tumor,NON_TUMOR,TRUE,False,RETRIEVED,200,C:\Users\enkso\.kiro\crew\scratch\runtime-0a306834\osteopatch_full_ingestion\tiffs\Case-3-A12-14795-35402.tiff,279788,9a78d1dc981734542827731e1aab86333ca1fc896b97495a6fc81c7dde4efa66,6cbaefd0569435bba3537a738d5c98ec5feb7a1dfaa2aeed249cdbda3b108894,ab3b68c3a0226e77,0f190fff8823d3b7,TIFF,TIFF-LE,1024,1024,RGB,3,8,True,181.17514991760254,49.3422553728526,0.2651815414428711,9.5367431640625e-07,6.802026115551216,,False,False,False,False,False,False,PASS,True,
Case-3-A12-16067-9053,Case-3-A12-16067-9053,Case 3 A12-16067-9053,http://pathdb.cancerimagingarchive.net/system/files/wsi/ross/Osteosarcoma-UT/converted/Osteosarcoma-UT/Training-Set-2/set1/Case-3-A12-16067-9053.tiff,Case-3,Non-Viable-Tumor,NECROSIS,TRUE,False,RETRIEVED,200,C:\Users\enkso\.kiro\crew\scratch\runtime-0a306834\osteopatch_full_ingestion\tiffs\Case-3-A12-16067-9053.tiff,328914,e7a25a25fae53e8522e8acd0d266b85cbac31cf5130be5083dc47da71cb01db1,e7f60b2ef1311bd11c8b72cc91f37244a4bb9819847373ba73ee036125dec820,ba3b379545ca4951,181db9a5a6b9bd8f,TIFF,TIFF-LE,1024,1024,RGB,3,8,True,210.63123035430908,27.91082435780328,0.23650360107421875,0.0,6.643237643601745,,False,False,False,False,False,False,PASS,True,
Case-3-A12-17700-32032,Case-3-A12-17700-32032,Case 3 A12-17700-32032,http://pathdb.cancerimagingarchive.net/system/files/wsi/ross/Osteosarcoma-UT/converted/Osteosarcoma-UT/Training-Set-2/set1/Case-3-A12-17700-32032.tiff,Case-3,Non-Tumor,NON_TUMOR,TRUE,False,RETRIEVED,200,C:\Users\enkso\.kiro\crew\scratch\runtime-0a306834\osteopatch_full_ingestion\tiffs\Case-3-A12-17700-32032.tiff,214264,ac3f06b9c2fc1cc090ce2768c7484f01bfeea1ce54134368bd5023cfc81633bb,c2ed66edfe4c0332e8fa746cc486d20bec8911568a1b3ce0b99b79c141f04bac,bcc1239ecc39332e,da860f33260e3e5e,TIFF,TIFF-LE,1024,1024,RGB,3,8,True,143.28179359436035,24.61871472744089,0.03003406524658203,2.86102294921875e-06,6.106146331546719,,False,False,False,False,False,False,PASS,True,
Case-3-A12-18156-14343,Case-3-A12-18156-14343,Case 3 A12-18156-14343,http://pathdb.cancerimagingarchive.net/system/files/wsi/ross/Osteosarcoma-UT/converted/Osteosarcoma-UT/Training-Set-2/set1/Case-3-A12-18156-14343.tiff,Case-3,Non-Viable-Tumor,NECROSIS,TRUE,False,RETRIEVED,200,C:\Users\enkso\.kiro\crew\scratch\runtime-0a306834\osteopatch_full_ingestion\tiffs\Case-3-A12-18156-14343.tiff,389464,0ee07091f7b180328101e43a6706f08e03dec9a68e4a27c3c145ce3c52a3bea3,1bb4c370f9b502fffda9941e4ffeb2a2824613fc0b321162ebb9efb31596f20d,ad61eb5cca50499d,0246d6ec72326e6b,TIFF,TIFF-LE,1024,1024,RGB,3,8,True,200.0041971206665,36.23544319856218,0.18996810913085938,0.0,7.018223374436776,,False,False,False,False,False,False,PASS,True,
Case-3-A12-1902-25383,Case-3-A12-1902-25383,Case 3 A12-1902-25383,http://pathdb.cancerimagingarchive.net/system/files/wsi/ross/Osteosarcoma-UT/converted/Osteosarcoma-UT/Training-Set-2/set1/Case-3-A12-1902-25383.tiff,Case-3,Non-Tumor,NON_TUMOR,TRUE,False,RETRIEVED,200,C:\Users\enkso\.kiro\crew\scratch\runtime-0a306834\osteopatch_full_ingestion\tiffs\Case-3-A12-1902-25383.tiff,47392,91d4dfd083c8b6a0c61256af0a5727d7bdef044972842b702b7e3146cb7085f8,94cee20e4a7914b78e3baf0b1a25b013ffb622e10f0de860bb007c2a4337b085,81033fff0003ff3c,d0d0d0d08040c0a0,TIFF,TIFF-LE,1024,1024,RGB,3,8,True,234.75960636138916,32.16545219074952,0.9019870758056641,0.0,1.2759213337425623,NEAR_BLANK;LOW_INFORMATION,False,False,False,False,False,True,REVIEW,False,image QC status REVIEW
Case-3-A12-19907-12559,Case-3-A12-19907-12559,Case 3 A12-19907-12559,http://pathdb.cancerimagingarchive.net/system/files/wsi/ross/Osteosarcoma-UT/converted/Osteosarcoma-UT/Training-Set-2/set1/Case-3-A12-19907-12559.tiff,Case-3,Non-Viable-Tumor,NECROSIS,TRUE,False,RETRIEVED,200,C:\Users\enkso\.kiro\crew\scratch\runtime-0a306834\osteopatch_full_ingestion\tiffs\Case-3-A12-19907-12559.tiff,375582,387290db8b5d16af82a8d86f26dd910cd02c7d9a765b3cb8eec0959f41b0230a,927a22eabfad6adce77d0de50b6be80cf9d4038f2410e05aea1f7bcab0d5b8e2,b6cc568b8d72e254,e277241633192dac,TIFF,TIFF-LE,1024,1024,RGB,3,8,True,191.28310108184814,34.67640860067327,0.10910606384277344,0.0,7.052360075126426,,False,False,False,False,False,False,PASS,True,
Case-3-A12-20939-18996,Case-3-A12-20939-18996,Case 3 A12-20939-18996,http://pathdb.cancerimagingarchive.net/system/files/wsi/ross/Osteosarcoma-UT/converted/Osteosarcoma-UT/Training-Set-2/set1/Case-3-A12-20939-18996.tiff,Case-3,Non-Viable-Tumor,NECROSIS,TRUE,False,RETRIEVED,200,C:\Users\enkso\.kiro\crew\scratch\runtime-0a306834\osteopatch_full_ingestion\tiffs\Case-3-A12-20939-18996.tiff,301296,3c28c6ce4a059dc7b17b21aa9afaa7b449f914d8697e416e2e1f66aa03aca3f3,34f1510287e776135d4c2621a389c8387a01248fe8c95b140eee9bac1a22fce9,dde61d5d50c06956,427724a440726014,TIFF,TIFF-LE,1024,1024,RGB,3,8,True,225.47879314422607,23.12797808514851,0.42262744903564453,9.5367431640625e-07,6.0660744220411615,,False,False,False,False,False,False,PASS,True,
Case-3-A12-24008-4724,Case-3-A12-24008-4724,Case 3 A12-24008-4724,http://pathdb.cancerimagingarchive.net/system/files/wsi/ross/Osteosarcoma-UT/converted/Osteosarcoma-UT/Training-Set-2/set1/Case-3-A12-24008-4724.tiff,Case-3,Non-Viable-Tumor,NECROSIS,TRUE,False,RETRIEVED,200,C:\Users\enkso\.kiro\crew\scratch\runtime-0a306834\osteopatch_full_ingestion\tiffs\Case-3-A12-24008-4724.tiff,290834,23707b1c5228a1093676d7c02dc560691ccb8db4c41a331081f1ff890ab72baa,4d5061e7b15c639fecafeac908ff7b99d56de8ff8d787a54bd9dac2a6e9486b5,a97065adda5865a5,0b8fdab53333f26a,TIFF,TIFF-LE,1024,1024,RGB,3,8,True,219.50778579711914,28.189243007940693,0.40781497955322266,0.0,6.268585992280731,,False,False,False,False,False,False,PASS,True,
Case-3-A12-24626-4413,Case-3-A12-24626-4413,Case 3 A12-24626-4413,http://pathdb.cancerimagingarchive.net/system/files/wsi/ross/Osteosarcoma-UT/converted/Osteosarcoma-UT/Training-Set-2/set1/Case-3-A12-24626-4413.tiff,Case-3,Non-Viable-Tumor,NECROSIS,TRUE,False,RETRIEVED,200,C:\Users\enkso\.kiro\crew\scratch\runtime-0a306834\osteopatch_full_ingestion\tiffs\Case-3-A12-24626-4413.tiff,254422,c8dd967489386f3c493cc1bee586f6bbdcd68d059e1858fdc858d9b761092f0a,f8f0e159943c93f918811169cb17f44946841638b7c87597b72844e17ea932bb,9e326b2c6355a4cb,242969ccf1b262d1,TIFF,TIFF-LE,1024,1024,RGB,3,8,True,224.71366596221924,28.289753198661153,0.5550041198730469,0.0,5.651733436242536,,False,False,False,False,False,False,PASS,True,
Case-3-A12-26266-6931,Case-3-A12-26266-6931,Case 3 A12-26266-6931,http://pathdb.cancerimagingarchive.net/system/files/wsi/ross/Osteosarcoma-UT/converted/Osteosarcoma-UT/Training-Set-2/set1/Case-3-A12-26266-6931.tiff,Case-3,Non-Viable-Tumor,NECROSIS,TRUE,False,RETRIEVED,200,C:\Users\enkso\.kiro\crew\scratch\runtime-0a306834\osteopatch_full_ingestion\tiffs\Case-3-A12-26266-6931.tiff,336052,fe812bb37600cd351f53e23c632afd69505d18669f8830c434a545a1d9cbeac1,1db63a35364507912dc6fc108dd1063777d33f57f237f79c45728005ffd0dfe6,e05e96f7019f26e0,0881a18396cc088d,TIFF,TIFF-LE,1024,1024,RGB,3,8,True,212.22908782958984,34.505617588813,0.3617696762084961,0.0,6.518654211785073,,False,False,False,False,False,False,PASS,True,
Case-3-A12-27307-29117,Case-3-A12-27307-29117,Case 3 A12-27307-29117,http://pathdb.cancerimagingarchive.net/system/files/wsi/ross/Osteosarcoma-UT/converted/Osteosarcoma-UT/Training-Set-1/set1/Case-3-A12-27307-29117.tiff,Case-3,Non-Viable-Tumor,NECROSIS,TRUE,False,RETRIEVED,200,C:\Users\enkso\.kiro\crew\scratch\runtime-0a306834\osteopatch_full_ingestion\tiffs\Case-3-A12-27307-29117.tiff,252158,1fd0208b0656bb9d20bde0689bd5d80ba606330524e5d4f6825086b5534530b0,6493ea42248b2b18fdbd07cfece183da33d734c6263db264d34d23bb86ea6336,d2cdb229cad635a4,d8111430031c9d8d,TIFF,TIFF-LE,1024,1024,RGB,3,8,True,182.27330875396729,45.36860911033841,0.2001667022705078,0.0,6.940992204821736,,False,False,False,False,False,False,PASS,True,
Case-3-A12-28029-11197,Case-3-A12-28029-11197,Case 3 A12-28029-11197,http://pathdb.cancerimagingarchive.net/system/files/wsi/ross/Osteosarcoma-UT/converted/Osteosarcoma-UT/Training-Set-1/set1/Case-3-A12-28029-11197.tiff,Case-3,Non-Viable-Tumor,NECROSIS,TRUE,False,RETRIEVED,200,C:\Users\enkso\.kiro\crew\scratch\runtime-0a306834\osteopatch_full_ingestion\tiffs\Case-3-A12-28029-11197.tiff,355480,23d3ea15e11f6befcd03c7a92335a5d3244713cbd095b9cc5ed998fea2856235,4fab0e2c0477272ada79e1a04082ffc2f0f5ee46b4d8437621d14a3813f5a4e1,8ad0f17e2c25fc8a,a8d9f1e36165495b,TIFF,TIFF-LE,1024,1024,RGB,3,8,True,196.55645179748535,31.85660312887655,0.10708427429199219,0.0,6.9155860069874375,,False,False,False,False,False,False,PASS,True,
Case-3-A12-29223-26617,Case-3-A12-29223-26617,Case 3 A12-29223-26617,http://pathdb.cancerimagingarchive.net/system/files/wsi/ross/Osteosarcoma-UT/converted/Osteosarcoma-UT/Training-Set-1/set1/Case-3-A12-29223-26617.tiff,Case-3,Non-Viable-Tumor,NECROSIS,TRUE,False,RETRIEVED,200,C:\Users\enkso\.kiro\crew\scratch\runtime-0a306834\osteopatch_full_ingestion\tiffs\Case-3-A12-29223-26617.tiff,325196,98d19ea5c3dc1f7fcddb2d0d680c7bc816acafaa5144e6676b1ac93c10e6c8d1,4b34f5b76b0559afb4cc006166422b62ead698c724114a329a66eeada83812cd,c353f87e00a4f0fa,9851c8ca692b5a91,TIFF,TIFF-LE,1024,1024,RGB,3,8,True,216.45810508728027,31.241288085513848,0.3321075439453125,1.33514404296875e-05,6.5164733589755945,,False,False,False,False,False,False,PASS,True,
Case-3-A12-29860-25889,Case-3-A12-29860-25889,Case 3 A12-29860-25889,http://pathdb.cancerimagingarchive.net/system/files/wsi/ross/Osteosarcoma-UT/converted/Osteosarcoma-UT/Training-Set-1/set1/Case-3-A12-29860-25889.tiff,Case-3,Non-Viable-Tumor,NECROSIS,TRUE,False,RETRIEVED,200,C:\Users\enkso\.kiro\crew\scratch\runtime-0a306834\osteopatch_full_ingestion\tiffs\Case-3-A12-29860-25889.tiff,300160,cc4748a0168d31180b8bb9b2dfc873d3d490dc3b88ea1c55b9ac0110747a29d0,3d16f8fdfdd82f965628e81fd892be5f3a5806309e572bd97aa34337863f9cd2,bb42787226ec720f,91db642a6e0d3334,TIFF,TIFF-LE,1024,1024,RGB,3,8,True,216.4473352432251,30.063423248740573,0.34099292755126953,9.5367431640625e-07,6.481154524308506,,False,False,False,False,False,False,PASS,True,
Case-3-A12-30696-5036,Case-3-A12-30696-5036,Case 3 A12-30696-5036,http://pathdb.cancerimagingarchive.net/system/files/wsi/ross/Osteosarcoma-UT/converted/Osteosarcoma-UT/Training-Set-1/set1/Case-3-A12-30696-5036.tiff,Case-3,Non-Viable-Tumor,NECROSIS,TRUE,False,RETRIEVED,200,C:\Users\enkso\.kiro\crew\scratch\runtime-0a306834\osteopatch_full_ingestion\tiffs\Case-3-A12-30696-5036.tiff,367940,676f50fdaa35d28887af14985d649151310cee1f74927cfdae88c15a575da33f,18020d0efff63fb10df10a1b00953bca236d7a55c537c50abd0f477e8d7c03d4,a8c19135e59fb2aa,de943962131d6ed7,TIFF,TIFF-LE,1024,1024,RGB,3,8,True,212.20058917999268,27.484159250389656,0.20846271514892578,0.0,6.6109689747356235,,False,False,False,False,False,False,PASS,True,
Case-3-A12-3094-27426,Case-3-A12-3094-27426,Case 3 A12-3094-27426,http://pathdb.cancerimagingarchive.net/system/files/wsi/ross/Osteosarcoma-UT/converted/Osteosarcoma-UT/Training-Set-2/set1/Case-3-A12-3094-27426.tiff,Case-3,Non-Tumor,NON_TUMOR,TRUE,False,RETRIEVED,200,C:\Users\enkso\.kiro\crew\scratch\runtime-0a306834\osteopatch_full_ingestion\tiffs\Case-3-A12-3094-27426.tiff,179080,a83e349dd5b90563baf7b45b04fc186584ef6da0853bbdde7661db57ce1aa3c1,fee842e3f9291378bc113aff070651bc2b175ec8f89d30c0e6c94c0b9b97a227,fe388793d0472d2a,940c270119224d24,TIFF,TIFF-LE,1024,1024,RGB,3,8,True,216.58158588409424,38.96140620127528,0.5449047088623047,0.0,5.077845519292875,,False,False,False,False,False,False,PASS,True,
Case-3-A12-3218-15469,Case-3-A12-3218-15469,Case 3 A12-3218-15469,http://pathdb.cancerimagingarchive.net/system/files/wsi/ross/Osteosarcoma-UT/converted/Osteosarcoma-UT/Training-Set-2/set1/Case-3-A12-3218-15469.tiff,Case-3,Non-Tumor,NON_TUMOR,TRUE,False,RETRIEVED,200,C:\Users\enkso\.kiro\crew\scratch\runtime-0a306834\osteopatch_full_ingestion\tiffs\Case-3-A12-3218-15469.tiff,170448,57ea44f7ada85d1226bc3608284bff4abd566883ccb289f0c8f08f654e7500ab,b517799827776be43b4ccb0004c6985cc6c23fab8d5f7585daffc4d998e622e9,e533d57245995259,0c84570303281214,TIFF,TIFF-LE,1024,1024,RGB,3,8,True,228.9180393218994,31.797900676039916,0.6952333450317383,0.0,4.168849997388075,,False,False,False,False,False,False,PASS,True,
Case-3-A12-32422-16245,Case-3-A12-32422-16245,Case 3 A12-32422-16245,http://pathdb.cancerimagingarchive.net/system/files/wsi/ross/Osteosarcoma-UT/converted/Osteosarcoma-UT/Training-Set-1/set1/Case-3-A12-32422-16245.tiff,Case-3,Non-Viable-Tumor,NECROSIS,TRUE,False,RETRIEVED,200,C:\Users\enkso\.kiro\crew\scratch\runtime-0a306834\osteopatch_full_ingestion\tiffs\Case-3-A12-32422-16245.tiff,409174,633700554338a16ec6b6cdd5f8c5a25286c395f3dab620cc04031ccff5b16ccc,1e9c6cbaf2503aa8c9788ba129cd9979810252a457f4e11bdd8cc45d4947ff99,8d692bad6145bf82,c3b1f890a46e7250,TIFF,TIFF-LE,1024,1024,RGB,3,8,True,200.92689323425293,34.49452110380475,0.13769912719726562,0.0,6.940170579390791,,False,False,False,False,False,False,PASS,True,
Case-3-A12-32477-34353,Case-3-A12-32477-34353,Case 3 A12-32477-34353,http://pathdb.cancerimagingarchive.net/system/files/wsi/ross/Osteosarcoma-UT/converted/Osteosarcoma-UT/Training-Set-1/set1/Case-3-A12-32477-34353.tiff,Case-3,Non-Tumor,NON_TUMOR,TRUE,False,RETRIEVED,200,C:\Users\enkso\.kiro\crew\scratch\runtime-0a306834\osteopatch_full_ingestion\tiffs\Case-3-A12-32477-34353.tiff,86228,b253cf31a9cef6b0d66a3c044554e70e1f0f1e252a8165434a4543f11490f94d,d5b089cfc9f39b3683fe640742ae2a5b73a80a4dc339c43d23fb75c7c80d82d3,fc836cd32cc2946b,1012111007f00007,TIFF,TIFF-LE,1024,1024,RGB,3,8,True,232.41349601745605,28.391705532974512,0.827545166015625,0.0,2.833829380630891,LOW_INFORMATION,False,False,False,False,False,True,REVIEW,False,image QC status REVIEW
Case-3-A12-33164-13699,Case-3-A12-33164-13699,Case 3 A12-33164-13699,http://pathdb.cancerimagingarchive.net/system/files/wsi/ross/Osteosarcoma-UT/converted/Osteosarcoma-UT/Training-Set-1/set1/Case-3-A12-33164-13699.tiff,Case-3,Non-Viable-Tumor,NECROSIS,TRUE,False,RETRIEVED,200,C:\Users\enkso\.kiro\crew\scratch\runtime-0a306834\osteopatch_full_ingestion\tiffs\Case-3-A12-33164-13699.tiff,367088,73a4746ad5e9b4c25c3c3e25f167437ef5863843235c619f7c84d93e71dcc6c8,472b03b401c16f2b4a08161978521030f0e6a9c4a48ec313b4eefbfa4cff9e46,89bf92f4074be232,e93f8b738e83f1f0,TIFF,TIFF-LE,1024,1024,RGB,3,8,True,201.9807538986206,32.724684862442714,0.18101882934570312,0.0,6.898994411144884,,False,False,False,False,False,False,PASS,True,
Case-3-A12-34294-35557,Case-3-A12-34294-35557,Case 3 A12-34294-35557,http://pathdb.cancerimagingarchive.net/system/files/wsi/ross/Osteosarcoma-UT/converted/Osteosarcoma-UT/Training-Set-1/set1/Case-3-A12-34294-35557.tiff,Case-3,Non-Tumor,NON_TUMOR,TRUE,False,RETRIEVED,200,C:\Users\enkso\.kiro\crew\scratch\runtime-0a306834\osteopatch_full_ingestion\tiffs\Case-3-A12-34294-35557.tiff,279512,aaf71aa2d86a02f29d1ef0736d5ff93cb2e2f5c8aa71757ea33a688b7bc505c6,6144ba04986f34aa63a42cd69a9ea0c2becd142748183de9c0128889e9d1d894,8e7084dc973ca1ee,2ca14f7c45f631eb,TIFF,TIFF-LE,1024,1024,RGB,3,8,True,209.89195156097412,39.15071727436656,0.4074993133544922,3.4332275390625e-05,6.418827046769207,,False,False,False,False,False,False,PASS,True,
Case-3-A12-37374-17669,Case-3-A12-37374-17669,Case 3 A12-37374-17669,http://pathdb.cancerimagingarchive.net/system/files/wsi/ross/Osteosarcoma-UT/converted/Osteosarcoma-UT/Training-Set-1/set1/Case-3-A12-37374-17669.tiff,Case-3,Viable,VIABLE_TUMOR,TRUE,False,RETRIEVED,200,C:\Users\enkso\.kiro\crew\scratch\runtime-0a306834\osteopatch_full_ingestion\tiffs\Case-3-A12-37374-17669.tiff,362376,d103ac1725b3bcf5e8a2fc7c0bd24ef9698656e14964f161c70152f151fa89f5,d04812108145f41ebd92d51929ed4408aaddf97623101d87f1e561e083b55383,a27b97274a1e36b0,298a4c21b34e7de9,TIFF,TIFF-LE,1024,1024,RGB,3,8,True,174.90071296691895,33.60258876084944,0.03308296203613281,0.00024318695068359375,7.084659380832239,,False,False,False,False,False,False,PASS,True,
Case-3-A12-37793-17155,Case-3-A12-37793-17155,Case 3 A12-37793-17155,http://pathdb.cancerimagingarchive.net/system/files/wsi/ross/Osteosarcoma-UT/converted/Osteosarcoma-UT/Training-Set-1/set1/Case-3-A12-37793-17155.tiff,Case-3,Viable,VIABLE_TUMOR,TRUE,False,RETRIEVED,200,C:\Users\enkso\.kiro\crew\scratch\runtime-0a306834\osteopatch_full_ingestion\tiffs\Case-3-A12-37793-17155.tiff,337462,e420c0c6463905ac59d8663caf2d4836acb0c98a0afd95410b4cb859381928f4,9e201ec5497786b5a4c906464cbd873e3bde9ee078a7f76d72404de9a3a13e48,bf0ff0e0e1831d34,1a6f677edeaccd5e,TIFF,TIFF-LE,1024,1024,RGB,3,8,True,172.22153759002686,37.222972358620765,0.039191246032714844,0.00038433074951171875,7.174689445224551,,False,False,False,False,False,False,PASS,True,
Case-3-A12-38883-35759,Case-3-A12-38883-35759,Case 3 A12-38883-35759,http://pathdb.cancerimagingarchive.net/system/files/wsi/ross/Osteosarcoma-UT/converted/Osteosarcoma-UT/Training-Set-1/set1/Case-3-A12-38883-35759.tiff,Case-3,Non-Tumor,NON_TUMOR,TRUE,False,RETRIEVED,200,C:\Users\enkso\.kiro\crew\scratch\runtime-0a306834\osteopatch_full_ingestion\tiffs\Case-3-A12-38883-35759.tiff,152370,d0b1501fc9dba9e1647027181b6359feed1533773f944a1b7dc0e9506a5c49c1,6d325e02c2515d51efb0d3ca5938a7d01a6524f685e779cce32cef6c1e6fb7ec,ad43521879efac13,4984470212260804,TIFF,TIFF-LE,1024,1024,RGB,3,8,True,225.55158615112305,28.80025659953342,0.6043710708618164,1.52587890625e-05,4.976901701124554,,False,False,False,False,False,False,PASS,True,
Case-3-A12-39264-6515,Case-3-A12-39264-6515,Case 3 A12-39264-6515,http://pathdb.cancerimagingarchive.net/system/files/wsi/ross/Osteosarcoma-UT/converted/Osteosarcoma-UT/Training-Set-1/set1/Case-3-A12-39264-6515.tiff,Case-3,Non-Viable-Tumor,NECROSIS,TRUE,False,RETRIEVED,200,C:\Users\enkso\.kiro\crew\scratch\runtime-0a306834\osteopatch_full_ingestion\tiffs\Case-3-A12-39264-6515.tiff,332318,5cd1d7ac623cae2fafb1541ce51286b3a274a3644e689b98b4b7bab96a361c5d,97e4349df7b2c79e67b34805b01dc5222cc22eb9ee7f5b9e382bb44afa9f76fe,dfe03c1b79445139,5265e3da5b686572,TIFF,TIFF-LE,1024,1024,RGB,3,8,True,216.1472625732422,30.822232522701803,0.38005828857421875,0.0,6.4545709624046825,,False,False,False,False,False,False,PASS,True,
Case-3-A12-42160-4982,Case-3-A12-42160-4982,Case 3 A12-42160-4982,http://pathdb.cancerimagingarchive.net/system/files/wsi/ross/Osteosarcoma-UT/converted/Osteosarcoma-UT/Training-Set-1/set1/Case-3-A12-42160-4982.tiff,Case-3,Non-Viable-Tumor,NECROSIS,TRUE,False,RETRIEVED,200,C:\Users\enkso\.kiro\crew\scratch\runtime-0a306834\osteopatch_full_ingestion\tiffs\Case-3-A12-42160-4982.tiff,324626,03db3a91acccb1aaa9b1ce7f0505fd04d0f907554baf0758eb86c852dceb4207,75012f2b2b7ed0acedb5b05b93b275b4e502ae03a6223c46cb0a6f58d97b2602,b04ec23c6c99bbac,ad2c9892369c9ccc,TIFF,TIFF-LE,1024,1024,RGB,3,8,True,189.63190364837646,37.474644777403284,0.133941650390625,0.0,7.107119831932076,,False,False,False,False,False,False,PASS,True,
Case-3-A12-43202-17223,Case-3-A12-43202-17223,Case 3 A12-43202-17223,http://pathdb.cancerimagingarchive.net/system/files/wsi/ross/Osteosarcoma-UT/converted/Osteosarcoma-UT/Training-Set-1/set1/Case-3-A12-43202-17223.tiff,Case-3,Non-Viable-Tumor,NECROSIS,TRUE,False,RETRIEVED,200,C:\Users\enkso\.kiro\crew\scratch\runtime-0a306834\osteopatch_full_ingestion\tiffs\Case-3-A12-43202-17223.tiff,274864,29e839932fab34c8e86669c5bdde321c930b86b510a03dcf863bfef9c119a5d6,7fd593f2632133f5807b567ee398616fe1f5ec9b77581cac36fcc42fa045a194,a4c906f918ee939e,c6c6d696868606c6,TIFF,TIFF-LE,1024,1024,RGB,3,8,True,211.87393188476562,34.347011932659726,0.3925924301147461,0.0,5.892990756669264,,False,False,False,False,False,False,PASS,True,
Case-3-A12-4590-32528,Case-3-A12-4590-32528,Case 3 A12-4590-32528,http://pathdb.cancerimagingarchive.net/system/files/wsi/ross/Osteosarcoma-UT/converted/Osteosarcoma-UT/Training-Set-2/set1/Case-3-A12-4590-32528.tiff,Case-3,Non-Tumor,NON_TUMOR,TRUE,False,RETRIEVED,200,C:\Users\enkso\.kiro\crew\scratch\runtime-0a306834\osteopatch_full_ingestion\tiffs\Case-3-A12-4590-32528.tiff,210594,dd48279e83cf6dff37a016d3ed6d6d75c9e1f2179db1f456090f7ccf57b2eb10,ecdc43c2d2f39389eeb5e9cf90655392537754783e5da85f5c95050c53fc021d,b24c799a96b1c473,9d4fc6dceddc1e0e,TIFF,TIFF-LE,1024,1024,RGB,3,8,True,119.0019416809082,21.75638508625689,0.0007829666137695312,1.049041748046875e-05,6.414680409703902,,False,False,False,False,False,False,PASS,True,
Case-3-A12-8900-9585,Case-3-A12-8900-9585,Case 3 A12-8900-9585,http://pathdb.cancerimagingarchive.net/system/files/wsi/ross/Osteosarcoma-UT/converted/Osteosarcoma-UT/Training-Set-2/set1/Case-3-A12-8900-9585.tiff,Case-3,Non-Viable-Tumor,NECROSIS,TRUE,False,RETRIEVED,200,C:\Users\enkso\.kiro\crew\scratch\runtime-0a306834\osteopatch_full_ingestion\tiffs\Case-3-A12-8900-9585.tiff,288496,379be6a7c777406ba960775b7364bf4a8e48d9b2a9e7031ea94984a9a7e7faf7,f8e674732938fe4d4f1fb5ab7dfb31c00db78084cb55b3be504279ac4e2d38ba,d05c54163aff81ad,a484928999c888cc,TIFF,TIFF-LE,1024,1024,RGB,3,8,True,226.59959983825684,23.615916609914652,0.47542572021484375,0.0,6.011958195791055,,False,False,False,False,False,False,PASS,True,
Case-3-A13-11064-6880,Case-3-A13-11064-6880,Case 3 A13-11064-6880,http://pathdb.cancerimagingarchive.net/system/files/wsi/ross/Osteosarcoma-UT/converted/Osteosarcoma-UT/Training-Set-2/set1/Case-3-A13-11064-6880.tiff,Case-3,Non-Viable-Tumor,NECROSIS,TRUE,False,RETRIEVED,200,C:\Users\enkso\.kiro\crew\scratch\runtime-0a306834\osteopatch_full_ingestion\tiffs\Case-3-A13-11064-6880.tiff,359864,274593c5098b8d002ed9800c23876efdab4fbb2007de0ff640640bd7483fb8a2,70e601139c0acbafa41f1324002429c2685f3e97fd0b0f62f1a32c0c25e9bb6a,f097d60f41c32eb1,e83c0e8292358a94,TIFF,TIFF-LE,1024,1024,RGB,3,8,True,195.45039558410645,31.23872367162507,0.10986614227294922,9.5367431640625e-07,6.906771282825415,,False,False,False,False,False,False,PASS,True,
Case-3-A13-12886-26466,Case-3-A13-12886-26466,Case 3 A13-12886-26466,http://pathdb.cancerimagingarchive.net/system/files/wsi/ross/Osteosarcoma-UT/converted/Osteosarcoma-UT/Training-Set-2/set1/Case-3-A13-12886-26466.tiff,Case-3,Non-Viable-Tumor,NECROSIS,TRUE,False,RETRIEVED,200,C:\Users\enkso\.kiro\crew\scratch\runtime-0a306834\osteopatch_full_ingestion\tiffs\Case-3-A13-12886-26466.tiff,205274,5580f8d016253a0b9cbb863452f76e5ddc55ffb837b4d69cf8cfec990a222b88,25fbb7e58a6fa3fd56a41ade2f0e6863f6b48856df7f6adada49d479f097a818,f19ec4011f7f6834,24981d7adcd316a6,TIFF,TIFF-LE,1024,1024,RGB,3,8,True,228.52721214294434,24.241655418833165,0.5816898345947266,0.0,5.020595753076462,,False,False,False,False,False,False,PASS,True,
Case-3-A13-14922-4693,Case-3-A13-14922-4693,Case 3 A13-14922-4693,http://pathdb.cancerimagingarchive.net/system/files/wsi/ross/Osteosarcoma-UT/converted/Osteosarcoma-UT/Training-Set-2/set1/Case-3-A13-14922-4693.tiff,Case-3,Non-Viable-Tumor,NECROSIS,TRUE,False,RETRIEVED,200,C:\Users\enkso\.kiro\crew\scratch\runtime-0a306834\osteopatch_full_ingestion\tiffs\Case-3-A13-14922-4693.tiff,333196,5386d9a2fa8b4074f1e7549b8d54892f7f29eee2f92f3ce21fc9b8c79170969a,f371572ec94c60afb93211f5663b5b0cdc5ae8aac67bda691e3f2f9df47fa495,86973f60330f0eb6,7efe68f8b8a7e77f,TIFF,TIFF-LE,1024,1024,RGB,3,8,True,207.01891422271729,29.11348132922441,0.18355274200439453,0.0,6.7257633696229675,,False,False,False,False,False,False,PASS,True,
Case-3-A13-18067-22685,Case-3-A13-18067-22685,Case 3 A13-18067-22685,http://pathdb.cancerimagingarchive.net/system/files/wsi/ross/Osteosarcoma-UT/converted/Osteosarcoma-UT/Training-Set-2/set1/Case-3-A13-18067-22685.tiff,Case-3,Non-Tumor,NON_TUMOR,TRUE,False,RETRIEVED,200,C:\Users\enkso\.kiro\crew\scratch\runtime-0a306834\osteopatch_full_ingestion\tiffs\Case-3-A13-18067-22685.tiff,263402,5e463dd8fa59b3f3a57618f08ffe8d4c238d0bc913f6c1bb34e73ae2c687acc4,eab996a944a262f0475ea992b6c0d1075028635a5e8baec3ee882db7fbe8ac90,83f1f8061efc0e0f,8edb53d2e1e9cbf3,TIFF,TIFF-LE,1024,1024,RGB,3,8,True,226.14133167266846,29.510230409085704,0.5518379211425781,1.9073486328125e-06,5.932075519616641,,False,False,False,False,False,False,PASS,True,
Case-3-A13-18373-28000,Case-3-A13-18373-28000,Case 3 A13-18373-28000,http://pathdb.cancerimagingarchive.net/system/files/wsi/ross/Osteosarcoma-UT/converted/Osteosarcoma-UT/Training-Set-2/set1/Case-3-A13-18373-28000.tiff,Case-3,Non-Tumor,NON_TUMOR,TRUE,False,RETRIEVED,200,C:\Users\enkso\.kiro\crew\scratch\runtime-0a306834\osteopatch_full_ingestion\tiffs\Case-3-A13-18373-28000.tiff,295526,ddb4cde1b6468e5d680c1e9aed22f3e22e8354a5094eaec534d1964a84068fd0,9059966e4d290995fe49f43f93c051dc6d9a0844b0b0c950435f392ae39407c0,903f188ecea6f5a1,f9998e0d78bce5b8,TIFF,TIFF-LE,1024,1024,RGB,3,8,True,223.35689640045166,31.985577530824756,0.5107154846191406,5.7220458984375e-06,6.134161389879421,,False,False,False,False,False,False,PASS,True,
Case-3-A13-20812-5829,Case-3-A13-20812-5829,Case 3 A13-20812-5829,http://pathdb.cancerimagingarchive.net/system/files/wsi/ross/Osteosarcoma-UT/converted/Osteosarcoma-UT/Training-Set-2/set1/Case-3-A13-20812-5829.tiff,Case-3,Non-Viable-Tumor,NECROSIS,TRUE,False,RETRIEVED,200,C:\Users\enkso\.kiro\crew\scratch\runtime-0a306834\osteopatch_full_ingestion\tiffs\Case-3-A13-20812-5829.tiff,337610,35a3dc5f181ae239a4697416911fc533c17d4d7959e41d537b30257193955a12,09ef8408f2926c7542484e861b330c7947c955c74f8fa60bdb0a83900dcc085f,9ac3c3d2f0b2327c,e8f23c98303c38a0,TIFF,TIFF-LE,1024,1024,RGB,3,8,True,212.69008922576904,36.09390088130248,0.3900270462036133,0.0,6.517727229653155,,False,False,False,False,False,False,PASS,True,
Case-3-A13-23909-10851,Case-3-A13-23909-10851,Case 3 A13-23909-10851,http://pathdb.cancerimagingarchive.net/system/files/wsi/ross/Osteosarcoma-UT/converted/Osteosarcoma-UT/Training-Set-2/set1/Case-3-A13-23909-10851.tiff,Case-3,Non-Viable-Tumor,NECROSIS,TRUE,False,RETRIEVED,200,C:\Users\enkso\.kiro\crew\scratch\runtime-0a306834\osteopatch_full_ingestion\tiffs\Case-3-A13-23909-10851.tiff,374310,aced4816e412462af4310012d3624d8997c0b59399065cd67886988846e05289,715c09cdbbb991e6e7d06627cb605cbe3a7ee8d4b7db2c970b35728b5e2e3fbb,a612b64d15bdba13,4dcd0d2cd0c7868e,TIFF,TIFF-LE,1024,1024,RGB,3,8,True,186.76591205596924,38.185188935361076,0.12068843841552734,0.0,7.154455911296534,,False,False,False,False,False,False,PASS,True,
Case-3-A13-25714-32133,Case-3-A13-25714-32133,Case 3 A13-25714-32133,http://pathdb.cancerimagingarchive.net/system/files/wsi/ross/Osteosarcoma-UT/converted/Osteosarcoma-UT/Training-Set-1/set1/Case-3-A13-25714-32133.tiff,Case-3,Non-Tumor,NON_TUMOR,TRUE,False,RETRIEVED,200,C:\Users\enkso\.kiro\crew\scratch\runtime-0a306834\osteopatch_full_ingestion\tiffs\Case-3-A13-25714-32133.tiff,197616,ace295e2aec3f811675333b9bb236ecfc4af4d2d8bd9b2bf9fb264e77ff7c864,34b2964e4863a276797838e94195338dea5d59eedd1ccb30a838d6bce9560fea,b80bc41aabdcd32d,71b13ebe7f88360e,TIFF,TIFF-LE,1024,1024,RGB,3,8,True,163.5174503326416,43.97754562988192,0.18039798736572266,0.0,6.474829617744815,,False,False,False,False,False,False,PASS,True,
Case-3-A13-25994-9457,Case-3-A13-25994-9457,Case 3 A13-25994-9457,http://pathdb.cancerimagingarchive.net/system/files/wsi/ross/Osteosarcoma-UT/converted/Osteosarcoma-UT/Training-Set-1/set1/Case-3-A13-25994-9457.tiff,Case-3,Non-Viable-Tumor,NECROSIS,TRUE,False,RETRIEVED,200,C:\Users\enkso\.kiro\crew\scratch\runtime-0a306834\osteopatch_full_ingestion\tiffs\Case-3-A13-25994-9457.tiff,354636,33e4eebf566efe70464a86fa656b9c4e0590aa448c05166cfaa4eb89fee67e52,6cfb3cdfe9ce445676b1f7c8bd9feba47d083b8e7eba1b3c6818e858e7bfa0e9,bfb12019a047e76b,1f1f6f647d74716d,TIFF,TIFF-LE,1024,1024,RGB,3,8,True,206.10092639923096,31.780034405803352,0.1832733154296875,3.814697265625e-06,6.8204495847288955,,False,False,False,False,False,False,PASS,True,
Case-3-A13-26025-19725,Case-3-A13-26025-19725,Case 3 A13-26025-19725,http://pathdb.cancerimagingarchive.net/system/files/wsi/ross/Osteosarcoma-UT/converted/Osteosarcoma-UT/Training-Set-1/set1/Case-3-A13-26025-19725.tiff,Case-3,Non-Viable-Tumor,NECROSIS,TRUE,False,RETRIEVED,200,C:\Users\enkso\.kiro\crew\scratch\runtime-0a306834\osteopatch_full_ingestion\tiffs\Case-3-A13-26025-19725.tiff,296642,e804d8136444f02f1a9d8314a839a730ff360ec66d2da2bd9182518b60a6a975,46c20b46484c24b47d78a8ebc3e7ccbed1afc02e7f836c61b5640ca0a10125bb,ea5d5043dd6653c8,81430525534d878f,TIFF,TIFF-LE,1024,1024,RGB,3,8,True,222.2981824874878,23.106619859359437,0.3462333679199219,0.0,6.200946610067118,,False,False,False,False,False,False,PASS,True,
Case-3-A13-26388-12521,Case-3-A13-26388-12521,Case 3 A13-26388-12521,http://pathdb.cancerimagingarchive.net/system/files/wsi/ross/Osteosarcoma-UT/converted/Osteosarcoma-UT/Training-Set-1/set1/Case-3-A13-26388-12521.tiff,Case-3,Non-Viable-Tumor,NECROSIS,TRUE,False,RETRIEVED,200,C:\Users\enkso\.kiro\crew\scratch\runtime-0a306834\osteopatch_full_ingestion\tiffs\Case-3-A13-26388-12521.tiff,414252,dc3be4c1d15d5d158142615646259b6fa3cf69d71c695476bbce439152a1afa3,f69dd2b4ccac15187188333d4a4f9b9ca247a695c8bee261eadccf4627335122,cb7c5850b41775c9,b523534dd9e9f9d9,TIFF,TIFF-LE,1024,1024,RGB,3,8,True,193.20678234100342,36.546909536192516,0.1447458267211914,0.0,7.094947930986205,,False,False,False,False,False,False,PASS,True,
Case-3-A13-29731-5963,Case-3-A13-29731-5963,Case 3 A13-29731-5963,http://pathdb.cancerimagingarchive.net/system/files/wsi/ross/Osteosarcoma-UT/converted/Osteosarcoma-UT/Training-Set-1/set1/Case-3-A13-29731-5963.tiff,Case-3,Non-Viable-Tumor,NECROSIS,TRUE,False,RETRIEVED,200,C:\Users\enkso\.kiro\crew\scratch\runtime-0a306834\osteopatch_full_ingestion\tiffs\Case-3-A13-29731-5963.tiff,332280,9c29e5695ca81f5c4a789b74e1f12c537d3a476d2b170c13c87b5f44fe3fd539,c88be1226daca3b7ed59b0f303bb36aeb8783c6ce330da34310e8b0b98e7fc5d,f87087300feb431f,2834101030913169,TIFF,TIFF-LE,1024,1024,RGB,3,8,True,211.10660648345947,27.57051485430896,0.2091064453125,0.0,6.62789663691742,,False,False,False,False,False,False,PASS,True,
Case-3-A13-30465-16520,Case-3-A13-30465-16520,Case 3 A13-30465-16520,http://pathdb.cancerimagingarchive.net/system/files/wsi/ross/Osteosarcoma-UT/converted/Osteosarcoma-UT/Training-Set-1/set1/Case-3-A13-30465-16520.tiff,Case-3,Non-Viable-Tumor,NECROSIS,TRUE,False,RETRIEVED,200,C:\Users\enkso\.kiro\crew\scratch\runtime-0a306834\osteopatch_full_ingestion\tiffs\Case-3-A13-30465-16520.tiff,383990,95bcb6744d3e38aa8eb0db27376801e73e80224a3c2bc71a2c0b02213beee44c,2ea8423192ed8c4cc0583c8d5bdfbfce01eb801d67edb0153eaeceec17cd93a9,98cda5a95e95a549,77f3f4703133999c,TIFF,TIFF-LE,1024,1024,RGB,3,8,True,184.05618286132812,38.439892331925165,0.11898040771484375,0.0,7.131052524932995,,False,False,False,False,False,False,PASS,True,
Case-3-A13-30624-3328,Case-3-A13-30624-3328,Case 3 A13-30624-3328,http://pathdb.cancerimagingarchive.net/system/files/wsi/ross/Osteosarcoma-UT/converted/Osteosarcoma-UT/Training-Set-1/set1/Case-3-A13-30624-3328.tiff,Case-3,Non-Viable-Tumor,NECROSIS,TRUE,False,RETRIEVED,200,C:\Users\enkso\.kiro\crew\scratch\runtime-0a306834\osteopatch_full_ingestion\tiffs\Case-3-A13-30624-3328.tiff,359946,71feafbd2516bd6024af8a27a9e974c62d3696a55fdbc0965e6a0963dd45fc44,cc22bbb2f2f7846a042720902504043dd9ef082a95bad8bdd2e5e9350e5aeb5b,f7e60d2ae08709ec,a40c0c0c14397a30,TIFF,TIFF-LE,1024,1024,RGB,3,8,True,209.92985248565674,30.45962386642929,0.27007102966308594,1.239776611328125e-05,6.704247602316178,,False,False,False,False,False,False,PASS,True,
Case-3-A13-32860-19573,Case-3-A13-32860-19573,Case 3 A13-32860-19573,http://pathdb.cancerimagingarchive.net/system/files/wsi/ross/Osteosarcoma-UT/converted/Osteosarcoma-UT/Training-Set-1/set1/Case-3-A13-32860-19573.tiff,Case-3,Non-Viable-Tumor,NECROSIS,TRUE,False,RETRIEVED,200,C:\Users\enkso\.kiro\crew\scratch\runtime-0a306834\osteopatch_full_ingestion\tiffs\Case-3-A13-32860-19573.tiff,381466,0c7f9baea80832d91be18fa53ae0f58ca7a0f47aca9bf1557b816248cbe66c3f,e50ac2bbceec9326f6cb2b70e2f1f17b45984cdf77e13e213bbb6b563d6cc355,84e4ff2c72492e63,a7e5e4e4ad37f269,TIFF,TIFF-LE,1024,1024,RGB,3,8,True,196.91479015350342,33.195206425719576,0.1110992431640625,0.0,6.929982059416894,,False,False,False,False,False,False,PASS,True,
Case-3-A13-33512-19541,Case-3-A13-33512-19541,Case 3 A13-33512-19541,http://pathdb.cancerimagingarchive.net/system/files/wsi/ross/Osteosarcoma-UT/converted/Osteosarcoma-UT/Training-Set-1/set1/Case-3-A13-33512-19541.tiff,Case-3,Non-Viable-Tumor,NECROSIS,TRUE,False,RETRIEVED,200,C:\Users\enkso\.kiro\crew\scratch\runtime-0a306834\osteopatch_full_ingestion\tiffs\Case-3-A13-33512-19541.tiff,338602,9d97fb3840e886227f1670b22659e8168b39b74f447ca33e38c4296acbaa0259,9029d2356f19c581350ce5837243f98c562ad15b84db7ca8a006068e4ed3f299,c7d44d029c11e7b7,e0c14a1221c9d363,TIFF,TIFF-LE,1024,1024,RGB,3,8,True,196.4632740020752,26.034495352789936,0.05669593811035156,0.0,6.678103949078909,,False,False,False,False,False,False,PASS,True,
Case-3-A13-35123-3915,Case-3-A13-35123-3915,Case 3 A13-35123-3915,http://pathdb.cancerimagingarchive.net/system/files/wsi/ross/Osteosarcoma-UT/converted/Osteosarcoma-UT/Training-Set-1/set1/Case-3-A13-35123-3915.tiff,Case-3,Non-Viable-Tumor,NECROSIS,TRUE,False,RETRIEVED,200,C:\Users\enkso\.kiro\crew\scratch\runtime-0a306834\osteopatch_full_ingestion\tiffs\Case-3-A13-35123-3915.tiff,342668,0b1ca3645145157026e8210ddcd809e5593042749a597c6a6e67372bb1f3e689,9dad69789a4ffd73b302d4e2377ccad68da10fa1647ed64a4b0b256832ca4478,a69bf0c08fdd6071,4c8c1e6dcd8c972f,TIFF,TIFF-LE,1024,1024,RGB,3,8,True,209.08214855194092,31.77003028605653,0.24230480194091797,0.0,6.716926811574358,,False,False,False,False,False,False,PASS,True,
Case-3-A13-3967-28506,Case-3-A13-3967-28506,Case 3 A13-3967-28506,http://pathdb.cancerimagingarchive.net/system/files/wsi/ross/Osteosarcoma-UT/converted/Osteosarcoma-UT/Training-Set-2/set1/Case-3-A13-3967-28506.tiff,Case-3,Non-Tumor,NON_TUMOR,TRUE,False,RETRIEVED,200,C:\Users\enkso\.kiro\crew\scratch\runtime-0a306834\osteopatch_full_ingestion\tiffs\Case-3-A13-3967-28506.tiff,195592,cc92da03131fd09e00ad2374b504be368cd166a3c2031da887d5cb18491951b8,843d8e1bea13c1fe2d41f3149a5cbaf0d116b76dec9836e848eb6bb6670a8cef,eb58f2b99085c3a3,1909c0f03b2347cc,TIFF,TIFF-LE,1024,1024,RGB,3,8,True,205.93999862670898,50.78060958649664,0.5340261459350586,1.9073486328125e-06,5.266058741138936,,False,False,False,False,False,False,PASS,True,
Case-3-A13-40883-4236,Case-3-A13-40883-4236,Case 3 A13-40883-4236,http://pathdb.cancerimagingarchive.net/system/files/wsi/ross/Osteosarcoma-UT/converted/Osteosarcoma-UT/Training-Set-1/set1/Case-3-A13-40883-4236.tiff,Case-3,Non-Viable-Tumor,NECROSIS,TRUE,False,RETRIEVED,200,C:\Users\enkso\.kiro\crew\scratch\runtime-0a306834\osteopatch_full_ingestion\tiffs\Case-3-A13-40883-4236.tiff,346968,6bf59a1157637d36fa3ce2b7e290503c6421deb8805826b97c3ada1142bea8c5,2c6d1930de3fb820e7c9c84d655922db2e4e1ddd3314786fecec8565fdf99763,fb0cb0e386056f5a,04313366034b1558,TIFF,TIFF-LE,1024,1024,RGB,3,8,True,183.94454765319824,30.557332320351193,0.07271957397460938,0.0,6.9054699758529186,,False,False,False,False,False,False,PASS,True,
Case-3-A13-41207-24818,Case-3-A13-41207-24818,Case 3 A13-41207-24818,http://pathdb.cancerimagingarchive.net/system/files/wsi/ross/Osteosarcoma-UT/converted/Osteosarcoma-UT/Training-Set-1/set1/Case-3-A13-41207-24818.tiff,Case-3,Non-Viable-Tumor,NECROSIS,TRUE,False,RETRIEVED,200,C:\Users\enkso\.kiro\crew\scratch\runtime-0a306834\osteopatch_full_ingestion\tiffs\Case-3-A13-41207-24818.tiff,304628,6984a1c6397feb620fc5f6cfd388d2eff2d05a88fc6e48dc0baf4a40ad1f6cb2,89307a71dbdafdcb75d1fe6a31e149c71582b54f02cf3b4b10ffb51388c9b85c,eb34074e0362f1ed,ca329189230381db,TIFF,TIFF-LE,1024,1024,RGB,3,8,True,223.0451374053955,24.23784316306626,0.3928184509277344,0.0,6.173325432444406,,False,False,False,False,False,False,PASS,True,
Case-3-A13-5020-19174,Case-3-A13-5020-19174,Case 3 A13-5020-19174,http://pathdb.cancerimagingarchive.net/system/files/wsi/ross/Osteosarcoma-UT/converted/Osteosarcoma-UT/Training-Set-2/set1/Case-3-A13-5020-19174.tiff,Case-3,Non-Tumor,NON_TUMOR,TRUE,False,RETRIEVED,200,C:\Users\enkso\.kiro\crew\scratch\runtime-0a306834\osteopatch_full_ingestion\tiffs\Case-3-A13-5020-19174.tiff,160032,07c9781c8326ef305028649c35868b0959d6cc668155b8738bfb6fe2b871daa9,4a6f3b7e6e1ea0568b9641e85b5aaf4212de6e24a063e732b8c66211d88b403b,e0cf28d7b40ad729,c693c990b6c8839f,TIFF,TIFF-LE,1024,1024,RGB,3,8,True,216.64569187164307,48.12768979963813,0.6702461242675781,0.0,4.472500655826137,,False,False,False,False,False,False,PASS,True,
Case-3-A13-6266-11957,Case-3-A13-6266-11957,Case 3 A13-6266-11957,http://pathdb.cancerimagingarchive.net/system/files/wsi/ross/Osteosarcoma-UT/converted/Osteosarcoma-UT/Training-Set-2/set1/Case-3-A13-6266-11957.tiff,Case-3,Non-Tumor,NON_TUMOR,TRUE,False,RETRIEVED,200,C:\Users\enkso\.kiro\crew\scratch\runtime-0a306834\osteopatch_full_ingestion\tiffs\Case-3-A13-6266-11957.tiff,279384,bc23ecb5ead0dbcfabe0dc01b597d947b47e19cceda6da284f2a871a9840332b,79cb198ddfb8b462cf8c645d634fac15ea817b595f9456b4df5fc19ec4b90d5c,b6e39fc93822868b,6c4ccc8c1dc4763c,TIFF,TIFF-LE,1024,1024,RGB,3,8,True,224.6480951309204,25.57257691881522,0.45470428466796875,9.5367431640625e-07,6.104925811285992,,False,False,False,False,False,False,PASS,True,
Case-3-A13-6749-8498,Case-3-A13-6749-8498,Case 3 A13-6749-8498,http://pathdb.cancerimagingarchive.net/system/files/wsi/ross/Osteosarcoma-UT/converted/Osteosarcoma-UT/Training-Set-2/set1/Case-3-A13-6749-8498.tiff,Case-3,Non-Tumor,NON_TUMOR,TRUE,False,RETRIEVED,200,C:\Users\enkso\.kiro\crew\scratch\runtime-0a306834\osteopatch_full_ingestion\tiffs\Case-3-A13-6749-8498.tiff,280992,23326452cfca7c286798b15cd1404614245d912e17d1b1c37ee935374a51343f,f27ad78f3c7ffa29fead5bfee71769b5ca4ff443f2f939263ce9c67a7f9ee20c,ef3c3f9017366070,2b73a346d0d20d4c,TIFF,TIFF-LE,1024,1024,RGB,3,8,True,227.5424919128418,21.431317847222235,0.46682262420654297,0.0,5.95553623098201,,False,False,False,False,False,False,PASS,True,
Case-3-A13-8917-22529,Case-3-A13-8917-22529,Case 3 A13-8917-22529,http://pathdb.cancerimagingarchive.net/system/files/wsi/ross/Osteosarcoma-UT/converted/Osteosarcoma-UT/Training-Set-2/set1/Case-3-A13-8917-22529.tiff,Case-3,Non-Tumor,NON_TUMOR,TRUE,False,RETRIEVED,200,C:\Users\enkso\.kiro\crew\scratch\runtime-0a306834\osteopatch_full_ingestion\tiffs\Case-3-A13-8917-22529.tiff,286272,14bf0789b7e538b263e48e654907264bb0562f5e5b51ce458f66c19325a7d7ab,77baa04248d87614ed6976e08a91aab7565c7b76c02b378b3fbcad7b1d8623ba,ae3792c0686cb6e3,f9796e0783c1b32d,TIFF,TIFF-LE,1024,1024,RGB,3,8,True,216.91970443725586,35.800414936426144,0.4341249465942383,9.5367431640625e-07,6.383849702674861,,False,False,False,False,False,False,PASS,True,
Case-3-A13-9953-21807,Case-3-A13-9953-21807,Case 3 A13-9953-21807,http://pathdb.cancerimagingarchive.net/system/files/wsi/ross/Osteosarcoma-UT/converted/Osteosarcoma-UT/Training-Set-2/set1/Case-3-A13-9953-21807.tiff,Case-3,Non-Tumor,NON_TUMOR,TRUE,False,RETRIEVED,200,C:\Users\enkso\.kiro\crew\scratch\runtime-0a306834\osteopatch_full_ingestion\tiffs\Case-3-A13-9953-21807.tiff,198070,9c1b908b7e96391bc6c5682b1574298583821cb6ac4c7bca579f39ab2d4cc447,23093731e9afa33ccc42d1abd70f7235b348af7ac87568548a997d3a2d02fdf7,d12a85d569361be9,8bf8ff0f01f04e92,TIFF,TIFF-LE,1024,1024,RGB,3,8,True,200.45809078216553,52.00011904683994,0.45659351348876953,9.5367431640625e-07,6.122231079363247,,False,False,False,False,False,False,PASS,True,
Case-3-A14-10618-25632,Case-3-A14-10618-25632,Case 3 A14-10618-25632,http://pathdb.cancerimagingarchive.net/system/files/wsi/ross/Osteosarcoma-UT/converted/Osteosarcoma-UT/Training-Set-2/set1/Case-3-A14-10618-25632.tiff,Case-3,Non-Tumor,NON_TUMOR,TRUE,False,RETRIEVED,200,C:\Users\enkso\.kiro\crew\scratch\runtime-0a306834\osteopatch_full_ingestion\tiffs\Case-3-A14-10618-25632.tiff,233866,402aba178bd2de4b8667f55459141450279f69ce14e689a4f7e96b19718d8cc2,45a6f353a4a6554484b7538d936e9f685612bceb72f61837bbfd8f0c48a1d2c0,9498d85b741c7e8e,30f0e484c42123a6,TIFF,TIFF-LE,1024,1024,RGB,3,8,True,225.70128345489502,28.43269044070757,0.5548849105834961,1.9073486328125e-06,5.383951334309073,,False,False,False,False,False,False,PASS,True,
Case-3-A14-1106-28928,Case-3-A14-1106-28928,Case 3 A14-1106-28928,http://pathdb.cancerimagingarchive.net/system/files/wsi/ross/Osteosarcoma-UT/converted/Osteosarcoma-UT/Training-Set-2/set1/Case-3-A14-1106-28928.tiff,Case-3,Non-Tumor,NON_TUMOR,TRUE,False,RETRIEVED,200,C:\Users\enkso\.kiro\crew\scratch\runtime-0a306834\osteopatch_full_ingestion\tiffs\Case-3-A14-1106-28928.tiff,72572,0fdda47694cfe1094556f3d6730f0c39a29f2faaec6edbe7b131bbe1f2ac01e8,191d720a74d1b466123cc68ece3bbefaea4dc89b2dbd2c7974b99b4624a68c5e,ca52b469926dda65,0808080911132305,TIFF,TIFF-LE,1024,1024,RGB,3,8,True,223.59890937805176,39.161507094073215,0.7551250457763672,0.0,2.646515692684868,LOW_INFORMATION,False,False,False,False,False,True,REVIEW,False,image QC status REVIEW
Case-3-A14-12561-9880,Case-3-A14-12561-9880,Case 3 A14-12561-9880,http://pathdb.cancerimagingarchive.net/system/files/wsi/ross/Osteosarcoma-UT/converted/Osteosarcoma-UT/Training-Set-2/set1/Case-3-A14-12561-9880.tiff,Case-3,Non-Viable-Tumor,NECROSIS,TRUE,False,RETRIEVED,200,C:\Users\enkso\.kiro\crew\scratch\runtime-0a306834\osteopatch_full_ingestion\tiffs\Case-3-A14-12561-9880.tiff,383654,b7685e2787599e2afbf8829679d6a5388227ab1e2f33a9bd49667f40eded817d,354815e6b6a65a17ec66f7a11adde8403c5e7b9410ef134f7b0408953b5dbe3f,bcbfb6c29a1ca412,6c3b363219a62026,TIFF,TIFF-LE,1024,1024,RGB,3,8,True,203.155592918396,37.535759366503115,0.25657176971435547,2.86102294921875e-06,6.961333503980887,,False,False,False,False,False,False,PASS,True,
Case-3-A14-16152-29957,Case-3-A14-16152-29957,Case 3 A14-16152-29957,http://pathdb.cancerimagingarchive.net/system/files/wsi/ross/Osteosarcoma-UT/converted/Osteosarcoma-UT/Training-Set-2/set1/Case-3-A14-16152-29957.tiff,Case-3,Non-Tumor,NON_TUMOR,TRUE,False,RETRIEVED,200,C:\Users\enkso\.kiro\crew\scratch\runtime-0a306834\osteopatch_full_ingestion\tiffs\Case-3-A14-16152-29957.tiff,206506,b3cbdc43b91d40ec9ffa94f523f73217266c3e90d1104af1a142dc0cc21ec5c9,5a32663f50a6c170b8920c06df8db070d5398c01e08166b80fe1d4c5169fd834,d3e51779e09b10f0,586614c313387838,TIFF,TIFF-LE,1024,1024,RGB,3,8,True,193.67302799224854,50.38145701684249,0.40952110290527344,4.76837158203125e-06,5.863149297656037,,False,False,False,False,False,False,PASS,True,
Case-3-A14-16417-3901,Case-3-A14-16417-3901,Case 3 A14-16417-3901,http://pathdb.cancerimagingarchive.net/system/files/wsi/ross/Osteosarcoma-UT/converted/Osteosarcoma-UT/Training-Set-2/set1/Case-3-A14-16417-3901.tiff,Case-3,Non-Viable-Tumor,NECROSIS,TRUE,False,RETRIEVED,200,C:\Users\enkso\.kiro\crew\scratch\runtime-0a306834\osteopatch_full_ingestion\tiffs\Case-3-A14-16417-3901.tiff,316980,4dc760cedbab0edaf8fe7ff425b97cebb42b2cb34e485b0b320b9932d7dd6aae,f9be1a2c810bc04625d5d62549a92a2c95f5e9e24b444c09adbe2d80847076cb,b3499a9324760bdb,1c1b0f075f5a2caf,TIFF,TIFF-LE,1024,1024,RGB,3,8,True,212.61207008361816,36.25961818291253,0.4143362045288086,0.0,6.318151750044173,,False,False,False,False,False,False,PASS,True,
Case-3-A14-17915-18084,Case-3-A14-17915-18084,Case 3 A14-17915-18084,http://pathdb.cancerimagingarchive.net/system/files/wsi/ross/Osteosarcoma-UT/converted/Osteosarcoma-UT/Training-Set-2/set1/Case-3-A14-17915-18084.tiff,Case-3,Non-Viable-Tumor,NECROSIS,TRUE,False,RETRIEVED,200,C:\Users\enkso\.kiro\crew\scratch\runtime-0a306834\osteopatch_full_ingestion\tiffs\Case-3-A14-17915-18084.tiff,303796,86a20637d32460d30f66aba6bdbbc37ed1613ceb64a1b6f98cd2b8d10ffde9d1,f3af8d07f6606acaee1ed8fc46d3647099cd1d768577457fcfe2a9842dbe4353,8f0e9f87b66061a5,6d61508966e2c242,TIFF,TIFF-LE,1024,1024,RGB,3,8,True,212.1969928741455,32.57666511112096,0.271453857421875,9.5367431640625e-07,6.673916552845397,,False,False,False,False,False,False,PASS,True,
Case-3-A14-18021-13552,Case-3-A14-18021-13552,Case 3 A14-18021-13552,http://pathdb.cancerimagingarchive.net/system/files/wsi/ross/Osteosarcoma-UT/converted/Osteosarcoma-UT/Training-Set-2/set1/Case-3-A14-18021-13552.tiff,Case-3,Non-Viable-Tumor,NECROSIS,TRUE,False,RETRIEVED,200,C:\Users\enkso\.kiro\crew\scratch\runtime-0a306834\osteopatch_full_ingestion\tiffs\Case-3-A14-18021-13552.tiff,369106,4116a39464899ee7365bf492131027252b796f216cfa649be43207b62a845c96,3aeb49ad32f568440334d20ba9c83aac2690d1bc132bda0e51850a57bede8d86,ea3d5cd5ccc0ac4a,860f17974bce81a3,TIFF,TIFF-LE,1024,1024,RGB,3,8,True,193.33320808410645,35.682857032286215,0.14975738525390625,0.0,7.058334693122443,,False,False,False,False,False,False,PASS,True,
Case-3-A14-18644-6337,Case-3-A14-18644-6337,Case 3 A14-18644-6337,http://pathdb.cancerimagingarchive.net/system/files/wsi/ross/Osteosarcoma-UT/converted/Osteosarcoma-UT/Training-Set-2/set1/Case-3-A14-18644-6337.tiff,Case-3,Non-Viable-Tumor,NECROSIS,TRUE,False,RETRIEVED,200,C:\Users\enkso\.kiro\crew\scratch\runtime-0a306834\osteopatch_full_ingestion\tiffs\Case-3-A14-18644-6337.tiff,391436,b28c354234791c7f29b8784e42477091cc8fdd66ff1648472ec82de575ce57ce,61381fab9cde796066a0c1eaa796a44de3779aa81f85612c0305e419258fb3ce,abcac8f0444d5af6,c18373f78e19fbf3,TIFF,TIFF-LE,1024,1024,RGB,3,8,True,204.20022678375244,34.14701419341578,0.23879623413085938,0.0,6.890638071205779,,False,False,False,False,False,False,PASS,True,
Case-3-A14-20876-5533,Case-3-A14-20876-5533,Case 3 A14-20876-5533,http://pathdb.cancerimagingarchive.net/system/files/wsi/ross/Osteosarcoma-UT/converted/Osteosarcoma-UT/Training-Set-2/set2/Case-3-A14-20876-5533.tiff,Case-3,Non-Viable-Tumor,NECROSIS,TRUE,False,RETRIEVED,200,C:\Users\enkso\.kiro\crew\scratch\runtime-0a306834\osteopatch_full_ingestion\tiffs\Case-3-A14-20876-5533.tiff,265826,bec9f65b53735918c9f521ecc95176d1c3ba697da087a7fee5a7bb50949270df,3cf5a6bf3db8795d5f5d4e6706ad021e7f036bf45d0fa1f0ef52a031b220f94c,dad2fa3e05c81276,0809e9f260383179,TIFF,TIFF-LE,1024,1024,RGB,3,8,True,221.27948188781738,34.56090722160605,0.5647754669189453,0.0,5.485048469772241,,False,False,False,False,False,False,PASS,True,
Case-3-A14-25077-2887,Case-3-A14-25077-2887,Case 3 A14-25077-2887,http://pathdb.cancerimagingarchive.net/system/files/wsi/ross/Osteosarcoma-UT/converted/Osteosarcoma-UT/Training-Set-2/set2/Case-3-A14-25077-2887.tiff,Case-3,Non-Viable-Tumor,NECROSIS,TRUE,False,RETRIEVED,200,C:\Users\enkso\.kiro\crew\scratch\runtime-0a306834\osteopatch_full_ingestion\tiffs\Case-3-A14-25077-2887.tiff,306280,dae75c324ec6b4f031e6e117b9a2c4e5d49bc7c3ad0fead3b267ceb27a99b7c7,e7eaf2fc3660e0af48f2fd669beeb28ecc35dc7fdbf3d010ef219a9b4ac414a3,c1f8bc00fce101ff,8280c0c0c4d4c606,TIFF,TIFF-LE,1024,1024,RGB,3,8,True,210.2600336074829,30.853641380060683,0.2113208770751953,4.76837158203125e-06,6.662494320909007,,False,False,False,False,False,False,PASS,True,
Case-3-A14-25376-17951,Case-3-A14-25376-17951,Case 3 A14-25376-17951,http://pathdb.cancerimagingarchive.net/system/files/wsi/ross/Osteosarcoma-UT/converted/Osteosarcoma-UT/Training-Set-1/set1/Case-3-A14-25376-17951.tiff,Case-3,Non-Viable-Tumor,NECROSIS,TRUE,False,RETRIEVED,200,C:\Users\enkso\.kiro\crew\scratch\runtime-0a306834\osteopatch_full_ingestion\tiffs\Case-3-A14-25376-17951.tiff,361428,236351bf89c31dff661f8c844b6645eb83f4f2fcd66026b521b5f7dba983140e,618ebc7337eca7ce0114bae1de4411efe3dcfc4b7609b97a60c41c1b65b78324,a30b4852d4bcf367,a84b1f364c0b250e,TIFF,TIFF-LE,1024,1024,RGB,3,8,True,199.8208131790161,40.02466999574366,0.2229757308959961,0.0,7.049840473238878,,False,False,False,False,False,False,PASS,True,
Case-3-A14-26126-3286,Case-3-A14-26126-3286,Case 3 A14-26126-3286,http://pathdb.cancerimagingarchive.net/system/files/wsi/ross/Osteosarcoma-UT/converted/Osteosarcoma-UT/Training-Set-1/set1/Case-3-A14-26126-3286.tiff,Case-3,Non-Viable-Tumor,NECROSIS,TRUE,False,RETRIEVED,200,C:\Users\enkso\.kiro\crew\scratch\runtime-0a306834\osteopatch_full_ingestion\tiffs\Case-3-A14-26126-3286.tiff,337610,fb428a2b87891c5077dd4348d889f8321200eac65d4153f03ff3cdac72c9f680,24b2e67d24edb3e5009f157d8dc864e039346f337e4d751f4eb79b18ce38af72,e52143bb28ee2fa8,4e42620202420202,TIFF,TIFF-LE,1024,1024,RGB,3,8,True,203.29483318328857,27.39544008429653,0.12477397918701172,0.0,6.7025599063236685,,False,False,False,False,False,False,PASS,True,
Case-3-A14-27770-6278,Case-3-A14-27770-6278,Case 3 A14-27770-6278,http://pathdb.cancerimagingarchive.net/system/files/wsi/ross/Osteosarcoma-UT/converted/Osteosarcoma-UT/Training-Set-1/set1/Case-3-A14-27770-6278.tiff,Case-3,Non-Viable-Tumor,NECROSIS,TRUE,False,RETRIEVED,200,C:\Users\enkso\.kiro\crew\scratch\runtime-0a306834\osteopatch_full_ingestion\tiffs\Case-3-A14-27770-6278.tiff,370284,e752756f35b8d8595eca3aaacf6b204d52415f23a374305a53ed2a7c2ce98826,5c871479cd38efbaee67f588156c9cc61a13f15608636491cb9d733aeec4e744,bf5fc0609f38064e,309830784c8c1a66,TIFF,TIFF-LE,1024,1024,RGB,3,8,True,195.10606956481934,32.56603678250307,0.12163829803466797,0.0,6.976505604019813,,False,False,False,False,False,False,PASS,True,
Case-3-A14-2833-14298,Case-3-A14-2833-14298,Case 3 A14-2833-14298,http://pathdb.cancerimagingarchive.net/system/files/wsi/ross/Osteosarcoma-UT/converted/Osteosarcoma-UT/Training-Set-2/set2/Case-3-A14-2833-14298.tiff,Case-3,Non-Tumor,NON_TUMOR,TRUE,False,RETRIEVED,200,C:\Users\enkso\.kiro\crew\scratch\runtime-0a306834\osteopatch_full_ingestion\tiffs\Case-3-A14-2833-14298.tiff,51266,2a665029825fa5816cbb7486a2cc8b1bc6c656857b24e61f94bfa8e03b15a51b,9c7a21da892ab39167e29e6b1325279d4894de9531ac3ced8cd94c9b4efa3ad1,d655565556525655,0002000100040509,TIFF,TIFF-LE,1024,1024,RGB,3,8,True,241.0836877822876,18.3191827329504,0.9381122589111328,0.0,1.0896900248170773,NEAR_BLANK;LOW_INFORMATION;VERY_BRIGHT,False,False,False,False,False,True,REVIEW,False,image QC status REVIEW
Case-3-A14-31044-35995,Case-3-A14-31044-35995,Case 3 A14-31044-35995,http://pathdb.cancerimagingarchive.net/system/files/wsi/ross/Osteosarcoma-UT/converted/Osteosarcoma-UT/Training-Set-1/set1/Case-3-A14-31044-35995.tiff,Case-3,Non-Tumor,NON_TUMOR,TRUE,False,RETRIEVED,200,C:\Users\enkso\.kiro\crew\scratch\runtime-0a306834\osteopatch_full_ingestion\tiffs\Case-3-A14-31044-35995.tiff,231798,ccb7a73dd1e3c753620968eb6e16c27532b83c43e27dd906655e8ff71e4372c7,c42a614e6bf800af434b5f35806545de419ea9fd385335247fc752d3bd7cc58e,8f4427dfa40f7c60,66cc83b3cc3073df,TIFF,TIFF-LE,1024,1024,RGB,3,8,True,216.22708320617676,35.25749338340852,0.46427154541015625,0.0,6.157097096003684,,False,False,False,False,False,False,PASS,True,
Case-3-A14-32589-6663,Case-3-A14-32589-6663,Case 3 A14-32589-6663,http://pathdb.cancerimagingarchive.net/system/files/wsi/ross/Osteosarcoma-UT/converted/Osteosarcoma-UT/Training-Set-1/set1/Case-3-A14-32589-6663.tiff,Case-3,Non-Viable-Tumor,NECROSIS,TRUE,False,RETRIEVED,200,C:\Users\enkso\.kiro\crew\scratch\runtime-0a306834\osteopatch_full_ingestion\tiffs\Case-3-A14-32589-6663.tiff,390272,8d871f30aca52b9af329d550d99e624ddf435ac1bb46a9cd67b61500ec5ea994,40cfa2b7ea68faf67dfd6f6ac940d60c619e99846134cafbd4b3f6f5ef281047,ff1ee03845e3aa50,3723296e36138fcb,TIFF,TIFF-LE,1024,1024,RGB,3,8,True,200.65487480163574,32.30662649465477,0.1556873321533203,0.0,6.919642023937416,,False,False,False,False,False,False,PASS,True,
Case-3-A14-34515-24089,Case-3-A14-34515-24089,Case 3 A14-34515-24089,http://pathdb.cancerimagingarchive.net/system/files/wsi/ross/Osteosarcoma-UT/converted/Osteosarcoma-UT/Training-Set-1/set1/Case-3-A14-34515-24089.tiff,Case-3,Non-Viable-Tumor,NECROSIS,TRUE,False,RETRIEVED,200,C:\Users\enkso\.kiro\crew\scratch\runtime-0a306834\osteopatch_full_ingestion\tiffs\Case-3-A14-34515-24089.tiff,406634,66331e63fe61d2ca36e0dffcfd6556344f35b4e69824bca7ad383305095e4c07,8d77c62b2bbc3bc2b4c972f2be85f5a22a50d505f6c0eca66593475bd7c07bc4,c715191bf8509bd3,b066e0a044605131,TIFF,TIFF-LE,1024,1024,RGB,3,8,True,204.64905643463135,41.490632125055555,0.2597846984863281,0.0,6.9615286408589006,,False,False,False,False,False,False,PASS,True,
Case-3-A14-34677-35228,Case-3-A14-34677-35228,Case 3 A14-34677-35228,http://pathdb.cancerimagingarchive.net/system/files/wsi/ross/Osteosarcoma-UT/converted/Osteosarcoma-UT/Training-Set-1/set1/Case-3-A14-34677-35228.tiff,Case-3,Non-Tumor,NON_TUMOR,TRUE,False,RETRIEVED,200,C:\Users\enkso\.kiro\crew\scratch\runtime-0a306834\osteopatch_full_ingestion\tiffs\Case-3-A14-34677-35228.tiff,278638,cf2c477381b825bc5232eeabf2081065ed2c61e3018c5d608f93ae1e600f5444,8b3d9622fd24c97118d7cb84413080500295ed5b958723389e1f080ee17392ac,a7e6c0107ae68e6e,c546674c18fcc773,TIFF,TIFF-LE,1024,1024,RGB,3,8,True,210.60824298858643,33.92204245003763,0.3353757858276367,0.0,6.567607592617348,,False,False,False,False,False,False,PASS,True,
Case-3-A14-35691-34445,Case-3-A14-35691-34445,Case 3 A14-35691-34445,http://pathdb.cancerimagingarchive.net/system/files/wsi/ross/Osteosarcoma-UT/converted/Osteosarcoma-UT/Training-Set-1/set1/Case-3-A14-35691-34445.tiff,Case-3,Non-Tumor,NON_TUMOR,TRUE,False,RETRIEVED,200,C:\Users\enkso\.kiro\crew\scratch\runtime-0a306834\osteopatch_full_ingestion\tiffs\Case-3-A14-35691-34445.tiff,166620,d61dda5baf61196f089414f6b228677256b467fe75a29be252612866b6e06181,f2929c945c0dfdca11be0020536263dde41e7e6bf0ce717c4beccdb653f0a9c6,ec8ae47b12c97625,281606b8bf0022a6,TIFF,TIFF-LE,1024,1024,RGB,3,8,True,224.13992309570312,33.65001330217264,0.6602773666381836,0.0,4.570788541176548,,False,False,False,False,False,False,PASS,True,
Case-3-A14-37149-17859,Case-3-A14-37149-17859,Case 3 A14-37149-17859,http://pathdb.cancerimagingarchive.net/system/files/wsi/ross/Osteosarcoma-UT/converted/Osteosarcoma-UT/Training-Set-1/set2/Case-3-A14-37149-17859.tiff,Case-3,Viable,VIABLE_TUMOR,TRUE,False,RETRIEVED,200,C:\Users\enkso\.kiro\crew\scratch\runtime-0a306834\osteopatch_full_ingestion\tiffs\Case-3-A14-37149-17859.tiff,375224,897892935ed2633f901a31edeac8a9f4534c2882a5a1d2a2f2091265a0e9c7d0,3b841feaa1cae2361fdd14bc302f1eaf1db4873bcfe9fa3a0cbaed458649e030,b864dfad68578445,2219ac93979b7821,TIFF,TIFF-LE,1024,1024,RGB,3,8,True,178.22724628448486,33.32549167993076,0.041848182678222656,1.811981201171875e-05,7.073042348413204,,False,False,False,False,False,False,PASS,True,
Case-3-A14-39214-1868,Case-3-A14-39214-1868,Case 3 A14-39214-1868,http://pathdb.cancerimagingarchive.net/system/files/wsi/ross/Osteosarcoma-UT/converted/Osteosarcoma-UT/Training-Set-1/set2/Case-3-A14-39214-1868.tiff,Case-3,Non-Viable-Tumor,NECROSIS,TRUE,False,RETRIEVED,200,C:\Users\enkso\.kiro\crew\scratch\runtime-0a306834\osteopatch_full_ingestion\tiffs\Case-3-A14-39214-1868.tiff,265528,ac37fad713721cb56ca72b8288d6930c4e64f39522d9f904a539b550aa4b4568,bb1407aa00a4479f5df78edb34ab0231f64bd215c6b4a6ccf8d3e44c637e4c5e,ccadd3971b1264e8,9847a72034a6d1c1,TIFF,TIFF-LE,1024,1024,RGB,3,8,True,212.59378814697266,35.32585642908956,0.4274787902832031,0.0,5.99205045095083,,False,False,False,False,False,False,PASS,True,
Case-3-A14-39989-31599,Case-3-A14-39989-31599,Case 3 A14-39989-31599,http://pathdb.cancerimagingarchive.net/system/files/wsi/ross/Osteosarcoma-UT/converted/Osteosarcoma-UT/Training-Set-1/set2/Case-3-A14-39989-31599.tiff,Case-3,Non-Tumor,NON_TUMOR,TRUE,False,RETRIEVED,200,C:\Users\enkso\.kiro\crew\scratch\runtime-0a306834\osteopatch_full_ingestion\tiffs\Case-3-A14-39989-31599.tiff,209126,f145e97673512f8e20574350c39ecf6748a0e7d63096e8e799e1e6e502e913a0,fb9658dcd1bf86f5609b2aed1c7f99521833d3e07d758ad1342e85fb35f01626,9b5bc3293d42463e,515329393ac9e930,TIFF,TIFF-LE,1024,1024,RGB,3,8,True,151.1638298034668,17.117286560126356,0.011016845703125,0.0,5.807666445764146,,False,False,False,False,False,False,PASS,True,
Case-3-A14-40672-19680,Case-3-A14-40672-19680,Case 3 A14-40672-19680,http://pathdb.cancerimagingarchive.net/system/files/wsi/ross/Osteosarcoma-UT/converted/Osteosarcoma-UT/Training-Set-1/set2/Case-3-A14-40672-19680.tiff,Case-3,Non-Viable-Tumor,NECROSIS,TRUE,False,RETRIEVED,200,C:\Users\enkso\.kiro\crew\scratch\runtime-0a306834\osteopatch_full_ingestion\tiffs\Case-3-A14-40672-19680.tiff,367190,166595c38669cf3d119f7ee139abe0880ec6532a2f38973ab6466dc84ca398b8,ab4379deebb1904949c6e2de970379a5f8a098e399a0ae9a17a8b34ce91cca22,803bc73fc0a738e6,fd9f9b9db592c6e4,TIFF,TIFF-LE,1024,1024,RGB,3,8,True,190.67749881744385,36.76068846968213,0.1516857147216797,0.0,7.002532724131345,,False,False,False,False,False,False,PASS,True,
Case-3-A14-43856-28803,Case-3-A14-43856-28803,Case 3 A14-43856-28803,http://pathdb.cancerimagingarchive.net/system/files/wsi/ross/Osteosarcoma-UT/converted/Osteosarcoma-UT/Training-Set-1/set2/Case-3-A14-43856-28803.tiff,Case-3,Non-Tumor,NON_TUMOR,TRUE,False,RETRIEVED,200,C:\Users\enkso\.kiro\crew\scratch\runtime-0a306834\osteopatch_full_ingestion\tiffs\Case-3-A14-43856-28803.tiff,65364,08f23482c620f6337fa53bab39d1a1652cf95d0a07e21570351b01668e37430f,d19f2f5f138d0c56f91ef5dc91bda2409a98add3d3d9b7bb18c1191eaf9f5a54,aad62ad66a92ca3a,8912418006ccf713,TIFF,TIFF-LE,1024,1024,RGB,3,8,True,225.8852014541626,41.06532345388183,0.8331451416015625,0.0,2.8087716639680407,LOW_INFORMATION,False,False,False,False,False,True,REVIEW,False,image QC status REVIEW
Case-3-A14-44682-31013,Case-3-A14-44682-31013,Case 3 A14-44682-31013,http://pathdb.cancerimagingarchive.net/system/files/wsi/ross/Osteosarcoma-UT/converted/Osteosarcoma-UT/Training-Set-1/set2/Case-3-A14-44682-31013.tiff,Case-3,Non-Tumor,NON_TUMOR,TRUE,False,RETRIEVED,200,C:\Users\enkso\.kiro\crew\scratch\runtime-0a306834\osteopatch_full_ingestion\tiffs\Case-3-A14-44682-31013.tiff,118992,3e68ad6307614dea28ef3a736bac05503d5cd3d9b4c18f2029e7d22e438863f8,41f6364b975ce3f6f45a8f47f8cfa076736040ae29d9bcf4bbc2da1f4be9d830,b7db301ac7031cec,381a74c8e6399e86,TIFF,TIFF-LE,1024,1024,RGB,3,8,True,205.32995128631592,48.18209939999355,0.5959529876708984,0.0,4.34628167828121,,False,False,False,False,False,False,PASS,True,
Case-3-A14-4535-11753,Case-3-A14-4535-11753,Case 3 A14-4535-11753,http://pathdb.cancerimagingarchive.net/system/files/wsi/ross/Osteosarcoma-UT/converted/Osteosarcoma-UT/Training-Set-2/set2/Case-3-A14-4535-11753.tiff,Case-3,Non-Viable-Tumor,NECROSIS,TRUE,False,RETRIEVED,200,C:\Users\enkso\.kiro\crew\scratch\runtime-0a306834\osteopatch_full_ingestion\tiffs\Case-3-A14-4535-11753.tiff,288874,04d34b15b3fcba1e79db7738804fa8a3b2f05f0485626d6cf039bc2a25417626,57434f8fc2ff825a1b9703b2396e51f4cd4da76b4af549c101b796d06fc1083d,818669966cf469f6,66d0c04674d09213,TIFF,TIFF-LE,1024,1024,RGB,3,8,True,222.12189483642578,29.872861999391972,0.4591541290283203,3.337860107421875e-05,6.252058456052076,,False,False,False,False,False,False,PASS,True,
Case-3-A14-7460-21553,Case-3-A14-7460-21553,Case 3 A14-7460-21553,http://pathdb.cancerimagingarchive.net/system/files/wsi/ross/Osteosarcoma-UT/converted/Osteosarcoma-UT/Training-Set-2/set2/Case-3-A14-7460-21553.tiff,Case-3,Non-Tumor,NON_TUMOR,TRUE,False,RETRIEVED,200,C:\Users\enkso\.kiro\crew\scratch\runtime-0a306834\osteopatch_full_ingestion\tiffs\Case-3-A14-7460-21553.tiff,170460,395722597f1c5a4a55df6b43a600d6fdc81705db919a2d07fc78cfef63680f88,6ecc1116d842c88c5fff05fa8f9da4134ccd55d72ca5b12a98af5a4b12ca19bf,9803e798f16638f3,ddfbbf30bcb36496,TIFF,TIFF-LE,1024,1024,RGB,3,8,True,195.08808517456055,56.7158302930272,0.4765291213989258,0.0,5.633368215553065,,False,False,False,False,False,False,PASS,True,
Case-3-A15-10555-31474,Case-3-A15-10555-31474,Case 3 A15-10555-31474,http://pathdb.cancerimagingarchive.net/system/files/wsi/ross/Osteosarcoma-UT/converted/Osteosarcoma-UT/Training-Set-2/set2/Case-3-A15-10555-31474.tiff,Case-3,Non-Tumor,NON_TUMOR,TRUE,False,RETRIEVED,200,C:\Users\enkso\.kiro\crew\scratch\runtime-0a306834\osteopatch_full_ingestion\tiffs\Case-3-A15-10555-31474.tiff,218174,2b372ea80411bfd507121079df9386af3778116e335fec09b82d611363b731c7,a65f600221af76bf3f62516d1c51b548abefe92560b02341fdd7279ab687aa0f,c840952e5fa92eb7,b191b13131313330,TIFF,TIFF-LE,1024,1024,RGB,3,8,True,138.21746635437012,12.63180234654454,0.000385284423828125,0.0,5.642818120697683,,False,False,False,False,False,False,PASS,True,
Case-3-A15-11584-17031,Case-3-A15-11584-17031,Case 3 A15-11584-17031,http://pathdb.cancerimagingarchive.net/system/files/wsi/ross/Osteosarcoma-UT/converted/Osteosarcoma-UT/Training-Set-2/set2/Case-3-A15-11584-17031.tiff,Case-3,Non-Tumor,NON_TUMOR,TRUE,False,RETRIEVED,200,C:\Users\enkso\.kiro\crew\scratch\runtime-0a306834\osteopatch_full_ingestion\tiffs\Case-3-A15-11584-17031.tiff,250214,f7f28115aaac86ba3bebf7353b1d1f745500cc716606a7ba7fd2a7d37b2fdfb6,af2c038599f2d59d8fa23dde0df00a532f16da11ca0bfc65e86c0f91dfcb6b2c,ec6a9293b66c6e50,2599a767f6a19634,TIFF,TIFF-LE,1024,1024,RGB,3,8,True,221.801589012146,33.687789459858834,0.5090093612670898,9.5367431640625e-07,6.119063313176207,,False,False,False,False,False,False,PASS,True,
Case-3-A15-12529-2824,Case-3-A15-12529-2824,Case 3 A15-12529-2824,http://pathdb.cancerimagingarchive.net/system/files/wsi/ross/Osteosarcoma-UT/converted/Osteosarcoma-UT/Training-Set-2/set2/Case-3-A15-12529-2824.tiff,Case-3,Non-Viable-Tumor,NECROSIS,TRUE,False,RETRIEVED,200,C:\Users\enkso\.kiro\crew\scratch\runtime-0a306834\osteopatch_full_ingestion\tiffs\Case-3-A15-12529-2824.tiff,116878,84be2ea57bcb2fbffe89e694cdb60bca27b51429a813ffdac8277de3dcebce93,51a2dd4fc6507390a739e658619e3798339b25b142a9d5d8565e67bf4ad4de5f,9fe01f0de03f40a7,00800000d3737a59,TIFF,TIFF-LE,1024,1024,RGB,3,8,True,233.6648235321045,20.787077571064483,0.6918392181396484,0.0,3.4027057569497616,,False,False,False,False,False,False,PASS,True,
Case-3-A15-13769-20416,Case-3-A15-13769-20416,Case 3 A15-13769-20416,http://pathdb.cancerimagingarchive.net/system/files/wsi/ross/Osteosarcoma-UT/converted/Osteosarcoma-UT/Training-Set-2/set2/Case-3-A15-13769-20416.tiff,Case-3,Non-Tumor,NON_TUMOR,TRUE,False,RETRIEVED,200,C:\Users\enkso\.kiro\crew\scratch\runtime-0a306834\osteopatch_full_ingestion\tiffs\Case-3-A15-13769-20416.tiff,251160,529aa7f2996fe8c7d272c5fb281523dc8a45db230dc93b862368bae2dc971642,4b51f7a944f60b86cb38aa48d51eaf0674c5ed4c3d82bdbc2e544db16f9ce1c5,b179c100e58fbf86,9a18395ece1df8ce,TIFF,TIFF-LE,1024,1024,RGB,3,8,True,188.3187437057495,56.80318128790022,0.3434867858886719,0.0,6.9205234528361546,,False,False,False,False,False,False,PASS,True,
Case-3-A15-16783-7651,Case-3-A15-16783-7651,Case 3 A15-16783-7651,http://pathdb.cancerimagingarchive.net/system/files/wsi/ross/Osteosarcoma-UT/converted/Osteosarcoma-UT/Training-Set-2/set2/Case-3-A15-16783-7651.tiff,Case-3,Non-Viable-Tumor,NECROSIS,TRUE,False,RETRIEVED,200,C:\Users\enkso\.kiro\crew\scratch\runtime-0a306834\osteopatch_full_ingestion\tiffs\Case-3-A15-16783-7651.tiff,388226,a087b98f0c4e8b66a5070e62ed5e2181a4b6550e1f6b1171cc17d516698086bf,11a03ee8d4b4294b2896fd87608e59df01e7574fe4ea0264e2e453b7402f8a4f,d92798926594b7a9,d41143030b181011,TIFF,TIFF-LE,1024,1024,RGB,3,8,True,194.4194746017456,34.02845264601752,0.15211772918701172,0.0,6.990515554576847,,False,False,False,False,False,False,PASS,True,
Case-3-A15-17017-30243,Case-3-A15-17017-30243,Case 3 A15-17017-30243,http://pathdb.cancerimagingarchive.net/system/files/wsi/ross/Osteosarcoma-UT/converted/Osteosarcoma-UT/Training-Set-2/set2/Case-3-A15-17017-30243.tiff,Case-3,Non-Tumor,NON_TUMOR,TRUE,False,RETRIEVED,200,C:\Users\enkso\.kiro\crew\scratch\runtime-0a306834\osteopatch_full_ingestion\tiffs\Case-3-A15-17017-30243.tiff,189156,cd2c6105973a6aec1c8a535595b915e7175b071057b32ae41c29a18081a24e01,fa4f4be1e45040681fa0c52813bcd748300caa5df089bd86c9b960b769b810a0,abd4da69362a0bc9,2964fa1f07031359,TIFF,TIFF-LE,1024,1024,RGB,3,8,True,171.95851707458496,57.52170908884839,0.34380435943603516,3.0517578125e-05,5.737144297106084,,False,False,False,False,False,False,PASS,True,
Case-3-A15-18345-32676,Case-3-A15-18345-32676,Case 3 A15-18345-32676,http://pathdb.cancerimagingarchive.net/system/files/wsi/ross/Osteosarcoma-UT/converted/Osteosarcoma-UT/Training-Set-2/set2/Case-3-A15-18345-32676.tiff,Case-3,Non-Tumor,NON_TUMOR,TRUE,False,RETRIEVED,200,C:\Users\enkso\.kiro\crew\scratch\runtime-0a306834\osteopatch_full_ingestion\tiffs\Case-3-A15-18345-32676.tiff,208160,c7db56759d63bb06612d6141ce0703472489d28d58f561c5813de51eacf55449,639b157c5576c2767db79533e7c3846dd6713319bb4c8c2dd721fb24648287dc,add552a955c2a9c5,d6baba5a9a9b9bdb,TIFF,TIFF-LE,1024,1024,RGB,3,8,True,156.4092149734497,22.347723285499644,0.025333404541015625,3.814697265625e-06,6.091605000144925,,False,False,False,False,False,False,PASS,True,
Case-3-A15-19473-25342,Case-3-A15-19473-25342,Case 3 A15-19473-25342,http://pathdb.cancerimagingarchive.net/system/files/wsi/ross/Osteosarcoma-UT/converted/Osteosarcoma-UT/Training-Set-2/set2/Case-3-A15-19473-25342.tiff,Case-3,Non-Tumor,NON_TUMOR,TRUE,False,RETRIEVED,200,C:\Users\enkso\.kiro\crew\scratch\runtime-0a306834\osteopatch_full_ingestion\tiffs\Case-3-A15-19473-25342.tiff,273384,db9ba2ce959e0142561fba973cdb7af76436fb8e036c9f8ff9b57686e1b4bbe5,ad27daf8c0b721cf0cc12686525063f226ed5aab953eb9e274c515213c38b846,ee6a9396726a4c8c,294b434327664d4c,TIFF,TIFF-LE,1024,1024,RGB,3,8,True,215.029616355896,37.899360845406065,0.42543983459472656,0.0,6.468991970278277,,False,False,False,False,False,False,PASS,True,
Case-3-A15-19602-20751,Case-3-A15-19602-20751,Case 3 A15-19602-20751,http://pathdb.cancerimagingarchive.net/system/files/wsi/ross/Osteosarcoma-UT/converted/Osteosarcoma-UT/Training-Set-1/set2/Case-3-A15-19602-20751.tiff,Case-3,Non-Viable-Tumor,NECROSIS,TRUE,False,RETRIEVED,200,C:\Users\enkso\.kiro\crew\scratch\runtime-0a306834\osteopatch_full_ingestion\tiffs\Case-3-A15-19602-20751.tiff,302438,caada7b57984e9f9b1a4f7e8a7e1ea6c52727eb73a6bed2d57f821034956cf8d,be71491bdb38f74fda7610193cdb6cd768e0c61bafe26f0d79da933b1da973e1,abc07ec46f95601d,1133b3cb6341770f,TIFF,TIFF-LE,1024,1024,RGB,3,8,True,216.46237468719482,35.15100706305434,0.4080696105957031,9.5367431640625e-07,6.490708732814354,,False,False,False,False,False,False,PASS,True,
Case-3-A15-25441-4885,Case-3-A15-25441-4885,Case 3 A15-25441-4885,http://pathdb.cancerimagingarchive.net/system/files/wsi/ross/Osteosarcoma-UT/converted/Osteosarcoma-UT/Training-Set-1/set2/Case-3-A15-25441-4885.tiff,Case-3,Non-Viable-Tumor,NECROSIS,TRUE,False,RETRIEVED,200,C:\Users\enkso\.kiro\crew\scratch\runtime-0a306834\osteopatch_full_ingestion\tiffs\Case-3-A15-25441-4885.tiff,254610,fe92bde61a1a99d740b4316d615531d9242b93da0f9864bb259d3751c0497f62,90f590a8ae3e07d4584757092d4820607fde3169ed047a9654a755adeb7768b4,9d7a364921166b4f,662220f0b3f2747e,TIFF,TIFF-LE,1024,1024,RGB,3,8,True,224.8507194519043,27.67323660564743,0.5416812896728516,0.0,5.743924294271629,,False,False,False,False,False,False,PASS,True,
Case-3-A15-2767-11665,Case-3-A15-2767-11665,Case 3 A15-2767-11665,http://pathdb.cancerimagingarchive.net/system/files/wsi/ross/Osteosarcoma-UT/converted/Osteosarcoma-UT/Training-Set-2/set2/Case-3-A15-2767-11665.tiff,Case-3,Non-Tumor,NON_TUMOR,TRUE,False,RETRIEVED,200,C:\Users\enkso\.kiro\crew\scratch\runtime-0a306834\osteopatch_full_ingestion\tiffs\Case-3-A15-2767-11665.tiff,102914,bbebd016efac42a128e4980e9e21d1534c7f220fba06e5213cc2295fa97eb4c5,ec8e8581ead98a1c91d61fbb474ac7ac873170f9d4490f4108cc09ad86770515,daa556a4ad5a2a95,0908090909090909,TIFF,TIFF-LE,1024,1024,RGB,3,8,True,228.9431676864624,36.65367225620175,0.7883062362670898,0.0,2.818721769477467,LOW_INFORMATION,False,False,False,False,False,True,REVIEW,False,image QC status REVIEW
Case-3-A15-27719-34322,Case-3-A15-27719-34322,Case 3 A15-27719-34322,http://pathdb.cancerimagingarchive.net/system/files/wsi/ross/Osteosarcoma-UT/converted/Osteosarcoma-UT/Training-Set-1/set2/Case-3-A15-27719-34322.tiff,Case-3,Non-Tumor,NON_TUMOR,TRUE,False,RETRIEVED,200,C:\Users\enkso\.kiro\crew\scratch\runtime-0a306834\osteopatch_full_ingestion\tiffs\Case-3-A15-27719-34322.tiff,181388,2b9eaa7facdddd30029774436680c7f6bda4a6753f1d0a287821b825b1999ce7,2f2fe10389215427a07d13e71822a90740f8ea34e528efc245f16ce8dee157b3,f058ae0765dc5a99,9c98388c9ed9f00f,TIFF,TIFF-LE,1024,1024,RGB,3,8,True,176.16484546661377,46.928918117114655,0.28728675842285156,0.0,5.905453975396121,,False,False,False,False,False,False,PASS,True,
Case-3-A15-28616-30170,Case-3-A15-28616-30170,Case 3 A15-28616-30170,http://pathdb.cancerimagingarchive.net/system/files/wsi/ross/Osteosarcoma-UT/converted/Osteosarcoma-UT/Training-Set-1/set2/Case-3-A15-28616-30170.tiff,Case-3,Non-Tumor,NON_TUMOR,TRUE,False,RETRIEVED,200,C:\Users\enkso\.kiro\crew\scratch\runtime-0a306834\osteopatch_full_ingestion\tiffs\Case-3-A15-28616-30170.tiff,197054,c135f4d36c5cb6240c1b8481dac86a544ef4d9dacf081ca9a9b811deae580729,d5a79ce62d7aeeb638d44228b4c6e684401f4f3412e3ddbc791bec79debae1f6,ce32cf32c832cf26,4c0561a1a6610e62,TIFF,TIFF-LE,1024,1024,RGB,3,8,True,148.27185153961182,17.600017232660853,0.016348838806152344,0.0,5.683462330308484,,False,False,False,False,False,False,PASS,True,
Case-3-A15-2939-11262,Case-3-A15-2939-11262,Case 3 A15-2939-11262,http://pathdb.cancerimagingarchive.net/system/files/wsi/ross/Osteosarcoma-UT/converted/Osteosarcoma-UT/Training-Set-2/set2/Case-3-A15-2939-11262.tiff,Case-3,Non-Tumor,NON_TUMOR,TRUE,False,RETRIEVED,200,C:\Users\enkso\.kiro\crew\scratch\runtime-0a306834\osteopatch_full_ingestion\tiffs\Case-3-A15-2939-11262.tiff,149154,2208b2c257af19766afe0667e866b91ca441f62c1cd3ec3437998c55aaf12264,b8e67db36d9febf8a2edb8433323753367a8876df2db2abfd554f3b74f9986bc,cd93926d92a46aab,0900131203232627,TIFF,TIFF-LE,1024,1024,RGB,3,8,True,233.6976490020752,25.286049767860167,0.7527351379394531,0.0,3.5365894612338153,,False,False,False,False,False,False,PASS,True,
Case-3-A15-29596-14862,Case-3-A15-29596-14862,Case 3 A15-29596-14862,http://pathdb.cancerimagingarchive.net/system/files/wsi/ross/Osteosarcoma-UT/converted/Osteosarcoma-UT/Training-Set-1/set2/Case-3-A15-29596-14862.tiff,Case-3,Non-Viable-Tumor,NECROSIS,TRUE,False,RETRIEVED,200,C:\Users\enkso\.kiro\crew\scratch\runtime-0a306834\osteopatch_full_ingestion\tiffs\Case-3-A15-29596-14862.tiff,383748,1cc228e29adf9f6d257dd74cc4d2961f53492ca0982957ecd2d399c7b0f38448,1bab3b6c3f73a94217b09e8288167e2133042684af39476ff33d1fb4a437c29b,a78793c07b6db091,cfce6677db9b339b,TIFF,TIFF-LE,1024,1024,RGB,3,8,True,191.88468074798584,36.0963511464318,0.13321495056152344,0.0,7.095101508016695,,False,False,False,False,False,False,PASS,True,
Case-3-A15-31956-20390,Case-3-A15-31956-20390,Case 3 A15-31956-20390,http://pathdb.cancerimagingarchive.net/system/files/wsi/ross/Osteosarcoma-UT/converted/Osteosarcoma-UT/Training-Set-1/set2/Case-3-A15-31956-20390.tiff,Case-3,Non-Viable-Tumor,NECROSIS,TRUE,False,RETRIEVED,200,C:\Users\enkso\.kiro\crew\scratch\runtime-0a306834\osteopatch_full_ingestion\tiffs\Case-3-A15-31956-20390.tiff,467012,572e9ad3b72a6b9a903451ddef3c0770ca5de4214f006d3da6705aa42c0a430a,551d602729fe7f2f8919a699d808e26b1896d06b1bdaab1146d9c49dcb5de9e3,aa898fe5761ba710,57f7b3398cc63b0d,TIFF,TIFF-LE,1024,1024,RGB,3,8,True,157.3692626953125,52.26248670872421,0.05219078063964844,0.0,7.607887754431326,,False,False,False,False,False,False,PASS,True,
Case-3-A15-32427-21534,Case-3-A15-32427-21534,Case 3 A15-32427-21534,http://pathdb.cancerimagingarchive.net/system/files/wsi/ross/Osteosarcoma-UT/converted/Osteosarcoma-UT/Training-Set-1/set2/Case-3-A15-32427-21534.tiff,Case-3,Non-Viable-Tumor,NECROSIS,TRUE,False,RETRIEVED,200,C:\Users\enkso\.kiro\crew\scratch\runtime-0a306834\osteopatch_full_ingestion\tiffs\Case-3-A15-32427-21534.tiff,492436,a02788b1b058ebc18f25fac313bda3e8450d3b8975a850032fce93fc35291644,4a33305fcfe2e7241a5764cc0065befc99071ef0fee516f404dcf36b0cb399ed,eb10cff19842f98c,595d171913134041,TIFF,TIFF-LE,1024,1024,RGB,3,8,True,160.42833614349365,56.36831282663433,0.08810234069824219,0.0,7.630704077051396,,False,False,False,False,False,False,PASS,True,
Case-3-A15-32664-16876,Case-3-A15-32664-16876,Case 3 A15-32664-16876,http://pathdb.cancerimagingarchive.net/system/files/wsi/ross/Osteosarcoma-UT/converted/Osteosarcoma-UT/Training-Set-1/set2/Case-3-A15-32664-16876.tiff,Case-3,Non-Viable-Tumor,NECROSIS,TRUE,False,RETRIEVED,200,C:\Users\enkso\.kiro\crew\scratch\runtime-0a306834\osteopatch_full_ingestion\tiffs\Case-3-A15-32664-16876.tiff,403824,275604d0c47b2fc8cc347e09c222f5ecaad931134f00113a9fa112d25881a4f5,d93516b0172bb50f8632d3f4bafd8b1ba12a4595c59696fe3b8c40815e87274e,83ebda1ca0dd1f06,99d94bd3cf7ef4d0,TIFF,TIFF-LE,1024,1024,RGB,3,8,True,200.97153759002686,33.259458552329676,0.1397686004638672,0.0,6.934604029267467,,False,False,False,False,False,False,PASS,True,
Case-3-A15-34291-15707,Case-3-A15-34291-15707,Case 3 A15-34291-15707,http://pathdb.cancerimagingarchive.net/system/files/wsi/ross/Osteosarcoma-UT/converted/Osteosarcoma-UT/Training-Set-1/set2/Case-3-A15-34291-15707.tiff,Case-3,Non-Viable-Tumor,NECROSIS,TRUE,False,RETRIEVED,200,C:\Users\enkso\.kiro\crew\scratch\runtime-0a306834\osteopatch_full_ingestion\tiffs\Case-3-A15-34291-15707.tiff,407004,8e6708c2ddc67e768ab3ed4e8ae4a96fc1430b4d23fb6c57d11b46ce9d74067b,026ad502339710d41528e1012eba87180e7c752debafc0e2d301415965e9c7a5,b731915b29a5368b,583aeec76328f83c,TIFF,TIFF-LE,1024,1024,RGB,3,8,True,191.89544010162354,34.74225257240965,0.11013603210449219,0.0,7.06761164668307,,False,False,False,False,False,False,PASS,True,
Case-3-A15-34793-16511,Case-3-A15-34793-16511,Case 3 A15-34793-16511,http://pathdb.cancerimagingarchive.net/system/files/wsi/ross/Osteosarcoma-UT/converted/Osteosarcoma-UT/Training-Set-1/set2/Case-3-A15-34793-16511.tiff,Case-3,Non-Viable-Tumor,NECROSIS,TRUE,False,RETRIEVED,200,C:\Users\enkso\.kiro\crew\scratch\runtime-0a306834\osteopatch_full_ingestion\tiffs\Case-3-A15-34793-16511.tiff,372996,7bcf8f40ef43dbc680d67bd67c18b58480fef08f48bdb71b5e467f3b9b50cbad,b20980104738b7ae56183ccb703fd4805ba90e99266d5401c43062a03e47f82f,e0b5e3e6e23a1a26,8cc63a35a3b1c5c9,TIFF,TIFF-LE,1024,1024,RGB,3,8,True,202.2810983657837,30.28105934190738,0.12906455993652344,0.0,6.839602250738514,,False,False,False,False,False,False,PASS,True,
Case-3-A15-37036-30140,Case-3-A15-37036-30140,Case 3 A15-37036-30140,http://pathdb.cancerimagingarchive.net/system/files/wsi/ross/Osteosarcoma-UT/converted/Osteosarcoma-UT/Training-Set-1/set2/Case-3-A15-37036-30140.tiff,Case-3,Non-Tumor,NON_TUMOR,TRUE,False,RETRIEVED,200,C:\Users\enkso\.kiro\crew\scratch\runtime-0a306834\osteopatch_full_ingestion\tiffs\Case-3-A15-37036-30140.tiff,223834,770796f571bcbfd171afd9e828cace3233509a0b2edd23fdd12b09e96ce1eab6,7d33e7ef9343cb6ee7e3b4e8fb327c92777a837852bf1724b5dae448f2a9e8ef,ff007726cc997322,09464831350c0a04,TIFF,TIFF-LE,1024,1024,RGB,3,8,True,153.3523998260498,20.673657627672657,0.016796112060546875,2.86102294921875e-06,6.104446411313081,,False,False,False,False,False,False,PASS,True,
Case-3-A15-3785-32371,Case-3-A15-3785-32371,Case 3 A15-3785-32371,http://pathdb.cancerimagingarchive.net/system/files/wsi/ross/Osteosarcoma-UT/converted/Osteosarcoma-UT/Training-Set-2/set2/Case-3-A15-3785-32371.tiff,Case-3,Non-Tumor,NON_TUMOR,TRUE,False,RETRIEVED,200,C:\Users\enkso\.kiro\crew\scratch\runtime-0a306834\osteopatch_full_ingestion\tiffs\Case-3-A15-3785-32371.tiff,138656,b8fd8b479f3eb22ba0af8ac9872ee19ab36cbae264c7e090c5c715de946e7902,f4bde212b7978ad777463a16a40e3d560b531032c3b53b6965777248d8d24c98,f3c61eda22329a27,39410c8741990904,TIFF,TIFF-LE,1024,1024,RGB,3,8,True,167.32257175445557,66.40444979757187,0.4111156463623047,3.814697265625e-06,4.708549393151655,,False,False,False,False,False,False,PASS,True,
Case-3-A15-38074-15813,Case-3-A15-38074-15813,Case 3 A15-38074-15813,http://pathdb.cancerimagingarchive.net/system/files/wsi/ross/Osteosarcoma-UT/converted/Osteosarcoma-UT/Training-Set-1/set2/Case-3-A15-38074-15813.tiff,Case-3,viable: non-viable,,FALSE,True,RETRIEVED,200,C:\Users\enkso\.kiro\crew\scratch\runtime-0a306834\osteopatch_full_ingestion\tiffs\Case-3-A15-38074-15813.tiff,335750,8d318d8514870071fe3a688a139b5291aa02c5f1c689e30b493763b27043a855,44c7e4709a84050c772d8c53de670156a64da8b9e2b4e2fad3b4d6cebcf49f09,85b8bec7476321b1,623897c3d0e16c64,TIFF,TIFF-LE,1024,1024,RGB,3,8,True,190.40817737579346,36.880193920523915,0.1079874038696289,0.00043392181396484375,7.1307245971024535,,False,False,False,False,False,False,PASS,False,MIXED_VIABLE_NECROTIC (policy: never eligible)
Case-3-A15-38347-25444,Case-3-A15-38347-25444,Case 3 A15-38347-25444,http://pathdb.cancerimagingarchive.net/system/files/wsi/ross/Osteosarcoma-UT/converted/Osteosarcoma-UT/Training-Set-1/set2/Case-3-A15-38347-25444.tiff,Case-3,Non-Viable-Tumor,NECROSIS,TRUE,False,RETRIEVED,200,C:\Users\enkso\.kiro\crew\scratch\runtime-0a306834\osteopatch_full_ingestion\tiffs\Case-3-A15-38347-25444.tiff,324072,56d08996f0adfda49ed36bddbdbf6b2a3d1775adb63f7d53a8dd80421e9b7b1a,82a1f3d261374a957d296c7829653bf6f695b2e92038eda78b0aeebedab9d528,8b68e0aeb2b6f294,abd3b85bea5932d9,TIFF,TIFF-LE,1024,1024,RGB,3,8,True,218.17218780517578,28.33820029012921,0.3191184997558594,0.0,6.426346745528145,,False,False,False,False,False,False,PASS,True,
Case-3-A15-41229-4171,Case-3-A15-41229-4171,Case 3 A15-41229-4171,http://pathdb.cancerimagingarchive.net/system/files/wsi/ross/Osteosarcoma-UT/converted/Osteosarcoma-UT/Training-Set-1/set2/Case-3-A15-41229-4171.tiff,Case-3,Non-Viable-Tumor,NECROSIS,TRUE,False,RETRIEVED,200,C:\Users\enkso\.kiro\crew\scratch\runtime-0a306834\osteopatch_full_ingestion\tiffs\Case-3-A15-41229-4171.tiff,317846,8f3bf6e6850a5ea98681bf0497804743d81936cc7865f982586aaed61f7642e6,3d5d8e92a2e48e571c0ce8f340e03e56d36471797bad2b99b43cd21fa1025ccc,a4ae465b5435a7e2,6cab8f96135b9d8e,TIFF,TIFF-LE,1024,1024,RGB,3,8,True,188.78634071350098,33.312697965749734,0.1373462677001953,0.0,6.863289645038537,,False,False,False,False,False,False,PASS,True,
Case-3-A15-4922-2530,Case-3-A15-4922-2530,Case 3 A15-4922-2530,http://pathdb.cancerimagingarchive.net/system/files/wsi/ross/Osteosarcoma-UT/converted/Osteosarcoma-UT/Training-Set-2/set2/Case-3-A15-4922-2530.tiff,Case-3,Non-Viable-Tumor,NECROSIS,TRUE,False,RETRIEVED,200,C:\Users\enkso\.kiro\crew\scratch\runtime-0a306834\osteopatch_full_ingestion\tiffs\Case-3-A15-4922-2530.tiff,146904,dd9473f72368b1a2b72ce1c651edee1366870afe27cac4b37c771397df86bee8,e6742369afd8a0cef295cf9e533e048c211890d2796951cb1c89828e721bb6bf,bec823324df4638d,0020c224380d2c7f,TIFF,TIFF-LE,1024,1024,RGB,3,8,True,232.13972663879395,31.18516482998557,0.7930879592895508,0.0,3.1242040393505675,,False,False,False,False,False,False,PASS,True,
Case-3-A15-5365-37554,Case-3-A15-5365-37554,Case 3 A15-5365-37554,http://pathdb.cancerimagingarchive.net/system/files/wsi/ross/Osteosarcoma-UT/converted/Osteosarcoma-UT/Training-Set-2/set2/Case-3-A15-5365-37554.tiff,Case-3,Non-Tumor,NON_TUMOR,TRUE,False,RETRIEVED,200,C:\Users\enkso\.kiro\crew\scratch\runtime-0a306834\osteopatch_full_ingestion\tiffs\Case-3-A15-5365-37554.tiff,85836,eaa58627e7346f5c4b0f8864b14404a1e1137d15c64d5ee6582f3ecd17de620d,5ebe9f2e9f1f40f6616cfc0243f8620ce8a04ec45d0cc94d8bda5351920ce154,f474747c7cb83031,0f0e9e2000000000,TIFF,TIFF-LE,1024,1024,RGB,3,8,True,236.38238048553467,21.271699835294054,0.8094644546508789,0.0,2.521121903515878,LOW_INFORMATION,False,False,False,False,False,True,REVIEW,False,image QC status REVIEW
Case-3-A15-6063-36714,Case-3-A15-6063-36714,Case 3 A15-6063-36714,http://pathdb.cancerimagingarchive.net/system/files/wsi/ross/Osteosarcoma-UT/converted/Osteosarcoma-UT/Training-Set-2/set2/Case-3-A15-6063-36714.tiff,Case-3,Non-Tumor,NON_TUMOR,TRUE,False,RETRIEVED,200,C:\Users\enkso\.kiro\crew\scratch\runtime-0a306834\osteopatch_full_ingestion\tiffs\Case-3-A15-6063-36714.tiff,209986,2430e8016b37fccc038dae0a76f640a77acd2722bf6d66afc0b7da8f03df821f,53f123c4732604c6721335b8e8a0e809f0f519007bd0e0085a20be295b8b7615,feb5c6d081032d6b,ca3423db1b35a931,TIFF,TIFF-LE,1024,1024,RGB,3,8,True,218.34106063842773,28.050690766633103,0.39435577392578125,9.5367431640625e-07,5.735045831552444,,False,False,False,False,False,False,PASS,True,
Case-3-A15-6568-18811,Case-3-A15-6568-18811,Case 3 A15-6568-18811,http://pathdb.cancerimagingarchive.net/system/files/wsi/ross/Osteosarcoma-UT/converted/Osteosarcoma-UT/Training-Set-2/set2/Case-3-A15-6568-18811.tiff,Case-3,Non-Tumor,NON_TUMOR,TRUE,False,RETRIEVED,200,C:\Users\enkso\.kiro\crew\scratch\runtime-0a306834\osteopatch_full_ingestion\tiffs\Case-3-A15-6568-18811.tiff,255302,a472a922d3817dcb2b159f134e3718ce53281b914c01def7f0bfe08ec9b518b6,f49f03adf812c75661334186b28281c5a01b11261cc75e569a731158ca7d1c7f,814301473f07bfaf,c3d19be8b34ef138,TIFF,TIFF-LE,1024,1024,RGB,3,8,True,202.352294921875,55.718774231238456,0.47006893157958984,1.430511474609375e-05,6.430854058835845,,False,False,False,False,False,False,PASS,True,
Case-3-A16-12207-22669,Case-3-A16-12207-22669,Case 3 A16-12207-22669,http://pathdb.cancerimagingarchive.net/system/files/wsi/ross/Osteosarcoma-UT/converted/Osteosarcoma-UT/Training-Set-2/set2/Case-3-A16-12207-22669.tiff,Case-3,Non-Tumor,NON_TUMOR,TRUE,False,RETRIEVED,200,C:\Users\enkso\.kiro\crew\scratch\runtime-0a306834\osteopatch_full_ingestion\tiffs\Case-3-A16-12207-22669.tiff,192264,5fca68c058e8c00786e89cb406a4e6260d12d2bd0ef7b83cfc7391d3b4ce96ee,99fababe7f7c399bcb4a76c631d41291f2136373539ffa52cc6fa28e9cc2d0d7,b53435034bcbcb59,febc1c65744c046a,TIFF,TIFF-LE,1024,1024,RGB,3,8,True,216.38524055480957,43.602704037547376,0.5980606079101562,9.5367431640625e-07,5.430098881457356,,False,False,False,False,False,False,PASS,True,
Case-3-A16-12753-7173,Case-3-A16-12753-7173,Case 3 A16-12753-7173,http://pathdb.cancerimagingarchive.net/system/files/wsi/ross/Osteosarcoma-UT/converted/Osteosarcoma-UT/Training-Set-2/set2/Case-3-A16-12753-7173.tiff,Case-3,Non-Viable-Tumor,NECROSIS,TRUE,False,RETRIEVED,200,C:\Users\enkso\.kiro\crew\scratch\runtime-0a306834\osteopatch_full_ingestion\tiffs\Case-3-A16-12753-7173.tiff,357996,020919c0f758e62d04306ddf271d8a776e3dd52d9bd6bcf2d1f40a00b4de8177,43590a82f1f210fef144e7ab14dbc9402a18e5bf416e50f96714d6bbcceac20d,aac2721ec5364fe4,c999c36bf77b3d9f,TIFF,TIFF-LE,1024,1024,RGB,3,8,True,210.31116580963135,29.908301072988046,0.20945072174072266,0.0,6.711759528278519,,False,False,True,False,False,True,NEAR_DUPLICATE_CANDIDATE,False,image QC status NEAR_DUPLICATE_CANDIDATE
Case-3-A16-12872-19040,Case-3-A16-12872-19040,Case 3 A16-12872-19040,http://pathdb.cancerimagingarchive.net/system/files/wsi/ross/Osteosarcoma-UT/converted/Osteosarcoma-UT/Training-Set-2/set2/Case-3-A16-12872-19040.tiff,Case-3,Non-Tumor,NON_TUMOR,TRUE,False,RETRIEVED,200,C:\Users\enkso\.kiro\crew\scratch\runtime-0a306834\osteopatch_full_ingestion\tiffs\Case-3-A16-12872-19040.tiff,268518,f6043ee33b3b8e1f94016c6f54c87b48d948f378c4895b53dcca41fe4c4212e5,3fad763fb5b01817499177745e63eaa5d5b14f317fed004830ffbb8cf3cb3ea1,c06fd692b1f9c8c4,0864e39398a134b2,TIFF,TIFF-LE,1024,1024,RGB,3,8,True,227.22668838500977,29.444269558817346,0.5799036026000977,9.5367431640625e-07,5.8317526910752875,,False,False,False,False,False,False,PASS,True,
Case-3-A16-15703-4602,Case-3-A16-15703-4602,Case 3 A16-15703-4602,http://pathdb.cancerimagingarchive.net/system/files/wsi/ross/Osteosarcoma-UT/converted/Osteosarcoma-UT/Training-Set-2/set2/Case-3-A16-15703-4602.tiff,Case-3,Non-Viable-Tumor,NECROSIS,TRUE,False,RETRIEVED,200,C:\Users\enkso\.kiro\crew\scratch\runtime-0a306834\osteopatch_full_ingestion\tiffs\Case-3-A16-15703-4602.tiff,337986,666a6b58a68de2e4b15650e00bb5ad7051b5f62b7ed772d1a9a7d3d069b8d7ec,c322fc46620cff3dd1ae95dd43924e3b3962d493a2798e1578c8e9a2cb2b74f4,e571d10c9b48fa4b,920603a66be6f3d1,TIFF,TIFF-LE,1024,1024,RGB,3,8,True,209.4920768737793,33.92929450291662,0.2842073440551758,0.0,6.7506452138919375,,False,False,False,False,False,False,PASS,True,
Case-3-A16-16526-13063,Case-3-A16-16526-13063,Case 3 A16-16526-13063,http://pathdb.cancerimagingarchive.net/system/files/wsi/ross/Osteosarcoma-UT/converted/Osteosarcoma-UT/Training-Set-2/set2/Case-3-A16-16526-13063.tiff,Case-3,Non-Viable-Tumor,NECROSIS,TRUE,False,RETRIEVED,200,C:\Users\enkso\.kiro\crew\scratch\runtime-0a306834\osteopatch_full_ingestion\tiffs\Case-3-A16-16526-13063.tiff,339870,1053bf97bba7f6cc3abd8ca2c2536594d2d9589b25d5d7b8bda8cefd0a8a6a16,3bea8651fa2e03ea1f5fd62894d8bd28cbdec582f42fbd0f7523d5a98c80583c,c80f529d4780eeb7,f23b819736b2bac5,TIFF,TIFF-LE,1024,1024,RGB,3,8,True,210.95552158355713,29.557050796652526,0.2266407012939453,2.86102294921875e-06,6.669906374369027,,False,False,False,False,False,False,PASS,True,
Case-3-A16-17478-7786,Case-3-A16-17478-7786,Case 3 A16-17478-7786,http://pathdb.cancerimagingarchive.net/system/files/wsi/ross/Osteosarcoma-UT/converted/Osteosarcoma-UT/Training-Set-2/set2/Case-3-A16-17478-7786.tiff,Case-3,Non-Viable-Tumor,NECROSIS,TRUE,False,RETRIEVED,200,C:\Users\enkso\.kiro\crew\scratch\runtime-0a306834\osteopatch_full_ingestion\tiffs\Case-3-A16-17478-7786.tiff,366182,556eed2366c577ba3804bfaffcbc39578ca373135960955ffcd6c80822055d3b,90f95cfba4ad915964ad736d8e2631eadd40cbd11adc6c68d0d4ec0a8301030d,ee0000ffbd01fd55,73e1a5c5062b61a4,TIFF,TIFF-LE,1024,1024,RGB,3,8,True,188.3449001312256,32.753847747738725,0.08202743530273438,0.0,7.01120676899901,,False,False,False,False,False,False,PASS,True,
Case-3-A16-18494-17234,Case-3-A16-18494-17234,Case 3 A16-18494-17234,http://pathdb.cancerimagingarchive.net/system/files/wsi/ross/Osteosarcoma-UT/converted/Osteosarcoma-UT/Training-Set-2/set2/Case-3-A16-18494-17234.tiff,Case-3,Non-Viable-Tumor,NECROSIS,TRUE,False,RETRIEVED,200,C:\Users\enkso\.kiro\crew\scratch\runtime-0a306834\osteopatch_full_ingestion\tiffs\Case-3-A16-18494-17234.tiff,298876,55d17f4559ced7be03a6ebbc488888f520990e1efb75045aa22ce844246792b3,15635e22de5e3a403ddd53a40f22b8e9a6f44476cd08fa26f56235e62d43baa4,b9b83c6f14463e45,361599d01263e33c,TIFF,TIFF-LE,1024,1024,RGB,3,8,True,225.50499534606934,22.890103212925833,0.436614990234375,9.5367431640625e-07,6.074523420597797,,False,False,False,False,False,False,PASS,True,
Case-3-A16-18579-5543,Case-3-A16-18579-5543,Case 3 A16-18579-5543,http://pathdb.cancerimagingarchive.net/system/files/wsi/ross/Osteosarcoma-UT/converted/Osteosarcoma-UT/Training-Set-2/set2/Case-3-A16-18579-5543.tiff,Case-3,Non-Viable-Tumor,NECROSIS,TRUE,False,RETRIEVED,200,C:\Users\enkso\.kiro\crew\scratch\runtime-0a306834\osteopatch_full_ingestion\tiffs\Case-3-A16-18579-5543.tiff,323710,5794dfdd4436308f872d7a7f8c2bffd5764990c397eb15a0d9947a82d1093ad2,560ade6858a306d89cb6ab5ab08c7306b5fa4eddc6399b4cabe202c99d172361,e9a546612a5ebf09,96c66f2b1392c061,TIFF,TIFF-LE,1024,1024,RGB,3,8,True,213.8287057876587,35.73601130239926,0.4335060119628906,9.5367431640625e-07,6.36881007399275,,False,False,False,False,False,False,PASS,True,
Case-3-A16-20932-16777,Case-3-A16-20932-16777,Case 3 A16-20932-16777,http://pathdb.cancerimagingarchive.net/system/files/wsi/ross/Osteosarcoma-UT/converted/Osteosarcoma-UT/Training-Set-2/set2/Case-3-A16-20932-16777.tiff,Case-3,Non-Viable-Tumor,NECROSIS,TRUE,False,RETRIEVED,200,C:\Users\enkso\.kiro\crew\scratch\runtime-0a306834\osteopatch_full_ingestion\tiffs\Case-3-A16-20932-16777.tiff,317496,fab99ebd5f6ba3f3dd7901de4cf9b706d25ef751315a5d338ec14a57e56594b4,d3db0c81a9c4aa01f80e6b20ce1d0d5e6b622f5613271e814d53c1f97e9388e5,f85550ccbd329e68,90808c0b1335050e,TIFF,TIFF-LE,1024,1024,RGB,3,8,True,218.08912181854248,26.92369990839541,0.343597412109375,9.5367431640625e-07,6.428921237749133,,False,False,False,False,False,False,PASS,True,
Case-3-A16-21084-22389,Case-3-A16-21084-22389,Case 3 A16-21084-22389,http://pathdb.cancerimagingarchive.net/system/files/wsi/ross/Osteosarcoma-UT/converted/Osteosarcoma-UT/Training-Set-2/set2/Case-3-A16-21084-22389.tiff,Case-3,Non-Viable-Tumor,NECROSIS,TRUE,False,RETRIEVED,200,C:\Users\enkso\.kiro\crew\scratch\runtime-0a306834\osteopatch_full_ingestion\tiffs\Case-3-A16-21084-22389.tiff,265840,6ead9264735c3ab2049ad1a0874e7004383abae7378fd1d62a770e97755980d7,0fe40c6769859ce91bb6b2b9d261c2e3fc9b074fd19a60150e64d7572b660500,cd054abf6aa76a05,a3f0f4d6f6714e61,TIFF,TIFF-LE,1024,1024,RGB,3,8,True,223.6794729232788,25.999116090478285,0.4435615539550781,1.239776611328125e-05,6.123259411112974,,False,False,False,False,False,False,PASS,True,
Case-3-A16-21555-14170,Case-3-A16-21555-14170,Case 3 A16-21555-14170,http://pathdb.cancerimagingarchive.net/system/files/wsi/ross/Osteosarcoma-UT/converted/Osteosarcoma-UT/Training-Set-1/set2/Case-3-A16-21555-14170.tiff,Case-3,Non-Viable-Tumor,NECROSIS,TRUE,False,RETRIEVED,200,C:\Users\enkso\.kiro\crew\scratch\runtime-0a306834\osteopatch_full_ingestion\tiffs\Case-3-A16-21555-14170.tiff,401440,6f6ed1f66f696fe136c5f988e4b2673cc23394cda41b62feffa7349ede76f8f5,396d0e515e4a65df33310119ca37223d5890a944eb2af9a82caf4899ef18b14d,88a0597dd66bb469,bad5ade563ae33a9,TIFF,TIFF-LE,1024,1024,RGB,3,8,True,192.20591354370117,37.43330268029442,0.1407632827758789,0.0,7.1386427570113025,,False,False,False,False,False,False,PASS,True,
Case-3-A16-22513-3757,Case-3-A16-22513-3757,Case 3 A16-22513-3757,http://pathdb.cancerimagingarchive.net/system/files/wsi/ross/Osteosarcoma-UT/converted/Osteosarcoma-UT/Training-Set-1/set2/Case-3-A16-22513-3757.tiff,Case-3,Non-Viable-Tumor,NECROSIS,TRUE,False,RETRIEVED,200,C:\Users\enkso\.kiro\crew\scratch\runtime-0a306834\osteopatch_full_ingestion\tiffs\Case-3-A16-22513-3757.tiff,371372,7d894e21c9ddbc20b911e97f199056984ae3281b40b6dc79cc3592de635b2eb0,23ab4912c38ea66ddef8a91e84f322334d1425dad7dfd83c624e3e13eb73f8c8,bf6d630aa38ca195,c707322c31313459,TIFF,TIFF-LE,1024,1024,RGB,3,8,True,211.99802494049072,32.17049820994205,0.3039255142211914,0.0,6.713175363262527,,False,False,False,False,False,False,PASS,True,
Case-3-A16-23455-14529,Case-3-A16-23455-14529,Case 3 A16-23455-14529,http://pathdb.cancerimagingarchive.net/system/files/wsi/ross/Osteosarcoma-UT/converted/Osteosarcoma-UT/Training-Set-1/set2/Case-3-A16-23455-14529.tiff,Case-3,Non-Viable-Tumor,NECROSIS,TRUE,False,RETRIEVED,200,C:\Users\enkso\.kiro\crew\scratch\runtime-0a306834\osteopatch_full_ingestion\tiffs\Case-3-A16-23455-14529.tiff,364918,d3734ca1b6e6582da656d46fe4969e8b4e3e4003e2d75733ca59e291978197bd,bc5deb205c1ef407e14ac6407ce6c439d448c6d3a217c1e1704baa6aeb5fd91c,c2f6235ba5483ec9,840d25c2d0b0abc3,TIFF,TIFF-LE,1024,1024,RGB,3,8,True,195.28986740112305,33.360812188067754,0.12322998046875,0.0,7.003975578685949,,False,False,False,False,False,False,PASS,True,
Case-3-A16-23679-14549,Case-3-A16-23679-14549,Case 3 A16-23679-14549,http://pathdb.cancerimagingarchive.net/system/files/wsi/ross/Osteosarcoma-UT/converted/Osteosarcoma-UT/Training-Set-1/set2/Case-3-A16-23679-14549.tiff,Case-3,Non-Viable-Tumor,NECROSIS,TRUE,False,RETRIEVED,200,C:\Users\enkso\.kiro\crew\scratch\runtime-0a306834\osteopatch_full_ingestion\tiffs\Case-3-A16-23679-14549.tiff,361338,93c5e5306d6ab556d60d8db188a902568108fea3f6bc3830d5c489aac8ff8a2c,50f327d41f45fcf1cbf7d098dd56ab6c0e55a666ba9870f8e2af79915af1240f,e0a9b54ebb271153,3334940b41c42c1c,TIFF,TIFF-LE,1024,1024,RGB,3,8,True,192.25864696502686,34.07767660970426,0.11422061920166016,0.0,7.043603293980348,,False,False,False,False,False,False,PASS,True,
Case-3-A16-24669-5556,Case-3-A16-24669-5556,Case 3 A16-24669-5556,http://pathdb.cancerimagingarchive.net/system/files/wsi/ross/Osteosarcoma-UT/converted/Osteosarcoma-UT/Training-Set-1/set2/Case-3-A16-24669-5556.tiff,Case-3,Non-Viable-Tumor,NECROSIS,TRUE,False,RETRIEVED,200,C:\Users\enkso\.kiro\crew\scratch\runtime-0a306834\osteopatch_full_ingestion\tiffs\Case-3-A16-24669-5556.tiff,343474,2811173c58e0a628b56fe19f12a02c90f76ee047b1fce3705f65e865b55fba57,5acafad27753b1912680f0c3de9bfa618110a0b6c8013c113d59364c94da189f,937ce0808eb6bbb2,8580387858d8ece9,TIFF,TIFF-LE,1024,1024,RGB,3,8,True,218.96045303344727,26.78598689322148,0.33946704864501953,8.58306884765625e-06,6.438480898999027,,False,False,False,False,False,False,PASS,True,
Case-3-A16-25344-6555,Case-3-A16-25344-6555,Case 3 A16-25344-6555,http://pathdb.cancerimagingarchive.net/system/files/wsi/ross/Osteosarcoma-UT/converted/Osteosarcoma-UT/Training-Set-1/set2/Case-3-A16-25344-6555.tiff,Case-3,Non-Viable-Tumor,NECROSIS,TRUE,False,RETRIEVED,200,C:\Users\enkso\.kiro\crew\scratch\runtime-0a306834\osteopatch_full_ingestion\tiffs\Case-3-A16-25344-6555.tiff,299274,720e0feec6597fd6889c9ea53f0ac5e1a73a78acda869c01a5269c3ac35909d4,55b6def71c5407ef0cf517acb559459d9d84323b54fdf3891feece10c4cbd16a,ca292f74ea462a6b,2103abc1d1644441,TIFF,TIFF-LE,1024,1024,RGB,3,8,True,225.25491046905518,26.306351787708174,0.5048913955688477,1.9073486328125e-06,6.044645804524298,,False,False,False,False,False,False,PASS,True,
Case-3-A16-29058-10941,Case-3-A16-29058-10941,Case 3 A16-29058-10941,http://pathdb.cancerimagingarchive.net/system/files/wsi/ross/Osteosarcoma-UT/converted/Osteosarcoma-UT/Training-Set-1/set2/Case-3-A16-29058-10941.tiff,Case-3,Non-Viable-Tumor,NECROSIS,TRUE,False,RETRIEVED,200,C:\Users\enkso\.kiro\crew\scratch\runtime-0a306834\osteopatch_full_ingestion\tiffs\Case-3-A16-29058-10941.tiff,392750,327959477a9612900a917958c5da3ee37a6d0e1c0bcaac1bd86a812cdbfd4769,16359eeb343a6760a41d7d04d6aa7cc15cfc2a7c3c0adf3c0eb41df5afc12a5b,947ac698b49ecac6,a8c7ca3c9cb874c6,TIFF,TIFF-LE,1024,1024,RGB,3,8,True,202.1374807357788,36.364232464333405,0.2042226791381836,0.0,6.968033644348779,,False,False,False,False,False,False,PASS,True,
Case-3-A16-30229-10876,Case-3-A16-30229-10876,Case 3 A16-30229-10876,http://pathdb.cancerimagingarchive.net/system/files/wsi/ross/Osteosarcoma-UT/converted/Osteosarcoma-UT/Training-Set-1/set2/Case-3-A16-30229-10876.tiff,Case-3,Non-Viable-Tumor,NECROSIS,TRUE,False,RETRIEVED,200,C:\Users\enkso\.kiro\crew\scratch\runtime-0a306834\osteopatch_full_ingestion\tiffs\Case-3-A16-30229-10876.tiff,366438,b37fbb883ae3dca818e31901b9f9b314da3b9334521315178a4b2cbb39b71371,bef8e3833c15f7a394cdb353f2d89e75bf84d36d3f596eb7a0f779d8a4bab33e,90da7335adb5aa24,1a99a9d2d6cdc8d7,TIFF,TIFF-LE,1024,1024,RGB,3,8,True,197.97468185424805,31.353692739434127,0.11707210540771484,0.0,6.9070232132877365,,False,False,False,False,False,False,PASS,True,
Case-3-A16-31398-22850,Case-3-A16-31398-22850,Case 3 A16-31398-22850,http://pathdb.cancerimagingarchive.net/system/files/wsi/ross/Osteosarcoma-UT/converted/Osteosarcoma-UT/Training-Set-1/set2/Case-3-A16-31398-22850.tiff,Case-3,Non-Viable-Tumor,NECROSIS,TRUE,False,RETRIEVED,200,C:\Users\enkso\.kiro\crew\scratch\runtime-0a306834\osteopatch_full_ingestion\tiffs\Case-3-A16-31398-22850.tiff,292240,33559109669e54f6a84fb5ceb04f1d7fa30ecf169ae1b15d9d16209e88ca96d5,37160b930fc0513699ea65d6a4eeb52803818fcc4e405d0a165bdfb470d21486,d4b2aa5656ada256,84894c3880002201,TIFF,TIFF-LE,1024,1024,RGB,3,8,True,216.78064346313477,31.91460240427097,0.3675994873046875,0.0,6.474193605859245,,False,False,False,False,False,False,PASS,True,
Case-3-A16-32696-21122,Case-3-A16-32696-21122,Case 3 A16-32696-21122,http://pathdb.cancerimagingarchive.net/system/files/wsi/ross/Osteosarcoma-UT/converted/Osteosarcoma-UT/Training-Set-1/set2/Case-3-A16-32696-21122.tiff,Case-3,Non-Viable-Tumor,NECROSIS,TRUE,False,RETRIEVED,200,C:\Users\enkso\.kiro\crew\scratch\runtime-0a306834\osteopatch_full_ingestion\tiffs\Case-3-A16-32696-21122.tiff,517624,d89fe8fd3121d58e959e153e693e904a504a1d545ac71371b607e6f7337c77ce,cb712195a34e258cd817ab29184bbceafcba6b3772bc84bb885aac976b8b1965,aaa9a82cc7e3f138,c7f7d1c87599e549,TIFF,TIFF-LE,1024,1024,RGB,3,8,True,157.73266410827637,55.68262180208825,0.0803060531616211,9.5367431640625e-07,7.647278651450291,,False,False,False,False,False,False,PASS,True,
Case-3-A16-35442-28193,Case-3-A16-35442-28193,Case 3 A16-35442-28193,http://pathdb.cancerimagingarchive.net/system/files/wsi/ross/Osteosarcoma-UT/converted/Osteosarcoma-UT/Training-Set-1/set2/Case-3-A16-35442-28193.tiff,Case-3,Non-Viable-Tumor,NECROSIS,TRUE,False,RETRIEVED,200,C:\Users\enkso\.kiro\crew\scratch\runtime-0a306834\osteopatch_full_ingestion\tiffs\Case-3-A16-35442-28193.tiff,224920,d00375fc52de5faf51b0828af608513230e81eb3558f8bfa069588f87c3b981e,22dd4a03d6789097f288cbe3419da662c78a65864cb44f342c9211e6851a7949,90a8d55f2a8dd569,668c97ff09284888,TIFF,TIFF-LE,1024,1024,RGB,3,8,True,173.54509925842285,48.51078144909148,0.17482757568359375,0.000324249267578125,7.05910361113282,,False,False,False,False,False,False,PASS,True,
Case-3-A16-35584-14421,Case-3-A16-35584-14421,Case 3 A16-35584-14421,http://pathdb.cancerimagingarchive.net/system/files/wsi/ross/Osteosarcoma-UT/converted/Osteosarcoma-UT/Training-Set-1/set2/Case-3-A16-35584-14421.tiff,Case-3,Non-Viable-Tumor,NECROSIS,TRUE,False,RETRIEVED,200,C:\Users\enkso\.kiro\crew\scratch\runtime-0a306834\osteopatch_full_ingestion\tiffs\Case-3-A16-35584-14421.tiff,373362,9fb01891bf89b3e44891ad0fe118076850e4b21e3edfc408a56a0fdc536a3347,dc93b557f773de1f257a673d2ed996ba0cf0b4024df0b65d86b5a8c100edd7d4,a08d7f1fc2670327,ebb2cecff9fc2e89,TIFF,TIFF-LE,1024,1024,RGB,3,8,True,198.39362716674805,32.95455721386495,0.1293926239013672,0.0,6.950351442189146,,False,False,False,False,False,False,PASS,True,
Case-3-A16-35991-7626,Case-3-A16-35991-7626,Case 3 A16-35991-7626,http://pathdb.cancerimagingarchive.net/system/files/wsi/ross/Osteosarcoma-UT/converted/Osteosarcoma-UT/Training-Set-1/set2/Case-3-A16-35991-7626.tiff,Case-3,Non-Viable-Tumor,NECROSIS,TRUE,False,RETRIEVED,200,C:\Users\enkso\.kiro\crew\scratch\runtime-0a306834\osteopatch_full_ingestion\tiffs\Case-3-A16-35991-7626.tiff,365488,396b60647280b7c3e75fe62f992c1cc6684301aa2d71c7283816d075c5b5b54b,2e90ada00b829d01853c184b577f5dea5e2027ded3a4c2e3cb640e3b4f26da41,b806f31b40fd634b,adad25f5f51b1b93,TIFF,TIFF-LE,1024,1024,RGB,3,8,True,203.07326984405518,37.37458657831722,0.24490833282470703,0.0,6.876859099132236,,False,False,False,False,False,False,PASS,True,
Case-3-A16-36233-10925,Case-3-A16-36233-10925,Case 3 A16-36233-10925,http://pathdb.cancerimagingarchive.net/system/files/wsi/ross/Osteosarcoma-UT/converted/Osteosarcoma-UT/Training-Set-1/set2/Case-3-A16-36233-10925.tiff,Case-3,Non-Viable-Tumor,NECROSIS,TRUE,False,RETRIEVED,200,C:\Users\enkso\.kiro\crew\scratch\runtime-0a306834\osteopatch_full_ingestion\tiffs\Case-3-A16-36233-10925.tiff,382288,51e8a13be90dff1d6f7354d93938b3c0853a64a846a6632429618c2b975d3c23,0dcf409b8191e69e7ce2fd97b3fb45a1ab1331ebcfcedf016db80dfa16689f60,f31d821f2ba3c307,5d3456561411999b,TIFF,TIFF-LE,1024,1024,RGB,3,8,True,210.40523529052734,29.830088761817322,0.23169708251953125,0.0,6.708900621278916,,False,False,False,False,False,False,PASS,True,
Case-3-A16-3833-2415,Case-3-A16-3833-2415,Case 3 A16-3833-2415,http://pathdb.cancerimagingarchive.net/system/files/wsi/ross/Osteosarcoma-UT/converted/Osteosarcoma-UT/Training-Set-2/set2/Case-3-A16-3833-2415.tiff,Case-3,Non-Viable-Tumor,NECROSIS,TRUE,False,RETRIEVED,200,C:\Users\enkso\.kiro\crew\scratch\runtime-0a306834\osteopatch_full_ingestion\tiffs\Case-3-A16-3833-2415.tiff,154166,6b4f9f537c5a4ff67db10b08210fec7d94e21a85c4efadda7dbd334621423204,60d38c5f26653b0174e0f5c785e3173847a83807e6db4ae5471fa19d3172c35f,eb8c91764ea96c4c,00081323014f5b49,TIFF,TIFF-LE,1024,1024,RGB,3,8,True,228.4517059326172,33.66484775208545,0.7474002838134766,0.0,3.6146561108139004,,False,False,False,False,False,False,PASS,True,
Case-3-A16-40231-27051,Case-3-A16-40231-27051,Case 3 A16-40231-27051,http://pathdb.cancerimagingarchive.net/system/files/wsi/ross/Osteosarcoma-UT/converted/Osteosarcoma-UT/Training-Set-1/set2/Case-3-A16-40231-27051.tiff,Case-3,Non-Viable-Tumor,NECROSIS,TRUE,False,RETRIEVED,200,C:\Users\enkso\.kiro\crew\scratch\runtime-0a306834\osteopatch_full_ingestion\tiffs\Case-3-A16-40231-27051.tiff,297952,baf6eb8f3d15f60cd0beb47f8e150bcadfeb1436a5005f21e2e7ffbc3e1b7d4f,92bc22aaaa95edd0c1b3e9272a4594b887eaf4d2b7a20e6c5f667a925fb55789,e0409c867f64df9c,b591928b094dbb33,TIFF,TIFF-LE,1024,1024,RGB,3,8,True,202.2794303894043,39.45219120880865,0.2192850112915039,3.814697265625e-06,6.917855997563834,,False,False,False,False,False,False,PASS,True,
Case-3-A16-5621-4126,Case-3-A16-5621-4126,Case 3 A16-5621-4126,http://pathdb.cancerimagingarchive.net/system/files/wsi/ross/Osteosarcoma-UT/converted/Osteosarcoma-UT/Training-Set-2/set2/Case-3-A16-5621-4126.tiff,Case-3,Non-Viable-Tumor,NECROSIS,TRUE,False,RETRIEVED,200,C:\Users\enkso\.kiro\crew\scratch\runtime-0a306834\osteopatch_full_ingestion\tiffs\Case-3-A16-5621-4126.tiff,58566,7de4e05f50720cdd96b12e4d3f42d5c1307128b70ee88e315394212bc7bf82f9,1e0c81c0461d797b784f522af63b25460aaf0e606992a8055dfe372cce9012f8,850a15abf2f5aa55,d0d0c08081810244,TIFF,TIFF-LE,1024,1024,RGB,3,8,True,242.00439453125,14.440835996703104,0.9446544647216797,0.0,1.2457418139975789,NEAR_BLANK;LOW_INFORMATION;VERY_BRIGHT,False,False,False,False,False,True,REVIEW,False,image QC status REVIEW
Case-3-A16-6244-27384,Case-3-A16-6244-27384,Case 3 A16-6244-27384,http://pathdb.cancerimagingarchive.net/system/files/wsi/ross/Osteosarcoma-UT/converted/Osteosarcoma-UT/Training-Set-2/set2/Case-3-A16-6244-27384.tiff,Case-3,Non-Viable-Tumor,NECROSIS,TRUE,False,RETRIEVED,200,C:\Users\enkso\.kiro\crew\scratch\runtime-0a306834\osteopatch_full_ingestion\tiffs\Case-3-A16-6244-27384.tiff,213410,cb5a06831d2f32413847b0d9f8b3b13e586913bf456ce80b7146198663ef9de3,6ee533ab0d26f998c3706cccec0ce6c294df9ca93f330b773af96003df071ba1,e439279b3d248667,2f9b8796836c0647,TIFF,TIFF-LE,1024,1024,RGB,3,8,True,222.86909198760986,37.00019101338263,0.6339521408081055,4.76837158203125e-06,4.749748185597987,,False,False,False,False,False,False,PASS,True,
Case-3-A16-6841-16910,Case-3-A16-6841-16910,Case 3 A16-6841-16910,http://pathdb.cancerimagingarchive.net/system/files/wsi/ross/Osteosarcoma-UT/converted/Osteosarcoma-UT/Training-Set-2/set2/Case-3-A16-6841-16910.tiff,Case-3,Non-Tumor,NON_TUMOR,TRUE,False,RETRIEVED,200,C:\Users\enkso\.kiro\crew\scratch\runtime-0a306834\osteopatch_full_ingestion\tiffs\Case-3-A16-6841-16910.tiff,269254,fa9ce41b939fafd3e9ce49543d435db4346d789dbf5c2e39490aec79d3e7900a,03f1a5bc00bfc4dad082099687154c6a03efb2875f0b6007132307f5285d8b21,ca63b1952f6e5294,cbd991616698399b,TIFF,TIFF-LE,1024,1024,RGB,3,8,True,223.90835285186768,33.852760472295486,0.5277185440063477,1.811981201171875e-05,6.01591957350819,,False,False,False,False,False,False,PASS,True,
Case-3-A16-7295-31391,Case-3-A16-7295-31391,Case 3 A16-7295-31391,http://pathdb.cancerimagingarchive.net/system/files/wsi/ross/Osteosarcoma-UT/converted/Osteosarcoma-UT/Training-Set-2/set2/Case-3-A16-7295-31391.tiff,Case-3,Non-Tumor,NON_TUMOR,TRUE,False,RETRIEVED,200,C:\Users\enkso\.kiro\crew\scratch\runtime-0a306834\osteopatch_full_ingestion\tiffs\Case-3-A16-7295-31391.tiff,178914,71b1ee889c831feedc14ad3c3d4c42623daadc2cfe26f2b6eaac16f80c7afbfc,7fbb0b14e6191f0936bae32bf090793802aa83217f26eb0efc1828e1d2d844a1,bfdcc486860e0e3e,6c1013cf1f3f19c1,TIFF,TIFF-LE,1024,1024,RGB,3,8,True,144.99343872070312,53.98779371603796,0.19437885284423828,7.62939453125e-06,6.154150551463569,,False,False,False,False,False,False,PASS,True,
Case-3-A16-9134-12603,Case-3-A16-9134-12603,Case 3 A16-9134-12603,http://pathdb.cancerimagingarchive.net/system/files/wsi/ross/Osteosarcoma-UT/converted/Osteosarcoma-UT/Training-Set-2/set2/Case-3-A16-9134-12603.tiff,Case-3,Non-Tumor,NON_TUMOR,TRUE,False,RETRIEVED,200,C:\Users\enkso\.kiro\crew\scratch\runtime-0a306834\osteopatch_full_ingestion\tiffs\Case-3-A16-9134-12603.tiff,279218,51404762c4416fc0787751cea045269ee87b0ffe22cda0eb9510a2259a54d959,faaa44ccbe1da85115614f79cbc1f14d649dacba2a3d6e78d3dfb0acf38d0432,8314f878060ffeec,b190eacce519c35c,TIFF,TIFF-LE,1024,1024,RGB,3,8,True,225.4985694885254,24.225403096655754,0.465606689453125,0.0,6.049944081024355,,False,False,False,False,False,False,PASS,True,
Case-3-A17-12112-17050,Case-3-A17-12112-17050,Case 3 A17-12112-17050,http://pathdb.cancerimagingarchive.net/system/files/wsi/ross/Osteosarcoma-UT/converted/Osteosarcoma-UT/Training-Set-2/set2/Case-3-A17-12112-17050.tiff,Case-3,Non-Viable-Tumor,NECROSIS,TRUE,False,RETRIEVED,200,C:\Users\enkso\.kiro\crew\scratch\runtime-0a306834\osteopatch_full_ingestion\tiffs\Case-3-A17-12112-17050.tiff,274604,60bbdaf8ddf999a0dff0f9583f56215cc8095abe3496db4abcda91414a620f37,13b3e83641d668e612404524b5d54e584ec40f6902e965acceaf478818df6ff5,8d1db9e6d10f1c13,b23b7ee24426cb97,TIFF,TIFF-LE,1024,1024,RGB,3,8,True,217.2605848312378,35.162449676051274,0.4339485168457031,0.0,6.398459681286462,,False,False,False,False,False,False,PASS,True,
Case-3-A17-12247-30984,Case-3-A17-12247-30984,Case 3 A17-12247-30984,http://pathdb.cancerimagingarchive.net/system/files/wsi/ross/Osteosarcoma-UT/converted/Osteosarcoma-UT/Training-Set-2/set2/Case-3-A17-12247-30984.tiff,Case-3,Non-Tumor,NON_TUMOR,TRUE,False,RETRIEVED,200,C:\Users\enkso\.kiro\crew\scratch\runtime-0a306834\osteopatch_full_ingestion\tiffs\Case-3-A17-12247-30984.tiff,223600,d3501bf5d641b393ae111baaa75c03c55e2c5038755be3d5f56b97238001cf66,61c628e3c64b974b9ca7d5c79559fcda3b84ac531c3b9a7a500034804393dcea,b427e0fc07f81f21,87cf0e7cfd361ce4,TIFF,TIFF-LE,1024,1024,RGB,3,8,True,133.6897850036621,23.137096726416033,0.018240928649902344,4.76837158203125e-06,6.136821661298338,,False,False,False,False,False,False,PASS,True,
Case-3-A17-12545-27848,Case-3-A17-12545-27848,Case 3 A17-12545-27848,http://pathdb.cancerimagingarchive.net/system/files/wsi/ross/Osteosarcoma-UT/converted/Osteosarcoma-UT/Training-Set-2/set2/Case-3-A17-12545-27848.tiff,Case-3,Non-Tumor,NON_TUMOR,TRUE,False,RETRIEVED,200,C:\Users\enkso\.kiro\crew\scratch\runtime-0a306834\osteopatch_full_ingestion\tiffs\Case-3-A17-12545-27848.tiff,94066,8991bfd1a4cc4ccc3d2bff7f439bdcae55ad92adcc5a5e057a05fd8ca9928191,2f609cc9af566fea10b0fc51426de98b4c71805a54d1407d19bd82e18ae77c43,9ba5629dea043bc5,000840a051767411,TIFF,TIFF-LE,1024,1024,RGB,3,8,True,236.04873657226562,23.7058217267416,0.8223648071289062,9.5367431640625e-07,2.500222290968285,LOW_INFORMATION,False,False,False,False,False,True,REVIEW,False,image QC status REVIEW
Case-3-A17-13333-19421,Case-3-A17-13333-19421,Case 3 A17-13333-19421,http://pathdb.cancerimagingarchive.net/system/files/wsi/ross/Osteosarcoma-UT/converted/Osteosarcoma-UT/Training-Set-2/set2/Case-3-A17-13333-19421.tiff,Case-3,Non-Tumor,NON_TUMOR,TRUE,False,RETRIEVED,200,C:\Users\enkso\.kiro\crew\scratch\runtime-0a306834\osteopatch_full_ingestion\tiffs\Case-3-A17-13333-19421.tiff,257884,d45c3bd57715fa3b5d9e847f58b30988d03cf6d06cdb61b4c3673d5bf8d6815e,1c99d8ccd90bd246707cc5022a2476ea77bdf7ba7ccf2228bec5bb7519b2f4bb,95b9121ab60b9d5e,3a8c92ca2732ecac,TIFF,TIFF-LE,1024,1024,RGB,3,8,True,229.51979160308838,26.36103098815582,0.600255012512207,9.5367431640625e-07,5.685686000893809,,False,False,False,False,False,False,PASS,True,
Case-3-A17-14482-34987,Case-3-A17-14482-34987,Case 3 A17-14482-34987,http://pathdb.cancerimagingarchive.net/system/files/wsi/ross/Osteosarcoma-UT/converted/Osteosarcoma-UT/Training-Set-2/set2/Case-3-A17-14482-34987.tiff,Case-3,Non-Tumor,NON_TUMOR,TRUE,False,RETRIEVED,200,C:\Users\enkso\.kiro\crew\scratch\runtime-0a306834\osteopatch_full_ingestion\tiffs\Case-3-A17-14482-34987.tiff,224924,2740a6f9294e2be0fa36cea1c7cfa5b75d2dc3d5b223098ba28d5ae6adfab5ad,8853839101174d5fa7e2f0647db32908353ed30551e4e73b77e5331aaf85bf29,f97f9a608d22c18d,0301030102821f7b,TIFF,TIFF-LE,1024,1024,RGB,3,8,True,163.43385982513428,39.48116492002682,0.1340627670288086,0.0,6.527754811265893,,False,False,False,False,False,False,PASS,True,
Case-3-A17-15765-20926,Case-3-A17-15765-20926,Case 3 A17-15765-20926,http://pathdb.cancerimagingarchive.net/system/files/wsi/ross/Osteosarcoma-UT/converted/Osteosarcoma-UT/Training-Set-2/set2/Case-3-A17-15765-20926.tiff,Case-3,Non-Tumor,NON_TUMOR,TRUE,False,RETRIEVED,200,C:\Users\enkso\.kiro\crew\scratch\runtime-0a306834\osteopatch_full_ingestion\tiffs\Case-3-A17-15765-20926.tiff,264244,3a4be826d9a80e4e500ac03dabe099072bb67c22e20c6b63634f12d38fee9fce,939026380fa8f78574fe8cff90c33a8bcaf01549126a48b00af1a3c36ce602c5,ed6867a196908bdc,c3032322245a1860,TIFF,TIFF-LE,1024,1024,RGB,3,8,True,226.76870155334473,28.192196816503397,0.5467376708984375,1.71661376953125e-05,5.900152938598261,,False,False,False,False,False,False,PASS,True,
Case-3-A17-16570-4475,Case-3-A17-16570-4475,Case 3 A17-16570-4475,http://pathdb.cancerimagingarchive.net/system/files/wsi/ross/Osteosarcoma-UT/converted/Osteosarcoma-UT/Training-Set-2/set2/Case-3-A17-16570-4475.tiff,Case-3,Non-Viable-Tumor,NECROSIS,TRUE,False,RETRIEVED,200,C:\Users\enkso\.kiro\crew\scratch\runtime-0a306834\osteopatch_full_ingestion\tiffs\Case-3-A17-16570-4475.tiff,302794,da3f8166ab0e8d912abe2a6325db83f5b6b0ac7b25635f4036f966f4b8ce48db,814c9691d3def88b0478dec8b2725696acaf50de3d269fd66ad959aa18984d9d,b89cc85c2e97335a,bcb4587f231c888b,TIFF,TIFF-LE,1024,1024,RGB,3,8,True,213.39293575286865,36.88747702380745,0.4514007568359375,0.0,6.097737271363675,,False,False,False,False,False,False,PASS,True,
Case-3-A17-18662-24877,Case-3-A17-18662-24877,Case 3 A17-18662-24877,http://pathdb.cancerimagingarchive.net/system/files/wsi/ross/Osteosarcoma-UT/converted/Osteosarcoma-UT/Training-Set-2/set2/Case-3-A17-18662-24877.tiff,Case-3,Non-Tumor,NON_TUMOR,TRUE,False,RETRIEVED,200,C:\Users\enkso\.kiro\crew\scratch\runtime-0a306834\osteopatch_full_ingestion\tiffs\Case-3-A17-18662-24877.tiff,240186,2331c6781976e38b8b2db99b942fb2d4b71f93fd3148d1acc9a885b2acf1b194,8fa3cf243c82f520bec21da3b0c40f292942330fb023a7ead05d16e4d6002b11,d699a4a94952bda6,94f644c9892a2486,TIFF,TIFF-LE,1024,1024,RGB,3,8,True,230.4130916595459,23.770189719298283,0.6082887649536133,0.0,5.551530027486628,,False,False,False,False,False,False,PASS,True,
Case-3-A17-18676-13247,Case-3-A17-18676-13247,Case 3 A17-18676-13247,http://pathdb.cancerimagingarchive.net/system/files/wsi/ross/Osteosarcoma-UT/converted/Osteosarcoma-UT/Training-Set-1/set2/Case-3-A17-18676-13247.tiff,Case-3,Non-Viable-Tumor,NECROSIS,TRUE,False,RETRIEVED,200,C:\Users\enkso\.kiro\crew\scratch\runtime-0a306834\osteopatch_full_ingestion\tiffs\Case-3-A17-18676-13247.tiff,414772,7709bbfe41aefc0d5bf54f7988bcf0f340d96c1d6ffc7577c3fa54da552a18ce,c5758db03c0a2cd83fd8dc7d735f242a941c422f4aa78505638811fd7135c22e,9239ede3b3210b17,5e363c9cc9c1e145,TIFF,TIFF-LE,1024,1024,RGB,3,8,True,184.78618335723877,35.74405597632837,0.09699535369873047,0.0,7.1235167426934085,,False,False,False,False,False,False,PASS,True,
Case-3-A17-2310-19149,Case-3-A17-2310-19149,Case 3 A17-2310-19149,http://pathdb.cancerimagingarchive.net/system/files/wsi/ross/Osteosarcoma-UT/converted/Osteosarcoma-UT/Training-Set-2/set2/Case-3-A17-2310-19149.tiff,Case-3,Non-Tumor,NON_TUMOR,TRUE,False,RETRIEVED,200,C:\Users\enkso\.kiro\crew\scratch\runtime-0a306834\osteopatch_full_ingestion\tiffs\Case-3-A17-2310-19149.tiff,61074,05e1dc3c437e848489df1cd2464e26bc2f233b216c531a2059bc87c1a193c40e,a16879fbd43f779b7be34b5c3d275891ccdcb3012fd1ae61fcfe22aed6b8037c,d4a5aaa9b552a9aa,0024040404040404,TIFF,TIFF-LE,1024,1024,RGB,3,8,True,240.18957710266113,20.357843553142043,0.9292774200439453,1.9073486328125e-06,1.2813637644081672,NEAR_BLANK;LOW_INFORMATION;VERY_BRIGHT,False,False,False,False,False,True,REVIEW,False,image QC status REVIEW
Case-3-A17-25048-1930,Case-3-A17-25048-1930,Case 3 A17-25048-1930,http://pathdb.cancerimagingarchive.net/system/files/wsi/ross/Osteosarcoma-UT/converted/Osteosarcoma-UT/Training-Set-1/set2/Case-3-A17-25048-1930.tiff,Case-3,Non-Viable-Tumor,NECROSIS,TRUE,False,RETRIEVED,200,C:\Users\enkso\.kiro\crew\scratch\runtime-0a306834\osteopatch_full_ingestion\tiffs\Case-3-A17-25048-1930.tiff,137878,a1179b3b6affad7dc0ced8549a6aa9e22049e7067c4ddb04a5ea90fefa95d846,ca3a80fb88e2bfa2d8a0be6ab9c17ff6bc636327d1157d05a70e3b92624b4687,d7807a45dd320cf5,000024922a620c41,TIFF,TIFF-LE,1024,1024,RGB,3,8,True,232.1168556213379,23.384082711450308,0.7000284194946289,0.0,3.7086511551211245,,False,False,False,False,False,False,PASS,True,
Case-3-A17-26576-11618,Case-3-A17-26576-11618,Case 3 A17-26576-11618,http://pathdb.cancerimagingarchive.net/system/files/wsi/ross/Osteosarcoma-UT/converted/Osteosarcoma-UT/Training-Set-1/set2/Case-3-A17-26576-11618.tiff,Case-3,Non-Viable-Tumor,NECROSIS,TRUE,False,RETRIEVED,200,C:\Users\enkso\.kiro\crew\scratch\runtime-0a306834\osteopatch_full_ingestion\tiffs\Case-3-A17-26576-11618.tiff,407592,36b079e56b8ba083471343660dea6608b5c3e9e2ae5ccf4f7dfa99f89eb546b6,bde0fc4d955df27eb62fe88a8783075f45785c15bf876aa087db8315a52e6d0c,bfd08fb4b024a5cc,0d5870dc1c3e6743,TIFF,TIFF-LE,1024,1024,RGB,3,8,True,190.19954586029053,34.75773416835716,0.10585975646972656,0.0,7.061762744907812,,False,False,False,False,False,False,PASS,True,
Case-3-A17-27172-22922,Case-3-A17-27172-22922,Case 3 A17-27172-22922,http://pathdb.cancerimagingarchive.net/system/files/wsi/ross/Osteosarcoma-UT/converted/Osteosarcoma-UT/Training-Set-1/set2/Case-3-A17-27172-22922.tiff,Case-3,Non-Viable-Tumor,NECROSIS,TRUE,False,RETRIEVED,200,C:\Users\enkso\.kiro\crew\scratch\runtime-0a306834\osteopatch_full_ingestion\tiffs\Case-3-A17-27172-22922.tiff,309842,cea792a2660bd3aa51b9b58fcbba559c58a586b6fc22aa9bedbc8ae16ed72b8f,cdd2b5426cb2e3e5cb1d5029a2ce5b11174a17f6e22b207f9bbac14baaa205b1,9fe08c955e81265f,94a24d1928d4f965,TIFF,TIFF-LE,1024,1024,RGB,3,8,True,216.52552318572998,28.81897093495198,0.33122920989990234,0.0,6.489923095546445,,False,False,False,False,False,False,PASS,True,
Case-3-A17-27836-33168,Case-3-A17-27836-33168,Case 3 A17-27836-33168,http://pathdb.cancerimagingarchive.net/system/files/wsi/ross/Osteosarcoma-UT/converted/Osteosarcoma-UT/Training-Set-1/set2/Case-3-A17-27836-33168.tiff,Case-3,Non-Tumor,NON_TUMOR,TRUE,False,RETRIEVED,200,C:\Users\enkso\.kiro\crew\scratch\runtime-0a306834\osteopatch_full_ingestion\tiffs\Case-3-A17-27836-33168.tiff,219448,5a5d77ddbae8a5ea9fd60177de9d92e6c23fd3fbe0d7505e6d3f834d67c7131c,93b8e77990c6fc91860edc230caf64acde189e0cf5412cf8d8ae9e796c199482,bf049c87bd04dd85,763133334b3b3b39,TIFF,TIFF-LE,1024,1024,RGB,3,8,True,154.98038864135742,20.313187307896115,0.015891075134277344,0.0,6.1282964885216975,,False,False,False,False,False,False,PASS,True,
Case-3-A17-29372-19206,Case-3-A17-29372-19206,Case 3 A17-29372-19206,http://pathdb.cancerimagingarchive.net/system/files/wsi/ross/Osteosarcoma-UT/converted/Osteosarcoma-UT/Training-Set-1/set2/Case-3-A17-29372-19206.tiff,Case-3,Non-Viable-Tumor,NECROSIS,TRUE,False,RETRIEVED,200,C:\Users\enkso\.kiro\crew\scratch\runtime-0a306834\osteopatch_full_ingestion\tiffs\Case-3-A17-29372-19206.tiff,303986,6b692a2dcfba9843d99a77f2bd3935ba2780ecf31bcec83b7eedd1d36822e82a,bb50ac483f621c989d0e8debff5156baf2d60538643c122d24e26c9a8286a55c,d15a4b68393da5c6,21084c148cc6d352,TIFF,TIFF-LE,1024,1024,RGB,3,8,True,207.74472332000732,31.67373477579879,0.1737804412841797,0.0,6.718079049012436,,False,False,False,False,False,False,PASS,True,
Case-3-A17-2937-33559,Case-3-A17-2937-33559,Case 3 A17-2937-33559,http://pathdb.cancerimagingarchive.net/system/files/wsi/ross/Osteosarcoma-UT/converted/Osteosarcoma-UT/Training-Set-2/set2/Case-3-A17-2937-33559.tiff,Case-3,Non-Tumor,NON_TUMOR,TRUE,False,RETRIEVED,200,C:\Users\enkso\.kiro\crew\scratch\runtime-0a306834\osteopatch_full_ingestion\tiffs\Case-3-A17-2937-33559.tiff,66178,f755989d1e2a482a61d023c8ed1986d3636bcc2a72827a2dd1f3e1444c50bd67,87638172d100b417bb5130970d9c3055dff609812496a3327faad9b4c4681970,c94969a5965a6ba9,2313130004130200,TIFF,TIFF-LE,1024,1024,RGB,3,8,True,225.2133502960205,42.83856807066115,0.8171443939208984,0.0,1.9797024870222173,LOW_INFORMATION,False,False,False,False,False,True,REVIEW,False,image QC status REVIEW
Case-3-A17-32230-20244,Case-3-A17-32230-20244,Case 3 A17-32230-20244,http://pathdb.cancerimagingarchive.net/system/files/wsi/ross/Osteosarcoma-UT/converted/Osteosarcoma-UT/Training-Set-1/set2/Case-3-A17-32230-20244.tiff,Case-3,Non-Viable-Tumor,NECROSIS,TRUE,False,RETRIEVED,200,C:\Users\enkso\.kiro\crew\scratch\runtime-0a306834\osteopatch_full_ingestion\tiffs\Case-3-A17-32230-20244.tiff,453626,95425766247488094e146c1a2c1b553123152575362fe5090667b62c55f09ae2,3b3d07141f8db7665c381be14f05d860eed3c888f5663a1d7531c72e394b11a6,b69a5e4c065a2df2,757f1dcfce36314c,TIFF,TIFF-LE,1024,1024,RGB,3,8,True,167.14479064941406,50.82881849671952,0.06512069702148438,0.0,7.544335742410228,,False,False,False,False,False,False,PASS,True,
Case-3-A17-38169-7823,Case-3-A17-38169-7823,Case 3 A17-38169-7823,http://pathdb.cancerimagingarchive.net/system/files/wsi/ross/Osteosarcoma-UT/converted/Osteosarcoma-UT/Training-Set-1/set2/Case-3-A17-38169-7823.tiff,Case-3,Non-Viable-Tumor,NECROSIS,TRUE,False,RETRIEVED,200,C:\Users\enkso\.kiro\crew\scratch\runtime-0a306834\osteopatch_full_ingestion\tiffs\Case-3-A17-38169-7823.tiff,411392,5e384f4c6b5126f4a2a9f349b66410214a059d6f9110cb3d947dd55fa6e2bc2d,ee70b023b4035b4578ebefe97b831efa3ced48462df85bcf3176f983369be4e7,b92ca735b582b784,263735b4929ab808,TIFF,TIFF-LE,1024,1024,RGB,3,8,True,193.92391204833984,33.1237569525181,0.10979652404785156,0.0,7.000543822666953,,False,False,False,False,False,False,PASS,True,
Case-3-A17-38558-18797,Case-3-A17-38558-18797,Case 3 A17-38558-18797,http://pathdb.cancerimagingarchive.net/system/files/wsi/ross/Osteosarcoma-UT/converted/Osteosarcoma-UT/Training-Set-1/set2/Case-3-A17-38558-18797.tiff,Case-3,Non-Viable-Tumor,NECROSIS,TRUE,False,RETRIEVED,200,C:\Users\enkso\.kiro\crew\scratch\runtime-0a306834\osteopatch_full_ingestion\tiffs\Case-3-A17-38558-18797.tiff,390136,b7ae6dd62645d02ca5df92fa8bbe9353c0bea8556f05ef97a0c486a80ee8fb48,492618acd4516b2d9265e349aa15c49bbfae4ad0383d6ddc93d12f1d743b8e43,d594a8731ecaa8d6,e4a6a66864408121,TIFF,TIFF-LE,1024,1024,RGB,3,8,True,199.68409252166748,29.627832071325916,0.1360626220703125,0.0,6.847546787836127,,False,False,False,False,False,False,PASS,True,
Case-3-A17-39258-10719,Case-3-A17-39258-10719,Case 3 A17-39258-10719,http://pathdb.cancerimagingarchive.net/system/files/wsi/ross/Osteosarcoma-UT/converted/Osteosarcoma-UT/Training-Set-1/set2/Case-3-A17-39258-10719.tiff,Case-3,Non-Viable-Tumor,NECROSIS,TRUE,False,RETRIEVED,200,C:\Users\enkso\.kiro\crew\scratch\runtime-0a306834\osteopatch_full_ingestion\tiffs\Case-3-A17-39258-10719.tiff,386306,6ff18754233658068a852f60059507015035a46ada07911bf2f4baccece19609,d526537fbb8729a5fde64889c145e159207a8aee5be43254ca27dacdb6c8d952,90dede5e133a522a,6c7095dbc6c62732,TIFF,TIFF-LE,1024,1024,RGB,3,8,True,204.87780380249023,27.990694828792943,0.123809814453125,7.62939453125e-06,6.72510724368271,,False,False,False,False,False,False,PASS,True,
Case-3-A17-39482-17002,Case-3-A17-39482-17002,Case 3 A17-39482-17002,http://pathdb.cancerimagingarchive.net/system/files/wsi/ross/Osteosarcoma-UT/converted/Osteosarcoma-UT/Training-Set-1/set2/Case-3-A17-39482-17002.tiff,Case-3,Non-Viable-Tumor,NECROSIS,TRUE,False,RETRIEVED,200,C:\Users\enkso\.kiro\crew\scratch\runtime-0a306834\osteopatch_full_ingestion\tiffs\Case-3-A17-39482-17002.tiff,372606,8626084f947f4abfb0c5ae5b879a92b23d3471399888b31404ebdb05d8dd4aae,a7830375e06ae7f522a930ded5d387e0dad26dd894a1ff6b5377f2daedb5b1a5,970e324eb14f1ad3,eecce87ad8214f9e,TIFF,TIFF-LE,1024,1024,RGB,3,8,True,199.80327129364014,30.076492080059996,0.10369873046875,0.0,6.850111152382537,,False,False,False,False,False,False,PASS,True,
Case-3-A17-4064-3304,Case-3-A17-4064-3304,Case 3 A17-4064-3304,http://pathdb.cancerimagingarchive.net/system/files/wsi/ross/Osteosarcoma-UT/converted/Osteosarcoma-UT/Training-Set-2/set2/Case-3-A17-4064-3304.tiff,Case-3,Non-Viable-Tumor,NECROSIS,TRUE,False,RETRIEVED,200,C:\Users\enkso\.kiro\crew\scratch\runtime-0a306834\osteopatch_full_ingestion\tiffs\Case-3-A17-4064-3304.tiff,300050,732570ea44cebe7bbb571f92c5d3908f6f47e396d827c3062d23c839a2e5b6c8,5d7ece5eb84280598be230ec1c0e3943e729bbefacdcd5a168b4abeb354201ba,ff5495abb2b25048,2c44040c1b535d2c,TIFF,TIFF-LE,1024,1024,RGB,3,8,True,215.9419651031494,36.17389612134139,0.4677085876464844,0.0,6.197769355696133,,False,False,False,False,False,False,PASS,True,
Case-3-A17-42739-1928,Case-3-A17-42739-1928,Case 3 A17-42739-1928,http://pathdb.cancerimagingarchive.net/system/files/wsi/ross/Osteosarcoma-UT/converted/Osteosarcoma-UT/Training-Set-1/set2/Case-3-A17-42739-1928.tiff,Case-3,Non-Viable-Tumor,NECROSIS,TRUE,False,RETRIEVED,200,C:\Users\enkso\.kiro\crew\scratch\runtime-0a306834\osteopatch_full_ingestion\tiffs\Case-3-A17-42739-1928.tiff,110180,e32552e0c20bce445ee8b9d0049bead443060862339acc4acd400c0ee69865b0,29c66e05a93dc8c7678a756e597ad7415da94a9e6caf5512e05a128d5824ad95,99e6e21c31c5e639,801080183874f89c,TIFF,TIFF-LE,1024,1024,RGB,3,8,True,227.87241649627686,32.006454811435916,0.7690773010253906,0.0,3.2210188904673647,,False,False,False,False,False,False,PASS,True,
Case-3-A17-44121-29500,Case-3-A17-44121-29500,Case 3 A17-44121-29500,http://pathdb.cancerimagingarchive.net/system/files/wsi/ross/Osteosarcoma-UT/converted/Osteosarcoma-UT/Training-Set-1/set2/Case-3-A17-44121-29500.tiff,Case-3,Non-Tumor,NON_TUMOR,TRUE,False,RETRIEVED,200,C:\Users\enkso\.kiro\crew\scratch\runtime-0a306834\osteopatch_full_ingestion\tiffs\Case-3-A17-44121-29500.tiff,107956,04e444594b95b4a64608d6be45950c3ed947d3b1f66d5428a436d7a08c8fbc91,1e67137cbb866e23b6422f9b294b5a39fa44b8ec05321fba8e5b0f98ebe0d14c,b1e6c8cdf8c8e02e,b2dc8db85a5a7ada,TIFF,TIFF-LE,1024,1024,RGB,3,8,True,200.38348197937012,53.65088062880176,0.5896005630493164,0.0,4.533334561409195,,False,False,False,False,False,False,PASS,True,
Case-3-A17-45279-32496,Case-3-A17-45279-32496,Case 3 A17-45279-32496,http://pathdb.cancerimagingarchive.net/system/files/wsi/ross/Osteosarcoma-UT/converted/Osteosarcoma-UT/Training-Set-1/set2/Case-3-A17-45279-32496.tiff,Case-3,Non-Tumor,NON_TUMOR,TRUE,False,RETRIEVED,200,C:\Users\enkso\.kiro\crew\scratch\runtime-0a306834\osteopatch_full_ingestion\tiffs\Case-3-A17-45279-32496.tiff,43234,d3ae3017a933495bb8605553d30a1cd066ed5df7e92894a4886289bc510e387c,86dc841e72858776aa8c2da69ab8d96bfce814c0f683506515473cf7f70ca755,8107ff0f0307ff03,d04080c0d0800000,TIFF,TIFF-LE,1024,1024,RGB,3,8,True,239.96797370910645,20.259810355267117,0.9562206268310547,0.0,1.0407191548351995,NEAR_BLANK;LOW_INFORMATION,False,False,False,False,False,True,REVIEW,False,image QC status REVIEW
Case-3-A17-5652-20182,Case-3-A17-5652-20182,Case 3 A17-5652-20182,http://pathdb.cancerimagingarchive.net/system/files/wsi/ross/Osteosarcoma-UT/converted/Osteosarcoma-UT/Training-Set-2/set2/Case-3-A17-5652-20182.tiff,Case-3,Non-Tumor,NON_TUMOR,TRUE,False,RETRIEVED,200,C:\Users\enkso\.kiro\crew\scratch\runtime-0a306834\osteopatch_full_ingestion\tiffs\Case-3-A17-5652-20182.tiff,193890,83d56d1447a34632bfebaf6a2e691154dbcab2d930a9a621ca4fa22e75066531,7f8e42b5effda9f44cbf8a87cfb5fb8a880b6436685791b36d4aeadb489b7910,d5d582f913f80caa,88cee4144a7695e9,TIFF,TIFF-LE,1024,1024,RGB,3,8,True,230.61580562591553,30.141890885067557,0.6982641220092773,9.5367431640625e-07,4.721595257343661,,False,False,False,False,False,False,PASS,True,
Case-3-A17-6827-25257,Case-3-A17-6827-25257,Case 3 A17-6827-25257,http://pathdb.cancerimagingarchive.net/system/files/wsi/ross/Osteosarcoma-UT/converted/Osteosarcoma-UT/Training-Set-2/set2/Case-3-A17-6827-25257.tiff,Case-3,Non-Viable-Tumor,NECROSIS,TRUE,False,RETRIEVED,200,C:\Users\enkso\.kiro\crew\scratch\runtime-0a306834\osteopatch_full_ingestion\tiffs\Case-3-A17-6827-25257.tiff,176256,b49fe49b22cc377c01509f09b26e1f55296a969233edfbe11a45fc254e7efa6c,f28357c19edaa17702dbaf0ba4743afb0a5ab1f0d2cf6f03022bbae31d575cc5,b73ab07126773036,0e34274765922083,TIFF,TIFF-LE,1024,1024,RGB,3,8,True,228.5074005126953,32.400921059868374,0.6917133331298828,0.0,4.12926569564941,,False,False,False,False,False,False,PASS,True,
Case-3-A17-7799-34542,Case-3-A17-7799-34542,Case 3 A17-7799-34542,http://pathdb.cancerimagingarchive.net/system/files/wsi/ross/Osteosarcoma-UT/converted/Osteosarcoma-UT/Training-Set-2/set2/Case-3-A17-7799-34542.tiff,Case-3,Non-Tumor,NON_TUMOR,TRUE,False,RETRIEVED,200,C:\Users\enkso\.kiro\crew\scratch\runtime-0a306834\osteopatch_full_ingestion\tiffs\Case-3-A17-7799-34542.tiff,187738,5b0fe271d2372845a22eef5f0ee6161cb31a198084c9bb0ac5353ccae7951b21,1e58e17aef3f40aac798ccdcdc74dfa1560cb88e5119ceba707d89d8b301f136,ab29cd3dce1c6298,37979f0f1d0f7a40,TIFF,TIFF-LE,1024,1024,RGB,3,8,True,122.69761562347412,46.35663820195038,0.10955047607421875,2.193450927734375e-05,6.074866211376069,,False,False,False,False,False,False,PASS,True,
Case-3-A17-8146-19462,Case-3-A17-8146-19462,Case 3 A17-8146-19462,http://pathdb.cancerimagingarchive.net/system/files/wsi/ross/Osteosarcoma-UT/converted/Osteosarcoma-UT/Training-Set-2/set3/Case-3-A17-8146-19462.tiff,Case-3,Non-Tumor,NON_TUMOR,TRUE,False,RETRIEVED,200,C:\Users\enkso\.kiro\crew\scratch\runtime-0a306834\osteopatch_full_ingestion\tiffs\Case-3-A17-8146-19462.tiff,236606,edb6be0d1f1b475f9ce46394b7c861acb092efc0ba460d916164ad915aaf9f50,037cecd5acd37eec5650f8684e896bedddc3a27d03d4efe97a9d7cc31c58d5e7,a4ee266ecb2ec21a,27464c06b20e36fc,TIFF,TIFF-LE,1024,1024,RGB,3,8,True,205.50165557861328,50.60001422751754,0.46436023712158203,9.5367431640625e-07,6.354201500877202,,False,False,False,False,False,False,PASS,True,
Case-3-A18-10642-28016,Case-3-A18-10642-28016,Case 3 A18-10642-28016,http://pathdb.cancerimagingarchive.net/system/files/wsi/ross/Osteosarcoma-UT/converted/Osteosarcoma-UT/Training-Set-2/set3/Case-3-A18-10642-28016.tiff,Case-3,Non-Tumor,NON_TUMOR,TRUE,False,RETRIEVED,200,C:\Users\enkso\.kiro\crew\scratch\runtime-0a306834\osteopatch_full_ingestion\tiffs\Case-3-A18-10642-28016.tiff,64884,75427b056f869509628c138c8b2b65cfcd60db5a81e44117699c04a1fac724b4,7fe109a1b575a2c50855737ac3c8e88ac7539c58c65be1f21c9e8ac43ab7b8c7,dea16ed12ad8235c,0800000004d82025,TIFF,TIFF-LE,1024,1024,RGB,3,8,True,239.3951063156128,18.568290933542084,0.8870954513549805,3.814697265625e-06,1.6099367927172468,LOW_INFORMATION,False,False,False,False,False,True,REVIEW,False,image QC status REVIEW
Case-3-A18-11012-16647,Case-3-A18-11012-16647,Case 3 A18-11012-16647,http://pathdb.cancerimagingarchive.net/system/files/wsi/ross/Osteosarcoma-UT/converted/Osteosarcoma-UT/Training-Set-2/set3/Case-3-A18-11012-16647.tiff,Case-3,Non-Tumor,NON_TUMOR,TRUE,False,RETRIEVED,200,C:\Users\enkso\.kiro\crew\scratch\runtime-0a306834\osteopatch_full_ingestion\tiffs\Case-3-A18-11012-16647.tiff,277078,0614b9c4d64612989dd51c7a44932fc6997be74b3c53edaf8328435318da57c3,3da2da42ab8f8bb816c8f5f48c0391673c6a94c0bf0701ab431465aeb00c6ae9,a4652d796b397918,0fc6f868f43cba6f,TIFF,TIFF-LE,1024,1024,RGB,3,8,True,214.09975814819336,45.048448368014874,0.47737884521484375,1.049041748046875e-05,6.386628264983173,,False,False,False,False,False,False,PASS,True,
Case-3-A18-11113-4790,Case-3-A18-11113-4790,Case 3 A18-11113-4790,http://pathdb.cancerimagingarchive.net/system/files/wsi/ross/Osteosarcoma-UT/converted/Osteosarcoma-UT/Training-Set-2/set3/Case-3-A18-11113-4790.tiff,Case-3,Non-Viable-Tumor,NECROSIS,TRUE,False,RETRIEVED,200,C:\Users\enkso\.kiro\crew\scratch\runtime-0a306834\osteopatch_full_ingestion\tiffs\Case-3-A18-11113-4790.tiff,325212,8f36f42c1cd76f77de166f42a5b1669f293617d5e5d5fc907e2cc37b3c15c2bc,6941133782ce8b5818e404819854c9dc0aa8abda8ccd27052cf86d58fd9cd1ec,e81ecaa9522ea7a9,759058249e870388,TIFF,TIFF-LE,1024,1024,RGB,3,8,True,198.07241821289062,26.31420517514558,0.119659423828125,0.0,6.651387737370405,,False,False,False,False,False,False,PASS,True,
Case-3-A18-13866-37377,Case-3-A18-13866-37377,Case 3 A18-13866-37377,http://pathdb.cancerimagingarchive.net/system/files/wsi/ross/Osteosarcoma-UT/converted/Osteosarcoma-UT/Training-Set-2/set3/Case-3-A18-13866-37377.tiff,Case-3,Non-Tumor,NON_TUMOR,TRUE,False,RETRIEVED,200,C:\Users\enkso\.kiro\crew\scratch\runtime-0a306834\osteopatch_full_ingestion\tiffs\Case-3-A18-13866-37377.tiff,116572,10540273902d266ba27869673b1aac113069f7866775ce456f6ad0ad6c023181,299d480b2ad9b8bf8a4390805b6249ddc766eadf6781851aa20cbd7f74edad45,d33966a86ad95293,0306c8b00e131848,TIFF,TIFF-LE,1024,1024,RGB,3,8,True,219.58868312835693,46.61755814126092,0.7384510040283203,9.5367431640625e-07,3.387967330784365,,False,False,False,False,False,False,PASS,True,
Case-3-A18-14183-14592,Case-3-A18-14183-14592,Case 3 A18-14183-14592,http://pathdb.cancerimagingarchive.net/system/files/wsi/ross/Osteosarcoma-UT/converted/Osteosarcoma-UT/Training-Set-2/set3/Case-3-A18-14183-14592.tiff,Case-3,Non-Viable-Tumor,NECROSIS,TRUE,False,RETRIEVED,200,C:\Users\enkso\.kiro\crew\scratch\runtime-0a306834\osteopatch_full_ingestion\tiffs\Case-3-A18-14183-14592.tiff,280302,b3978f8e25262a28891eb9c7413cfc4ef492793e9b80cf3e22483cbb99aa972b,85d485a95f602be3530f5f7daebfd56f8f4771b020ab60de8d3cafe9a4ddfb99,ec64aae29ad35265,a527260a420a9233,TIFF,TIFF-LE,1024,1024,RGB,3,8,True,221.57387733459473,22.423460305948236,0.3298616409301758,0.0,6.2126601308110025,,False,False,False,False,False,False,PASS,True,
Case-3-A18-16291-27049,Case-3-A18-16291-27049,Case 3 A18-16291-27049,http://pathdb.cancerimagingarchive.net/system/files/wsi/ross/Osteosarcoma-UT/converted/Osteosarcoma-UT/Training-Set-2/set3/Case-3-A18-16291-27049.tiff,Case-3,Non-Viable-Tumor,NECROSIS,TRUE,False,RETRIEVED,200,C:\Users\enkso\.kiro\crew\scratch\runtime-0a306834\osteopatch_full_ingestion\tiffs\Case-3-A18-16291-27049.tiff,294756,5205f5dea175060ce717eab48c5d18c32f4c030f53eb5601439e5e50b6ccb44f,a7b125d41fd39af7920056684f090778fc7a16401d3c2ca4f9896f2483cb0cab,82259d585fa457f2,34edcf6789d9b36c,TIFF,TIFF-LE,1024,1024,RGB,3,8,True,221.1941375732422,31.615659937321148,0.4727640151977539,0.0,6.262837653374799,,False,False,False,False,False,False,PASS,True,
Case-3-A18-19765-24396,Case-3-A18-19765-24396,Case 3 A18-19765-24396,http://pathdb.cancerimagingarchive.net/system/files/wsi/ross/Osteosarcoma-UT/converted/Osteosarcoma-UT/Training-Set-2/set3/Case-3-A18-19765-24396.tiff,Case-3,Non-Tumor,NON_TUMOR,TRUE,False,RETRIEVED,200,C:\Users\enkso\.kiro\crew\scratch\runtime-0a306834\osteopatch_full_ingestion\tiffs\Case-3-A18-19765-24396.tiff,226986,6f3d899310429022def87a688ea3a43231161bb801515744a4ccf4f69d9dca1e,1890e24da59f101f062a50864947d7a6912a1279ad8d9908f4fb69e5a4d77dae,d4cd05f88a3ae2b3,22624d2d34949ccd,TIFF,TIFF-LE,1024,1024,RGB,3,8,True,230.58779335021973,24.91204751039253,0.6264991760253906,0.0,5.334906289346242,,False,False,False,False,False,False,PASS,True,
Case-3-A18-19927-30678,Case-3-A18-19927-30678,Case 3 A18-19927-30678,http://pathdb.cancerimagingarchive.net/system/files/wsi/ross/Osteosarcoma-UT/converted/Osteosarcoma-UT/Training-Set-1/set2/Case-3-A18-19927-30678.tiff,Case-3,Non-Tumor,NON_TUMOR,TRUE,False,RETRIEVED,200,C:\Users\enkso\.kiro\crew\scratch\runtime-0a306834\osteopatch_full_ingestion\tiffs\Case-3-A18-19927-30678.tiff,198260,4aaa647b0aa244bc1ff989f1678804c1631831a37fe4471030da240c2a72b3a7,1571dc5b6edf34c3b4d6f8f37f25b53f0c6902789931d098ea94c88fdf5716a4,ff4028a1a47f5476,070104040c141d15,TIFF,TIFF-LE,1024,1024,RGB,3,8,True,122.63689136505127,18.561868225972137,0.001697540283203125,9.5367431640625e-07,6.1850233126691325,,False,False,False,False,False,False,PASS,True,
Case-3-A18-21774-29686,Case-3-A18-21774-29686,Case 3 A18-21774-29686,http://pathdb.cancerimagingarchive.net/system/files/wsi/ross/Osteosarcoma-UT/converted/Osteosarcoma-UT/Training-Set-1/set3/Case-3-A18-21774-29686.tiff,Case-3,Non-Viable-Tumor,NECROSIS,TRUE,False,RETRIEVED,200,C:\Users\enkso\.kiro\crew\scratch\runtime-0a306834\osteopatch_full_ingestion\tiffs\Case-3-A18-21774-29686.tiff,202868,650e313fa553889632eaadd1b6112009860b6a0f15d613f3e457c0225d980f3d,83b705e97cdd33ec30033a9d40cd06568c780ffc12f3c96a7b6d8b7faab464f9,db5b3c24e4ccc98c,3c1979600c1735a4,TIFF,TIFF-LE,1024,1024,RGB,3,8,True,194.6922550201416,49.99803665637497,0.36319637298583984,0.0,6.333859346130309,,False,False,False,False,False,False,PASS,True,
Case-3-A18-22725-7679,Case-3-A18-22725-7679,Case 3 A18-22725-7679,http://pathdb.cancerimagingarchive.net/system/files/wsi/ross/Osteosarcoma-UT/converted/Osteosarcoma-UT/Training-Set-1/set3/Case-3-A18-22725-7679.tiff,Case-3,Non-Viable-Tumor,NECROSIS,TRUE,False,RETRIEVED,200,C:\Users\enkso\.kiro\crew\scratch\runtime-0a306834\osteopatch_full_ingestion\tiffs\Case-3-A18-22725-7679.tiff,360528,1ba3571d5b437572e01fee3b503b19eb353cd1cd3ff7f8aeafdce63aecd5b417,020ccaa36d732b03bfc46c07e2802fd733615fef3f103f1c92838a9e63e6ca86,edcc1933073e3127,f1c38763ce9a21d0,TIFF,TIFF-LE,1024,1024,RGB,3,8,True,209.61656665802002,34.91950006690198,0.3159599304199219,0.0,6.76037634241788,,False,False,False,False,False,False,PASS,True,
Case-3-A18-26671-8353,Case-3-A18-26671-8353,Case 3 A18-26671-8353,http://pathdb.cancerimagingarchive.net/system/files/wsi/ross/Osteosarcoma-UT/converted/Osteosarcoma-UT/Training-Set-1/set3/Case-3-A18-26671-8353.tiff,Case-3,Non-Viable-Tumor,NECROSIS,TRUE,False,RETRIEVED,200,C:\Users\enkso\.kiro\crew\scratch\runtime-0a306834\osteopatch_full_ingestion\tiffs\Case-3-A18-26671-8353.tiff,375604,b01cc8cb82858a60cd625bc01620139b16f299a3ce54438f1d279fba646b139c,293b7e6201f37cba81fdaecfa1813f341a4af7029294be69aff5558aa3c8635b,d30f691e98b1945d,b96146cc644d5991,TIFF,TIFF-LE,1024,1024,RGB,3,8,True,213.74367141723633,28.98121017909939,0.28002357482910156,3.814697265625e-06,6.628769825204662,,False,False,False,False,False,False,PASS,True,
Case-3-A18-28050-10869,Case-3-A18-28050-10869,Case 3 A18-28050-10869,http://pathdb.cancerimagingarchive.net/system/files/wsi/ross/Osteosarcoma-UT/converted/Osteosarcoma-UT/Training-Set-1/set3/Case-3-A18-28050-10869.tiff,Case-3,Non-Viable-Tumor,NECROSIS,TRUE,False,RETRIEVED,200,C:\Users\enkso\.kiro\crew\scratch\runtime-0a306834\osteopatch_full_ingestion\tiffs\Case-3-A18-28050-10869.tiff,354148,59e6b5dbb12f17e4a2cdbd45c5331785c28a83a628ac9605c6f97c57d0e4dfbf,59abb1030b314eaa409fae6bd69c0256ca00566007e95a497b550ba836234018,c9fd2e88da0c9ea8,31022290d1f1e361,TIFF,TIFF-LE,1024,1024,RGB,3,8,True,201.40683460235596,30.982028036702683,0.13594436645507812,0.0,6.856865787996762,,False,False,False,False,False,False,PASS,True,
Case-3-A18-29907-24273,Case-3-A18-29907-24273,Case 3 A18-29907-24273,http://pathdb.cancerimagingarchive.net/system/files/wsi/ross/Osteosarcoma-UT/converted/Osteosarcoma-UT/Training-Set-1/set3/Case-3-A18-29907-24273.tiff,Case-3,Non-Viable-Tumor,NECROSIS,TRUE,False,RETRIEVED,200,C:\Users\enkso\.kiro\crew\scratch\runtime-0a306834\osteopatch_full_ingestion\tiffs\Case-3-A18-29907-24273.tiff,279178,e3db7b97855ad98caf0bb896c83f6e5ed019257d729bec93c474af315e8f88e6,df2ee3ebfdfdbfac812c4703c322b6aac452da0b11da5238d9cba9c92740b367,830ffbf000073ff8,583373e4aca89893,TIFF,TIFF-LE,1024,1024,RGB,3,8,True,219.50237274169922,29.289529484359097,0.3696880340576172,0.0,6.327944936494462,,False,False,False,False,False,False,PASS,True,
Case-3-A18-30239-1991,Case-3-A18-30239-1991,Case 3 A18-30239-1991,http://pathdb.cancerimagingarchive.net/system/files/wsi/ross/Osteosarcoma-UT/converted/Osteosarcoma-UT/Training-Set-1/set3/Case-3-A18-30239-1991.tiff,Case-3,Non-Viable-Tumor,NECROSIS,TRUE,False,RETRIEVED,200,C:\Users\enkso\.kiro\crew\scratch\runtime-0a306834\osteopatch_full_ingestion\tiffs\Case-3-A18-30239-1991.tiff,206144,744b79cfd17110b47b4a31a5caefca5145fb975aa91fd7a8d6498525046a1365,cd9fe82b63f56cbaf647ddefa301dc2a4684fb7fabaabd862699b0714007db1d,96aceb5f300687c9,0010cdacb868559d,TIFF,TIFF-LE,1024,1024,RGB,3,8,True,228.593355178833,26.754994709738387,0.645686149597168,0.0,4.925643312857792,,False,False,False,False,False,False,PASS,True,
Case-3-A18-37523-16456,Case-3-A18-37523-16456,Case 3 A18-37523-16456,http://pathdb.cancerimagingarchive.net/system/files/wsi/ross/Osteosarcoma-UT/converted/Osteosarcoma-UT/Training-Set-1/set3/Case-3-A18-37523-16456.tiff,Case-3,Non-Viable-Tumor,NECROSIS,TRUE,False,RETRIEVED,200,C:\Users\enkso\.kiro\crew\scratch\runtime-0a306834\osteopatch_full_ingestion\tiffs\Case-3-A18-37523-16456.tiff,330484,d5845ee8c6c8162859a6b5996613e2873fef77f17578c51e33fc6e4f0a87e3ff,b03cf4209fc3755a2525c1ea638adbd9e0066bd6e23714249d0c08b3b9ab7bc2,e38c33cc328d369e,8f1355ca91010b8d,TIFF,TIFF-LE,1024,1024,RGB,3,8,True,175.9506607055664,34.33790503072783,0.04530811309814453,0.0003757476806640625,7.055886808567309,,False,False,False,False,False,False,PASS,True,
Case-3-A18-37940-12063,Case-3-A18-37940-12063,Case 3 A18-37940-12063,http://pathdb.cancerimagingarchive.net/system/files/wsi/ross/Osteosarcoma-UT/converted/Osteosarcoma-UT/Training-Set-1/set3/Case-3-A18-37940-12063.tiff,Case-3,Non-Viable-Tumor,NECROSIS,TRUE,False,RETRIEVED,200,C:\Users\enkso\.kiro\crew\scratch\runtime-0a306834\osteopatch_full_ingestion\tiffs\Case-3-A18-37940-12063.tiff,386420,b15524d123b855fdc1b51a7bc21eed7db6d116a7280b7034bcdd7d14b661e4ee,7aba04c03c0bf6ca1351837a71737012afd5b12a545ce0edc353ed1b5eafe598,e864966a9d8eca55,a686a6171ac98595,TIFF,TIFF-LE,1024,1024,RGB,3,8,True,202.9726095199585,34.14916634384088,0.19642353057861328,0.0,6.930892568152085,,False,False,False,False,False,False,PASS,True,
Case-3-A18-3816-24060,Case-3-A18-3816-24060,Case 3 A18-3816-24060,http://pathdb.cancerimagingarchive.net/system/files/wsi/ross/Osteosarcoma-UT/converted/Osteosarcoma-UT/Training-Set-2/set3/Case-3-A18-3816-24060.tiff,Case-3,Non-Tumor,NON_TUMOR,TRUE,False,RETRIEVED,200,C:\Users\enkso\.kiro\crew\scratch\runtime-0a306834\osteopatch_full_ingestion\tiffs\Case-3-A18-3816-24060.tiff,162930,01c27de034c099a3d44a5bab382c2f20071fa0a3875b18f05725214f51722f0d,e7db695c675de929bd9adc2a0a8b9b9170e4a62b3c001ebdb8248336f5592efc,b736c0c2d2872f4d,0c0e360c980e7294,TIFF,TIFF-LE,1024,1024,RGB,3,8,True,212.92697048187256,49.91202389579201,0.6437177658081055,4.38690185546875e-05,4.482757600817006,,False,False,False,False,False,False,PASS,True,
Case-3-A18-39897-25655,Case-3-A18-39897-25655,Case 3 A18-39897-25655,http://pathdb.cancerimagingarchive.net/system/files/wsi/ross/Osteosarcoma-UT/converted/Osteosarcoma-UT/Training-Set-1/set3/Case-3-A18-39897-25655.tiff,Case-3,Non-Viable-Tumor,NECROSIS,TRUE,False,RETRIEVED,200,C:\Users\enkso\.kiro\crew\scratch\runtime-0a306834\osteopatch_full_ingestion\tiffs\Case-3-A18-39897-25655.tiff,309318,0fa6ca1397314e61ca41103ccd0cc19b5ced950d5caa61c5d248c09c12a80f56,33f28b44abbe3adeef75b11794be8dd3f21a47195a0c252e0c10390ea9266df0,eee45f302c3a623c,25c445ad92cb3845,TIFF,TIFF-LE,1024,1024,RGB,3,8,True,222.0184144973755,28.40123214188679,0.42589855194091797,0.0,6.235647384175868,,False,False,False,False,False,False,PASS,True,
Case-3-A18-41302-32324,Case-3-A18-41302-32324,Case 3 A18-41302-32324,http://pathdb.cancerimagingarchive.net/system/files/wsi/ross/Osteosarcoma-UT/converted/Osteosarcoma-UT/Training-Set-1/set3/Case-3-A18-41302-32324.tiff,Case-3,Non-Tumor,NON_TUMOR,TRUE,False,RETRIEVED,200,C:\Users\enkso\.kiro\crew\scratch\runtime-0a306834\osteopatch_full_ingestion\tiffs\Case-3-A18-41302-32324.tiff,199836,44344c90d0e9798e054aee26100751b515123503be1f24e1bbd10ee7e8d88a6a,9d59f6b8265f9375458e0be61052d590bd1b14b09361b6960ea16b4b0955c1d7,889d66676b49d856,615ff1b38d99b1f1,TIFF,TIFF-LE,1024,1024,RGB,3,8,True,144.85371589660645,30.278625681335427,0.05012798309326172,1.9073486328125e-06,6.3729445813218195,,False,False,False,False,False,False,PASS,True,
Case-3-A18-41611-21066,Case-3-A18-41611-21066,Case 3 A18-41611-21066,http://pathdb.cancerimagingarchive.net/system/files/wsi/ross/Osteosarcoma-UT/converted/Osteosarcoma-UT/Training-Set-1/set3/Case-3-A18-41611-21066.tiff,Case-3,Non-Viable-Tumor,NECROSIS,TRUE,False,RETRIEVED,200,C:\Users\enkso\.kiro\crew\scratch\runtime-0a306834\osteopatch_full_ingestion\tiffs\Case-3-A18-41611-21066.tiff,319650,764a0622a77caeef278e90658a15c5636a2fee8af124d7955ad745a48432b3b1,952b24e71b26d89b5bf6de1ce1594c15db8ab94bec94dcf99933bcb5a564d0ff,f87a4a0e9d375644,3a190d1a32042390,TIFF,TIFF-LE,1024,1024,RGB,3,8,True,204.8424777984619,34.61278455386369,0.2708253860473633,1.9073486328125e-06,6.635159774276872,,False,False,False,False,False,False,PASS,True,
Case-3-A18-41817-26873,Case-3-A18-41817-26873,Case 3 A18-41817-26873,http://pathdb.cancerimagingarchive.net/system/files/wsi/ross/Osteosarcoma-UT/converted/Osteosarcoma-UT/Training-Set-1/set3/Case-3-A18-41817-26873.tiff,Case-3,Non-Viable-Tumor,NECROSIS,TRUE,False,RETRIEVED,200,C:\Users\enkso\.kiro\crew\scratch\runtime-0a306834\osteopatch_full_ingestion\tiffs\Case-3-A18-41817-26873.tiff,231540,95e6bae79abe4fbd5d3d5769ebdae80fb08b2b5175b646ce1c9c5dabaf758cff,ae076c227a28d468056e29d082667b77ba9c45422e66717ad9e4f9f255f77635,b682c94cb61fd389,18c9d90cac643018,TIFF,TIFF-LE,1024,1024,RGB,3,8,True,175.82265090942383,43.15200596357818,0.1574382781982422,9.5367431640625e-07,6.878226237654937,,False,False,False,False,False,False,PASS,True,
Case-3-A18-42378-16271,Case-3-A18-42378-16271,Case 3 A18-42378-16271,http://pathdb.cancerimagingarchive.net/system/files/wsi/ross/Osteosarcoma-UT/converted/Osteosarcoma-UT/Training-Set-1/set3/Case-3-A18-42378-16271.tiff,Case-3,Non-Viable-Tumor,NECROSIS,TRUE,False,RETRIEVED,200,C:\Users\enkso\.kiro\crew\scratch\runtime-0a306834\osteopatch_full_ingestion\tiffs\Case-3-A18-42378-16271.tiff,341298,30a0386143077464121847c5de0cd269783ef347f7135f0c2c99773131658742,c6afb6caedf036d483eccccaf97247993c8dc82babcb577aaa46edb7fdc2c221,d9b36e514e1833c3,914c9c3298903171,TIFF,TIFF-LE,1024,1024,RGB,3,8,True,211.36711883544922,26.14511806493581,0.15946292877197266,0.0,6.545133811932492,,False,False,False,False,False,False,PASS,True,
Case-3-A18-6464-3819,Case-3-A18-6464-3819,Case 3 A18-6464-3819,http://pathdb.cancerimagingarchive.net/system/files/wsi/ross/Osteosarcoma-UT/converted/Osteosarcoma-UT/Training-Set-2/set3/Case-3-A18-6464-3819.tiff,Case-3,Non-Viable-Tumor,NECROSIS,TRUE,False,RETRIEVED,200,C:\Users\enkso\.kiro\crew\scratch\runtime-0a306834\osteopatch_full_ingestion\tiffs\Case-3-A18-6464-3819.tiff,243302,b011dc034750a5a1dd568a9a5444a1b276440ee9535b6dbe2d4fae6e7e53b299,5586ae23f904735f7af0c60fd80b73c77abac18383d10119c26db0d8cc647f8e,e7cc58a639ca46a9,2024404b4b4f0b9a,TIFF,TIFF-LE,1024,1024,RGB,3,8,True,219.56883811950684,35.586023165209006,0.5570831298828125,0.0,5.116931081862977,,False,False,False,False,False,False,PASS,True,
Case-3-A18-6551-37204,Case-3-A18-6551-37204,Case 3 A18-6551-37204,http://pathdb.cancerimagingarchive.net/system/files/wsi/ross/Osteosarcoma-UT/converted/Osteosarcoma-UT/Training-Set-2/set3/Case-3-A18-6551-37204.tiff,Case-3,Non-Tumor,NON_TUMOR,TRUE,False,RETRIEVED,200,C:\Users\enkso\.kiro\crew\scratch\runtime-0a306834\osteopatch_full_ingestion\tiffs\Case-3-A18-6551-37204.tiff,148664,400b70e115c748df891f41e21e495378f087a94bb61d7242b32069347ce85250,d4f8a36ef72228cd2e5c566a1e6534558ddf1797735d369a9394bd1d671bbf32,bc30a2de5b48e87c,ad5e961130240000,TIFF,TIFF-LE,1024,1024,RGB,3,8,True,226.8783540725708,24.905539517170183,0.551661491394043,2.6702880859375e-05,4.595617836297178,,False,False,False,False,False,False,PASS,True,
Case-3-A18-9303-23566,Case-3-A18-9303-23566,Case 3 A18-9303-23566,http://pathdb.cancerimagingarchive.net/system/files/wsi/ross/Osteosarcoma-UT/converted/Osteosarcoma-UT/Training-Set-2/set3/Case-3-A18-9303-23566.tiff,Case-3,Non-Tumor,NON_TUMOR,TRUE,False,RETRIEVED,200,C:\Users\enkso\.kiro\crew\scratch\runtime-0a306834\osteopatch_full_ingestion\tiffs\Case-3-A18-9303-23566.tiff,180560,16fa3d7adfb324b014174b9c69f4dae5688b2d637e0e7f0268e3487ee6974cfc,3378700ff55ce6d6c5347492ba7daa9d26f9c36c7615220ffa777f5f26aeaa33,ddd21b3437536415,7c71804824a45052,TIFF,TIFF-LE,1024,1024,RGB,3,8,True,233.91637802124023,23.94920062541712,0.7211790084838867,2.956390380859375e-05,4.519607194001594,,False,False,False,False,False,False,PASS,True,
Case-3-A18-9485-39729,Case-3-A18-9485-39729,Case 3 A18-9485-39729,http://pathdb.cancerimagingarchive.net/system/files/wsi/ross/Osteosarcoma-UT/converted/Osteosarcoma-UT/Training-Set-2/set3/Case-3-A18-9485-39729.tiff,Case-3,Non-Tumor,NON_TUMOR,TRUE,False,RETRIEVED,200,C:\Users\enkso\.kiro\crew\scratch\runtime-0a306834\osteopatch_full_ingestion\tiffs\Case-3-A18-9485-39729.tiff,72886,e2dd35f5953c841f715cc36567980ad881bf66ea913f841509427f4b9b4d83de,33fbb48efc728a9823e0660a503102e57b7bd6dd2a08eb6e757e89ee0a812b62,f179eaa89197064e,9f136c1c134c0000,TIFF,TIFF-LE,1024,1024,RGB,3,8,True,216.84187412261963,48.93026836473938,0.7417173385620117,0.0,2.6321106882796856,LOW_INFORMATION,False,False,False,False,False,True,REVIEW,False,image QC status REVIEW
Case-3-A18-9709-20966,Case-3-A18-9709-20966,Case 3 A18-9709-20966,http://pathdb.cancerimagingarchive.net/system/files/wsi/ross/Osteosarcoma-UT/converted/Osteosarcoma-UT/Training-Set-2/set3/Case-3-A18-9709-20966.tiff,Case-3,Non-Tumor,NON_TUMOR,TRUE,False,RETRIEVED,200,C:\Users\enkso\.kiro\crew\scratch\runtime-0a306834\osteopatch_full_ingestion\tiffs\Case-3-A18-9709-20966.tiff,231280,a45be560cb6a4841c7e3efadc3323f4f4417b09ee8909eb08c6f82e79a37d583,7912a3a88ce4a3b3fd18af84224d904de3724fe534feb4bdec195161cc24561b,d7f2aca501d84aab,cc4e6990dac834e2,TIFF,TIFF-LE,1024,1024,RGB,3,8,True,224.4368782043457,37.178431404951226,0.6209878921508789,2.86102294921875e-06,5.562618714023655,,False,False,False,False,False,False,PASS,True,
Case-3-A18-9712-32113,Case-3-A18-9712-32113,Case 3 A18-9712-32113,http://pathdb.cancerimagingarchive.net/system/files/wsi/ross/Osteosarcoma-UT/converted/Osteosarcoma-UT/Training-Set-2/set3/Case-3-A18-9712-32113.tiff,Case-3,Non-Tumor,NON_TUMOR,TRUE,False,RETRIEVED,200,C:\Users\enkso\.kiro\crew\scratch\runtime-0a306834\osteopatch_full_ingestion\tiffs\Case-3-A18-9712-32113.tiff,236590,74f4daee878ede5800642af5857323e58b780fd75d494b7f86ba363e88df9f71,42bed554026358339f47b7227187dcc5076c99f4e5fc273c3f4fa80ee8124329,9fd0e679c238c721,30345c78787c376e,TIFF,TIFF-LE,1024,1024,RGB,3,8,True,127.31513023376465,25.21061545088358,0.009556770324707031,3.0517578125e-05,6.5410309441117205,,False,False,False,False,False,False,PASS,True,
Case-3-A7-10464-40567,Case-3-A7-10464-40567,Case 3 A7-10464-40567,http://pathdb.cancerimagingarchive.net/system/files/wsi/ross/Osteosarcoma-UT/converted/Osteosarcoma-UT/Training-Set-2/set3/Case-3-A7-10464-40567.tiff,Case-3,Non-Tumor,NON_TUMOR,TRUE,False,RETRIEVED,200,C:\Users\enkso\.kiro\crew\scratch\runtime-0a306834\osteopatch_full_ingestion\tiffs\Case-3-A7-10464-40567.tiff,141416,340736ed1e5cccf676113d7cfb61cdedb933d384d6dd403260da94b8d51d20a8,e1c008b27b0f9413902c44c80c5688a46a4c0f56f1a40edde5838897d3ac87d4,e362e7ae2ae8b828,0b4c91011db61612,TIFF,TIFF-LE,1024,1024,RGB,3,8,True,184.51381301879883,60.91554822594299,0.46042919158935547,2.09808349609375e-05,5.209410782934555,,False,False,False,False,False,False,PASS,True,
Case-3-A7-11686-7821,Case-3-A7-11686-7821,Case 3 A7-11686-7821,http://pathdb.cancerimagingarchive.net/system/files/wsi/ross/Osteosarcoma-UT/converted/Osteosarcoma-UT/Training-Set-2/set3/Case-3-A7-11686-7821.tiff,Case-3,Non-Viable-Tumor,NECROSIS,TRUE,False,RETRIEVED,200,C:\Users\enkso\.kiro\crew\scratch\runtime-0a306834\osteopatch_full_ingestion\tiffs\Case-3-A7-11686-7821.tiff,329784,bf07dd9d623da60b68a819cb6bd4f622a8d9cf5509ce56296eca497a669edc8b,2baa8f3eaea95d588a21f30d4683d5fdb508046b2dae26b673e0e47914c50e31,a618d9f2b7a1405f,9424e6ee6fafe746,TIFF,TIFF-LE,1024,1024,RGB,3,8,True,203.46361351013184,35.44656105134342,0.2562398910522461,0.0,6.840756121040782,,False,False,False,False,False,False,PASS,True,
Case-3-A7-12689-31503,Case-3-A7-12689-31503,Case 3 A7-12689-31503,http://pathdb.cancerimagingarchive.net/system/files/wsi/ross/Osteosarcoma-UT/converted/Osteosarcoma-UT/Training-Set-2/set3/Case-3-A7-12689-31503.tiff,Case-3,Non-Tumor,NON_TUMOR,TRUE,False,RETRIEVED,200,C:\Users\enkso\.kiro\crew\scratch\runtime-0a306834\osteopatch_full_ingestion\tiffs\Case-3-A7-12689-31503.tiff,224824,aa249c422f9c91d371f74f7d3f53d2b6cfaa0ce0fbffdf7f9a4c400813460de8,ccb40f1f4d14ac4b31b6bbb6bd1b6928557e4a5ef00610b3341f6e906ef210d5,aaa955d772555413,eb6bc3234f677faf,TIFF,TIFF-LE,1024,1024,RGB,3,8,True,149.30430030822754,29.317460138625297,0.050506591796875,0.0,6.243228391862168,,False,False,False,False,False,False,PASS,True,
Case-3-A7-12921-34202,Case-3-A7-12921-34202,Case 3 A7-12921-34202,http://pathdb.cancerimagingarchive.net/system/files/wsi/ross/Osteosarcoma-UT/converted/Osteosarcoma-UT/Training-Set-2/set3/Case-3-A7-12921-34202.tiff,Case-3,Non-Tumor,NON_TUMOR,TRUE,False,RETRIEVED,200,C:\Users\enkso\.kiro\crew\scratch\runtime-0a306834\osteopatch_full_ingestion\tiffs\Case-3-A7-12921-34202.tiff,222452,bb168835b0870a855ce7fcec486703c1c90eb01e69839b5eebc7b66ceac1ab8a,e5887ddcb8890951c22317a041f42277a057700191ca64fa5697fad0fcbe8c36,aba9d553b34c5454,c3c323231b3b233f,TIFF,TIFF-LE,1024,1024,RGB,3,8,True,143.06497287750244,35.11211365857392,0.056548118591308594,1.9073486328125e-06,6.593255627584213,,False,False,False,False,False,False,PASS,True,
Case-3-A7-13231-25695,Case-3-A7-13231-25695,Case 3 A7-13231-25695,http://pathdb.cancerimagingarchive.net/system/files/wsi/ross/Osteosarcoma-UT/converted/Osteosarcoma-UT/Training-Set-2/set3/Case-3-A7-13231-25695.tiff,Case-3,Non-Viable-Tumor,NECROSIS,TRUE,False,RETRIEVED,200,C:\Users\enkso\.kiro\crew\scratch\runtime-0a306834\osteopatch_full_ingestion\tiffs\Case-3-A7-13231-25695.tiff,247394,a709e15b7b374d3dd12462e56f9df85894bd892b22a2068572fff06cd1accf51,539046e7428c80cbfb28d0caebed872648551c3c03b87236fc04a671954c7e9b,c61e973a482c3df8,b4edca95d13aa5c2,TIFF,TIFF-LE,1024,1024,RGB,3,8,True,226.97348880767822,25.104222223240498,0.5257883071899414,0.0,5.714407344449299,,False,False,False,False,False,False,PASS,True,
Case-3-A7-13363-2996,Case-3-A7-13363-2996,Case 3 A7-13363-2996,http://pathdb.cancerimagingarchive.net/system/files/wsi/ross/Osteosarcoma-UT/converted/Osteosarcoma-UT/Training-Set-2/set3/Case-3-A7-13363-2996.tiff,Case-3,Non-Viable-Tumor,NECROSIS,TRUE,False,RETRIEVED,200,C:\Users\enkso\.kiro\crew\scratch\runtime-0a306834\osteopatch_full_ingestion\tiffs\Case-3-A7-13363-2996.tiff,147086,bccfc8ef11dcbae6365d562b4b6bec68eb7b3564bb18f9ad72f5b336b582ce5e,9501c5ba6788edc6fc545e1be095aa85acf77de3ba298dfe91caa74cc009ee6a,b1ec47473039cc4f,0040311a1c3c5c90,TIFF,TIFF-LE,1024,1024,RGB,3,8,True,230.7810935974121,20.2009856404803,0.5839138031005859,9.5367431640625e-07,4.248108676365593,,False,False,False,False,False,False,PASS,True,
Case-3-A7-13460-33035,Case-3-A7-13460-33035,Case 3 A7-13460-33035,http://pathdb.cancerimagingarchive.net/system/files/wsi/ross/Osteosarcoma-UT/converted/Osteosarcoma-UT/Training-Set-2/set3/Case-3-A7-13460-33035.tiff,Case-3,Non-Tumor,NON_TUMOR,TRUE,False,RETRIEVED,200,C:\Users\enkso\.kiro\crew\scratch\runtime-0a306834\osteopatch_full_ingestion\tiffs\Case-3-A7-13460-33035.tiff,213518,e6cf843138449aa415beb1b61b15e25669368d3b82f7bc9fa6c407b72db574ac,4c3cb5d3fd3a8d6e44ba577384664d69994aea92585a673e05f9db539dbf130c,8770794cb76d483c,f9d9ed6dece07278,TIFF,TIFF-LE,1024,1024,RGB,3,8,True,188.3427391052246,37.936980288601156,0.20784854888916016,0.0,6.6237892095577475,,False,False,False,False,False,False,PASS,True,
Case-3-A7-14113-31320,Case-3-A7-14113-31320,Case 3 A7-14113-31320,http://pathdb.cancerimagingarchive.net/system/files/wsi/ross/Osteosarcoma-UT/converted/Osteosarcoma-UT/Training-Set-2/set3/Case-3-A7-14113-31320.tiff,Case-3,Non-Tumor,NON_TUMOR,TRUE,False,RETRIEVED,200,C:\Users\enkso\.kiro\crew\scratch\runtime-0a306834\osteopatch_full_ingestion\tiffs\Case-3-A7-14113-31320.tiff,217896,41b2bec1a255d9312364d222f3c6fc885522627080671dd9fb0266810f359bb9,ea806c89f64f7bed8a56586a635b813b7625b19b7b31843d471613226dd7124d,fe13e44c43c6ad23,8000000001302000,TIFF,TIFF-LE,1024,1024,RGB,3,8,True,154.91864109039307,21.31946551001107,0.007979393005371094,2.86102294921875e-06,6.329620144412633,,False,False,False,False,False,False,PASS,True,
Case-3-A7-14703-16558,Case-3-A7-14703-16558,Case 3 A7-14703-16558,http://pathdb.cancerimagingarchive.net/system/files/wsi/ross/Osteosarcoma-UT/converted/Osteosarcoma-UT/Training-Set-2/set3/Case-3-A7-14703-16558.tiff,Case-3,Non-Viable-Tumor,NECROSIS,TRUE,False,RETRIEVED,200,C:\Users\enkso\.kiro\crew\scratch\runtime-0a306834\osteopatch_full_ingestion\tiffs\Case-3-A7-14703-16558.tiff,304884,f9c5386d60bfc473eb36b77ad86786bfcd9aeff00766b325294b13ad8fa41451,0a8b3c6f84b081b8401e74b9bac0b6b845a761df3aa9115a2624fc30dd2fd0c4,9ae8c55f78634985,33add3193979ecd9,TIFF,TIFF-LE,1024,1024,RGB,3,8,True,218.1177158355713,29.385360154771956,0.3339967727661133,0.0,6.440338586590961,,False,False,False,False,False,False,PASS,True,
Case-3-A7-16948-19208,Case-3-A7-16948-19208,Case 3 A7-16948-19208,http://pathdb.cancerimagingarchive.net/system/files/wsi/ross/Osteosarcoma-UT/converted/Osteosarcoma-UT/Training-Set-2/set3/Case-3-A7-16948-19208.tiff,Case-3,Non-Tumor,NON_TUMOR,TRUE,False,RETRIEVED,200,C:\Users\enkso\.kiro\crew\scratch\runtime-0a306834\osteopatch_full_ingestion\tiffs\Case-3-A7-16948-19208.tiff,288220,c5d9b205ef960e7f0a6468e48b285c5bbb220e148cd444e32ec3a03dc52f600a,97fe60e07e9edbf601536840f8085523fa5089d9375e53d43bf10fcf88d1619a,bec1261bc43bcdb0,f3e9283e7a3d3d27,TIFF,TIFF-LE,1024,1024,RGB,3,8,True,211.0463171005249,39.407314706857875,0.3889894485473633,8.58306884765625e-06,6.6157404309542205,,False,False,False,False,False,False,PASS,True,
Case-3-A7-18669-5101,Case-3-A7-18669-5101,Case 3 A7-18669-5101,http://pathdb.cancerimagingarchive.net/system/files/wsi/ross/Osteosarcoma-UT/converted/Osteosarcoma-UT/Training-Set-2/set3/Case-3-A7-18669-5101.tiff,Case-3,Non-Viable-Tumor,NECROSIS,TRUE,False,RETRIEVED,200,C:\Users\enkso\.kiro\crew\scratch\runtime-0a306834\osteopatch_full_ingestion\tiffs\Case-3-A7-18669-5101.tiff,337304,cd4c9b5e37df2b53f1f08d9060cd1b313a91bdd42c8de46742414e3c6ad7b72c,7d69dd14a14a7511558c0e9c4b27bafa7115b734b9890406a1da194fbe276f11,b54a4dd2f8ab50d2,19722b2f8c8e5262,TIFF,TIFF-LE,1024,1024,RGB,3,8,True,209.99270248413086,36.72801394419467,0.38058948516845703,9.5367431640625e-07,6.54401509339451,,False,False,False,False,False,False,PASS,True,
Case-3-A7-19592-19096,Case-3-A7-19592-19096,Case 3 A7-19592-19096,http://pathdb.cancerimagingarchive.net/system/files/wsi/ross/Osteosarcoma-UT/converted/Osteosarcoma-UT/Training-Set-2/set3/Case-3-A7-19592-19096.tiff,Case-3,Non-Viable-Tumor,NECROSIS,TRUE,False,RETRIEVED,200,C:\Users\enkso\.kiro\crew\scratch\runtime-0a306834\osteopatch_full_ingestion\tiffs\Case-3-A7-19592-19096.tiff,288638,af994fb2729bd436228a98908722c41dd9f105511939e24ffc6514fce6bf9dbf,c9fb30496d751db67873224ea3f3e568e02d26745d860fcd08f4f834538ef972,b12278f3c3178f0d,8d9777eecad41eb2,TIFF,TIFF-LE,1024,1024,RGB,3,8,True,223.50667762756348,24.67336947037175,0.41806888580322266,0.0,6.160875601610552,,False,False,False,False,False,False,PASS,True,
Case-3-A7-22533-27072,Case-3-A7-22533-27072,Case 3 A7-22533-27072,http://pathdb.cancerimagingarchive.net/system/files/wsi/ross/Osteosarcoma-UT/converted/Osteosarcoma-UT/Training-Set-1/set3/Case-3-A7-22533-27072.tiff,Case-3,Non-Viable-Tumor,NECROSIS,TRUE,False,RETRIEVED,200,C:\Users\enkso\.kiro\crew\scratch\runtime-0a306834\osteopatch_full_ingestion\tiffs\Case-3-A7-22533-27072.tiff,311724,228af3be882331a881945776776e1c6faf2732b8e5c07e83aedd33ac048eef5f,38032c3e869ee96ca121b3de42786b2c86c1599d176ab7941b8a2130795a0ee9,acf33c4cd3755902,1435138fc5b5b73d,TIFF,TIFF-LE,1024,1024,RGB,3,8,True,221.45103359222412,31.228518615028406,0.41966724395751953,1.049041748046875e-05,6.281863407268758,,False,False,False,False,False,False,PASS,True,
Case-3-A7-25131-12730,Case-3-A7-25131-12730,Case 3 A7-25131-12730,http://pathdb.cancerimagingarchive.net/system/files/wsi/ross/Osteosarcoma-UT/converted/Osteosarcoma-UT/Training-Set-1/set3/Case-3-A7-25131-12730.tiff,Case-3,Non-Viable-Tumor,NECROSIS,TRUE,False,RETRIEVED,200,C:\Users\enkso\.kiro\crew\scratch\runtime-0a306834\osteopatch_full_ingestion\tiffs\Case-3-A7-25131-12730.tiff,349344,a56024ea13224344b7190e97ae564eaf959059705eef82d8cce0240c206194fd,a684c7e056042d67dc5fd25308ccd35a6beae601f3b8e6dbdfd0b9b87f5a433b,d09bc86f04bd067d,101118900441a283,TIFF,TIFF-LE,1024,1024,RGB,3,8,True,192.11452770233154,27.050459815428983,0.05088615417480469,0.0,6.749809139721404,,False,False,False,False,False,False,PASS,True,
Case-3-A7-25309-2061,Case-3-A7-25309-2061,Case 3 A7-25309-2061,http://pathdb.cancerimagingarchive.net/system/files/wsi/ross/Osteosarcoma-UT/converted/Osteosarcoma-UT/Training-Set-1/set3/Case-3-A7-25309-2061.tiff,Case-3,Non-Viable-Tumor,NECROSIS,TRUE,False,RETRIEVED,200,C:\Users\enkso\.kiro\crew\scratch\runtime-0a306834\osteopatch_full_ingestion\tiffs\Case-3-A7-25309-2061.tiff,186208,b2858f2b2901a554c4bf8f8fdf23151b867c71340140e21bb49be55796921ba4,65e8b3b014e8d79df88b54dfb26ea6d08eab29603be2484e2855774cb4eee069,ea8a952d6ada94a5,001289094b73000a,TIFF,TIFF-LE,1024,1024,RGB,3,8,True,225.40993118286133,27.5826423302342,0.563807487487793,0.0,4.752212835311816,,False,False,False,False,False,False,PASS,True,
Case-3-A7-27102-7995,Case-3-A7-27102-7995,Case 3 A7-27102-7995,http://pathdb.cancerimagingarchive.net/system/files/wsi/ross/Osteosarcoma-UT/converted/Osteosarcoma-UT/Training-Set-1/set3/Case-3-A7-27102-7995.tiff,Case-3,Non-Viable-Tumor,NECROSIS,TRUE,False,RETRIEVED,200,C:\Users\enkso\.kiro\crew\scratch\runtime-0a306834\osteopatch_full_ingestion\tiffs\Case-3-A7-27102-7995.tiff,358672,5abcf58194454fbd52ea2db786480c14bd50e8aa619312017af3aaf15c108795,f6f2b6b1d67b8f0f8cdb934c342c6e5b597bf912374003487db40b9add3468dd,f298e74c3085deb4,d5192d999c61cc4c,TIFF,TIFF-LE,1024,1024,RGB,3,8,True,213.72591400146484,26.264994520037956,0.22781944274902344,0.0,6.5587717371966,,False,False,False,False,False,False,PASS,True,
Case-3-A7-29290-29183,Case-3-A7-29290-29183,Case 3 A7-29290-29183,http://pathdb.cancerimagingarchive.net/system/files/wsi/ross/Osteosarcoma-UT/converted/Osteosarcoma-UT/Training-Set-1/set3/Case-3-A7-29290-29183.tiff,Case-3,Non-Tumor,NON_TUMOR,TRUE,False,RETRIEVED,200,C:\Users\enkso\.kiro\crew\scratch\runtime-0a306834\osteopatch_full_ingestion\tiffs\Case-3-A7-29290-29183.tiff,179858,1573c5b471a285125eafba9c2181b4a8b8cd89ef0b951aab52b99cc5dcfa52fe,a295d5c7cea2543e2359cc7444ad4092b813474deb4e01e076d8712b2c419e6f,a32a7c555795a9a8,9e0f134c4993d24b,TIFF,TIFF-LE,1024,1024,RGB,3,8,True,139.71787071228027,16.03749978605277,0.008565902709960938,0.0,5.574113989247767,,False,False,False,False,False,False,PASS,True,
Case-3-A7-29420-19979,Case-3-A7-29420-19979,Case 3 A7-29420-19979,http://pathdb.cancerimagingarchive.net/system/files/wsi/ross/Osteosarcoma-UT/converted/Osteosarcoma-UT/Training-Set-1/set3/Case-3-A7-29420-19979.tiff,Case-3,Non-Viable-Tumor,NECROSIS,TRUE,False,RETRIEVED,200,C:\Users\enkso\.kiro\crew\scratch\runtime-0a306834\osteopatch_full_ingestion\tiffs\Case-3-A7-29420-19979.tiff,308856,d044b86fb8807e226c72aa37333056f74d43855fea952de507cbfbf5a9ccabe9,310e94bb13ca573f6401b7d1f67b498dd3b8eb9222371ddc14087a63566f1fdc,efc56a9661b04f84,c2c6c2d2c6690d03,TIFF,TIFF-LE,1024,1024,RGB,3,8,True,213.062593460083,26.09606265007867,0.1919689178466797,0.0,6.507710628184198,,False,False,False,False,False,False,PASS,True,
Case-3-A7-31694-7282,Case-3-A7-31694-7282,Case 3 A7-31694-7282,http://pathdb.cancerimagingarchive.net/system/files/wsi/ross/Osteosarcoma-UT/converted/Osteosarcoma-UT/Training-Set-1/set3/Case-3-A7-31694-7282.tiff,Case-3,Non-Viable-Tumor,NECROSIS,TRUE,False,RETRIEVED,200,C:\Users\enkso\.kiro\crew\scratch\runtime-0a306834\osteopatch_full_ingestion\tiffs\Case-3-A7-31694-7282.tiff,360116,b6f419b3cca5451fe454c423fd604ed882ae08ad8ebc012fba6389eaa77d02d6,aebf6910aa08941d9343213669680dc7f489bf752e4cf803ef6699c0af84dbbd,aab34c8e7ce2c718,a18bd91f356dd1b2,TIFF,TIFF-LE,1024,1024,RGB,3,8,True,209.7194881439209,29.322184328216757,0.20356369018554688,0.0,6.705551528256077,,False,False,False,False,False,False,PASS,True,
Case-3-A7-31801-6579,Case-3-A7-31801-6579,Case 3 A7-31801-6579,http://pathdb.cancerimagingarchive.net/system/files/wsi/ross/Osteosarcoma-UT/converted/Osteosarcoma-UT/Training-Set-1/set3/Case-3-A7-31801-6579.tiff,Case-3,Non-Viable-Tumor,NECROSIS,TRUE,False,RETRIEVED,200,C:\Users\enkso\.kiro\crew\scratch\runtime-0a306834\osteopatch_full_ingestion\tiffs\Case-3-A7-31801-6579.tiff,364276,5a5bbc714ff64eaf5205c9aa0c6854b865e966267228b816c4bfca692a6cd8e3,76b2636dadd30ed069e4bdbde9accba0a64eeec436fa740b93b6af161fb954be,e554b863f085d8cd,943264c4c44a5697,TIFF,TIFF-LE,1024,1024,RGB,3,8,True,210.41038990020752,29.485432211615894,0.2271747589111328,0.0,6.702566103015786,,False,False,False,False,False,False,PASS,True,
Case-3-A7-32878-13552,Case-3-A7-32878-13552,Case 3 A7-32878-13552,http://pathdb.cancerimagingarchive.net/system/files/wsi/ross/Osteosarcoma-UT/converted/Osteosarcoma-UT/Training-Set-1/set3/Case-3-A7-32878-13552.tiff,Case-3,Non-Viable-Tumor,NECROSIS,TRUE,False,RETRIEVED,200,C:\Users\enkso\.kiro\crew\scratch\runtime-0a306834\osteopatch_full_ingestion\tiffs\Case-3-A7-32878-13552.tiff,384338,a4813cc93ddbf20a66520fc32542b7a35cc42695c8862ce9110f7ca063016939,843e2e07bdf4fb42e8cde55fe54cfa7d50d7290dca06c644a9e80752307b577f,9ca98edc05ce6497,b7f90f231a2270f4,TIFF,TIFF-LE,1024,1024,RGB,3,8,True,201.82160091400146,32.17582850682555,0.1685943603515625,0.0,6.896538280740836,,False,False,False,False,False,False,PASS,True,
Case-3-A7-34476-34669,Case-3-A7-34476-34669,Case 3 A7-34476-34669,http://pathdb.cancerimagingarchive.net/system/files/wsi/ross/Osteosarcoma-UT/converted/Osteosarcoma-UT/Training-Set-1/set3/Case-3-A7-34476-34669.tiff,Case-3,Non-Tumor,NON_TUMOR,TRUE,False,RETRIEVED,200,C:\Users\enkso\.kiro\crew\scratch\runtime-0a306834\osteopatch_full_ingestion\tiffs\Case-3-A7-34476-34669.tiff,250830,f9ed54a0a5162074a95efb4c28bf23cbc1091f3e0a5a46fe8a0bc1f074369f93,94f1e16c3a9d45bf383a763209197d830f87729194d7f592df3686c63f36083d,89b4dbe6845b4479,90dd3bfca22159d3,TIFF,TIFF-LE,1024,1024,RGB,3,8,True,214.69683933258057,35.45424626674936,0.46059226989746094,0.0,5.981999423340359,,False,False,False,False,False,False,PASS,True,
Case-3-A7-35188-7457,Case-3-A7-35188-7457,Case 3 A7-35188-7457,http://pathdb.cancerimagingarchive.net/system/files/wsi/ross/Osteosarcoma-UT/converted/Osteosarcoma-UT/Training-Set-1/set3/Case-3-A7-35188-7457.tiff,Case-3,Non-Viable-Tumor,NECROSIS,TRUE,False,RETRIEVED,200,C:\Users\enkso\.kiro\crew\scratch\runtime-0a306834\osteopatch_full_ingestion\tiffs\Case-3-A7-35188-7457.tiff,355910,1f837179ee14aa84f94a230e430345ea3e28466415620573c241ebec34fad860,66cbb3825c1586c12ed347ca1d8a38bb9c9c62e22187ffdafa8b211d880ba1f9,d942a45ab55cb2e9,06d1d16059393396,TIFF,TIFF-LE,1024,1024,RGB,3,8,True,205.46150398254395,33.7817883595208,0.21624469757080078,0.0,6.8399504276105585,,False,False,False,False,False,False,PASS,True,
Case-3-A7-36617-26705,Case-3-A7-36617-26705,Case 3 A7-36617-26705,http://pathdb.cancerimagingarchive.net/system/files/wsi/ross/Osteosarcoma-UT/converted/Osteosarcoma-UT/Training-Set-1/set3/Case-3-A7-36617-26705.tiff,Case-3,Non-Viable-Tumor,NECROSIS,TRUE,False,RETRIEVED,200,C:\Users\enkso\.kiro\crew\scratch\runtime-0a306834\osteopatch_full_ingestion\tiffs\Case-3-A7-36617-26705.tiff,319800,e3b003f7d30e7c180d1f3601c8e68adbbb6be07e3752d41524b28e427f20d83d,6a2642040167a597fd549e7bd41024da7a88fbe8a4bcbb42c99c309573b7bc1a,c97957ae408b8aae,da129393a7656ae0,TIFF,TIFF-LE,1024,1024,RGB,3,8,True,220.1416130065918,27.079939891598894,0.3657875061035156,0.0,6.338483463603885,,False,False,False,False,False,False,PASS,True,
Case-3-A7-36958-32140,Case-3-A7-36958-32140,Case 3 A7-36958-32140,http://pathdb.cancerimagingarchive.net/system/files/wsi/ross/Osteosarcoma-UT/converted/Osteosarcoma-UT/Training-Set-1/set3/Case-3-A7-36958-32140.tiff,Case-3,Non-Tumor,NON_TUMOR,TRUE,False,RETRIEVED,200,C:\Users\enkso\.kiro\crew\scratch\runtime-0a306834\osteopatch_full_ingestion\tiffs\Case-3-A7-36958-32140.tiff,218526,6c9e2aa09cdeaeb9fac99f22f728d80d9722143e925a7ae22fb65ff04e0ead35,713c27ea669b5edb7d40499eb2712e0a4a900de9dc290de7d93b2a4670311be4,f37dba7428906d82,020048090108ccef,TIFF,TIFF-LE,1024,1024,RGB,3,8,True,167.38175010681152,33.81080949999985,0.1281871795654297,0.0,6.193297719836135,,False,False,False,False,False,False,PASS,True,
Case-3-A7-3774-28397,Case-3-A7-3774-28397,Case 3 A7-3774-28397,http://pathdb.cancerimagingarchive.net/system/files/wsi/ross/Osteosarcoma-UT/converted/Osteosarcoma-UT/Training-Set-2/set3/Case-3-A7-3774-28397.tiff,Case-3,Non-Tumor,NON_TUMOR,TRUE,False,RETRIEVED,200,C:\Users\enkso\.kiro\crew\scratch\runtime-0a306834\osteopatch_full_ingestion\tiffs\Case-3-A7-3774-28397.tiff,204802,73245381d4bfaad0842e182328ca910d282648abb7ce920472160a5214aaa956,87b1b3177d570aa283f4d3a5697afb45472382bcff78906477a7574c9237c849,c547a8b69e4d6323,76c4c3702c941013,TIFF,TIFF-LE,1024,1024,RGB,3,8,True,209.18015575408936,46.37795277284038,0.5096101760864258,1.9073486328125e-06,5.519921542174739,,False,False,False,False,False,False,PASS,True,
Case-3-A7-39090-2995,Case-3-A7-39090-2995,Case 3 A7-39090-2995,http://pathdb.cancerimagingarchive.net/system/files/wsi/ross/Osteosarcoma-UT/converted/Osteosarcoma-UT/Training-Set-1/set3/Case-3-A7-39090-2995.tiff,Case-3,Non-Viable-Tumor,NECROSIS,TRUE,False,RETRIEVED,200,C:\Users\enkso\.kiro\crew\scratch\runtime-0a306834\osteopatch_full_ingestion\tiffs\Case-3-A7-39090-2995.tiff,334110,ef58b682a47ba2a0279aec39a7ca93c4009a87ef2f8a0a091f3d06544eca83e6,0167c68048716b3c4b664b5cd257fadb7f06b31480d0b3511eb6ffdf0de86e89,d0c0a3e787019ddf,c88cb8b0283080d5,TIFF,TIFF-LE,1024,1024,RGB,3,8,True,200.2785701751709,33.86374819627788,0.21509838104248047,0.0,6.8558329569821606,,False,False,False,False,False,False,PASS,True,
Case-3-A7-40281-28771,Case-3-A7-40281-28771,Case 3 A7-40281-28771,http://pathdb.cancerimagingarchive.net/system/files/wsi/ross/Osteosarcoma-UT/converted/Osteosarcoma-UT/Training-Set-1/set3/Case-3-A7-40281-28771.tiff,Case-3,Non-Tumor,NON_TUMOR,TRUE,False,RETRIEVED,200,C:\Users\enkso\.kiro\crew\scratch\runtime-0a306834\osteopatch_full_ingestion\tiffs\Case-3-A7-40281-28771.tiff,205520,4d62d8b4d395a18a46aa82928ec19b3081ac7995d4d22455e39598ce7351b77b,b40330f9788b19e5bb09e8b1310ca6d221283c9bef85f64d2c4b5abb804bf9d2,cfc93036c7c93934,220f737265180808,TIFF,TIFF-LE,1024,1024,RGB,3,8,True,149.8026943206787,28.085304653002066,0.06348133087158203,0.0,5.972225389729053,,False,False,False,False,False,False,PASS,True,
Case-3-A7-5014-31757,Case-3-A7-5014-31757,Case 3 A7-5014-31757,http://pathdb.cancerimagingarchive.net/system/files/wsi/ross/Osteosarcoma-UT/converted/Osteosarcoma-UT/Training-Set-2/set3/Case-3-A7-5014-31757.tiff,Case-3,Non-Tumor,NON_TUMOR,TRUE,False,RETRIEVED,200,C:\Users\enkso\.kiro\crew\scratch\runtime-0a306834\osteopatch_full_ingestion\tiffs\Case-3-A7-5014-31757.tiff,200966,bfab447e64b5a01b90660e54efd105fefd007d68d6b6790e9740ab2388fce8c7,4b49c12a167eb4a4fc7fef6151429fd92e9a60a2a479c675174e9f11aeea7837,b6da15e6dd1832e0,2cacac38048cecdc,TIFF,TIFF-LE,1024,1024,RGB,3,8,True,149.1338415145874,39.12333855169884,0.09320831298828125,3.814697265625e-05,6.644203246028223,,False,False,False,False,False,False,PASS,True,
Case-3-A7-7717-26653,Case-3-A7-7717-26653,Case 3 A7-7717-26653,http://pathdb.cancerimagingarchive.net/system/files/wsi/ross/Osteosarcoma-UT/converted/Osteosarcoma-UT/Training-Set-2/set3/Case-3-A7-7717-26653.tiff,Case-3,Non-Viable-Tumor,NECROSIS,TRUE,False,RETRIEVED,200,C:\Users\enkso\.kiro\crew\scratch\runtime-0a306834\osteopatch_full_ingestion\tiffs\Case-3-A7-7717-26653.tiff,106416,1e7732570513b89b38693f80af41b930a3870dfba972c51610aa7a97951c4bcc,15cb9854dabbce30aaa7d9e68e59fa50a33cf0b4d2d7be0fe0c67f7afc51abbd,c26e26a66e5d9d88,0509290989068180,TIFF,TIFF-LE,1024,1024,RGB,3,8,True,235.61464023590088,24.963694440660987,0.8264665603637695,1.9073486328125e-06,2.371373950152083,LOW_INFORMATION,False,False,False,False,False,True,REVIEW,False,image QC status REVIEW
Case-3-A7-8126-12734,Case-3-A7-8126-12734,Case 3 A7-8126-12734,http://pathdb.cancerimagingarchive.net/system/files/wsi/ross/Osteosarcoma-UT/converted/Osteosarcoma-UT/Training-Set-2/set3/Case-3-A7-8126-12734.tiff,Case-3,Non-Tumor,NON_TUMOR,TRUE,False,RETRIEVED,200,C:\Users\enkso\.kiro\crew\scratch\runtime-0a306834\osteopatch_full_ingestion\tiffs\Case-3-A7-8126-12734.tiff,306674,ba0142b83d13b115ad5d6050e54ce07b28906de6bd8b40255b51b32ff0977de7,701fa760bf4084f917f89d3d93e67c474d5e9341863704969256bb3c4d70e586,e9c086b93cc9ac76,a3d897939b93c96d,TIFF,TIFF-LE,1024,1024,RGB,3,8,True,216.6024980545044,32.30231759311163,0.3708343505859375,0.0,6.515765800534154,,False,False,False,False,False,False,PASS,True,
Case-3-A8-10396-34864,Case-3-A8-10396-34864,Case 3 A8-10396-34864,http://pathdb.cancerimagingarchive.net/system/files/wsi/ross/Osteosarcoma-UT/converted/Osteosarcoma-UT/Training-Set-2/set3/Case-3-A8-10396-34864.tiff,Case-3,Non-Tumor,NON_TUMOR,TRUE,False,RETRIEVED,200,C:\Users\enkso\.kiro\crew\scratch\runtime-0a306834\osteopatch_full_ingestion\tiffs\Case-3-A8-10396-34864.tiff,182022,0e9923b314bcc155324aafc9b29e7200599b3cee6a6ad56e72fcd852e0e472e8,3edccc529e5c021592199f1706ddeaf502c2c96e2c3986dbd5b5a66feb78a1a7,9325960b879aa5d7,fe9f94eef2d3f864,TIFF,TIFF-LE,1024,1024,RGB,3,8,True,148.7878818511963,57.99461654028116,0.24582767486572266,3.814697265625e-06,5.802436114981927,,False,False,False,False,False,False,PASS,True,
Case-3-A8-11491-21160,Case-3-A8-11491-21160,Case 3 A8-11491-21160,http://pathdb.cancerimagingarchive.net/system/files/wsi/ross/Osteosarcoma-UT/converted/Osteosarcoma-UT/Training-Set-2/set3/Case-3-A8-11491-21160.tiff,Case-3,Non-Tumor,NON_TUMOR,TRUE,False,RETRIEVED,200,C:\Users\enkso\.kiro\crew\scratch\runtime-0a306834\osteopatch_full_ingestion\tiffs\Case-3-A8-11491-21160.tiff,232406,c9c1c6b30b35ad6e3f8d3e2c9f975b4c87e78c6b7fa8f4f440542746d421e20c,ac2c7fea2b0cb01329f03bd835416fe8435d3a117309acd2d6cb5a6d41764831,cda25b3b5934ac45,4ac9a6b6d21534aa,TIFF,TIFF-LE,1024,1024,RGB,3,8,True,229.85493850708008,28.947059073921768,0.6355218887329102,9.5367431640625e-07,5.422050034126565,,False,False,False,False,False,False,PASS,True,
Case-3-A8-14916-20753,Case-3-A8-14916-20753,Case 3 A8-14916-20753,http://pathdb.cancerimagingarchive.net/system/files/wsi/ross/Osteosarcoma-UT/converted/Osteosarcoma-UT/Training-Set-2/set3/Case-3-A8-14916-20753.tiff,Case-3,Non-Tumor,NON_TUMOR,TRUE,False,RETRIEVED,200,C:\Users\enkso\.kiro\crew\scratch\runtime-0a306834\osteopatch_full_ingestion\tiffs\Case-3-A8-14916-20753.tiff,252644,aa76088b4fd272d5e69264053e9830f484eafb4cdc173dd11ddde8a5ff90960a,583b8652b4c6a32f6c1dd2107a1b416fe6b598e9ad1b404958b007fb7fafb6ed,8bd2f0979fc04b13,b11991237a52b273,TIFF,TIFF-LE,1024,1024,RGB,3,8,True,231.37639141082764,22.53899354645666,0.6128597259521484,3.24249267578125e-05,5.597930344248028,,False,False,False,False,False,False,PASS,True,
Case-3-A8-17308-25507,Case-3-A8-17308-25507,Case 3 A8-17308-25507,http://pathdb.cancerimagingarchive.net/system/files/wsi/ross/Osteosarcoma-UT/converted/Osteosarcoma-UT/Training-Set-2/set3/Case-3-A8-17308-25507.tiff,Case-3,Non-Tumor,NON_TUMOR,TRUE,False,RETRIEVED,200,C:\Users\enkso\.kiro\crew\scratch\runtime-0a306834\osteopatch_full_ingestion\tiffs\Case-3-A8-17308-25507.tiff,253478,3e35af47b4d5124716d87578d08a6adb823ad6da78850353d6e26b7bc09d7e49,e5b1d429f599539c177ed3242a0c42a39dc6288c8d88f7e5bbfc98c54e5a8971,ccb329d255baaa13,4267a9b090b5a296,TIFF,TIFF-LE,1024,1024,RGB,3,8,True,229.70806121826172,23.399832640565656,0.57666015625,0.0,5.71164560445309,,False,False,False,False,False,False,PASS,True,
Case-3-A8-17525-23399,Case-3-A8-17525-23399,Case 3 A8-17525-23399,http://pathdb.cancerimagingarchive.net/system/files/wsi/ross/Osteosarcoma-UT/converted/Osteosarcoma-UT/Training-Set-2/set3/Case-3-A8-17525-23399.tiff,Case-3,Non-Tumor,NON_TUMOR,TRUE,False,RETRIEVED,200,C:\Users\enkso\.kiro\crew\scratch\runtime-0a306834\osteopatch_full_ingestion\tiffs\Case-3-A8-17525-23399.tiff,254788,97213e2e674d8d958d61f6289b3cfb41eb73ac0e15fbcd13e7f4e49507b31e30,ddf4ed702b04a9fac3e185063ac97041847a0dac4d67e932bfee287b3c332617,bf3e3d3831307035,3e75e6590387d5d6,TIFF,TIFF-LE,1024,1024,RGB,3,8,True,225.34582996368408,29.74229265641584,0.5412588119506836,1.33514404296875e-05,5.939960144697508,,False,False,False,False,False,False,PASS,True,
Case-3-A8-17777-30759,Case-3-A8-17777-30759,Case 3 A8-17777-30759,http://pathdb.cancerimagingarchive.net/system/files/wsi/ross/Osteosarcoma-UT/converted/Osteosarcoma-UT/Training-Set-2/set3/Case-3-A8-17777-30759.tiff,Case-3,Non-Tumor,NON_TUMOR,TRUE,False,RETRIEVED,200,C:\Users\enkso\.kiro\crew\scratch\runtime-0a306834\osteopatch_full_ingestion\tiffs\Case-3-A8-17777-30759.tiff,216422,9f6269ab2a3ce5b1809b89a0849737d060676aa6bb6a7e1757cc887153f31606,c3afade774801eb4da1cd484b8243d11ce1fa1b0b3967da58efa230b1f495024,cbe7711c4e23391c,9fcbcbe773331999,TIFF,TIFF-LE,1024,1024,RGB,3,8,True,157.1342830657959,43.13143382123669,0.1474285125732422,4.9591064453125e-05,6.464350696606806,,False,False,False,False,False,False,PASS,True,
Case-3-A8-19213-13280,Case-3-A8-19213-13280,Case 3 A8-19213-13280,http://pathdb.cancerimagingarchive.net/system/files/wsi/ross/Osteosarcoma-UT/converted/Osteosarcoma-UT/Training-Set-2/set3/Case-3-A8-19213-13280.tiff,Case-3,Non-Viable-Tumor,NECROSIS,TRUE,False,RETRIEVED,200,C:\Users\enkso\.kiro\crew\scratch\runtime-0a306834\osteopatch_full_ingestion\tiffs\Case-3-A8-19213-13280.tiff,393068,a6fd31cfad0d4a6d2caec1bdacbdec25a6c0e1b9185f49ab3e21f7520a93d69d,6df7aef3ebcd65846862fd13fa78f4d57676d0b3e13ceb8f0c66d1dfa66e37dc,a857dabd52819ee0,d8d2838bb73393b1,TIFF,TIFF-LE,1024,1024,RGB,3,8,True,187.14153289794922,33.68722980490958,0.09280872344970703,0.0,7.04881463021494,,False,False,False,False,False,False,PASS,True,
Case-3-A8-20541-20421,Case-3-A8-20541-20421,Case 3 A8-20541-20421,http://pathdb.cancerimagingarchive.net/system/files/wsi/ross/Osteosarcoma-UT/converted/Osteosarcoma-UT/Training-Set-2/set3/Case-3-A8-20541-20421.tiff,Case-3,Non-Viable-Tumor,NECROSIS,TRUE,False,RETRIEVED,200,C:\Users\enkso\.kiro\crew\scratch\runtime-0a306834\osteopatch_full_ingestion\tiffs\Case-3-A8-20541-20421.tiff,300398,46ed9a30b59c251e094bba56b39564c0ed7a06cfede84fafc14fa65591992ca0,a9c96aea8f42f64b81d8a21565a82c25091bd1c7b10a123cb7d72cbe755a03f2,d5a829545bb98ad3,d2c6c62024a48800,TIFF,TIFF-LE,1024,1024,RGB,3,8,True,215.67186737060547,34.91995490340442,0.3933401107788086,0.0,6.527925228005369,,False,False,False,False,False,False,PASS,True,
Case-3-A8-20812-18023,Case-3-A8-20812-18023,Case 3 A8-20812-18023,http://pathdb.cancerimagingarchive.net/system/files/wsi/ross/Osteosarcoma-UT/converted/Osteosarcoma-UT/Training-Set-2/set3/Case-3-A8-20812-18023.tiff,Case-3,Non-Viable-Tumor,NECROSIS,TRUE,False,RETRIEVED,200,C:\Users\enkso\.kiro\crew\scratch\runtime-0a306834\osteopatch_full_ingestion\tiffs\Case-3-A8-20812-18023.tiff,311924,617c8558a627e0d3e079bd143f6174fd0a90ec71aac669dba2bab6b9cc49b9f3,43cb6386c5260740cfa8460220ea3c2eea4b319e998987e959c29fcf37b3b2bd,d01abb66c9767151,0ddd98a4a28e8c9a,TIFF,TIFF-LE,1024,1024,RGB,3,8,True,221.09841632843018,25.981335079266795,0.3730583190917969,0.0,6.306453227335078,,False,False,False,False,False,False,PASS,True,
Case-3-A8-21347-28454,Case-3-A8-21347-28454,Case 3 A8-21347-28454,http://pathdb.cancerimagingarchive.net/system/files/wsi/ross/Osteosarcoma-UT/converted/Osteosarcoma-UT/Training-Set-2/set3/Case-3-A8-21347-28454.tiff,Case-3,Non-Tumor,NON_TUMOR,TRUE,False,RETRIEVED,200,C:\Users\enkso\.kiro\crew\scratch\runtime-0a306834\osteopatch_full_ingestion\tiffs\Case-3-A8-21347-28454.tiff,272738,158a5ac2fbe6707148ca10ab02f67855177f62d481b2e57d65a16046239ad716,9262e06351ddb0fee2b53b6fa6e53bba0178db4a86f96d4edca44b9bb27f3433,c1a07be30045fb5f,d9b9acc6b8586a30,TIFF,TIFF-LE,1024,1024,RGB,3,8,True,220.9958267211914,34.334239079956156,0.4474143981933594,1.049041748046875e-05,6.19324238310264,,False,False,False,False,False,False,PASS,True,
Case-3-A8-23069-11985,Case-3-A8-23069-11985,Case 3 A8-23069-11985,http://pathdb.cancerimagingarchive.net/system/files/wsi/ross/Osteosarcoma-UT/converted/Osteosarcoma-UT/Training-Set-1/set3/Case-3-A8-23069-11985.tiff,Case-3,Non-Viable-Tumor,NECROSIS,TRUE,False,RETRIEVED,200,C:\Users\enkso\.kiro\crew\scratch\runtime-0a306834\osteopatch_full_ingestion\tiffs\Case-3-A8-23069-11985.tiff,370504,709bb966db60b4651934e06d689bf96e3dbbd17c6a1b5b47679f27a07b009e1e,d92e207f0e631fda7dec9d889772b1cd50fb8aaaac9b2b86020c7fa0f71e57dc,ab2eb536a815d1b8,0f47c3832b095652,TIFF,TIFF-LE,1024,1024,RGB,3,8,True,171.88555145263672,29.046208419804977,0.01824188232421875,0.0,6.87830035416419,,False,False,False,False,False,False,PASS,True,
Case-3-A8-25825-20639,Case-3-A8-25825-20639,Case 3 A8-25825-20639,http://pathdb.cancerimagingarchive.net/system/files/wsi/ross/Osteosarcoma-UT/converted/Osteosarcoma-UT/Training-Set-1/set3/Case-3-A8-25825-20639.tiff,Case-3,Non-Viable-Tumor,NECROSIS,TRUE,False,RETRIEVED,200,C:\Users\enkso\.kiro\crew\scratch\runtime-0a306834\osteopatch_full_ingestion\tiffs\Case-3-A8-25825-20639.tiff,284020,08cd5568b55fbc047a138d02c5dd9dbe48ed3bcf53310e196ef7fe8e651aa895,9004265d2380bdb4bb64a5b987dbc72e50105d0e3966877f82c5c90450ed9e5c,de4b68eb112c5565,236154b46a242734,TIFF,TIFF-LE,1024,1024,RGB,3,8,True,224.81852436065674,22.39639265056222,0.39850425720214844,0.0,6.062661554166938,,False,False,False,False,False,False,PASS,True,
Case-3-A8-27422-14386,Case-3-A8-27422-14386,Case 3 A8-27422-14386,http://pathdb.cancerimagingarchive.net/system/files/wsi/ross/Osteosarcoma-UT/converted/Osteosarcoma-UT/Training-Set-1/set3/Case-3-A8-27422-14386.tiff,Case-3,Non-Viable-Tumor,NECROSIS,TRUE,False,RETRIEVED,200,C:\Users\enkso\.kiro\crew\scratch\runtime-0a306834\osteopatch_full_ingestion\tiffs\Case-3-A8-27422-14386.tiff,361668,6b990927b73eb7352dbd242a504c87b69db2e3268f572b75e99bf150c7fb4059,3ab40e38becf0812e022cd3eec5fb05732c8aeca2e1219a1c838fc771c6a267d,ac1120f21d3dadbd,968c6672318d87e3,TIFF,TIFF-LE,1024,1024,RGB,3,8,True,181.20012950897217,28.679611577924693,0.02969074249267578,0.0,6.874777880180341,,False,False,False,False,False,False,PASS,True,
Case-3-A8-28656-29882,Case-3-A8-28656-29882,Case 3 A8-28656-29882,http://pathdb.cancerimagingarchive.net/system/files/wsi/ross/Osteosarcoma-UT/converted/Osteosarcoma-UT/Training-Set-1/set3/Case-3-A8-28656-29882.tiff,Case-3,Non-Tumor,NON_TUMOR,TRUE,False,RETRIEVED,200,C:\Users\enkso\.kiro\crew\scratch\runtime-0a306834\osteopatch_full_ingestion\tiffs\Case-3-A8-28656-29882.tiff,192614,e2f1def107d008d25a3dd1fc10d2f8c052c0424a2f58d9ef3a0bb55b0e61ab82,a602c77c0cf95a3807b0e38ec01fe6525da22cb99560d6c2ddbc0ee34c849ee9,e727654c55b053c6,46474919c5010600,TIFF,TIFF-LE,1024,1024,RGB,3,8,True,146.31219387054443,11.908788917021147,0.0015277862548828125,0.0,5.44514447325515,,False,False,False,False,False,False,PASS,True,
Case-3-A8-34597-15691,Case-3-A8-34597-15691,Case 3 A8-34597-15691,http://pathdb.cancerimagingarchive.net/system/files/wsi/ross/Osteosarcoma-UT/converted/Osteosarcoma-UT/Training-Set-1/set3/Case-3-A8-34597-15691.tiff,Case-3,Non-Viable-Tumor,NECROSIS,TRUE,False,RETRIEVED,200,C:\Users\enkso\.kiro\crew\scratch\runtime-0a306834\osteopatch_full_ingestion\tiffs\Case-3-A8-34597-15691.tiff,400870,2d393b8a8455ca316ee11fbe09dcc1bb997a77360340b6231fba370dc1672554,be62da72870b05f199184889a3dc191616b2685cdc414f94e3022af1fe8fdc40,8f1bcb671249a6b1,e1f171380c66e2e5,TIFF,TIFF-LE,1024,1024,RGB,3,8,True,195.33549976348877,33.91038746972842,0.11986541748046875,0.0,7.012083285840021,,False,False,False,False,False,False,PASS,True,
Case-3-A8-35052-27260,Case-3-A8-35052-27260,Case 3 A8-35052-27260,http://pathdb.cancerimagingarchive.net/system/files/wsi/ross/Osteosarcoma-UT/converted/Osteosarcoma-UT/Training-Set-1/set3/Case-3-A8-35052-27260.tiff,Case-3,Non-Viable-Tumor,NECROSIS,TRUE,False,RETRIEVED,200,C:\Users\enkso\.kiro\crew\scratch\runtime-0a306834\osteopatch_full_ingestion\tiffs\Case-3-A8-35052-27260.tiff,319942,bfd4d3b853eddab175293074e838cc1100e2ebed45c95e143f385629f1d625dc,21b17ab5a408f72c38e7d4e906fce8e46a1cb90151fc21b80c7d6301e48d2dd3,97d4ac29d45243de,98cecc9c6e5f1c14,TIFF,TIFF-LE,1024,1024,RGB,3,8,True,211.73137092590332,36.04232074224458,0.27405261993408203,1.430511474609375e-05,6.668893623289558,,False,False,False,False,False,False,PASS,True,
Case-3-A8-3678-6946,Case-3-A8-3678-6946,Case 3 A8-3678-6946,http://pathdb.cancerimagingarchive.net/system/files/wsi/ross/Osteosarcoma-UT/converted/Osteosarcoma-UT/Training-Set-2/set3/Case-3-A8-3678-6946.tiff,Case-3,Non-Viable-Tumor,NECROSIS,TRUE,False,RETRIEVED,200,C:\Users\enkso\.kiro\crew\scratch\runtime-0a306834\osteopatch_full_ingestion\tiffs\Case-3-A8-3678-6946.tiff,191830,a195bdc96aa3368c1bf07581c3bedeaed02b2e8355451fb1a969282a37a4f538,5ad090ff61aa7b14d9e7f8f25ee69cbce7bc5f54758c6baa35d46a0ce3b59f19,f0674d989833539e,9495881991989892,TIFF,TIFF-LE,1024,1024,RGB,3,8,True,231.91651248931885,20.10593170238628,0.6118364334106445,0.0,4.995919260902393,,False,False,False,False,False,False,PASS,True,
Case-3-A8-38100-23063,Case-3-A8-38100-23063,Case 3 A8-38100-23063,http://pathdb.cancerimagingarchive.net/system/files/wsi/ross/Osteosarcoma-UT/converted/Osteosarcoma-UT/Training-Set-1/set3/Case-3-A8-38100-23063.tiff,Case-3,Non-Viable-Tumor,NECROSIS,TRUE,False,RETRIEVED,200,C:\Users\enkso\.kiro\crew\scratch\runtime-0a306834\osteopatch_full_ingestion\tiffs\Case-3-A8-38100-23063.tiff,399036,de8a7951dc56d2d6ce1554a3ce9010e30602f33c2c8580eef095ce93b5c51db4,40c8d8ca5d928b211cced956fba25f47d17268c96e4352f39ff98ffefc84d25e,b9416ea8f6724ad2,9552505abe333ba4,TIFF,TIFF-LE,1024,1024,RGB,3,8,True,191.03616428375244,40.05266531999262,0.1740703582763672,0.0,7.1752227219601705,,False,False,False,False,False,False,PASS,True,
Case-3-A8-38575-19060,Case-3-A8-38575-19060,Case 3 A8-38575-19060,http://pathdb.cancerimagingarchive.net/system/files/wsi/ross/Osteosarcoma-UT/converted/Osteosarcoma-UT/Training-Set-1/set3/Case-3-A8-38575-19060.tiff,Case-3,Non-Viable-Tumor,NECROSIS,TRUE,False,RETRIEVED,200,C:\Users\enkso\.kiro\crew\scratch\runtime-0a306834\osteopatch_full_ingestion\tiffs\Case-3-A8-38575-19060.tiff,395486,5f582ba7599b83cfe5414c2b07455e08b7e87393176179088020c498d6117e3d,748d91c51d07a60be0d6a2e2a0a684dcb8631ecdeb177ff8505e61abcab58d85,c5d7a488e0ad3573,a46868c081222786,TIFF,TIFF-LE,1024,1024,RGB,3,8,True,197.38609218597412,30.04258602573459,0.1178140640258789,0.0,6.880450205674218,,False,False,False,False,False,False,PASS,True,
Case-3-A8-38576-12372,Case-3-A8-38576-12372,Case 3 A8-38576-12372,http://pathdb.cancerimagingarchive.net/system/files/wsi/ross/Osteosarcoma-UT/converted/Osteosarcoma-UT/Training-Set-1/set3/Case-3-A8-38576-12372.tiff,Case-3,Non-Viable-Tumor,NECROSIS,TRUE,False,RETRIEVED,200,C:\Users\enkso\.kiro\crew\scratch\runtime-0a306834\osteopatch_full_ingestion\tiffs\Case-3-A8-38576-12372.tiff,392894,5bac013e34ac27410faf8ddfc623962d43639313915d5ad89e4c4c63d5e844cf,bd8b59ea9b41316df8bf611a80080a58caed6d158cc07830af3a108975119d90,836140e8c59e7d7e,cacb4a6a5d2b6d6c,TIFF,TIFF-LE,1024,1024,RGB,3,8,True,210.30452919006348,33.99871138108155,0.2889747619628906,0.0,6.767099438528049,,False,False,False,False,False,False,PASS,True,
Case-3-A8-40090-34133,Case-3-A8-40090-34133,Case 3 A8-40090-34133,http://pathdb.cancerimagingarchive.net/system/files/wsi/ross/Osteosarcoma-UT/converted/Osteosarcoma-UT/Training-Set-1/set3/Case-3-A8-40090-34133.tiff,Case-3,Non-Tumor,NON_TUMOR,TRUE,False,RETRIEVED,200,C:\Users\enkso\.kiro\crew\scratch\runtime-0a306834\osteopatch_full_ingestion\tiffs\Case-3-A8-40090-34133.tiff,77584,48fefc59a7a2f78dfb204aad290235495229598887be93fcf07ae57e939a5aed,2ab6906c6a9722bae0f857e42efff4e9017d07a48a3edecec51cfa586514bb41,d5a25d9628d728da,02020202029e2002,TIFF,TIFF-LE,1024,1024,RGB,3,8,True,235.13507843017578,26.892568895762018,0.8792352676391602,0.0,2.2021042366115315,LOW_INFORMATION,False,False,False,False,False,True,REVIEW,False,image QC status REVIEW
Case-3-A8-40327-2954,Case-3-A8-40327-2954,Case 3 A8-40327-2954,http://pathdb.cancerimagingarchive.net/system/files/wsi/ross/Osteosarcoma-UT/converted/Osteosarcoma-UT/Training-Set-1/set3/Case-3-A8-40327-2954.tiff,Case-3,Non-Viable-Tumor,NECROSIS,TRUE,False,RETRIEVED,200,C:\Users\enkso\.kiro\crew\scratch\runtime-0a306834\osteopatch_full_ingestion\tiffs\Case-3-A8-40327-2954.tiff,319178,d30a92ff766589f053fc6abec36d8e563ac504de8d334c7212289bf81c7ccdcc,251ebfd69d1ad3224737745e3ef4627ea3321086ea675d30564907edd6669dfc,aba2c51ef16714e8,471b270f9b7c7272,TIFF,TIFF-LE,1024,1024,RGB,3,8,True,188.7042989730835,37.10896811121875,0.16180038452148438,0.0,6.963531981184545,,False,False,False,False,False,False,PASS,True,
Case-3-A8-42144-11358,Case-3-A8-42144-11358,Case 3 A8-42144-11358,http://pathdb.cancerimagingarchive.net/system/files/wsi/ross/Osteosarcoma-UT/converted/Osteosarcoma-UT/Training-Set-1/set3/Case-3-A8-42144-11358.tiff,Case-3,Non-Viable-Tumor,NECROSIS,TRUE,False,RETRIEVED,200,C:\Users\enkso\.kiro\crew\scratch\runtime-0a306834\osteopatch_full_ingestion\tiffs\Case-3-A8-42144-11358.tiff,373354,9d0830bbf2ac0c3b301be7cf70b94cc6c132454f1bac696ddf6128d33026403c,3ba8bc25a7cb3e6ac8ef37d4fa299ecddcbd9075ace6767154ec17e84a068415,95aa382bb03f0f1b,bf9578ece8725814,TIFF,TIFF-LE,1024,1024,RGB,3,8,True,207.8059778213501,30.401337241730253,0.2088174819946289,2.86102294921875e-06,6.775653147342664,,False,False,False,False,False,False,PASS,True,
Case-3-A8-42275-18820,Case-3-A8-42275-18820,Case 3 A8-42275-18820,http://pathdb.cancerimagingarchive.net/system/files/wsi/ross/Osteosarcoma-UT/converted/Osteosarcoma-UT/Training-Set-1/set3/Case-3-A8-42275-18820.tiff,Case-3,Non-Viable-Tumor,NECROSIS,TRUE,False,RETRIEVED,200,C:\Users\enkso\.kiro\crew\scratch\runtime-0a306834\osteopatch_full_ingestion\tiffs\Case-3-A8-42275-18820.tiff,402158,8fb3deb5a0adca1a8ff705e2dbff7775bf688f9dd7ecfcb6d45ebb42ba8fca7b,08fb530a86daebdb4c69b172bdf27e579fd7a3ed9d724b8071fef413e89da651,d88fe0c01ff0631f,a025696c78b09a88,TIFF,TIFF-LE,1024,1024,RGB,3,8,True,175.98583316802979,33.554135131577,0.05466175079345703,0.0,7.052145154093461,,False,False,False,False,False,False,PASS,True,
Case-3-A8-6596-2373,Case-3-A8-6596-2373,Case 3 A8-6596-2373,http://pathdb.cancerimagingarchive.net/system/files/wsi/ross/Osteosarcoma-UT/converted/Osteosarcoma-UT/Training-Set-2/set3/Case-3-A8-6596-2373.tiff,Case-3,Non-Viable-Tumor,NECROSIS,TRUE,False,RETRIEVED,200,C:\Users\enkso\.kiro\crew\scratch\runtime-0a306834\osteopatch_full_ingestion\tiffs\Case-3-A8-6596-2373.tiff,102474,df7ae163271bcf4f0874e440469106673946572fabe7b6fac6070cfa69967192,90f69d293138d7880ac5e089de42af987f7df6098aaad739eef453c6a9a6897b,ccb17748b699626c,0000021407212245,TIFF,TIFF-LE,1024,1024,RGB,3,8,True,233.09849643707275,28.12456776925971,0.8111476898193359,0.0,2.4824784493363277,LOW_INFORMATION,False,False,False,False,False,True,REVIEW,False,image QC status REVIEW
Case-3-A8-8347-14021,Case-3-A8-8347-14021,Case 3 A8-8347-14021,http://pathdb.cancerimagingarchive.net/system/files/wsi/ross/Osteosarcoma-UT/converted/Osteosarcoma-UT/Training-Set-2/set3/Case-3-A8-8347-14021.tiff,Case-3,Non-Tumor,NON_TUMOR,TRUE,False,RETRIEVED,200,C:\Users\enkso\.kiro\crew\scratch\runtime-0a306834\osteopatch_full_ingestion\tiffs\Case-3-A8-8347-14021.tiff,299396,257dc782f5ffb0297d12821688c5f11298a6633898f9f1bdecd1e82bd12dfb4d,83d9ef26a51d3a87ae93e4d0f6e966691e2c5ad87b0f339adfb1ee2d98c78579,8fe01fff9242030f,4913c2c974626b60,TIFF,TIFF-LE,1024,1024,RGB,3,8,True,208.0999755859375,46.182749413424844,0.40856266021728516,6.67572021484375e-06,6.697963828462628,,False,False,False,False,False,False,PASS,True,
Case-3-A8-8708-9689,Case-3-A8-8708-9689,Case 3 A8-8708-9689,http://pathdb.cancerimagingarchive.net/system/files/wsi/ross/Osteosarcoma-UT/converted/Osteosarcoma-UT/Training-Set-2/set3/Case-3-A8-8708-9689.tiff,Case-3,Non-Viable-Tumor,NECROSIS,TRUE,False,RETRIEVED,200,C:\Users\enkso\.kiro\crew\scratch\runtime-0a306834\osteopatch_full_ingestion\tiffs\Case-3-A8-8708-9689.tiff,288818,b5fa7ff22929f21b077a57455788d9e6e8950010e24cfd68c489b569d9e360ee,e1288e371449bdde7677f6201a8205b62108222fe777924e8c8e796a0fc2a285,8652fe0300fcf78d,29e562a4f6c2636b,TIFF,TIFF-LE,1024,1024,RGB,3,8,True,226.5945930480957,23.723352149212285,0.4792022705078125,0.0,6.018074325997605,,False,False,False,False,False,False,PASS,True,
Case-3-A8-9677-9114,Case-3-A8-9677-9114,Case 3 A8-9677-9114,http://pathdb.cancerimagingarchive.net/system/files/wsi/ross/Osteosarcoma-UT/converted/Osteosarcoma-UT/Training-Set-2/set3/Case-3-A8-9677-9114.tiff,Case-3,Non-Viable-Tumor,NECROSIS,TRUE,False,RETRIEVED,200,C:\Users\enkso\.kiro\crew\scratch\runtime-0a306834\osteopatch_full_ingestion\tiffs\Case-3-A8-9677-9114.tiff,344590,4842c13328db799f9e8ad85aa4c3b8b2a2cc0a40e21bbba7e6cd6fdc73b9855f,b2a989960721b876bf0f2c3e9c320e3f792f6fdf08ef4c445d51adf8757dd4fa,ee29c04e09f5a397,07a78f1365452480,TIFF,TIFF-LE,1024,1024,RGB,3,8,True,210.6141538619995,36.83845188005967,0.28716468811035156,0.0,6.745211056522596,,False,False,False,False,False,False,PASS,True,
Case-4-C21-11229-17093,Case-4-C21-11229-17093,Case 4 C21-11229-17093,http://pathdb.cancerimagingarchive.net/system/files/wsi/ross/Osteosarcoma-UT/converted/Osteosarcoma-UT/Training-Set-2/set3/Case-4-C21-11229-17093.tiff,Case-4,Non-Viable-Tumor,NECROSIS,TRUE,False,RETRIEVED,200,C:\Users\enkso\.kiro\crew\scratch\runtime-0a306834\osteopatch_full_ingestion\tiffs\Case-4-C21-11229-17093.tiff,403940,494560a4e6d6c3db15f6c8895c4bbe1d4595c0512c6f79ed73660e3d9a518c7b,15112c55863de3b6f33d5a06a02403bc9d0de5f7ffa052a69784e12b2ac1c1e2,859a7287141fbc7a,f8d9bbf2e76642a6,TIFF,TIFF-LE,1024,1024,RGB,3,8,True,192.32832622528076,38.63213386812899,0.1574878692626953,0.0,7.131228702522661,,False,False,False,False,False,False,PASS,True,
Case-4-C21-13339-24727,Case-4-C21-13339-24727,Case 4 C21-13339-24727,http://pathdb.cancerimagingarchive.net/system/files/wsi/ross/Osteosarcoma-UT/converted/Osteosarcoma-UT/Training-Set-2/set3/Case-4-C21-13339-24727.tiff,Case-4,Non-Viable-Tumor,NECROSIS,TRUE,False,RETRIEVED,200,C:\Users\enkso\.kiro\crew\scratch\runtime-0a306834\osteopatch_full_ingestion\tiffs\Case-4-C21-13339-24727.tiff,119346,192087f95bedc9002c0a36a1fa962ae5fe48568e06add71e943450d5e0f3c648,8ff28dcd6d3f49dfc945b1e3580447ccd800a59366db0daa3d6bddc0aff06b67,981fc61cf9e30f11,a078781838f4e040,TIFF,TIFF-LE,1024,1024,RGB,3,8,True,229.61071395874023,35.81767828014928,0.8159008026123047,3.4332275390625e-05,3.287715513395703,,False,False,False,False,False,False,PASS,True,
Case-4-C21-14246-18799,Case-4-C21-14246-18799,Case 4 C21-14246-18799,http://pathdb.cancerimagingarchive.net/system/files/wsi/ross/Osteosarcoma-UT/converted/Osteosarcoma-UT/Training-Set-2/set3/Case-4-C21-14246-18799.tiff,Case-4,Non-Viable-Tumor,NECROSIS,TRUE,False,RETRIEVED,200,C:\Users\enkso\.kiro\crew\scratch\runtime-0a306834\osteopatch_full_ingestion\tiffs\Case-4-C21-14246-18799.tiff,421498,768a1a28b2d7b41789b177081e4ca7c7b5a9b71a77903c38c471a105b8cc526a,416c2df69e6969158649e56979acc5f4fb66901346aded16a02ae8f13c0ef1e4,d5142f6b6bc9888b,536cb4d4482913ca,TIFF,TIFF-LE,1024,1024,RGB,3,8,True,175.41097736358643,43.99375249122061,0.1374950408935547,0.0,7.292126310139058,,False,False,False,False,False,False,PASS,True,
Case-4-C21-17996-22366,Case-4-C21-17996-22366,Case 4 C21-17996-22366,http://pathdb.cancerimagingarchive.net/system/files/wsi/ross/Osteosarcoma-UT/converted/Osteosarcoma-UT/Training-Set-2/set3/Case-4-C21-17996-22366.tiff,Case-4,Non-Viable-Tumor,NECROSIS,TRUE,False,RETRIEVED,200,C:\Users\enkso\.kiro\crew\scratch\runtime-0a306834\osteopatch_full_ingestion\tiffs\Case-4-C21-17996-22366.tiff,303640,f16c58cf72f247c271af83a18d5b2747d051d491b82feb2b5b1796a3240df2e9,dee3e688adf962cbdc9bfe673c1dac68428f0a882106c90a9319e026e05168ee,a61be0ba0e73584f,79ea626c651547c7,TIFF,TIFF-LE,1024,1024,RGB,3,8,True,179.94556045532227,39.75999726076989,0.08362102508544922,9.5367431640625e-07,7.218816167950195,,False,False,False,False,False,False,PASS,True,
Case-4-C21-20675-9095,Case-4-C21-20675-9095,Case 4 C21-20675-9095,http://pathdb.cancerimagingarchive.net/system/files/wsi/ross/Osteosarcoma-UT/converted/Osteosarcoma-UT/Training-Set-2/set4/Case-4-C21-20675-9095.tiff,Case-4,Viable,VIABLE_TUMOR,TRUE,False,RETRIEVED,200,C:\Users\enkso\.kiro\crew\scratch\runtime-0a306834\osteopatch_full_ingestion\tiffs\Case-4-C21-20675-9095.tiff,476708,640ece5d797b45374c0582a2447140d05f03a583c76a003b2f460cd83b47b710,41107e06ee5148a28fc40098139a6e8a6e2df066a1982512012c702fa16e7172,b0c2e7099327fac5,c9a5143c9a99ce08,TIFF,TIFF-LE,1024,1024,RGB,3,8,True,150.56361484527588,58.220815105509274,0.1062765121459961,0.000110626220703125,7.690928173373685,,False,False,False,False,False,False,PASS,True,
Case-4-C21-22035-24818,Case-4-C21-22035-24818,Case 4 C21-22035-24818,http://pathdb.cancerimagingarchive.net/system/files/wsi/ross/Osteosarcoma-UT/converted/Osteosarcoma-UT/Training-Set-2/set4/Case-4-C21-22035-24818.tiff,Case-4,Non-Viable-Tumor,NECROSIS,TRUE,False,RETRIEVED,200,C:\Users\enkso\.kiro\crew\scratch\runtime-0a306834\osteopatch_full_ingestion\tiffs\Case-4-C21-22035-24818.tiff,269390,fe1446572cbdf7bc88edd472a7212a9f477f2201067ae03fa78eb7cf6cbf0610,b05cc67370c0542132a36ce7b09995d5661cb87e875326f2972a524a659c3aac,d6f42c98149bd51e,b64604c4e4c8f1ed,TIFF,TIFF-LE,1024,1024,RGB,3,8,True,184.58843421936035,38.027214588416086,0.10259246826171875,4.76837158203125e-06,7.065732482662009,,False,False,False,False,False,False,PASS,True,
Case-4-C21-22607-7946,Case-4-C21-22607-7946,Case 4 C21-22607-7946,http://pathdb.cancerimagingarchive.net/system/files/wsi/ross/Osteosarcoma-UT/converted/Osteosarcoma-UT/Training-Set-2/set4/Case-4-C21-22607-7946.tiff,Case-4,Viable,VIABLE_TUMOR,TRUE,False,RETRIEVED,200,C:\Users\enkso\.kiro\crew\scratch\runtime-0a306834\osteopatch_full_ingestion\tiffs\Case-4-C21-22607-7946.tiff,416944,4a2d1efca765f28ec4e247289bb9af86ea1a77d77f5e99cc099a160c9b2e94bc,1b79c9b112ed67f932e88dc98d01709ff7ff917295b67d4b29655447a3054bfc,85ca64b7313999d9,8ce5f1b8de6eae0e,TIFF,TIFF-LE,1024,1024,RGB,3,8,True,168.98071956634521,57.29854365729546,0.23793601989746094,5.91278076171875e-05,7.30002180614964,,False,False,False,False,False,False,PASS,True,
Case-4-C21-23743-36254,Case-4-C21-23743-36254,Case 4 C21-23743-36254,http://pathdb.cancerimagingarchive.net/system/files/wsi/ross/Osteosarcoma-UT/converted/Osteosarcoma-UT/Training-Set-2/set4/Case-4-C21-23743-36254.tiff,Case-4,Non-Viable-Tumor,NECROSIS,TRUE,False,RETRIEVED,200,C:\Users\enkso\.kiro\crew\scratch\runtime-0a306834\osteopatch_full_ingestion\tiffs\Case-4-C21-23743-36254.tiff,353262,5003c8b774f535ef2b42386e30647814c30d9188c22a7435228ae7e44166df23,bb5d30c1e29ac4f562ad4384c270297b6cba1bc51f94567605b9e69cadf78a36,ab8e57b6a9275049,6f61931713294a93,TIFF,TIFF-LE,1024,1024,RGB,3,8,True,194.45079040527344,36.823133979762886,0.197021484375,0.0,6.995732905712243,,False,False,False,False,False,False,PASS,True,
Case-4-C21-25306-21689,Case-4-C21-25306-21689,Case 4 C21-25306-21689,http://pathdb.cancerimagingarchive.net/system/files/wsi/ross/Osteosarcoma-UT/converted/Osteosarcoma-UT/Training-Set-2/set4/Case-4-C21-25306-21689.tiff,Case-4,Viable,VIABLE_TUMOR,TRUE,False,RETRIEVED,200,C:\Users\enkso\.kiro\crew\scratch\runtime-0a306834\osteopatch_full_ingestion\tiffs\Case-4-C21-25306-21689.tiff,356042,a43d597783ebabcebacf94ba4876b928fe3e842702f09cb31e3431016bf8ab99,38b4f0eb4abdb422d72f11202e55bc4668a06860a6b93cfb9507f951fcc9642c,da34cd6aba942dd0,04d1bc1d9d65d0d3,TIFF,TIFF-LE,1024,1024,RGB,3,8,True,175.86673069000244,64.46722730980048,0.3472881317138672,0.00015735626220703125,6.891327926353858,,False,False,False,False,False,False,PASS,True,
Case-4-C21-25396-25798,Case-4-C21-25396-25798,Case 4 C21-25396-25798,http://pathdb.cancerimagingarchive.net/system/files/wsi/ross/Osteosarcoma-UT/converted/Osteosarcoma-UT/Training-Set-2/set4/Case-4-C21-25396-25798.tiff,Case-4,Non-Viable-Tumor,NECROSIS,TRUE,False,RETRIEVED,200,C:\Users\enkso\.kiro\crew\scratch\runtime-0a306834\osteopatch_full_ingestion\tiffs\Case-4-C21-25396-25798.tiff,342482,4ff6ec206ce36badf70d72c9905a1a0e7dbc4030358efb95cf7fa75d0f1a313c,e9e47453f89a819a7ca085caa8cfe5f793028709ee6e445a3088003db88db544,d5712a38c51de339,0e2c1a763c293366,TIFF,TIFF-LE,1024,1024,RGB,3,8,True,194.61441326141357,43.41571240287318,0.2319469451904297,0.0,7.109386419386065,,False,False,False,False,False,False,PASS,True,
Case-4-C21-26326-8633,Case-4-C21-26326-8633,Case 4 C21-26326-8633,http://pathdb.cancerimagingarchive.net/system/files/wsi/ross/Osteosarcoma-UT/converted/Osteosarcoma-UT/Training-Set-2/set4/Case-4-C21-26326-8633.tiff,Case-4,Viable,VIABLE_TUMOR,TRUE,False,RETRIEVED,200,C:\Users\enkso\.kiro\crew\scratch\runtime-0a306834\osteopatch_full_ingestion\tiffs\Case-4-C21-26326-8633.tiff,411682,ac05e39daedd3ec229b43b7487b1dacbad9a40296191abb06a268be82dbb4c83,edb4f33e5a0b8794273658b4d91cdee40eda3a01a730169f9f2cc49d09f218e8,ff5c0400415dcfbb,363535281923264c,TIFF,TIFF-LE,1024,1024,RGB,3,8,True,132.88402271270752,41.50563627927074,0.027011871337890625,3.0517578125e-05,7.328534202270577,,False,False,False,False,False,False,PASS,True,
Case-4-C21-27726-37043,Case-4-C21-27726-37043,Case 4 C21-27726-37043,http://pathdb.cancerimagingarchive.net/system/files/wsi/ross/Osteosarcoma-UT/converted/Osteosarcoma-UT/Training-Set-2/set4/Case-4-C21-27726-37043.tiff,Case-4,Non-Viable-Tumor,NECROSIS,TRUE,False,RETRIEVED,200,C:\Users\enkso\.kiro\crew\scratch\runtime-0a306834\osteopatch_full_ingestion\tiffs\Case-4-C21-27726-37043.tiff,294152,c12f0463152d228d92fb205703a84f6f467cf278705b374e5c70b56bd6810efc,22e1118d4dff851b03df2e77645575925dfb49d244013e7a1954c8418cc03f0b,aa7c2ed0b1cead60,952967c99991697f,TIFF,TIFF-LE,1024,1024,RGB,3,8,True,193.41689777374268,29.473958734187217,0.05730724334716797,1.9073486328125e-06,6.7970091053384465,,False,False,False,False,False,False,PASS,True,
Case-4-C21-28314-22979,Case-4-C21-28314-22979,Case 4 C21-28314-22979,http://pathdb.cancerimagingarchive.net/system/files/wsi/ross/Osteosarcoma-UT/converted/Osteosarcoma-UT/Training-Set-2/set4/Case-4-C21-28314-22979.tiff,Case-4,Viable,VIABLE_TUMOR,TRUE,False,RETRIEVED,200,C:\Users\enkso\.kiro\crew\scratch\runtime-0a306834\osteopatch_full_ingestion\tiffs\Case-4-C21-28314-22979.tiff,469340,ffcd187590c9d68741dceb6e6993d60877203944fc96d3515edd89391096f3ed,e854452755ffac0c059517968ca2e0e72d19d7204dfb8e41c8fff75bc4bfed78,e64bb2ed261bc491,490bc4414623128d,TIFF,TIFF-LE,1024,1024,RGB,3,8,True,164.11835289001465,53.47015238266332,0.10399818420410156,0.0001163482666015625,7.625582692493703,,False,False,False,False,False,False,PASS,True,
Case-4-C21-29101-18901,Case-4-C21-29101-18901,Case 4 C21-29101-18901,http://pathdb.cancerimagingarchive.net/system/files/wsi/ross/Osteosarcoma-UT/converted/Osteosarcoma-UT/Training-Set-2/set4/Case-4-C21-29101-18901.tiff,Case-4,Viable,VIABLE_TUMOR,TRUE,False,RETRIEVED,200,C:\Users\enkso\.kiro\crew\scratch\runtime-0a306834\osteopatch_full_ingestion\tiffs\Case-4-C21-29101-18901.tiff,471420,029a8576b39cd189a5c1f92b56d3803132515b61750e88254d5d16ee3338a8c7,36aad38eb098e5f778e0984dbf054b687673029284cd1ac71bf0d4c1b1cd03ac,92f14d6e6626a6c9,4490b8dd69e5d2f8,TIFF,TIFF-LE,1024,1024,RGB,3,8,True,151.98480415344238,57.70327607436954,0.10420417785644531,0.00019741058349609375,7.6864424392065755,,False,False,False,False,False,False,PASS,True,
Case-4-C21-29849-33988,Case-4-C21-29849-33988,Case 4 C21-29849-33988,http://pathdb.cancerimagingarchive.net/system/files/wsi/ross/Osteosarcoma-UT/converted/Osteosarcoma-UT/Training-Set-1/set3/Case-4-C21-29849-33988.tiff,Case-4,Non-Viable-Tumor,NECROSIS,TRUE,False,RETRIEVED,200,C:\Users\enkso\.kiro\crew\scratch\runtime-0a306834\osteopatch_full_ingestion\tiffs\Case-4-C21-29849-33988.tiff,317582,c9d2235347a2ec0ec73d13a2e7816a7891d5caac0debabb855d5040a2e825d62,aa0d633668d6b40c5696b69048ac3e52f375390b8ea4be7ff3554af5a31c9b8c,930e0794aed1fce8,ed4cbb992d9cd86d,TIFF,TIFF-LE,1024,1024,RGB,3,8,True,205.43005561828613,31.911785548052425,0.11039543151855469,0.0,6.7031614586939545,,False,False,False,False,False,False,PASS,True,
Case-4-C21-30599-31986,Case-4-C21-30599-31986,Case 4 C21-30599-31986,http://pathdb.cancerimagingarchive.net/system/files/wsi/ross/Osteosarcoma-UT/converted/Osteosarcoma-UT/Training-Set-1/set3/Case-4-C21-30599-31986.tiff,Case-4,Non-Viable-Tumor,NECROSIS,TRUE,False,RETRIEVED,200,C:\Users\enkso\.kiro\crew\scratch\runtime-0a306834\osteopatch_full_ingestion\tiffs\Case-4-C21-30599-31986.tiff,378286,efdfe01a5f0ab3dc0781f7da0451709ce61e0cd8fd085bdb49e4290e17a7f898,ca57893e3361cfb0bbb5c5af37f61b2c7a91ec8056b717af44a2b07b1882fb64,ad42d93a3294a779,d1d3c28413575634,TIFF,TIFF-LE,1024,1024,RGB,3,8,True,198.8954563140869,35.21005330808504,0.13704395294189453,0.0,6.9809479346975545,,False,False,False,False,False,False,PASS,True,
Case-4-C21-34438-19627,Case-4-C21-34438-19627,Case 4 C21-34438-19627,http://pathdb.cancerimagingarchive.net/system/files/wsi/ross/Osteosarcoma-UT/converted/Osteosarcoma-UT/Training-Set-1/set3/Case-4-C21-34438-19627.tiff,Case-4,Viable,VIABLE_TUMOR,TRUE,False,RETRIEVED,200,C:\Users\enkso\.kiro\crew\scratch\runtime-0a306834\osteopatch_full_ingestion\tiffs\Case-4-C21-34438-19627.tiff,369394,040288db5f432be84ac39214cb3f49f13b1196e4dff0f29255c0213d651423ce,9167655362e6806f5ae2459fb22df769ed7debb4b4b26b98725b36f3469c6ad8,f258a5e4c37e8a0e,859ab919299804c9,TIFF,TIFF-LE,1024,1024,RGB,3,8,True,149.5448808670044,35.239491808675794,0.010973930358886719,2.384185791015625e-05,7.163176805945609,,False,False,False,False,False,False,PASS,True,
Case-4-C21-34899-31136,Case-4-C21-34899-31136,Case 4 C21-34899-31136,http://pathdb.cancerimagingarchive.net/system/files/wsi/ross/Osteosarcoma-UT/converted/Osteosarcoma-UT/Training-Set-1/set3/Case-4-C21-34899-31136.tiff,Case-4,Non-Viable-Tumor,NECROSIS,TRUE,False,RETRIEVED,200,C:\Users\enkso\.kiro\crew\scratch\runtime-0a306834\osteopatch_full_ingestion\tiffs\Case-4-C21-34899-31136.tiff,369984,e7108182ff28bd204d4bee925df6cc4b84b5d7c89b667a9b44b796219115aaa1,99a960bdae261e6388ae4aab1297d57bf52fb7dd51f24f9c91ccac57585f61c2,8306d85b314c7cfd,d8cce6c6cfebd389,TIFF,TIFF-LE,1024,1024,RGB,3,8,True,206.59167861938477,33.98215676622243,0.2603578567504883,0.0,6.798417960706991,,False,False,False,False,False,False,PASS,True,
Case-4-C21-35538-25356,Case-4-C21-35538-25356,Case 4 C21-35538-25356,http://pathdb.cancerimagingarchive.net/system/files/wsi/ross/Osteosarcoma-UT/converted/Osteosarcoma-UT/Training-Set-1/set3/Case-4-C21-35538-25356.tiff,Case-4,Viable,VIABLE_TUMOR,TRUE,False,RETRIEVED,200,C:\Users\enkso\.kiro\crew\scratch\runtime-0a306834\osteopatch_full_ingestion\tiffs\Case-4-C21-35538-25356.tiff,412266,479055c2d42265e274a26e90ab95fc64e849571175499385d9336ce339f7d11b,3fe08ee5a6809e8584865101a400869f76ecc2063f266242a8102d2435275efb,fb38fd443a067138,311b096589c36511,TIFF,TIFF-LE,1024,1024,RGB,3,8,True,145.55139636993408,48.39656633082141,0.041283607482910156,5.817413330078125e-05,7.556661942738358,,False,False,False,False,False,False,PASS,True,
Case-4-C21-37411-12734,Case-4-C21-37411-12734,Case 4 C21-37411-12734,http://pathdb.cancerimagingarchive.net/system/files/wsi/ross/Osteosarcoma-UT/converted/Osteosarcoma-UT/Training-Set-1/set3/Case-4-C21-37411-12734.tiff,Case-4,Viable,VIABLE_TUMOR,TRUE,False,RETRIEVED,200,C:\Users\enkso\.kiro\crew\scratch\runtime-0a306834\osteopatch_full_ingestion\tiffs\Case-4-C21-37411-12734.tiff,386772,9d627c20b6a5621b04c080cd699f3d26bcdcad9c6e0300768af130c03a581911,309646a6ef973249d91240e883c48b042322644e3c3cfddf555b9cf4be3d5282,f2f2ba281c86437b,9d89c8a493c52561,TIFF,TIFF-LE,1024,1024,RGB,3,8,True,143.96161556243896,39.75494071034825,0.02583789825439453,5.7220458984375e-06,7.311323682249306,,False,False,False,False,False,False,PASS,True,
Case-4-C21-38458-18002,Case-4-C21-38458-18002,Case 4 C21-38458-18002,http://pathdb.cancerimagingarchive.net/system/files/wsi/ross/Osteosarcoma-UT/converted/Osteosarcoma-UT/Training-Set-1/set3/Case-4-C21-38458-18002.tiff,Case-4,Viable,VIABLE_TUMOR,TRUE,False,RETRIEVED,200,C:\Users\enkso\.kiro\crew\scratch\runtime-0a306834\osteopatch_full_ingestion\tiffs\Case-4-C21-38458-18002.tiff,188772,3393471a1e074a29782a641f8edc1614a452ad09a0470e4289ac4f842e1b1801,7baf5a83a90211e87a328155b447ecc9728478a2703ccc4324e638ba5357921d,95c27a68e87b2b29,c9d464e8f2fa7a7a,TIFF,TIFF-LE,1024,1024,RGB,3,8,True,196.59535694122314,59.01661914681794,0.5863323211669922,1.52587890625e-05,5.01503766978767,,False,False,False,False,False,False,PASS,True,
Case-4-C21-39931-19569,Case-4-C21-39931-19569,Case 4 C21-39931-19569,http://pathdb.cancerimagingarchive.net/system/files/wsi/ross/Osteosarcoma-UT/converted/Osteosarcoma-UT/Training-Set-1/set3/Case-4-C21-39931-19569.tiff,Case-4,Viable,VIABLE_TUMOR,TRUE,False,RETRIEVED,200,C:\Users\enkso\.kiro\crew\scratch\runtime-0a306834\osteopatch_full_ingestion\tiffs\Case-4-C21-39931-19569.tiff,322902,f433182b98d05fbf5ba437ce5095cfdef9e8db3706ab0637c138d2d3f315ce7e,c7acbea9a5d659185ba8c0992a5c96aeeeeb2ab61b876f3ee088e31def30c757,c03fc037c921fee1,510c27b11eae86c3,TIFF,TIFF-LE,1024,1024,RGB,3,8,True,154.89888381958008,40.69393057748545,0.09541034698486328,1.049041748046875e-05,6.97778243893813,,False,False,False,False,False,False,PASS,True,
Case-4-C21-40652-23162,Case-4-C21-40652-23162,Case 4 C21-40652-23162,http://pathdb.cancerimagingarchive.net/system/files/wsi/ross/Osteosarcoma-UT/converted/Osteosarcoma-UT/Training-Set-1/set3/Case-4-C21-40652-23162.tiff,Case-4,Viable,VIABLE_TUMOR,TRUE,False,RETRIEVED,200,C:\Users\enkso\.kiro\crew\scratch\runtime-0a306834\osteopatch_full_ingestion\tiffs\Case-4-C21-40652-23162.tiff,329154,b6d767a7afd9d0a22a9e2d7f59555d1da797699a761defcb611469a2d5c93f8e,bdb92b13862f0e80327fec9641a838fb288efeadd3c11dfeb45498233fabd319,a4da4a1e3b393a69,6de4b456ee3d864b,TIFF,TIFF-LE,1024,1024,RGB,3,8,True,165.0274477005005,55.61865006991146,0.2247781753540039,0.00011730194091796875,7.139332635627061,,False,False,False,False,False,False,PASS,True,
Case-4-C21-42043-16377,Case-4-C21-42043-16377,Case 4 C21-42043-16377,http://pathdb.cancerimagingarchive.net/system/files/wsi/ross/Osteosarcoma-UT/converted/Osteosarcoma-UT/Training-Set-1/set4/Case-4-C21-42043-16377.tiff,Case-4,Viable,VIABLE_TUMOR,TRUE,False,RETRIEVED,200,C:\Users\enkso\.kiro\crew\scratch\runtime-0a306834\osteopatch_full_ingestion\tiffs\Case-4-C21-42043-16377.tiff,429608,545dfd512203f09d79e9221a42c7bf74715f5276954c0ecd0af19378541f3b3b,9b186f70cb093fc05b709344aa53a9e92c899f627e47ce036e59c4ca68de66aa,b0f90f014ca38ebf,3a1a1d9d89ddccee,TIFF,TIFF-LE,1024,1024,RGB,3,8,True,179.3436622619629,47.073419114712294,0.19559192657470703,3.814697265625e-06,7.247347400473737,,False,False,False,False,False,False,PASS,True,
Case-4-C21-43834-23094,Case-4-C21-43834-23094,Case 4 C21-43834-23094,http://pathdb.cancerimagingarchive.net/system/files/wsi/ross/Osteosarcoma-UT/converted/Osteosarcoma-UT/Training-Set-1/set4/Case-4-C21-43834-23094.tiff,Case-4,Non-Tumor,NON_TUMOR,TRUE,False,RETRIEVED,200,C:\Users\enkso\.kiro\crew\scratch\runtime-0a306834\osteopatch_full_ingestion\tiffs\Case-4-C21-43834-23094.tiff,403892,15cfdadcdec7bf8ac44f6c67a8d983ba3564f3615b329bb913c73a68b06a2399,da4709bae7b8611a8f817ed81759122ce31ba382dcdd869a464aacb0e85502e6,ca7b4dc8755e0117,d2996829b5d5f1d4,TIFF,TIFF-LE,1024,1024,RGB,3,8,True,195.32128810882568,43.881559969899214,0.2372732162475586,2.86102294921875e-06,7.096122545083403,,False,False,False,False,False,False,PASS,True,
Case-4-C21-44291-25760,Case-4-C21-44291-25760,Case 4 C21-44291-25760,http://pathdb.cancerimagingarchive.net/system/files/wsi/ross/Osteosarcoma-UT/converted/Osteosarcoma-UT/Training-Set-1/set4/Case-4-C21-44291-25760.tiff,Case-4,Non-Tumor,NON_TUMOR,TRUE,False,RETRIEVED,200,C:\Users\enkso\.kiro\crew\scratch\runtime-0a306834\osteopatch_full_ingestion\tiffs\Case-4-C21-44291-25760.tiff,422428,99da332fdfad9eea0f717ae0786b6a8861e591e5dfeca23393f79d8ad3a1933b,a97efa95eef200b16efc40f0c5d727e693d24d31d0188250df37cf11f9a60dcb,a2b2bb78b8578c1a,1dcfcd4787c74f2b,TIFF,TIFF-LE,1024,1024,RGB,3,8,True,192.6174669265747,42.1732768998087,0.1946573257446289,0.0,7.170028698288466,,False,False,False,False,False,False,PASS,True,
Case-4-C21-45309-20604,Case-4-C21-45309-20604,Case 4 C21-45309-20604,http://pathdb.cancerimagingarchive.net/system/files/wsi/ross/Osteosarcoma-UT/converted/Osteosarcoma-UT/Training-Set-1/set4/Case-4-C21-45309-20604.tiff,Case-4,Non-Tumor,NON_TUMOR,TRUE,False,RETRIEVED,200,C:\Users\enkso\.kiro\crew\scratch\runtime-0a306834\osteopatch_full_ingestion\tiffs\Case-4-C21-45309-20604.tiff,101232,8cb7ce836172d31ef7398f4fa2c353080725bcf443bc4750e55a799cf4df98b7,8267a4cc8132f8be906caa1d72d29dab6895ebc796d5a4e8e3eb197230ca1756,86e07e07f00ef8c7,0080a0c0d0686830,TIFF,TIFF-LE,1024,1024,RGB,3,8,True,232.64233016967773,30.04416762250652,0.8618011474609375,9.5367431640625e-07,2.572552181544776,LOW_INFORMATION,False,False,False,False,False,True,REVIEW,False,image QC status REVIEW
Case-4-C22-12113-23584,Case-4-C22-12113-23584,Case 4 C22-12113-23584,http://pathdb.cancerimagingarchive.net/system/files/wsi/ross/Osteosarcoma-UT/converted/Osteosarcoma-UT/Training-Set-2/set4/Case-4-C22-12113-23584.tiff,Case-4,Non-Viable-Tumor,NECROSIS,TRUE,False,RETRIEVED,200,C:\Users\enkso\.kiro\crew\scratch\runtime-0a306834\osteopatch_full_ingestion\tiffs\Case-4-C22-12113-23584.tiff,107704,539acbe3ab33a10dfbc7eca615df7fb35dfc836288d3f44206e05313c62b3e4b,cf3458380e48daf2fe2575a618e41b49666b4da997ee912756c7f8a054e11108,dc4a6ca454a27775,2411090804000102,TIFF,TIFF-LE,1024,1024,RGB,3,8,True,234.02915287017822,26.561888058529995,0.8317222595214844,0.0,2.9558535002141753,LOW_INFORMATION,False,False,False,False,False,True,REVIEW,False,image QC status REVIEW
Case-4-C22-13293-17406,Case-4-C22-13293-17406,Case 4 C22-13293-17406,http://pathdb.cancerimagingarchive.net/system/files/wsi/ross/Osteosarcoma-UT/converted/Osteosarcoma-UT/Training-Set-2/set4/Case-4-C22-13293-17406.tiff,Case-4,Non-Viable-Tumor,NECROSIS,TRUE,False,RETRIEVED,200,C:\Users\enkso\.kiro\crew\scratch\runtime-0a306834\osteopatch_full_ingestion\tiffs\Case-4-C22-13293-17406.tiff,402100,ebde5a96055124294af4ac6ace713b9f63e2c3cb5dfbb9fe163aeaf0153a880d,1c7d7ecb5ec0e87cab32214f066274bf1cf7ff33d46dad1a43878220f1ea26b4,a942fdbd4bb900e8,c305e749ebf716d7,TIFF,TIFF-LE,1024,1024,RGB,3,8,True,168.30743026733398,36.084034822535635,0.060853004455566406,0.0,7.113112292801166,,False,False,False,False,False,False,PASS,True,
Case-4-C22-14193-24204,Case-4-C22-14193-24204,Case 4 C22-14193-24204,http://pathdb.cancerimagingarchive.net/system/files/wsi/ross/Osteosarcoma-UT/converted/Osteosarcoma-UT/Training-Set-2/set4/Case-4-C22-14193-24204.tiff,Case-4,Non-Viable-Tumor,NECROSIS,TRUE,False,RETRIEVED,200,C:\Users\enkso\.kiro\crew\scratch\runtime-0a306834\osteopatch_full_ingestion\tiffs\Case-4-C22-14193-24204.tiff,205062,99858dea75a0e089c7ef9f8b895cb2396047f5d40ac510477e6c74428db315ad,991e881777b106d1be2173394de4717c9430381b9007c94841e83d9c41035c3b,e66191998cb67999,954b4e2403100c04,TIFF,TIFF-LE,1024,1024,RGB,3,8,True,215.52575492858887,41.03942729715805,0.5912513732910156,0.0,4.575583201069944,,False,False,False,False,False,False,PASS,True,
Case-4-C22-14852-25038,Case-4-C22-14852-25038,Case 4 C22-14852-25038,http://pathdb.cancerimagingarchive.net/system/files/wsi/ross/Osteosarcoma-UT/converted/Osteosarcoma-UT/Training-Set-2/set4/Case-4-C22-14852-25038.tiff,Case-4,Non-Viable-Tumor,NECROSIS,TRUE,False,RETRIEVED,200,C:\Users\enkso\.kiro\crew\scratch\runtime-0a306834\osteopatch_full_ingestion\tiffs\Case-4-C22-14852-25038.tiff,303146,5faa6c7418252ff63bc97a7cc0b012bbd9e7e01d925eb49aba4666afbe2192de,7e27db06accb15a380bb7d5de07380dcbf32cf56bd8080ebbb54f0c92579fe39,f89c613c47d8e531,24352b252d879989,TIFF,TIFF-LE,1024,1024,RGB,3,8,True,195.11334419250488,39.59349741677039,0.2647237777709961,0.0,6.487325608986068,,False,False,False,False,False,False,PASS,True,
Case-4-C22-18690-17829,Case-4-C22-18690-17829,Case 4 C22-18690-17829,http://pathdb.cancerimagingarchive.net/system/files/wsi/ross/Osteosarcoma-UT/converted/Osteosarcoma-UT/Training-Set-2/set4/Case-4-C22-18690-17829.tiff,Case-4,viable: non-viable,,FALSE,True,RETRIEVED,200,C:\Users\enkso\.kiro\crew\scratch\runtime-0a306834\osteopatch_full_ingestion\tiffs\Case-4-C22-18690-17829.tiff,397800,386de69a9575bc24c414adcddcb32eaca23b46e4db01c27b844c356bc2a80988,11297872ff9d559bb706b696da261af94f403120ea6386abfc5ebaf662e404fa,8fa38f10588c4dfd,fb4f5b7dbc7f7d71,TIFF,TIFF-LE,1024,1024,RGB,3,8,True,169.76368141174316,42.28492858094097,0.0471343994140625,4.482269287109375e-05,7.316448180823464,,False,False,False,False,False,False,PASS,False,MIXED_VIABLE_NECROTIC (policy: never eligible)
Case-4-C22-19399-25392,Case-4-C22-19399-25392,Case 4 C22-19399-25392,http://pathdb.cancerimagingarchive.net/system/files/wsi/ross/Osteosarcoma-UT/converted/Osteosarcoma-UT/Training-Set-2/set4/Case-4-C22-19399-25392.tiff,Case-4,Non-Viable-Tumor,NECROSIS,TRUE,False,RETRIEVED,200,C:\Users\enkso\.kiro\crew\scratch\runtime-0a306834\osteopatch_full_ingestion\tiffs\Case-4-C22-19399-25392.tiff,246534,7308ea62c809b4a2147de18139abfff34ebaf58de6d6edb5d89db6d7dadaa7fb,26937b4a9ae4567971b6be38cddea6da0d9290e3a611f7df32074549a2d950e5,c718b5cf18e3463c,78e2e80921694e9e,TIFF,TIFF-LE,1024,1024,RGB,3,8,True,178.5348653793335,27.641023387922722,0.06779289245605469,0.0,6.577161560221002,,False,False,False,False,False,False,PASS,True,
Case-4-C22-19841-14408,Case-4-C22-19841-14408,Case 4 C22-19841-14408,http://pathdb.cancerimagingarchive.net/system/files/wsi/ross/Osteosarcoma-UT/converted/Osteosarcoma-UT/Training-Set-2/set4/Case-4-C22-19841-14408.tiff,Case-4,viable: non-viable,,FALSE,True,RETRIEVED,200,C:\Users\enkso\.kiro\crew\scratch\runtime-0a306834\osteopatch_full_ingestion\tiffs\Case-4-C22-19841-14408.tiff,299172,d79852924a30c5c64446dc5e713b2cd71dba8794a28afd2b5d173f48145ba7f5,365b6be000c9062dff3c8c66c48c8f0c3f2127e39e23f4ce8edae3dedeef0f6b,f4b527165154c33d,1c2e161434842496,TIFF,TIFF-LE,1024,1024,RGB,3,8,True,199.3662805557251,52.30622456534933,0.4544639587402344,2.47955322265625e-05,6.294952744740777,,False,False,False,False,False,False,PASS,False,MIXED_VIABLE_NECROTIC (policy: never eligible)
Case-4-C22-20288-31102,Case-4-C22-20288-31102,Case 4 C22-20288-31102,http://pathdb.cancerimagingarchive.net/system/files/wsi/ross/Osteosarcoma-UT/converted/Osteosarcoma-UT/Training-Set-2/set4/Case-4-C22-20288-31102.tiff,Case-4,viable: non-viable,,FALSE,True,RETRIEVED,200,C:\Users\enkso\.kiro\crew\scratch\runtime-0a306834\osteopatch_full_ingestion\tiffs\Case-4-C22-20288-31102.tiff,370284,a8ec9564d6244f998a0254df3a908a72338bb4dcc18a89cec35b86f1aefda005,3fb31d797bfdc8eda09db405c4d45aefb3424dfb62603360854c4568c2f9f320,e33ddb449d30f8c0,0d4f0fcfe2c9cd49,TIFF,TIFF-LE,1024,1024,RGB,3,8,True,174.2286787033081,36.69390858424124,0.03727436065673828,0.0,7.187951215395678,,False,False,False,False,False,False,PASS,False,MIXED_VIABLE_NECROTIC (policy: never eligible)
Case-4-C22-20420-19004,Case-4-C22-20420-19004,Case 4 C22-20420-19004,http://pathdb.cancerimagingarchive.net/system/files/wsi/ross/Osteosarcoma-UT/converted/Osteosarcoma-UT/Training-Set-2/set4/Case-4-C22-20420-19004.tiff,Case-4,Viable,VIABLE_TUMOR,TRUE,False,RETRIEVED,200,C:\Users\enkso\.kiro\crew\scratch\runtime-0a306834\osteopatch_full_ingestion\tiffs\Case-4-C22-20420-19004.tiff,448698,e79b66b2630600de6e81302fdd0eed3eea1aed98e56c775e8f033e56ded4006f,c81f3784139b8e067e67902f8ab18b2e44bf13acbc69cb67c66602ca000024fe,c690b7668ca03fba,445469a2e441c965,TIFF,TIFF-LE,1024,1024,RGB,3,8,True,168.28200149536133,55.89513580707934,0.15496158599853516,8.487701416015625e-05,7.592173042361933,,False,False,False,False,False,False,PASS,True,
Case-4-C22-21902-8062,Case-4-C22-21902-8062,Case 4 C22-21902-8062,http://pathdb.cancerimagingarchive.net/system/files/wsi/ross/Osteosarcoma-UT/converted/Osteosarcoma-UT/Training-Set-2/set4/Case-4-C22-21902-8062.tiff,Case-4,Viable,VIABLE_TUMOR,TRUE,False,RETRIEVED,200,C:\Users\enkso\.kiro\crew\scratch\runtime-0a306834\osteopatch_full_ingestion\tiffs\Case-4-C22-21902-8062.tiff,443956,0e9b32ff10dec48c6dc4d7f6213d18d0744019de527948d00e500d8842f9419b,95c8ed2b964fd9762000cf78412586936c5af222ae8e9d331fa67b5856dbd7a3,e6aa81afbfb41414,6fc3aa6f69cad460,TIFF,TIFF-LE,1024,1024,RGB,3,8,True,151.81970024108887,54.642852178322414,0.11554145812988281,0.00010585784912109375,7.57372217294047,,False,False,False,False,False,False,PASS,True,
Case-4-C22-22350-18241,Case-4-C22-22350-18241,Case 4 C22-22350-18241,http://pathdb.cancerimagingarchive.net/system/files/wsi/ross/Osteosarcoma-UT/converted/Osteosarcoma-UT/Training-Set-2/set4/Case-4-C22-22350-18241.tiff,Case-4,Viable,VIABLE_TUMOR,TRUE,False,RETRIEVED,200,C:\Users\enkso\.kiro\crew\scratch\runtime-0a306834\osteopatch_full_ingestion\tiffs\Case-4-C22-22350-18241.tiff,445440,fa29ac48a67bbc2e76d0d670a64b3f1ae465aea521401db32c91fdb0272234ef,dde6fdbca356cc2540d6697d156f9e6209bc625430b28a28081614f31f0a77c9,aa6f0b89e63f0552,d74b0c2585c23bad,TIFF,TIFF-LE,1024,1024,RGB,3,8,True,157.82159614562988,54.512324803128884,0.09528255462646484,8.487701416015625e-05,7.656345820691253,,False,False,False,False,False,False,PASS,True,
Case-4-C22-25017-13207,Case-4-C22-25017-13207,Case 4 C22-25017-13207,http://pathdb.cancerimagingarchive.net/system/files/wsi/ross/Osteosarcoma-UT/converted/Osteosarcoma-UT/Training-Set-2/set4/Case-4-C22-25017-13207.tiff,Case-4,Viable,VIABLE_TUMOR,TRUE,False,RETRIEVED,200,C:\Users\enkso\.kiro\crew\scratch\runtime-0a306834\osteopatch_full_ingestion\tiffs\Case-4-C22-25017-13207.tiff,468568,ef57b67ac68185fb902e06ea09b711a043573fbe7205bddfd2dc99f57b4dabc3,61db1f63cd04816b6c4ef63e2a7844a17dda39bb9e0f39dfb3668f93ad839f7f,aa2a55558baba9d1,510d1f43958e4c59,TIFF,TIFF-LE,1024,1024,RGB,3,8,True,154.67133331298828,56.78201037255086,0.11021709442138672,8.487701416015625e-05,7.652643443301755,,False,False,False,False,False,False,PASS,True,
Case-4-C22-25541-21407,Case-4-C22-25541-21407,Case 4 C22-25541-21407,http://pathdb.cancerimagingarchive.net/system/files/wsi/ross/Osteosarcoma-UT/converted/Osteosarcoma-UT/Training-Set-2/set4/Case-4-C22-25541-21407.tiff,Case-4,Viable,VIABLE_TUMOR,TRUE,False,RETRIEVED,200,C:\Users\enkso\.kiro\crew\scratch\runtime-0a306834\osteopatch_full_ingestion\tiffs\Case-4-C22-25541-21407.tiff,406276,d9a5090235799c6f37d1ad12ea92c9d6e6f561bb881027e4873d9d2101230dd6,aef62649c90a4343139151ff77a4dd206dab0ed36e6b7ab8b2366ffff3fcba74,8c73368d73acd948,462c9146d0f66494,TIFF,TIFF-LE,1024,1024,RGB,3,8,True,164.23242855072021,65.02856624365793,0.2543506622314453,0.00023746490478515625,7.32163936850785,,False,False,False,False,False,False,PASS,True,
Case-4-C22-25642-6919,Case-4-C22-25642-6919,Case 4 C22-25642-6919,http://pathdb.cancerimagingarchive.net/system/files/wsi/ross/Osteosarcoma-UT/converted/Osteosarcoma-UT/Training-Set-2/set4/Case-4-C22-25642-6919.tiff,Case-4,Viable,VIABLE_TUMOR,TRUE,False,RETRIEVED,200,C:\Users\enkso\.kiro\crew\scratch\runtime-0a306834\osteopatch_full_ingestion\tiffs\Case-4-C22-25642-6919.tiff,407854,a8a44235408c871ea472c0ab4c369da807ff9ff40666a2e273076c47611a2000,a8a5c6b32854c50bde96ee9716aef03ad132c4682d29b166e45182184427cd93,e279b6350813d86f,9286119181484d29,TIFF,TIFF-LE,1024,1024,RGB,3,8,True,130.142822265625,38.92348487538423,0.014522552490234375,2.956390380859375e-05,7.2495359005132975,,False,False,False,False,False,False,PASS,True,
Case-4-C22-26476-28003,Case-4-C22-26476-28003,Case 4 C22-26476-28003,http://pathdb.cancerimagingarchive.net/system/files/wsi/ross/Osteosarcoma-UT/converted/Osteosarcoma-UT/Training-Set-1/set4/Case-4-C22-26476-28003.tiff,Case-4,Non-Tumor,NON_TUMOR,TRUE,False,RETRIEVED,200,C:\Users\enkso\.kiro\crew\scratch\runtime-0a306834\osteopatch_full_ingestion\tiffs\Case-4-C22-26476-28003.tiff,315168,d6c1a02f0db1ee591ce6d0318609b5ec515362a888942bc9c586aa0284d7e1ed,1b0882023d46851fe17b8628eae12791c4d5b3225005e8217551d6dbfed1ed89,b7a3a95b518c4e4c,4acfe7cc883dac56,TIFF,TIFF-LE,1024,1024,RGB,3,8,True,185.73074531555176,36.81949716395486,0.0838155746459961,1.9073486328125e-06,7.117880003914859,,False,False,False,False,False,False,PASS,True,
Case-4-C22-29668-36352,Case-4-C22-29668-36352,Case 4 C22-29668-36352,http://pathdb.cancerimagingarchive.net/system/files/wsi/ross/Osteosarcoma-UT/converted/Osteosarcoma-UT/Training-Set-1/set4/Case-4-C22-29668-36352.tiff,Case-4,Non-Tumor,NON_TUMOR,TRUE,False,RETRIEVED,200,C:\Users\enkso\.kiro\crew\scratch\runtime-0a306834\osteopatch_full_ingestion\tiffs\Case-4-C22-29668-36352.tiff,246516,49cb0368b6e373eb93093a369013fba4b4c355f906de10bcb2faf2e62906fe5e,994623a07106f5874131c0ea50ca95012c9691e6e5ccba43071550c5d3f97bc0,8754b964c11b4ebe,62e665e3c6477bf0,TIFF,TIFF-LE,1024,1024,RGB,3,8,True,217.69576930999756,31.293930588204592,0.38315773010253906,0.0,6.003283042944085,,False,False,False,False,False,False,PASS,True,
Case-4-C22-29696-31650,Case-4-C22-29696-31650,Case 4 C22-29696-31650,http://pathdb.cancerimagingarchive.net/system/files/wsi/ross/Osteosarcoma-UT/converted/Osteosarcoma-UT/Training-Set-1/set4/Case-4-C22-29696-31650.tiff,Case-4,Non-Tumor,NON_TUMOR,TRUE,False,RETRIEVED,200,C:\Users\enkso\.kiro\crew\scratch\runtime-0a306834\osteopatch_full_ingestion\tiffs\Case-4-C22-29696-31650.tiff,344688,775638e803af570e1685a68ccac87bd4647ac93f9309874434de9b79a75b34b1,3c8cbdb537007c43609f8c05a764de55e1e798cba382dc2db562e0b86c92f5eb,d74e88dbe14b42e2,c922694a4c715ad6,TIFF,TIFF-LE,1024,1024,RGB,3,8,True,198.8616590499878,31.376933142747593,0.15076351165771484,0.0,6.8830514841979475,,False,False,False,False,False,False,PASS,True,
Case-4-C22-30748-20982,Case-4-C22-30748-20982,Case 4 C22-30748-20982,http://pathdb.cancerimagingarchive.net/system/files/wsi/ross/Osteosarcoma-UT/converted/Osteosarcoma-UT/Training-Set-1/set4/Case-4-C22-30748-20982.tiff,Case-4,Viable,VIABLE_TUMOR,TRUE,False,RETRIEVED,200,C:\Users\enkso\.kiro\crew\scratch\runtime-0a306834\osteopatch_full_ingestion\tiffs\Case-4-C22-30748-20982.tiff,373716,6fe6b7d9219f420708ec604e11fff03cc6c2a0afb1825d0165d907ab9e127e34,429d88273fec92a25f0c3cac15d447aef971113964bfb581edb072dd2ea1e084,f3fe1e0fe300c2e0,4922088d09492c10,TIFF,TIFF-LE,1024,1024,RGB,3,8,True,162.25345993041992,54.1979355092261,0.17685890197753906,5.53131103515625e-05,7.270021721717846,,False,False,False,False,False,False,PASS,True,
Case-4-C22-36438-11846,Case-4-C22-36438-11846,Case 4 C22-36438-11846,http://pathdb.cancerimagingarchive.net/system/files/wsi/ross/Osteosarcoma-UT/converted/Osteosarcoma-UT/Training-Set-1/set4/Case-4-C22-36438-11846.tiff,Case-4,Viable,VIABLE_TUMOR,TRUE,False,RETRIEVED,200,C:\Users\enkso\.kiro\crew\scratch\runtime-0a306834\osteopatch_full_ingestion\tiffs\Case-4-C22-36438-11846.tiff,273088,df964bac149249861eb725c4d1fc7adb51985583d1b097740ee29ae1a507f2aa,2dde88ec9cf652668179a19c18052ec6546f441576858603899e043dcefbd24b,e2be8cc3f91e44c4,782c251d8bcae4a7,TIFF,TIFF-LE,1024,1024,RGB,3,8,True,193.93000888824463,57.17376470897099,0.4856138229370117,2.956390380859375e-05,5.982240201287728,,False,False,False,False,False,False,PASS,True,
Case-4-C22-38307-25291,Case-4-C22-38307-25291,Case 4 C22-38307-25291,http://pathdb.cancerimagingarchive.net/system/files/wsi/ross/Osteosarcoma-UT/converted/Osteosarcoma-UT/Training-Set-1/set4/Case-4-C22-38307-25291.tiff,Case-4,Viable,VIABLE_TUMOR,TRUE,False,RETRIEVED,200,C:\Users\enkso\.kiro\crew\scratch\runtime-0a306834\osteopatch_full_ingestion\tiffs\Case-4-C22-38307-25291.tiff,386870,e9d03d894978bbd4120d230b4a737cf2f8bd6da9844000167fbe373b1c314850,93a2915d4cac27a18d7e07814b64462e156514f897f98dce2f3c7a973b65296a,8edec8913211b7e6,b923659dcd5ad6c5,TIFF,TIFF-LE,1024,1024,RGB,3,8,True,137.9638557434082,58.49590345966182,0.12473678588867188,0.00019359588623046875,7.484556011455753,,False,False,False,False,False,False,PASS,True,
Case-4-C22-39386-26786,Case-4-C22-39386-26786,Case 4 C22-39386-26786,http://pathdb.cancerimagingarchive.net/system/files/wsi/ross/Osteosarcoma-UT/converted/Osteosarcoma-UT/Training-Set-1/set4/Case-4-C22-39386-26786.tiff,Case-4,Viable,VIABLE_TUMOR,TRUE,False,RETRIEVED,200,C:\Users\enkso\.kiro\crew\scratch\runtime-0a306834\osteopatch_full_ingestion\tiffs\Case-4-C22-39386-26786.tiff,303154,c1db9e5b49338c6b1aed6ce52c9e57d9f903c1a151f58596c4a2156c731637b0,bd2529ce90b41799e20efe5e9e70606d025b2cd02337e38650e642b70c8f3408,a5a1784ad4fa77c0,0dc68e4ce0608936,TIFF,TIFF-LE,1024,1024,RGB,3,8,True,164.71670246124268,66.72345014837067,0.32895374298095703,0.00014781951904296875,6.790700088908329,,False,False,False,False,False,False,PASS,True,
Case-4-C22-39913-22780,Case-4-C22-39913-22780,Case 4 C22-39913-22780,http://pathdb.cancerimagingarchive.net/system/files/wsi/ross/Osteosarcoma-UT/converted/Osteosarcoma-UT/Training-Set-1/set4/Case-4-C22-39913-22780.tiff,Case-4,Viable,VIABLE_TUMOR,TRUE,False,RETRIEVED,200,C:\Users\enkso\.kiro\crew\scratch\runtime-0a306834\osteopatch_full_ingestion\tiffs\Case-4-C22-39913-22780.tiff,278010,128d001769980ec853cb8897ef915373aa821626cf76765e982a0b684653b197,f7b99b39a35805c8ae0a2e8d88090abc17404b1c477cec2cb98b0134d247e3ad,cad135bd82d42d2b,241bc2e0e13225c5,TIFF,TIFF-LE,1024,1024,RGB,3,8,True,169.56305599212646,48.72701132994933,0.22287845611572266,2.09808349609375e-05,6.7436325271826245,,False,False,False,False,False,False,PASS,True,
Case-4-C22-42649-20389,Case-4-C22-42649-20389,Case 4 C22-42649-20389,http://pathdb.cancerimagingarchive.net/system/files/wsi/ross/Osteosarcoma-UT/converted/Osteosarcoma-UT/Training-Set-1/set4/Case-4-C22-42649-20389.tiff,Case-4,Non-Tumor,NON_TUMOR,TRUE,False,RETRIEVED,200,C:\Users\enkso\.kiro\crew\scratch\runtime-0a306834\osteopatch_full_ingestion\tiffs\Case-4-C22-42649-20389.tiff,386858,932cd8b7311fb83d4d35ba16e8af93c55cd748baac6b6e7931dd648d3996fa2d,d0f40a7d46f6c621afa4fb660a0ce2a3b5ad643789ebd4942cb670a78115cac7,890db5eb9519866e,f2e3f3d2f3d15bce,TIFF,TIFF-LE,1024,1024,RGB,3,8,True,165.7978105545044,36.827476791788214,0.0435638427734375,5.7220458984375e-06,7.164673177642198,,False,False,False,False,False,False,PASS,True,
Case-4-C22-43141-24748,Case-4-C22-43141-24748,Case 4 C22-43141-24748,http://pathdb.cancerimagingarchive.net/system/files/wsi/ross/Osteosarcoma-UT/converted/Osteosarcoma-UT/Training-Set-1/set4/Case-4-C22-43141-24748.tiff,Case-4,Non-Viable-Tumor,NECROSIS,TRUE,False,RETRIEVED,200,C:\Users\enkso\.kiro\crew\scratch\runtime-0a306834\osteopatch_full_ingestion\tiffs\Case-4-C22-43141-24748.tiff,402420,092f07e3d4b44487da2bd525c9c2d70829ddf62fd9026aac731486526f186a1a,94f5f78dfe98b40fa33a28174eefdca4c2fc170a40132aaf519cd64ef52e588e,abd4309bc6e4f8c4,b432924f6b1b2b1f,TIFF,TIFF-LE,1024,1024,RGB,3,8,True,177.79596042633057,41.628491693731696,0.10304927825927734,1.33514404296875e-05,7.292474974180543,,False,False,False,False,False,False,PASS,True,
Case-4-C22-43370-22832,Case-4-C22-43370-22832,Case 4 C22-43370-22832,http://pathdb.cancerimagingarchive.net/system/files/wsi/ross/Osteosarcoma-UT/converted/Osteosarcoma-UT/Training-Set-1/set4/Case-4-C22-43370-22832.tiff,Case-4,Non-Tumor,NON_TUMOR,TRUE,False,RETRIEVED,200,C:\Users\enkso\.kiro\crew\scratch\runtime-0a306834\osteopatch_full_ingestion\tiffs\Case-4-C22-43370-22832.tiff,417090,0de832fb7728242cb02331dbde1457736ba026404716b64ee36b7f3e1ef06218,4b0470bdaef2103c8cf353380662c2e10327324ee88afab963d92a66e0900e7c,88deba55709b0f2a,b87975b896d29bcd,TIFF,TIFF-LE,1024,1024,RGB,3,8,True,191.45745849609375,41.967255524507,0.16942119598388672,3.814697265625e-06,7.185321057278282,,False,False,False,False,False,False,PASS,True,
Case-4-C22-44617-22886,Case-4-C22-44617-22886,Case 4 C22-44617-22886,http://pathdb.cancerimagingarchive.net/system/files/wsi/ross/Osteosarcoma-UT/converted/Osteosarcoma-UT/Training-Set-1/set4/Case-4-C22-44617-22886.tiff,Case-4,Non-Tumor,NON_TUMOR,TRUE,False,RETRIEVED,200,C:\Users\enkso\.kiro\crew\scratch\runtime-0a306834\osteopatch_full_ingestion\tiffs\Case-4-C22-44617-22886.tiff,392250,8bdf4bc01955e9776266ca4d091c28cb3a4e04d67d5d1fbab1dc5ad495b8ce12,ebc29ba73a782b2589e7c94356244abee8ae4172ea82eefd422c21ff502a0df9,b81693db59a9894e,192db49a39999b9b,TIFF,TIFF-LE,1024,1024,RGB,3,8,True,193.09284496307373,47.2305537991261,0.28249645233154297,5.7220458984375e-06,7.044737200445348,,False,False,False,False,False,False,PASS,True,
Case-4-C22-45017-21723,Case-4-C22-45017-21723,Case 4 C22-45017-21723,http://pathdb.cancerimagingarchive.net/system/files/wsi/ross/Osteosarcoma-UT/converted/Osteosarcoma-UT/Training-Set-1/set4/Case-4-C22-45017-21723.tiff,Case-4,Non-Tumor,NON_TUMOR,TRUE,False,RETRIEVED,200,C:\Users\enkso\.kiro\crew\scratch\runtime-0a306834\osteopatch_full_ingestion\tiffs\Case-4-C22-45017-21723.tiff,290638,11a4f66bf6d0dceec025e5c94c463f6bb473125d21aed36cd83970827a0c5763,5f1bc9e4fc0153515f0cef6a7957eaca597ca45e2e7fc8f683cf0fc253c74b4f,a4a57ab47a05a0df,86c6c6c6c6c66c29,TIFF,TIFF-LE,1024,1024,RGB,3,8,True,213.319748878479,44.29453570156342,0.5471038818359375,1.52587890625e-05,5.839297257962237,,False,False,False,False,False,False,PASS,True,
Case-4-C24-13844-15938,Case-4-C24-13844-15938,Case 4 C24-13844-15938,http://pathdb.cancerimagingarchive.net/system/files/wsi/ross/Osteosarcoma-UT/converted/Osteosarcoma-UT/Training-Set-2/set4/Case-4-C24-13844-15938.tiff,Case-4,Non-Viable-Tumor,NECROSIS,TRUE,False,RETRIEVED,200,C:\Users\enkso\.kiro\crew\scratch\runtime-0a306834\osteopatch_full_ingestion\tiffs\Case-4-C24-13844-15938.tiff,382856,95902694f5cd01cf3e2d069a8c502b78c83a141406e772d6b46bb9751a752809,2668c85df4aa469844fda42a57e695719d3c86ce961db05ce7e9e8857a055386,a43ae6b01ef7e00e,2cbdff7ff595c6e4,TIFF,TIFF-LE,1024,1024,RGB,3,8,True,166.83085441589355,36.30601146723937,0.0449981689453125,0.0,7.14596111115763,,False,False,False,False,False,False,PASS,True,
Case-4-C24-16355-22492,Case-4-C24-16355-22492,Case 4 C24-16355-22492,http://pathdb.cancerimagingarchive.net/system/files/wsi/ross/Osteosarcoma-UT/converted/Osteosarcoma-UT/Training-Set-2/set4/Case-4-C24-16355-22492.tiff,Case-4,Non-Viable-Tumor,NECROSIS,TRUE,False,RETRIEVED,200,C:\Users\enkso\.kiro\crew\scratch\runtime-0a306834\osteopatch_full_ingestion\tiffs\Case-4-C24-16355-22492.tiff,332464,9e42c1f4b154e8fb5920ef415c722480d619c82e6092665334eb7849007e0aa9,b3e7b0a3c71518894e8e9166187a99eb4c513d9b50db30b31faa51c51ea7ff3d,cfbd70532f659240,1130226240c18081,TIFF,TIFF-LE,1024,1024,RGB,3,8,True,188.6564998626709,27.97036752227382,0.04522991180419922,9.5367431640625e-07,6.800173941211912,,False,False,False,False,False,False,PASS,True,
Case-4-C24-20641-21743,Case-4-C24-20641-21743,Case 4 C24-20641-21743,http://pathdb.cancerimagingarchive.net/system/files/wsi/ross/Osteosarcoma-UT/converted/Osteosarcoma-UT/Training-Set-2/set4/Case-4-C24-20641-21743.tiff,Case-4,Non-Viable-Tumor,NECROSIS,TRUE,False,RETRIEVED,200,C:\Users\enkso\.kiro\crew\scratch\runtime-0a306834\osteopatch_full_ingestion\tiffs\Case-4-C24-20641-21743.tiff,374216,6265df65597185562ca32c3fd659ca2a7f5ea4662c6a22bf576b9720c1596b08,ce1c524a7804fa03547ddd90722da3d7e1412f7e502cdd8d38d6d9cd5892071f,c9acd641fce0178e,973377b373d0c131,TIFF,TIFF-LE,1024,1024,RGB,3,8,True,157.9601011276245,33.190394097570106,0.02129077911376953,6.67572021484375e-06,7.058731063401025,,False,False,False,False,False,False,PASS,True,
Case-4-C24-21495-20987,Case-4-C24-21495-20987,Case 4 C24-21495-20987,http://pathdb.cancerimagingarchive.net/system/files/wsi/ross/Osteosarcoma-UT/converted/Osteosarcoma-UT/Training-Set-2/set4/Case-4-C24-21495-20987.tiff,Case-4,Viable,VIABLE_TUMOR,TRUE,False,RETRIEVED,200,C:\Users\enkso\.kiro\crew\scratch\runtime-0a306834\osteopatch_full_ingestion\tiffs\Case-4-C24-21495-20987.tiff,403866,ed221a8fcc491ce57c39b6ed1d181682d6a5f04dcfbcc82129d8e7bdd88da625,ca5bdac00d61374eae145802be18f0a524f481bf2de9bb195e49110213e62a8c,a96dd2d1446b946d,133367e7529999b8,TIFF,TIFF-LE,1024,1024,RGB,3,8,True,171.2805633544922,46.34464142681565,0.10480976104736328,2.288818359375e-05,7.42384395971946,,False,False,False,False,False,False,PASS,True,
Case-4-C24-21905-23241,Case-4-C24-21905-23241,Case 4 C24-21905-23241,http://pathdb.cancerimagingarchive.net/system/files/wsi/ross/Osteosarcoma-UT/converted/Osteosarcoma-UT/Training-Set-2/set4/Case-4-C24-21905-23241.tiff,Case-4,Non-Viable-Tumor,NECROSIS,TRUE,False,RETRIEVED,200,C:\Users\enkso\.kiro\crew\scratch\runtime-0a306834\osteopatch_full_ingestion\tiffs\Case-4-C24-21905-23241.tiff,322014,387f6c6540c60dbc85eaba7badac7e4312ea80badaf8ccdc33358e46d2000a16,7f8181b283645cf41127372fbcd03f6323ed231d6f6d141e8066407fc1a3f1d3,9c6b0433dd6afc24,1e0f2331bc3e6e74,TIFF,TIFF-LE,1024,1024,RGB,3,8,True,166.3932409286499,41.89096854451575,0.0977792739868164,2.86102294921875e-06,7.247855825994812,,False,False,False,False,False,False,PASS,True,
Case-4-C24-22210-6774,Case-4-C24-22210-6774,Case 4 C24-22210-6774,http://pathdb.cancerimagingarchive.net/system/files/wsi/ross/Osteosarcoma-UT/converted/Osteosarcoma-UT/Training-Set-2/set4/Case-4-C24-22210-6774.tiff,Case-4,Non-Tumor,NON_TUMOR,TRUE,False,RETRIEVED,200,C:\Users\enkso\.kiro\crew\scratch\runtime-0a306834\osteopatch_full_ingestion\tiffs\Case-4-C24-22210-6774.tiff,299716,2a5857a3f5f956adac2e153432c295544da535d52571eeb5552d9341d716cfb9,2930f16d27f1f296a7b0f923207342740776bd30c7aac5ea8f13cb20712dec1a,d9ca8b1ad23007fe,0121429018349242,TIFF,TIFF-LE,1024,1024,RGB,3,8,True,197.73857593536377,49.28342150571829,0.41030120849609375,7.62939453125e-06,6.286235042753299,,False,False,False,False,False,False,PASS,True,
Case-4-C24-23753-20581,Case-4-C24-23753-20581,Case 4 C24-23753-20581,http://pathdb.cancerimagingarchive.net/system/files/wsi/ross/Osteosarcoma-UT/converted/Osteosarcoma-UT/Training-Set-2/set4/Case-4-C24-23753-20581.tiff,Case-4,Viable,VIABLE_TUMOR,TRUE,False,RETRIEVED,200,C:\Users\enkso\.kiro\crew\scratch\runtime-0a306834\osteopatch_full_ingestion\tiffs\Case-4-C24-23753-20581.tiff,451970,5059e3dabc2e447e87eb98c0e97059511c661212c8ff4eaf2937af874e6d476f,9c167110fc34392955d2cbf2074b53825ac3e99063ecd82654d478b2cf7c19f9,aaaaaaabaaae5854,63a3307c181a9eae,TIFF,TIFF-LE,1024,1024,RGB,3,8,True,150.78028869628906,56.75653011739767,0.08366966247558594,0.00014209747314453125,7.6976899649106425,,False,False,False,False,False,False,PASS,True,
Case-4-C24-25985-25656,Case-4-C24-25985-25656,Case 4 C24-25985-25656,http://pathdb.cancerimagingarchive.net/system/files/wsi/ross/Osteosarcoma-UT/converted/Osteosarcoma-UT/Training-Set-2/set4/Case-4-C24-25985-25656.tiff,Case-4,Non-Viable-Tumor,NECROSIS,TRUE,False,RETRIEVED,200,C:\Users\enkso\.kiro\crew\scratch\runtime-0a306834\osteopatch_full_ingestion\tiffs\Case-4-C24-25985-25656.tiff,335052,6146b58f47503808346f9079325e47467cfa24144dfbded7ff2737de1ad46a51,7343403d3940aed012f521979ba17234fb28f4c5afd5fa7c521b263df278720c,f3278e91166ead48,66da974d9d980564,TIFF,TIFF-LE,1024,1024,RGB,3,8,True,187.77831172943115,41.92663572221699,0.15648651123046875,2.86102294921875e-06,7.215681508612215,,False,False,False,False,False,False,PASS,True,
Case-4-C24-26202-34731,Case-4-C24-26202-34731,Case 4 C24-26202-34731,http://pathdb.cancerimagingarchive.net/system/files/wsi/ross/Osteosarcoma-UT/converted/Osteosarcoma-UT/Training-Set-2/set4/Case-4-C24-26202-34731.tiff,Case-4,Non-Viable-Tumor,NECROSIS,TRUE,False,RETRIEVED,200,C:\Users\enkso\.kiro\crew\scratch\runtime-0a306834\osteopatch_full_ingestion\tiffs\Case-4-C24-26202-34731.tiff,372510,f44d58674731264b2873f498b861c05fb62e66d09505c5ebc2db9d052afd492e,dd88d1f2e26ede89a5661344d79515f7dd6fc63849c415c26cad72237d08e380,890b72a51af39cb6,52d3985972d684bc,TIFF,TIFF-LE,1024,1024,RGB,3,8,True,198.7607126235962,37.928795121135934,0.2281208038330078,0.0,6.993017630208721,,False,False,False,False,False,False,PASS,True,
Case-4-C24-26502-13028,Case-4-C24-26502-13028,Case 4 C24-26502-13028,http://pathdb.cancerimagingarchive.net/system/files/wsi/ross/Osteosarcoma-UT/converted/Osteosarcoma-UT/Training-Set-2/set4/Case-4-C24-26502-13028.tiff,Case-4,Viable,VIABLE_TUMOR,TRUE,False,RETRIEVED,200,C:\Users\enkso\.kiro\crew\scratch\runtime-0a306834\osteopatch_full_ingestion\tiffs\Case-4-C24-26502-13028.tiff,450986,28e431ad877b3083419c22975210d9d273d35cea7c2c68932058f862f98f8894,93455915b12d723233af2af15e265202b630f7539cb29f3db4e1dc825e0b95e8,9a2b6604595f66ad,cbdd4d1ab2e46d4c,TIFF,TIFF-LE,1024,1024,RGB,3,8,True,154.19275665283203,56.760823499256134,0.11125946044921875,9.34600830078125e-05,7.643275227024863,,False,False,False,False,False,False,PASS,True,
Case-4-C24-27750-16066,Case-4-C24-27750-16066,Case 4 C24-27750-16066,http://pathdb.cancerimagingarchive.net/system/files/wsi/ross/Osteosarcoma-UT/converted/Osteosarcoma-UT/Training-Set-2/set4/Case-4-C24-27750-16066.tiff,Case-4,Viable,VIABLE_TUMOR,TRUE,False,RETRIEVED,200,C:\Users\enkso\.kiro\crew\scratch\runtime-0a306834\osteopatch_full_ingestion\tiffs\Case-4-C24-27750-16066.tiff,447014,77bbc6371da83346e205482eee900d2f4eeae6d08ba222e1e26c34ca01ada143,a47182189f077204d10b1cf4028212110b58b4e06db7f06425505abb0f7d2d04,fa64fefe408daa00,252d8a5759191599,TIFF,TIFF-LE,1024,1024,RGB,3,8,True,152.9393186569214,55.2259901178762,0.10744190216064453,7.43865966796875e-05,7.6299483982011935,,False,False,False,False,False,False,PASS,True,
Case-4-C24-28082-3132,Case-4-C24-28082-3132,Case 4 C24-28082-3132,http://pathdb.cancerimagingarchive.net/system/files/wsi/ross/Osteosarcoma-UT/converted/Osteosarcoma-UT/Training-Set-2/set4/Case-4-C24-28082-3132.tiff,Case-4,Non-Viable-Tumor,NECROSIS,TRUE,False,RETRIEVED,200,C:\Users\enkso\.kiro\crew\scratch\runtime-0a306834\osteopatch_full_ingestion\tiffs\Case-4-C24-28082-3132.tiff,139468,cd0618bcbdd601bc02a7f6b2cd92adef4c33584547707eaf21b2a1bc72b61fba,e6a9f93da64f21c798c6ed7ba808fb03b63eae2ae56528317a98efec1cefcd59,bcd2c7e0b11c1e17,9468243a3d2e272b,TIFF,TIFF-LE,1024,1024,RGB,3,8,True,222.73185634613037,38.357140045219765,0.717371940612793,1.9073486328125e-06,3.9698527472128036,,False,False,False,False,False,False,PASS,True,
Case-4-C24-28865-8586,Case-4-C24-28865-8586,Case 4 C24-28865-8586,http://pathdb.cancerimagingarchive.net/system/files/wsi/ross/Osteosarcoma-UT/converted/Osteosarcoma-UT/Training-Set-2/set4/Case-4-C24-28865-8586.tiff,Case-4,viable: non-viable,,FALSE,True,RETRIEVED,200,C:\Users\enkso\.kiro\crew\scratch\runtime-0a306834\osteopatch_full_ingestion\tiffs\Case-4-C24-28865-8586.tiff,278006,396dc783225e6b3e2945bdaa1b07d5dcc56a783dd2e231eb925de3db17bc0651,597fb901b6b77e129ef2a37f6c7e765759ffc650afb59810888613e6de74e4a4,e60b33f6eecec200,67e6e56466844446,TIFF,TIFF-LE,1024,1024,RGB,3,8,True,166.81695747375488,62.29927937376931,0.3453941345214844,5.626678466796875e-05,6.284347325188001,,False,False,False,False,False,False,PASS,False,MIXED_VIABLE_NECROTIC (policy: never eligible)
Case-4-C24-30007-11532,Case-4-C24-30007-11532,Case 4 C24-30007-11532,http://pathdb.cancerimagingarchive.net/system/files/wsi/ross/Osteosarcoma-UT/converted/Osteosarcoma-UT/Training-Set-2/set4/Case-4-C24-30007-11532.tiff,Case-4,Viable,VIABLE_TUMOR,TRUE,False,RETRIEVED,200,C:\Users\enkso\.kiro\crew\scratch\runtime-0a306834\osteopatch_full_ingestion\tiffs\Case-4-C24-30007-11532.tiff,408552,c4dd93f9e1ff69bc4dfc7ce2ae78cb9aa7cfe30acc7b92f06f67d37e36a8591a,7ee11d857ba8abcb1529bed70d35ffc620f255ee66531fad55a882778d99d4ef,891c813df0bb3b65,b2b0d8ed2679dac8,TIFF,TIFF-LE,1024,1024,RGB,3,8,True,142.73438262939453,42.98357073337493,0.022359848022460938,4.291534423828125e-05,7.415601963581324,,False,False,False,False,False,False,PASS,True,
Case-4-C24-30709-15038,Case-4-C24-30709-15038,Case 4 C24-30709-15038,http://pathdb.cancerimagingarchive.net/system/files/wsi/ross/Osteosarcoma-UT/converted/Osteosarcoma-UT/Training-Set-1/set4/Case-4-C24-30709-15038.tiff,Case-4,Viable,VIABLE_TUMOR,TRUE,False,RETRIEVED,200,C:\Users\enkso\.kiro\crew\scratch\runtime-0a306834\osteopatch_full_ingestion\tiffs\Case-4-C24-30709-15038.tiff,414370,f1684e63bc3da01320d1294c9a2d5863a3537641fe032ad66911b5be56f5d850,9bc91f4c4705ecc485e18e991b3635a749697c1db2093acea76e27f036fe73d7,eb72c848ca8e79c3,a14c5b6de4334652,TIFF,TIFF-LE,1024,1024,RGB,3,8,True,143.32239723205566,41.85232265864054,0.0230255126953125,1.33514404296875e-05,7.3853125275878195,,False,False,False,False,False,False,PASS,True,
Case-4-C24-30822-32457,Case-4-C24-30822-32457,Case 4 C24-30822-32457,http://pathdb.cancerimagingarchive.net/system/files/wsi/ross/Osteosarcoma-UT/converted/Osteosarcoma-UT/Training-Set-1/set4/Case-4-C24-30822-32457.tiff,Case-4,Non-Viable-Tumor,NECROSIS,TRUE,False,RETRIEVED,200,C:\Users\enkso\.kiro\crew\scratch\runtime-0a306834\osteopatch_full_ingestion\tiffs\Case-4-C24-30822-32457.tiff,365364,1f95d509170138806d6e53c901d4416bd1b16ce53cb283954b423c4a0d8e521a,d9bf964c2fe1d1734561ae09537c69c21447b300520a3451170da2db76dc5c40,971d365c28cbaba8,7c5c5ad9b3e8c5cd,TIFF,TIFF-LE,1024,1024,RGB,3,8,True,203.02581310272217,34.31178511295922,0.1390981674194336,9.5367431640625e-07,6.86282390086647,,False,False,False,False,False,False,PASS,True,
Case-4-C24-31203-32244,Case-4-C24-31203-32244,Case 4 C24-31203-32244,http://pathdb.cancerimagingarchive.net/system/files/wsi/ross/Osteosarcoma-UT/converted/Osteosarcoma-UT/Training-Set-1/set4/Case-4-C24-31203-32244.tiff,Case-4,Non-Viable-Tumor,NECROSIS,TRUE,False,RETRIEVED,200,C:\Users\enkso\.kiro\crew\scratch\runtime-0a306834\osteopatch_full_ingestion\tiffs\Case-4-C24-31203-32244.tiff,368110,c31a0dff016f6cee4da64b7acfbd9bde516a85cb565bcfdc71edb312335e0a66,f6a8f2f5b32d5ab60ccff9e1ad5b8e76cdc565e0da2a950164493bd6156eea0f,c2077f59024f371b,c99644e59989b245,TIFF,TIFF-LE,1024,1024,RGB,3,8,True,201.13537883758545,35.71623392392395,0.1378469467163086,0.0,6.9299143888572186,,False,False,False,False,False,False,PASS,True,
Case-4-C24-31951-18510,Case-4-C24-31951-18510,Case 4 C24-31951-18510,http://pathdb.cancerimagingarchive.net/system/files/wsi/ross/Osteosarcoma-UT/converted/Osteosarcoma-UT/Training-Set-1/set4/Case-4-C24-31951-18510.tiff,Case-4,Viable,VIABLE_TUMOR,TRUE,False,RETRIEVED,200,C:\Users\enkso\.kiro\crew\scratch\runtime-0a306834\osteopatch_full_ingestion\tiffs\Case-4-C24-31951-18510.tiff,413714,ad71097dbb96e089e7da61d4b440f9b81d9f9556c405b9a1d54d0b04e6820c0e,05dbb35df3008da891887f2a05507e2a36f1cbc1f7abe7ea551f160086779dd0,c017f90ff40fe886,540984ad8cd3d3a9,TIFF,TIFF-LE,1024,1024,RGB,3,8,True,147.20244789123535,44.53769180505745,0.04022979736328125,3.337860107421875e-05,7.455192133955055,,False,False,False,False,False,False,PASS,True,
Case-4-C24-32113-11600,Case-4-C24-32113-11600,Case 4 C24-32113-11600,http://pathdb.cancerimagingarchive.net/system/files/wsi/ross/Osteosarcoma-UT/converted/Osteosarcoma-UT/Training-Set-1/set4/Case-4-C24-32113-11600.tiff,Case-4,Viable,VIABLE_TUMOR,TRUE,False,RETRIEVED,200,C:\Users\enkso\.kiro\crew\scratch\runtime-0a306834\osteopatch_full_ingestion\tiffs\Case-4-C24-32113-11600.tiff,345650,d5921c5d9f6e3c828b261ac5a141a490771c0df4708a0feb4b5cedd48394694f,930c6d9e534ba443b38616fa91297241d26c47f32319ca4f2a13973fb83de3c8,825b22b5a52ea96f,cedc79637276eecd,TIFF,TIFF-LE,1024,1024,RGB,3,8,True,143.59459018707275,31.82881142195542,0.0051670074462890625,4.00543212890625e-05,7.012825528773399,,False,False,False,False,False,False,PASS,True,
Case-4-C24-32721-26127,Case-4-C24-32721-26127,Case 4 C24-32721-26127,http://pathdb.cancerimagingarchive.net/system/files/wsi/ross/Osteosarcoma-UT/converted/Osteosarcoma-UT/Training-Set-1/set4/Case-4-C24-32721-26127.tiff,Case-4,Non-Viable-Tumor,NECROSIS,TRUE,False,RETRIEVED,200,C:\Users\enkso\.kiro\crew\scratch\runtime-0a306834\osteopatch_full_ingestion\tiffs\Case-4-C24-32721-26127.tiff,367778,75e5717464c6823185c01d956f580c1bbf53f218885d4eafaf4cd64e8e669e6e,5f50168cdb28adbb77a89176cf8c22b01a165ae7bd92e07bb3dafe77d35772dd,ac065afd01fa1bb1,abe63da7d626379d,TIFF,TIFF-LE,1024,1024,RGB,3,8,True,189.4167308807373,38.41343043820899,0.1281719207763672,6.67572021484375e-06,7.131756491815015,,False,False,False,False,False,False,PASS,True,
Case-4-C24-36024-13005,Case-4-C24-36024-13005,Case 4 C24-36024-13005,http://pathdb.cancerimagingarchive.net/system/files/wsi/ross/Osteosarcoma-UT/converted/Osteosarcoma-UT/Training-Set-1/set4/Case-4-C24-36024-13005.tiff,Case-4,viable: non-viable,,FALSE,True,RETRIEVED,200,C:\Users\enkso\.kiro\crew\scratch\runtime-0a306834\osteopatch_full_ingestion\tiffs\Case-4-C24-36024-13005.tiff,311070,1510d9f8bddf900820820755d1ea471a7633fd06a39c834a81c7a0eb64c69967,defa53a080f9359f12e8548e49b9eea355b2ea50ce0def6cbc215f98449afd0f,d40af4bc81fc9e19,a068696858342686,TIFF,TIFF-LE,1024,1024,RGB,3,8,True,178.4937562942505,50.6295637840232,0.25589942932128906,9.5367431640625e-07,7.001777635368365,,False,False,False,False,False,False,PASS,False,MIXED_VIABLE_NECROTIC (policy: never eligible)
Case-4-C24-36061-11151,Case-4-C24-36061-11151,Case 4 C24-36061-11151,http://pathdb.cancerimagingarchive.net/system/files/wsi/ross/Osteosarcoma-UT/converted/Osteosarcoma-UT/Training-Set-1/set4/Case-4-C24-36061-11151.tiff,Case-4,Viable,VIABLE_TUMOR,TRUE,False,RETRIEVED,200,C:\Users\enkso\.kiro\crew\scratch\runtime-0a306834\osteopatch_full_ingestion\tiffs\Case-4-C24-36061-11151.tiff,102470,24acebd2128849cf681f335aa87ec4d0aa795fa19b80d903e5f35d6cba2ea407,0d43d97110b471860b23342ac3fae9e7a7f97d0026e22c818db3a04f445c671e,e69964bad52a91ca,20000024901f0746,TIFF,TIFF-LE,1024,1024,RGB,3,8,True,230.01353645324707,37.10614685619428,0.8584880828857422,1.9073486328125e-06,2.9224060977867037,LOW_INFORMATION,False,False,True,False,False,True,NEAR_DUPLICATE_CANDIDATE,False,image QC status NEAR_DUPLICATE_CANDIDATE
Case-4-C24-37205-16940,Case-4-C24-37205-16940,Case 4 C24-37205-16940,http://pathdb.cancerimagingarchive.net/system/files/wsi/ross/Osteosarcoma-UT/converted/Osteosarcoma-UT/Training-Set-1/set4/Case-4-C24-37205-16940.tiff,Case-4,Viable,VIABLE_TUMOR,TRUE,False,RETRIEVED,200,C:\Users\enkso\.kiro\crew\scratch\runtime-0a306834\osteopatch_full_ingestion\tiffs\Case-4-C24-37205-16940.tiff,343956,fbf2746d6212681540eb71cf34c72481cbbee4a672175554ccc2094beece881a,7a6f5cfd4d6748eaa7e1d76a0c4bdb8287bcb76473f62b99f135767cfc1ee521,aaa4b496da12daab,ac56a3d7d15b4b45,TIFF,TIFF-LE,1024,1024,RGB,3,8,True,150.58126640319824,48.04632348678242,0.12493419647216797,1.049041748046875e-05,7.083211736891784,,False,False,False,False,False,False,PASS,True,
Case-4-C24-37783-13734,Case-4-C24-37783-13734,Case 4 C24-37783-13734,http://pathdb.cancerimagingarchive.net/system/files/wsi/ross/Osteosarcoma-UT/converted/Osteosarcoma-UT/Training-Set-1/set4/Case-4-C24-37783-13734.tiff,Case-4,Viable,VIABLE_TUMOR,TRUE,False,RETRIEVED,200,C:\Users\enkso\.kiro\crew\scratch\runtime-0a306834\osteopatch_full_ingestion\tiffs\Case-4-C24-37783-13734.tiff,368490,8d3e6b0346c3e53de3e202a60682797a1c4a193fb9b8ca2973ef882ce79b146a,61c263210c0cbe9d9e5a6532a341d7e6406525dd96f183c2c4a393beb57b7766,f9b66619e44688e9,041c1a24129baba2,TIFF,TIFF-LE,1024,1024,RGB,3,8,True,142.47968101501465,33.30085168676835,0.0035238265991210938,6.67572021484375e-06,7.097730157766501,,False,False,False,False,False,False,PASS,True,
Case-4-C24-37864-31739,Case-4-C24-37864-31739,Case 4 C24-37864-31739,http://pathdb.cancerimagingarchive.net/system/files/wsi/ross/Osteosarcoma-UT/converted/Osteosarcoma-UT/Training-Set-1/set4/Case-4-C24-37864-31739.tiff,Case-4,Non-Viable-Tumor,NECROSIS,TRUE,False,RETRIEVED,200,C:\Users\enkso\.kiro\crew\scratch\runtime-0a306834\osteopatch_full_ingestion\tiffs\Case-4-C24-37864-31739.tiff,138344,f2f33210f43c0074355822134769c5c3f17885510b10f581416615aded38416a,1a31e430c659b7506102494f4370299f0cc73229df3167d677773515174e34e8,ba3e664f0c18c1e7,6f4f1c3a74c0a000,TIFF,TIFF-LE,1024,1024,RGB,3,8,True,228.11680507659912,27.20466525851185,0.6989221572875977,0.0,3.8315451572047463,,False,False,False,False,False,False,PASS,True,
Case-4-C24-38186-21797,Case-4-C24-38186-21797,Case 4 C24-38186-21797,http://pathdb.cancerimagingarchive.net/system/files/wsi/ross/Osteosarcoma-UT/converted/Osteosarcoma-UT/Training-Set-1/set4/Case-4-C24-38186-21797.tiff,Case-4,Viable,VIABLE_TUMOR,TRUE,False,RETRIEVED,200,C:\Users\enkso\.kiro\crew\scratch\runtime-0a306834\osteopatch_full_ingestion\tiffs\Case-4-C24-38186-21797.tiff,383290,31c8adf51e0313a7ba95bfffbf362e291d146f7189e3beb0f47b4694afca22fd,22f771fae29b02e1376e3f1867d3ac89d794be3a70a242619db42c2cdf912ee8,a8c46dd52f0d6d92,a2e597378952b91b,TIFF,TIFF-LE,1024,1024,RGB,3,8,True,144.45637226104736,37.1217576246955,0.007672309875488281,3.4332275390625e-05,7.251342529007268,,False,False,False,False,False,False,PASS,True,
Case-4-C24-41653-14996,Case-4-C24-41653-14996,Case 4 C24-41653-14996,http://pathdb.cancerimagingarchive.net/system/files/wsi/ross/Osteosarcoma-UT/converted/Osteosarcoma-UT/Training-Set-1/set4/Case-4-C24-41653-14996.tiff,Case-4,Non-Tumor,NON_TUMOR,TRUE,False,RETRIEVED,200,C:\Users\enkso\.kiro\crew\scratch\runtime-0a306834\osteopatch_full_ingestion\tiffs\Case-4-C24-41653-14996.tiff,401410,78bbd5f44bf70491f8d6e304c4b0fac1f86c4ba4211d0c8a7e765be840c1be2e,028a57bedfda30bcaeced5325026d5a07b18d9237351550eb671d3009be407f6,aaa3b4939aca81dd,8d0ec76131d064b6,TIFF,TIFF-LE,1024,1024,RGB,3,8,True,186.20477199554443,45.170156340619734,0.23504638671875,9.5367431640625e-07,6.980422166296252,,False,False,False,False,False,False,PASS,True,
Case-4-C27-11262-18851,Case-4-C27-11262-18851,Case 4 C27-11262-18851,http://pathdb.cancerimagingarchive.net/system/files/wsi/ross/Osteosarcoma-UT/converted/Osteosarcoma-UT/Training-Set-2/set4/Case-4-C27-11262-18851.tiff,Case-4,Non-Viable-Tumor,NECROSIS,TRUE,False,RETRIEVED,200,C:\Users\enkso\.kiro\crew\scratch\runtime-0a306834\osteopatch_full_ingestion\tiffs\Case-4-C27-11262-18851.tiff,412984,a7467f8ec4a94d76be9561253ef5d6cc24fa84fdee918b323f5549206c968a4c,4ecfac037098b47387a82c4c5a845832150d36fdd5b8f7a680ad495b8be5b333,955ad945d21ad4d9,78f6386dd6d6789c,TIFF,TIFF-LE,1024,1024,RGB,3,8,True,183.9460506439209,35.67294439696951,0.0822591781616211,0.0,7.137714031938735,,False,False,False,False,False,False,PASS,True,
Case-4-C27-12292-22142,Case-4-C27-12292-22142,Case 4 C27-12292-22142,http://pathdb.cancerimagingarchive.net/system/files/wsi/ross/Osteosarcoma-UT/converted/Osteosarcoma-UT/Training-Set-2/set4/Case-4-C27-12292-22142.tiff,Case-4,Non-Viable-Tumor,NECROSIS,TRUE,False,RETRIEVED,200,C:\Users\enkso\.kiro\crew\scratch\runtime-0a306834\osteopatch_full_ingestion\tiffs\Case-4-C27-12292-22142.tiff,297782,80b41698bc83864cb4a142fe1724586f9df87b02c190f16174544d7d1f787e9b,c207f9dff1b3b2e0bfdbf44e857ed7128f8ca08d973773d7fb3d32e4f0cf7035,aa954b89b4417eb5,1a386dedee61c141,TIFF,TIFF-LE,1024,1024,RGB,3,8,True,203.28354835510254,43.13704449992599,0.40123844146728516,2.956390380859375e-05,5.998674287042016,,False,False,False,False,False,False,PASS,True,
Case-4-C27-12979-14786,Case-4-C27-12979-14786,Case 4 C27-12979-14786,http://pathdb.cancerimagingarchive.net/system/files/wsi/ross/Osteosarcoma-UT/converted/Osteosarcoma-UT/Training-Set-2/set4/Case-4-C27-12979-14786.tiff,Case-4,Non-Viable-Tumor,NECROSIS,TRUE,False,RETRIEVED,200,C:\Users\enkso\.kiro\crew\scratch\runtime-0a306834\osteopatch_full_ingestion\tiffs\Case-4-C27-12979-14786.tiff,395572,841dd5722855ebbe221b3f64e6a32618aff2604a97cb55623c88681648f95593,4f4588076b23630b8fdf7d676d3ff2bdc218df986e202551718a5744e3383f06,f90fd04be9a4504f,b3092e464b283498,TIFF,TIFF-LE,1024,1024,RGB,3,8,True,151.1423797607422,28.03344461568101,0.004525184631347656,0.0,6.807326113074202,,False,False,False,False,False,False,PASS,True,
Case-4-C27-16245-18671,Case-4-C27-16245-18671,Case 4 C27-16245-18671,http://pathdb.cancerimagingarchive.net/system/files/wsi/ross/Osteosarcoma-UT/converted/Osteosarcoma-UT/Training-Set-2/set4/Case-4-C27-16245-18671.tiff,Case-4,Non-Viable-Tumor,NECROSIS,TRUE,False,RETRIEVED,200,C:\Users\enkso\.kiro\crew\scratch\runtime-0a306834\osteopatch_full_ingestion\tiffs\Case-4-C27-16245-18671.tiff,389326,b1940560333ffc186ca27dd3bea0516823020a4ca0cfdddf908ed45b5614e1cb,a45fd29bdb666a2d2022136d0acede6a7a17f3b938a0267cd69df66c2874178d,ae9600aff39c15e1,ec6f6e354b67738b,TIFF,TIFF-LE,1024,1024,RGB,3,8,True,154.66355419158936,30.26075160456028,0.008205413818359375,0.0,6.935510275635855,,False,False,False,False,False,False,PASS,True,
Case-4-C27-16512-14137,Case-4-C27-16512-14137,Case 4 C27-16512-14137,http://pathdb.cancerimagingarchive.net/system/files/wsi/ross/Osteosarcoma-UT/converted/Osteosarcoma-UT/Training-Set-2/set4/Case-4-C27-16512-14137.tiff,Case-4,Viable,VIABLE_TUMOR,TRUE,False,RETRIEVED,200,C:\Users\enkso\.kiro\crew\scratch\runtime-0a306834\osteopatch_full_ingestion\tiffs\Case-4-C27-16512-14137.tiff,473752,ededc5c3817fea82c2b060e432033ad8541d39d3ffaf48d1558074c54044bc1d,2731e856bfa3f86c7647d2dd169477043c65a1beb1c99c3ce7e10acbee47cd6c,804cf7d70381f8bb,e426b7959b94da5a,TIFF,TIFF-LE,1024,1024,RGB,3,8,True,154.99426078796387,49.566505313210456,0.04882526397705078,6.103515625e-05,7.6072865614868785,,False,False,False,False,False,False,PASS,True,
Case-4-C27-18794-30075,Case-4-C27-18794-30075,Case 4 C27-18794-30075,http://pathdb.cancerimagingarchive.net/system/files/wsi/ross/Osteosarcoma-UT/converted/Osteosarcoma-UT/Training-Set-2/set4/Case-4-C27-18794-30075.tiff,Case-4,Non-Viable-Tumor,NECROSIS,TRUE,False,RETRIEVED,200,C:\Users\enkso\.kiro\crew\scratch\runtime-0a306834\osteopatch_full_ingestion\tiffs\Case-4-C27-18794-30075.tiff,326226,a2842ef698221d676161859962af2f4fdbd0f3fdf8973572776694ec85f6bddd,35719656b8b45cbf39f56269598ca8c87bca0328b1b0da12d604f253fc630313,be78ca1af226e621,0933370e1d75f8f8,TIFF,TIFF-LE,1024,1024,RGB,3,8,True,169.3032741546631,39.31369978584522,0.050566673278808594,0.0,7.248141430723319,,False,False,False,False,False,False,PASS,True,
Case-4-C27-23395-17702,Case-4-C27-23395-17702,Case 4 C27-23395-17702,http://pathdb.cancerimagingarchive.net/system/files/wsi/ross/Osteosarcoma-UT/converted/Osteosarcoma-UT/Training-Set-2/set4/Case-4-C27-23395-17702.tiff,Case-4,Viable,VIABLE_TUMOR,TRUE,False,RETRIEVED,200,C:\Users\enkso\.kiro\crew\scratch\runtime-0a306834\osteopatch_full_ingestion\tiffs\Case-4-C27-23395-17702.tiff,464412,088240fa76f142d5e11a37a02443268bb7147714682bf12172f2040437e1cf79,326f670bc673c12a945c783b3abd6566d254d0945a8ca41634defb559120d688,ad6ed0aa6a54f238,29e2744643635292,TIFF,TIFF-LE,1024,1024,RGB,3,8,True,155.9521141052246,55.92860491523498,0.0904388427734375,0.00011348724365234375,7.693003985572804,,False,False,False,False,False,False,PASS,True,
Case-4-C27-25232-22735,Case-4-C27-25232-22735,Case 4 C27-25232-22735,http://pathdb.cancerimagingarchive.net/system/files/wsi/ross/Osteosarcoma-UT/converted/Osteosarcoma-UT/Training-Set-2/set4/Case-4-C27-25232-22735.tiff,Case-4,Viable,VIABLE_TUMOR,TRUE,False,RETRIEVED,200,C:\Users\enkso\.kiro\crew\scratch\runtime-0a306834\osteopatch_full_ingestion\tiffs\Case-4-C27-25232-22735.tiff,429726,ee4df015a9827d970011c0a94b56b89da780202ad30660cb1c0f860a17d53338,dfc31ffa2e2edd73cc3ae1daef0dd0339da606cd17908121ddeec98c2e1a4ad9,fc7cfc38fc08841a,3214eacb1a63130e,TIFF,TIFF-LE,1024,1024,RGB,3,8,True,167.45878219604492,58.43129457025882,0.17549419403076172,0.00018024444580078125,7.54908606625496,,False,False,False,False,False,False,PASS,True,
Case-4-C27-26950-6071,Case-4-C27-26950-6071,Case 4 C27-26950-6071,http://pathdb.cancerimagingarchive.net/system/files/wsi/ross/Osteosarcoma-UT/converted/Osteosarcoma-UT/Training-Set-2/set4/Case-4-C27-26950-6071.tiff,Case-4,viable: non-viable,,FALSE,True,RETRIEVED,200,C:\Users\enkso\.kiro\crew\scratch\runtime-0a306834\osteopatch_full_ingestion\tiffs\Case-4-C27-26950-6071.tiff,201952,958d95df67edafa49a3685365d21ea22fbc676d4fa617157bdf56cf14fd4aef3,a7f02001010c6a8f22fd683ee8c9520566abd4548c299ec5bd9703c7958cbc4e,9ce3a9465ea85553,b5b4bc747474b734,TIFF,TIFF-LE,1024,1024,RGB,3,8,True,197.3145523071289,59.43858803783865,0.5800542831420898,2.002716064453125e-05,5.122936853688687,,False,False,False,False,False,False,PASS,False,MIXED_VIABLE_NECROTIC (policy: never eligible)
Case-4-C27-26960-35733,Case-4-C27-26960-35733,Case 4 C27-26960-35733,http://pathdb.cancerimagingarchive.net/system/files/wsi/ross/Osteosarcoma-UT/converted/Osteosarcoma-UT/Training-Set-2/set4/Case-4-C27-26960-35733.tiff,Case-4,viable: non-viable,,FALSE,True,RETRIEVED,200,C:\Users\enkso\.kiro\crew\scratch\runtime-0a306834\osteopatch_full_ingestion\tiffs\Case-4-C27-26960-35733.tiff,372104,80f3a6107a25210a25935f40a3d3977bc0f02d8fb5eff4dab3643b55380ebc0f,78407966e456bd60dbe1e5bd1425ca9a4ed3448d8f9aa679c972f442ec26b2df,ae71cb10c61dce78,591b3966ec6fb3e3,TIFF,TIFF-LE,1024,1024,RGB,3,8,True,183.7169885635376,37.329950910683706,0.08932304382324219,0.0,7.157757109368377,,False,False,False,False,False,False,PASS,False,MIXED_VIABLE_NECROTIC (policy: never eligible)
Case-4-C27-27433-14234,Case-4-C27-27433-14234,Case 4 C27-27433-14234,http://pathdb.cancerimagingarchive.net/system/files/wsi/ross/Osteosarcoma-UT/converted/Osteosarcoma-UT/Training-Set-2/set4/Case-4-C27-27433-14234.tiff,Case-4,Viable,VIABLE_TUMOR,TRUE,False,RETRIEVED,200,C:\Users\enkso\.kiro\crew\scratch\runtime-0a306834\osteopatch_full_ingestion\tiffs\Case-4-C27-27433-14234.tiff,446244,aadd8899f49882115a0c8517201e0274e955813a39a91801277091f7e086c7d6,9d738f901ab662e17c49f701afb5dc3961cb57e90834df30661de451092bc22c,f3659a64ab542972,8264aa66c7166c59,TIFF,TIFF-LE,1024,1024,RGB,3,8,True,155.57188415527344,55.371200927716,0.10750484466552734,6.866455078125e-05,7.634053761806059,,False,False,False,False,False,False,PASS,True,
Case-4-C27-27896-8735,Case-4-C27-27896-8735,Case 4 C27-27896-8735,http://pathdb.cancerimagingarchive.net/system/files/wsi/ross/Osteosarcoma-UT/converted/Osteosarcoma-UT/Training-Set-2/set4/Case-4-C27-27896-8735.tiff,Case-4,Non-Viable-Tumor,NECROSIS,TRUE,False,RETRIEVED,200,C:\Users\enkso\.kiro\crew\scratch\runtime-0a306834\osteopatch_full_ingestion\tiffs\Case-4-C27-27896-8735.tiff,84080,1e2c713447aafde7d4609f768a529cef3e800cf77512123f97f05e21ab66fc66,96e21201ca65aeb1a929fe91cf27af346be9e8350445c9062941894fc1ffb5d8,b1c55d71cec8233a,04a242b1989a1034,TIFF,TIFF-LE,1024,1024,RGB,3,8,True,229.99915599822998,36.686241638504185,0.8774995803833008,7.62939453125e-06,2.5658348731148344,LOW_INFORMATION,False,False,False,False,False,True,REVIEW,False,image QC status REVIEW
Case-4-C27-28136-19724,Case-4-C27-28136-19724,Case 4 C27-28136-19724,http://pathdb.cancerimagingarchive.net/system/files/wsi/ross/Osteosarcoma-UT/converted/Osteosarcoma-UT/Training-Set-2/set5/Case-4-C27-28136-19724.tiff,Case-4,Viable,VIABLE_TUMOR,TRUE,False,RETRIEVED,200,C:\Users\enkso\.kiro\crew\scratch\runtime-0a306834\osteopatch_full_ingestion\tiffs\Case-4-C27-28136-19724.tiff,379770,22c1a86e3f4f638e4d8845463a5c1dd86837ddd4fdae3562533b4c8fdfcb47cc,d6c18d3b75e680ef17c6f7752f2d0b9dc31dc75c34c74cd908ffa449cc64d4b4,83438bf2cd9a4e9c,c9cc94b06c4c3c73,TIFF,TIFF-LE,1024,1024,RGB,3,8,True,164.93782138824463,64.39874402279132,0.27414989471435547,0.00013637542724609375,7.175056642442364,,False,False,False,False,False,False,PASS,True,
Case-4-C27-28549-7066,Case-4-C27-28549-7066,Case 4 C27-28549-7066,http://pathdb.cancerimagingarchive.net/system/files/wsi/ross/Osteosarcoma-UT/converted/Osteosarcoma-UT/Training-Set-2/set5/Case-4-C27-28549-7066.tiff,Case-4,viable: non-viable,,FALSE,True,RETRIEVED,200,C:\Users\enkso\.kiro\crew\scratch\runtime-0a306834\osteopatch_full_ingestion\tiffs\Case-4-C27-28549-7066.tiff,301930,e63d0fb1b82b1d573a000b8865850d39f5b03de5ee9aaf898a54e14eb4decb64,5144d953d4711b091d0683111f2d530f9ed0777859e9a0eedb25569d2d417300,e006e3fbf811c33c,cac6c79633431809,TIFF,TIFF-LE,1024,1024,RGB,3,8,True,152.77530002593994,58.59572326035735,0.22462081909179688,3.4332275390625e-05,6.938562521773392,,False,False,False,False,False,False,PASS,False,MIXED_VIABLE_NECROTIC (policy: never eligible)
Case-4-C27-29294-5191,Case-4-C27-29294-5191,Case 4 C27-29294-5191,http://pathdb.cancerimagingarchive.net/system/files/wsi/ross/Osteosarcoma-UT/converted/Osteosarcoma-UT/Training-Set-2/set5/Case-4-C27-29294-5191.tiff,Case-4,Non-Tumor,NON_TUMOR,TRUE,False,RETRIEVED,200,C:\Users\enkso\.kiro\crew\scratch\runtime-0a306834\osteopatch_full_ingestion\tiffs\Case-4-C27-29294-5191.tiff,238944,4570ad55fca497f18ac927475c07e9b0c7f6ab67f8e0675a0f5c653c846ed093,3411ceba6853afe1a5f30aee0a2787f0474fca0e24e7440395f4771b93209586,9c86c966b3e3c8d4,f07430fdb4b53431,TIFF,TIFF-LE,1024,1024,RGB,3,8,True,199.10453701019287,48.59371942525928,0.44858646392822266,4.1961669921875e-05,5.877852311532522,,False,False,False,False,False,False,PASS,True,
Case-4-C27-29439-7838,Case-4-C27-29439-7838,Case 4 C27-29439-7838,http://pathdb.cancerimagingarchive.net/system/files/wsi/ross/Osteosarcoma-UT/converted/Osteosarcoma-UT/Training-Set-2/set5/Case-4-C27-29439-7838.tiff,Case-4,Viable,VIABLE_TUMOR,TRUE,False,RETRIEVED,200,C:\Users\enkso\.kiro\crew\scratch\runtime-0a306834\osteopatch_full_ingestion\tiffs\Case-4-C27-29439-7838.tiff,354680,05803f91249f502689a87879b5e9fc5def291971ed3738beff253c1c4f557f65,ef5d3e79b4292ab80bc485e4a8a95b8e514d972ab5dcdd2b131128d95b284517,c339e9f52044c7f4,921b46f18c6ac4d1,TIFF,TIFF-LE,1024,1024,RGB,3,8,True,119.31068325042725,30.826510885110714,0.0026712417602539062,2.384185791015625e-05,6.936995287998824,,False,False,False,False,False,False,PASS,True,
Case-4-C27-30307-29497,Case-4-C27-30307-29497,Case 4 C27-30307-29497,http://pathdb.cancerimagingarchive.net/system/files/wsi/ross/Osteosarcoma-UT/converted/Osteosarcoma-UT/Training-Set-1/set4/Case-4-C27-30307-29497.tiff,Case-4,Non-Viable-Tumor,NECROSIS,TRUE,False,RETRIEVED,200,C:\Users\enkso\.kiro\crew\scratch\runtime-0a306834\osteopatch_full_ingestion\tiffs\Case-4-C27-30307-29497.tiff,352330,d1b05a8b43700db3311aa485418979e2d54f1ea1c3b8d7e6c703d1aa3728251a,6f62a354ef5c9d6d620c30a53b598c076890efb17be81d999cf128348b9dc1d9,8e07b45d7453c95c,6c6feb4d2a7b35bd,TIFF,TIFF-LE,1024,1024,RGB,3,8,True,187.06163787841797,30.23804947511363,0.05989360809326172,0.0,6.921782008423361,,False,False,False,False,False,False,PASS,True,
Case-4-C27-32061-22260,Case-4-C27-32061-22260,Case 4 C27-32061-22260,http://pathdb.cancerimagingarchive.net/system/files/wsi/ross/Osteosarcoma-UT/converted/Osteosarcoma-UT/Training-Set-1/set4/Case-4-C27-32061-22260.tiff,Case-4,Viable,VIABLE_TUMOR,TRUE,False,RETRIEVED,200,C:\Users\enkso\.kiro\crew\scratch\runtime-0a306834\osteopatch_full_ingestion\tiffs\Case-4-C27-32061-22260.tiff,351196,f2eea0be6f2fb2483b4652a186311127d53f0e15c2d027d054667c4ff7d728c1,7dd5ce058aa90a522a564f92c2a10f3386ab2cb73afb4af8882ea848f7667e64,c62bb8cda0f90eb4,424d4cc2e460109c,TIFF,TIFF-LE,1024,1024,RGB,3,8,True,162.74991703033447,56.98072532129216,0.20585250854492188,0.0001544952392578125,7.255037126793867,,False,False,False,False,False,False,PASS,True,
Case-4-C27-32431-19828,Case-4-C27-32431-19828,Case 4 C27-32431-19828,http://pathdb.cancerimagingarchive.net/system/files/wsi/ross/Osteosarcoma-UT/converted/Osteosarcoma-UT/Training-Set-1/set4/Case-4-C27-32431-19828.tiff,Case-4,Viable,VIABLE_TUMOR,TRUE,False,RETRIEVED,200,C:\Users\enkso\.kiro\crew\scratch\runtime-0a306834\osteopatch_full_ingestion\tiffs\Case-4-C27-32431-19828.tiff,412330,8afa98e0f1e4a921ea7164bdfbbba849493a392d720ede6c9c0d572543904e3e,f67f838262e1a851cccba07554a5a06902c9c8d98e48de8b8860122d9db5dbb9,cf82319250dde46f,c5c1636361a32252,TIFF,TIFF-LE,1024,1024,RGB,3,8,True,143.84871101379395,44.01422179540056,0.027853012084960938,9.822845458984375e-05,7.456559597084503,,False,False,False,False,False,False,PASS,True,
Case-4-C27-33498-10849,Case-4-C27-33498-10849,Case 4 C27-33498-10849,http://pathdb.cancerimagingarchive.net/system/files/wsi/ross/Osteosarcoma-UT/converted/Osteosarcoma-UT/Training-Set-1/set4/Case-4-C27-33498-10849.tiff,Case-4,viable: non-viable,,FALSE,True,RETRIEVED,200,C:\Users\enkso\.kiro\crew\scratch\runtime-0a306834\osteopatch_full_ingestion\tiffs\Case-4-C27-33498-10849.tiff,231656,14ef681bdd2c9dbd473757aec033de62550d5114fd0a2afdd4e87b82ad271f9a,f7d81b8e4286df1eb5470c4b71d2b037086e1e7780cb2ad6df7a285ddf1c599f,bdb65a81923d31c6,3d1d1e1eceb663eb,TIFF,TIFF-LE,1024,1024,RGB,3,8,True,189.25294971466064,42.28294148555992,0.2919034957885742,1.9073486328125e-06,6.072381328613479,,False,False,False,False,False,False,PASS,False,MIXED_VIABLE_NECROTIC (policy: never eligible)
Case-4-C27-34169-23534,Case-4-C27-34169-23534,Case 4 C27-34169-23534,http://pathdb.cancerimagingarchive.net/system/files/wsi/ross/Osteosarcoma-UT/converted/Osteosarcoma-UT/Training-Set-1/set4/Case-4-C27-34169-23534.tiff,Case-4,Viable,VIABLE_TUMOR,TRUE,False,RETRIEVED,200,C:\Users\enkso\.kiro\crew\scratch\runtime-0a306834\osteopatch_full_ingestion\tiffs\Case-4-C27-34169-23534.tiff,360492,8e7059d7a3e12c0aaebbf6d9a39740a895631db5138c8fb0cd9e4db6722dbfe3,2cd0a6a8e6573fd69c36dbf3fc09442c154e4ad9d62293cf7e57a8bf6997009a,d96ebc5f21a45285,7132a293d0303295,TIFF,TIFF-LE,1024,1024,RGB,3,8,True,141.2546558380127,37.6533871938166,0.013152122497558594,7.534027099609375e-05,7.252944483240894,,False,False,False,False,False,False,PASS,True,
Case-4-C27-36865-22443,Case-4-C27-36865-22443,Case 4 C27-36865-22443,http://pathdb.cancerimagingarchive.net/system/files/wsi/ross/Osteosarcoma-UT/converted/Osteosarcoma-UT/Training-Set-1/set4/Case-4-C27-36865-22443.tiff,Case-4,viable: non-viable,,FALSE,True,RETRIEVED,200,C:\Users\enkso\.kiro\crew\scratch\runtime-0a306834\osteopatch_full_ingestion\tiffs\Case-4-C27-36865-22443.tiff,347888,8e70992d6db4dc11a11d9cdacac2eed0f46873c8fd75c75e94c85d9671c429db,7f5648e75e8fd640b93a885c9197668b2e05713f69a5aa9045743045ec8c70cc,c47e3fd3402c26a7,642527a5c45516ce,TIFF,TIFF-LE,1024,1024,RGB,3,8,True,146.80153846740723,34.801592280667805,0.01765918731689453,5.7220458984375e-06,7.09446555324959,,False,False,False,False,False,False,PASS,False,MIXED_VIABLE_NECROTIC (policy: never eligible)
Case-4-C27-37395-26388,Case-4-C27-37395-26388,Case 4 C27-37395-26388,http://pathdb.cancerimagingarchive.net/system/files/wsi/ross/Osteosarcoma-UT/converted/Osteosarcoma-UT/Training-Set-1/set4/Case-4-C27-37395-26388.tiff,Case-4,Viable,VIABLE_TUMOR,TRUE,False,RETRIEVED,200,C:\Users\enkso\.kiro\crew\scratch\runtime-0a306834\osteopatch_full_ingestion\tiffs\Case-4-C27-37395-26388.tiff,413614,31ad09e9315ca8a1e9e4238ae4b56f260078abcabd8a03388e8ac748442ff7c0,309de75408ea487857cc7141f5c601ca8ee70964d1efc3f4bd1a9e44f69a0092,dbd89335622a30f9,99b9b12b2b5e674d,TIFF,TIFF-LE,1024,1024,RGB,3,8,True,139.23313426971436,50.2220422320008,0.03487682342529297,7.82012939453125e-05,7.617988188399645,,False,False,False,False,False,False,PASS,True,
Case-4-C27-37440-28310,Case-4-C27-37440-28310,Case 4 C27-37440-28310,http://pathdb.cancerimagingarchive.net/system/files/wsi/ross/Osteosarcoma-UT/converted/Osteosarcoma-UT/Training-Set-1/set4/Case-4-C27-37440-28310.tiff,Case-4,Viable,VIABLE_TUMOR,TRUE,False,RETRIEVED,200,C:\Users\enkso\.kiro\crew\scratch\runtime-0a306834\osteopatch_full_ingestion\tiffs\Case-4-C27-37440-28310.tiff,406614,df433337a916da77cc9c4a768c4e37ea468e7596050f7dc6b70aeb54c3402eca,a9dd083b7ef09f4ddf026352f252a37a19f7b23732d7b2b3232dc68cf855a847,9c4611dd7285ccee,346825c52132d408,TIFF,TIFF-LE,1024,1024,RGB,3,8,True,167.32933139801025,51.413432402218234,0.12261581420898438,3.0517578125e-05,7.520566315653883,,False,False,False,False,False,False,PASS,True,
Case-4-C27-37658-29791,Case-4-C27-37658-29791,Case 4 C27-37658-29791,http://pathdb.cancerimagingarchive.net/system/files/wsi/ross/Osteosarcoma-UT/converted/Osteosarcoma-UT/Training-Set-1/set4/Case-4-C27-37658-29791.tiff,Case-4,Non-Viable-Tumor,NECROSIS,TRUE,False,RETRIEVED,200,C:\Users\enkso\.kiro\crew\scratch\runtime-0a306834\osteopatch_full_ingestion\tiffs\Case-4-C27-37658-29791.tiff,367942,d08958ee46374b9ad47812c552734bc2d1969cf2e7fb76b3f4afc06d9947b1cc,bbef3cd62ad32eb5341e6cd9dc469c71e3cbb55c69ddc94bf8e2c5a777d330c1,e75e99cb14ca5892,110b252c4ad7cb96,TIFF,TIFF-LE,1024,1024,RGB,3,8,True,190.6026782989502,37.116641160522526,0.14205169677734375,0.0,7.106496813780251,,False,False,False,False,False,False,PASS,True,
Case-4-C27-40436-21740,Case-4-C27-40436-21740,Case 4 C27-40436-21740,http://pathdb.cancerimagingarchive.net/system/files/wsi/ross/Osteosarcoma-UT/converted/Osteosarcoma-UT/Training-Set-1/set4/Case-4-C27-40436-21740.tiff,Case-4,Non-Viable-Tumor,NECROSIS,TRUE,False,RETRIEVED,200,C:\Users\enkso\.kiro\crew\scratch\runtime-0a306834\osteopatch_full_ingestion\tiffs\Case-4-C27-40436-21740.tiff,321254,91a26390f061b69a7ae2bb5a1afb76b60dd82c1724edf2366ad7ed9a3fe50d96,72588caef3300a1672187e27679193b970dfb4ff90a2098adead0718cf0e50e3,aad5c74a55aad431,657a2e3751abcbaa,TIFF,TIFF-LE,1024,1024,RGB,3,8,True,167.0202932357788,32.40018695818913,0.04119300842285156,2.86102294921875e-06,6.950808201121287,,False,False,False,False,False,False,PASS,True,
Case-4-C27-42354-19379,Case-4-C27-42354-19379,Case 4 C27-42354-19379,http://pathdb.cancerimagingarchive.net/system/files/wsi/ross/Osteosarcoma-UT/converted/Osteosarcoma-UT/Training-Set-1/set4/Case-4-C27-42354-19379.tiff,Case-4,Viable,VIABLE_TUMOR,TRUE,False,RETRIEVED,200,C:\Users\enkso\.kiro\crew\scratch\runtime-0a306834\osteopatch_full_ingestion\tiffs\Case-4-C27-42354-19379.tiff,392468,aecf20d8792c220ebba28858d0735ed50e71e77a3718e170dcf836668a531eeb,5d58f28edef4f1d24cc7aa1c16d40888e0678529b9dd58f147fb2a033da2a771,b392ea2e469381bd,6d3cdccc6c9e1a5d,TIFF,TIFF-LE,1024,1024,RGB,3,8,True,161.06888675689697,43.76810955827976,0.08426570892333984,7.62939453125e-06,7.356391461783286,,False,False,False,False,False,False,PASS,True,
Case-4-C27-45200-21938,Case-4-C27-45200-21938,Case 4 C27-45200-21938,http://pathdb.cancerimagingarchive.net/system/files/wsi/ross/Osteosarcoma-UT/converted/Osteosarcoma-UT/Training-Set-1/set4/Case-4-C27-45200-21938.tiff,Case-4,Non-Tumor,NON_TUMOR,TRUE,False,RETRIEVED,200,C:\Users\enkso\.kiro\crew\scratch\runtime-0a306834\osteopatch_full_ingestion\tiffs\Case-4-C27-45200-21938.tiff,240120,13cf4c9d94c338db6961b05f7b98cf954705562e783c019b8c176af5aa7ed8b4,8b20d6bbb79a6081060fff7c162aa4c205f01449de76de89717463c54eb4bc52,b1b2576c9b046c9b,0c8c9a981bb6565c,TIFF,TIFF-LE,1024,1024,RGB,3,8,True,218.6126832962036,40.98429097104544,0.6242084503173828,0.0,5.16764017204759,,False,False,False,False,False,False,PASS,True,
Case-4-C27-45262-20988,Case-4-C27-45262-20988,Case 4 C27-45262-20988,http://pathdb.cancerimagingarchive.net/system/files/wsi/ross/Osteosarcoma-UT/converted/Osteosarcoma-UT/Training-Set-1/set4/Case-4-C27-45262-20988.tiff,Case-4,Non-Tumor,NON_TUMOR,TRUE,False,RETRIEVED,200,C:\Users\enkso\.kiro\crew\scratch\runtime-0a306834\osteopatch_full_ingestion\tiffs\Case-4-C27-45262-20988.tiff,182330,b5af89fb1f765e9d40fd96537aa759e6b1ad038c0067ebc7b85cbce9402f2919,9c6ef3772999b5c8fd6126914b12e397820a306bf0bc0d60ee4714715f166f14,9986e3f0fc18f0f0,d0e0683034181a1a,TIFF,TIFF-LE,1024,1024,RGB,3,8,True,222.86284351348877,39.23772388224568,0.7227048873901367,0.0,3.9887689642733566,,False,False,False,False,False,False,PASS,True,
Case-4-C28-10217-20283,Case-4-C28-10217-20283,Case 4 C28-10217-20283,http://pathdb.cancerimagingarchive.net/system/files/wsi/ross/Osteosarcoma-UT/converted/Osteosarcoma-UT/Training-Set-2/set5/Case-4-C28-10217-20283.tiff,Case-4,Non-Viable-Tumor,NECROSIS,TRUE,False,RETRIEVED,200,C:\Users\enkso\.kiro\crew\scratch\runtime-0a306834\osteopatch_full_ingestion\tiffs\Case-4-C28-10217-20283.tiff,303970,839aa60dabffc35386b7f6f79d4d15bb2e0d868c4f81b8c388ccd4936a757b38,2594c01a31dc3c9ea5162f514c019160f3985b0b48c93915ea84eb912e6d7d6c,ff3f0f039862a1c4,773f2f1f964c4424,TIFF,TIFF-LE,1024,1024,RGB,3,8,True,201.73391342163086,36.95920962221893,0.29935741424560547,0.0,6.2365386879446705,,False,False,False,False,False,False,PASS,True,
Case-4-C28-13005-20274,Case-4-C28-13005-20274,Case 4 C28-13005-20274,http://pathdb.cancerimagingarchive.net/system/files/wsi/ross/Osteosarcoma-UT/converted/Osteosarcoma-UT/Training-Set-2/set5/Case-4-C28-13005-20274.tiff,Case-4,Non-Viable-Tumor,NECROSIS,TRUE,False,RETRIEVED,200,C:\Users\enkso\.kiro\crew\scratch\runtime-0a306834\osteopatch_full_ingestion\tiffs\Case-4-C28-13005-20274.tiff,423612,6d240ba6b8d2ac5b97ef8ad3e83c7e91800520579cc89442c637a158a42f3a82,664d99247e6de796c2b78d10b54bffb62a662a66d79788f96a060987a316367c,a24f4ea83155baae,6a60c8daaf9dae2d,TIFF,TIFF-LE,1024,1024,RGB,3,8,True,185.40388774871826,42.397318672824014,0.18359375,0.0,7.193151869289921,,False,False,False,False,False,False,PASS,True,
Case-4-C28-17086-17351,Case-4-C28-17086-17351,Case 4 C28-17086-17351,http://pathdb.cancerimagingarchive.net/system/files/wsi/ross/Osteosarcoma-UT/converted/Osteosarcoma-UT/Training-Set-2/set5/Case-4-C28-17086-17351.tiff,Case-4,viable: non-viable,,FALSE,True,RETRIEVED,200,C:\Users\enkso\.kiro\crew\scratch\runtime-0a306834\osteopatch_full_ingestion\tiffs\Case-4-C28-17086-17351.tiff,398260,75e5f7f95ec7b176482b28529e2e63e71d8189380a4a787cfdd780b8940908e4,c4424c44f7fb1714598f504bc8a96f8d9e72dbeb66bc69b8963b53137a13f518,d54ae4f1dd063871,e46155741a9cc4a6,TIFF,TIFF-LE,1024,1024,RGB,3,8,True,162.80603981018066,39.43855417222464,0.050194740295410156,3.62396240234375e-05,7.261365300713602,,False,False,False,False,False,False,PASS,False,MIXED_VIABLE_NECROTIC (policy: never eligible)
Case-4-C28-17394-10525,Case-4-C28-17394-10525,Case 4 C28-17394-10525,http://pathdb.cancerimagingarchive.net/system/files/wsi/ross/Osteosarcoma-UT/converted/Osteosarcoma-UT/Training-Set-2/set5/Case-4-C28-17394-10525.tiff,Case-4,Viable,VIABLE_TUMOR,TRUE,False,RETRIEVED,200,C:\Users\enkso\.kiro\crew\scratch\runtime-0a306834\osteopatch_full_ingestion\tiffs\Case-4-C28-17394-10525.tiff,419962,d45d66603a1e998823ab649031f398e62fa97ffb2bda6ba9b9242a83b1143df3,f23fe468da8e6016bb7801d51a2e44254f15bca7fed7eb64960825883777e05e,dedef4f87c490120,346c496229d9c1cd,TIFF,TIFF-LE,1024,1024,RGB,3,8,True,156.36153507232666,58.536530949545636,0.13239479064941406,7.152557373046875e-05,7.657069299982995,,False,False,False,False,False,False,PASS,True,
Case-4-C28-17483-12238,Case-4-C28-17483-12238,Case 4 C28-17483-12238,http://pathdb.cancerimagingarchive.net/system/files/wsi/ross/Osteosarcoma-UT/converted/Osteosarcoma-UT/Training-Set-2/set5/Case-4-C28-17483-12238.tiff,Case-4,Viable,VIABLE_TUMOR,TRUE,False,RETRIEVED,200,C:\Users\enkso\.kiro\crew\scratch\runtime-0a306834\osteopatch_full_ingestion\tiffs\Case-4-C28-17483-12238.tiff,165764,58253ae0374c43bf88c3aead07d17d72a70567d5e2097e4c8c9100f5086c52ac,16a1a25074b013c02b959fe3e0ea5e07c0fffe1fd548515ef78f1753bcd814e1,c76327a116d05be9,cde67108c66190ee,TIFF,TIFF-LE,1024,1024,RGB,3,8,True,216.05898761749268,51.78131372809435,0.7299766540527344,2.384185791015625e-05,4.208295601336388,,False,False,False,False,False,False,PASS,True,
Case-4-C28-19739-14492,Case-4-C28-19739-14492,Case 4 C28-19739-14492,http://pathdb.cancerimagingarchive.net/system/files/wsi/ross/Osteosarcoma-UT/converted/Osteosarcoma-UT/Training-Set-2/set5/Case-4-C28-19739-14492.tiff,Case-4,viable: non-viable,,FALSE,True,RETRIEVED,200,C:\Users\enkso\.kiro\crew\scratch\runtime-0a306834\osteopatch_full_ingestion\tiffs\Case-4-C28-19739-14492.tiff,266170,adf1369e452d3e09e17474526b582bf32c218eb413caf89c37915f2af250f0b6,f88c6812abcb1be76ae9b447d2fc7b3dd4ced081b1455d5b3116d772e9f25cb3,e5a82a3d56315727,07878a9a06028248,TIFF,TIFF-LE,1024,1024,RGB,3,8,True,205.96586322784424,49.03230204841677,0.5197553634643555,1.33514404296875e-05,5.882886930606349,,False,False,False,False,False,False,PASS,False,MIXED_VIABLE_NECROTIC (policy: never eligible)
Case-4-C28-22588-34168,Case-4-C28-22588-34168,Case 4 C28-22588-34168,http://pathdb.cancerimagingarchive.net/system/files/wsi/ross/Osteosarcoma-UT/converted/Osteosarcoma-UT/Training-Set-2/set5/Case-4-C28-22588-34168.tiff,Case-4,Non-Viable-Tumor,NECROSIS,TRUE,False,RETRIEVED,200,C:\Users\enkso\.kiro\crew\scratch\runtime-0a306834\osteopatch_full_ingestion\tiffs\Case-4-C28-22588-34168.tiff,384484,4612d7bef4bf849e8132ac2db5ff5bf001e78d855555979b389ef6b8ec7b44dd,f5d6d60f965703a338dd749674f89820b69efa3fbfec0823a6c0740f6da93472,a74e3aa2d7979089,4d47a66c468dda5a,TIFF,TIFF-LE,1024,1024,RGB,3,8,True,202.04858684539795,34.014668521160154,0.2134113311767578,9.5367431640625e-07,6.906316739320923,,False,False,False,False,False,False,PASS,True,
Case-4-C28-25473-14283,Case-4-C28-25473-14283,Case 4 C28-25473-14283,http://pathdb.cancerimagingarchive.net/system/files/wsi/ross/Osteosarcoma-UT/converted/Osteosarcoma-UT/Training-Set-2/set5/Case-4-C28-25473-14283.tiff,Case-4,Viable,VIABLE_TUMOR,TRUE,False,RETRIEVED,200,C:\Users\enkso\.kiro\crew\scratch\runtime-0a306834\osteopatch_full_ingestion\tiffs\Case-4-C28-25473-14283.tiff,473050,da9bfd6a4464b72d31e65c63ba9ce7b2df458db5dbb0af699bc06fa7e763fe79,e974fc310a17d64f1ea2596e99245e4ddd3626f481500e57b821e987580e858a,ed1181e9f3c36386,d2b2c55313636644,TIFF,TIFF-LE,1024,1024,RGB,3,8,True,156.57111644744873,54.35712179967946,0.09532642364501953,0.000102996826171875,7.6534240742514,,False,False,False,False,False,False,PASS,True,
Case-4-C28-26851-15411,Case-4-C28-26851-15411,Case 4 C28-26851-15411,http://pathdb.cancerimagingarchive.net/system/files/wsi/ross/Osteosarcoma-UT/converted/Osteosarcoma-UT/Training-Set-2/set5/Case-4-C28-26851-15411.tiff,Case-4,Viable,VIABLE_TUMOR,TRUE,False,RETRIEVED,200,C:\Users\enkso\.kiro\crew\scratch\runtime-0a306834\osteopatch_full_ingestion\tiffs\Case-4-C28-26851-15411.tiff,449658,0c162b58c299212e9c25f280c58afdba341cb7125fe5c248c2e9a8eb35e730d8,e001601477084741607b3eb501c273a0fab57ffdd2d8f01a23ad501c8960ccdf,a4a5adaa66aaea54,0f2aaea445c9ef2c,TIFF,TIFF-LE,1024,1024,RGB,3,8,True,157.26911735534668,57.848046964134824,0.1387338638305664,8.392333984375e-05,7.6064070079701285,,False,False,False,False,False,False,PASS,True,
Case-4-C28-27016-13463,Case-4-C28-27016-13463,Case 4 C28-27016-13463,http://pathdb.cancerimagingarchive.net/system/files/wsi/ross/Osteosarcoma-UT/converted/Osteosarcoma-UT/Training-Set-2/set5/Case-4-C28-27016-13463.tiff,Case-4,Viable,VIABLE_TUMOR,TRUE,False,RETRIEVED,200,C:\Users\enkso\.kiro\crew\scratch\runtime-0a306834\osteopatch_full_ingestion\tiffs\Case-4-C28-27016-13463.tiff,470126,c904961bb8ea4034895e001ea68d030c5805eb44ef2e240cc5d7a5ec34cf2565,15fdf864aefe49b0fc0a0a68afeaf4ba1a66e7dc5908b96ff9d151a70f784da8,d1b7b66ce9165091,465ddc5893a4cad5,TIFF,TIFF-LE,1024,1024,RGB,3,8,True,156.28576946258545,57.89128549295092,0.12267780303955078,0.00010013580322265625,7.650035675012289,,False,False,False,False,False,False,PASS,True,
Case-4-C28-27602-26398,Case-4-C28-27602-26398,Case 4 C28-27602-26398,http://pathdb.cancerimagingarchive.net/system/files/wsi/ross/Osteosarcoma-UT/converted/Osteosarcoma-UT/Training-Set-2/set5/Case-4-C28-27602-26398.tiff,Case-4,Non-Viable-Tumor,NECROSIS,TRUE,False,RETRIEVED,200,C:\Users\enkso\.kiro\crew\scratch\runtime-0a306834\osteopatch_full_ingestion\tiffs\Case-4-C28-27602-26398.tiff,273578,19e44d9676786ea17db425050f748a519f1b2f137c63d7a2bdeb96952f396888,55ff641d49c9fa2b732e71738c344f10e6c9b761443c98abe5ef3867c48e5f65,f35c569158a5e32c,1824250a1bce8e89,TIFF,TIFF-LE,1024,1024,RGB,3,8,True,180.27591133117676,36.65640782977263,0.05393695831298828,0.0,7.08616834534474,,False,False,False,False,False,False,PASS,True,
Case-4-C28-28569-15469,Case-4-C28-28569-15469,Case 4 C28-28569-15469,http://pathdb.cancerimagingarchive.net/system/files/wsi/ross/Osteosarcoma-UT/converted/Osteosarcoma-UT/Training-Set-2/set5/Case-4-C28-28569-15469.tiff,Case-4,Viable,VIABLE_TUMOR,TRUE,False,RETRIEVED,200,C:\Users\enkso\.kiro\crew\scratch\runtime-0a306834\osteopatch_full_ingestion\tiffs\Case-4-C28-28569-15469.tiff,430496,717c12ab71b498131eb187631ddff10b0e2fbf0da681beeb0f6aeea8c35c7c1a,46aa0c1a4532a58a4ed720b1e353f5e25e499d6d7cdead14f216335585312d7e,e876f4ccf14a8127,8c255b93adb023d6,TIFF,TIFF-LE,1024,1024,RGB,3,8,True,147.57660961151123,50.09489552762437,0.0672769546508789,8.106231689453125e-05,7.56271063459073,,False,False,False,False,False,False,PASS,True,
Case-4-C28-30588-18732,Case-4-C28-30588-18732,Case 4 C28-30588-18732,http://pathdb.cancerimagingarchive.net/system/files/wsi/ross/Osteosarcoma-UT/converted/Osteosarcoma-UT/Training-Set-2/set5/Case-4-C28-30588-18732.tiff,Case-4,Viable,VIABLE_TUMOR,TRUE,False,RETRIEVED,200,C:\Users\enkso\.kiro\crew\scratch\runtime-0a306834\osteopatch_full_ingestion\tiffs\Case-4-C28-30588-18732.tiff,465122,977b4b7db22f681fb11d8fcfa0b26819a5260e307e5239f7348b2bd2504d9d2c,f9b03bc2d4fe2d84e88a40666c2b87732725449ce5f177c7d974e94440608dcb,ff0504fe9b80cc66,749a4c595b332511,TIFF,TIFF-LE,1024,1024,RGB,3,8,True,146.01805686950684,53.056107369506385,0.06804752349853516,0.000148773193359375,7.638662155167356,,False,False,False,False,False,False,PASS,True,
Case-4-C28-30914-19280,Case-4-C28-30914-19280,Case 4 C28-30914-19280,http://pathdb.cancerimagingarchive.net/system/files/wsi/ross/Osteosarcoma-UT/converted/Osteosarcoma-UT/Training-Set-2/set5/Case-4-C28-30914-19280.tiff,Case-4,Viable,VIABLE_TUMOR,TRUE,False,RETRIEVED,200,C:\Users\enkso\.kiro\crew\scratch\runtime-0a306834\osteopatch_full_ingestion\tiffs\Case-4-C28-30914-19280.tiff,454866,5d506973f1ad615fc597b60f70ea4d64f61616115a4d190ae92eeeb81fee99bf,7e28abcf556c796825a166d1f91c0a3e19ec835d4d0d5c31bc4b4f6280a8b973,a19f50e7b9020f7c,dc1a6adb0247c498,TIFF,TIFF-LE,1024,1024,RGB,3,8,True,146.30871486663818,50.17621724773665,0.051169395446777344,0.0001010894775390625,7.597561667792886,,False,False,False,False,False,False,PASS,True,
Case-4-C28-31042-23166,Case-4-C28-31042-23166,Case 4 C28-31042-23166,http://pathdb.cancerimagingarchive.net/system/files/wsi/ross/Osteosarcoma-UT/converted/Osteosarcoma-UT/Training-Set-1/set4/Case-4-C28-31042-23166.tiff,Case-4,Non-Tumor,NON_TUMOR,TRUE,False,RETRIEVED,200,C:\Users\enkso\.kiro\crew\scratch\runtime-0a306834\osteopatch_full_ingestion\tiffs\Case-4-C28-31042-23166.tiff,242362,5829e0ea00ddb8006cbbed43236a769526536e0aec92355f9a0aa08854e301a1,c4c05ef19a55df2d970d807c1dc9d49df23c63ce5d36ed3e76b9764a8dd77308,b7cb2a9b25258f18,0b01ca861c7b3e6e,TIFF,TIFF-LE,1024,1024,RGB,3,8,True,196.83570957183838,56.27257966712297,0.5195255279541016,6.580352783203125e-05,5.8369263242735805,,False,False,False,False,False,False,PASS,True,
Case-4-C28-33944-22211,Case-4-C28-33944-22211,Case 4 C28-33944-22211,http://pathdb.cancerimagingarchive.net/system/files/wsi/ross/Osteosarcoma-UT/converted/Osteosarcoma-UT/Training-Set-1/set4/Case-4-C28-33944-22211.tiff,Case-4,Non-Tumor,NON_TUMOR,TRUE,False,RETRIEVED,200,C:\Users\enkso\.kiro\crew\scratch\runtime-0a306834\osteopatch_full_ingestion\tiffs\Case-4-C28-33944-22211.tiff,322418,6599cf0699cc806334f0ca2bbca4f0ec11cf877ac1db2074bb94ccbab8e4a6d4,8b7836936e9c1fc7153f6839985f9de648d9111302448fc843ed6e08613a9ebf,a19f0fe1dc1ec1e0,666bfb3194cb6d27,TIFF,TIFF-LE,1024,1024,RGB,3,8,True,151.73419380187988,33.03741104610608,0.021567344665527344,6.67572021484375e-06,7.005100611565814,,False,False,False,False,False,False,PASS,True,
Case-4-C28-34272-29721,Case-4-C28-34272-29721,Case 4 C28-34272-29721,http://pathdb.cancerimagingarchive.net/system/files/wsi/ross/Osteosarcoma-UT/converted/Osteosarcoma-UT/Training-Set-1/set4/Case-4-C28-34272-29721.tiff,Case-4,Non-Viable-Tumor,NECROSIS,TRUE,False,RETRIEVED,200,C:\Users\enkso\.kiro\crew\scratch\runtime-0a306834\osteopatch_full_ingestion\tiffs\Case-4-C28-34272-29721.tiff,373280,9554a223f2ee42dd6c154f66d96b4b567291f949fa5ca391034aa4be45751a3c,a9eda9a885e281984ca06f70390be089d65619d87f6144e09aacfc84362a5883,fc64349fd6750c03,2437a7a05970583c,TIFF,TIFF-LE,1024,1024,RGB,3,8,True,193.58154582977295,35.48128971826345,0.15512371063232422,0.0,7.030194727254104,,False,False,False,False,False,False,PASS,True,
Case-4-C28-35755-28991,Case-4-C28-35755-28991,Case 4 C28-35755-28991,http://pathdb.cancerimagingarchive.net/system/files/wsi/ross/Osteosarcoma-UT/converted/Osteosarcoma-UT/Training-Set-1/set4/Case-4-C28-35755-28991.tiff,Case-4,Non-Viable-Tumor,NECROSIS,TRUE,False,RETRIEVED,200,C:\Users\enkso\.kiro\crew\scratch\runtime-0a306834\osteopatch_full_ingestion\tiffs\Case-4-C28-35755-28991.tiff,372674,46e111729c4e6286280469b2d159360bed4cfbc0c092dd9553478671f2f8ac23,32c49dc3a638d1b4e00d4a898853555ebe6d349f8ecaf0dfb2e745b988401bfd,bb17cc3930c6407f,3d5f5e0d1f9b2ba6,TIFF,TIFF-LE,1024,1024,RGB,3,8,True,176.4838924407959,38.64789737079021,0.08943748474121094,0.0,7.213456908658486,,False,False,False,False,False,False,PASS,True,
Case-4-C28-36010-11166,Case-4-C28-36010-11166,Case 4 C28-36010-11166,http://pathdb.cancerimagingarchive.net/system/files/wsi/ross/Osteosarcoma-UT/converted/Osteosarcoma-UT/Training-Set-1/set4/Case-4-C28-36010-11166.tiff,Case-4,Viable,VIABLE_TUMOR,TRUE,False,RETRIEVED,200,C:\Users\enkso\.kiro\crew\scratch\runtime-0a306834\osteopatch_full_ingestion\tiffs\Case-4-C28-36010-11166.tiff,103464,5876f57fe2e4add4ac703396418bbdd77e011faff6b7b80fa92294dd1429429d,1fb05a8f73eabf8414081b6af1f00554e260f12b1cd2cd1b5010fe71a1ceba7d,e49b65b2d568b149,000000245a8f2722,TIFF,TIFF-LE,1024,1024,RGB,3,8,True,229.87037181854248,37.188434304298056,0.8562793731689453,9.5367431640625e-06,2.948216495463915,LOW_INFORMATION,False,False,True,False,False,True,NEAR_DUPLICATE_CANDIDATE,False,image QC status NEAR_DUPLICATE_CANDIDATE
Case-4-C28-36370-18227,Case-4-C28-36370-18227,Case 4 C28-36370-18227,http://pathdb.cancerimagingarchive.net/system/files/wsi/ross/Osteosarcoma-UT/converted/Osteosarcoma-UT/Training-Set-1/set4/Case-4-C28-36370-18227.tiff,Case-4,Viable,VIABLE_TUMOR,TRUE,False,RETRIEVED,200,C:\Users\enkso\.kiro\crew\scratch\runtime-0a306834\osteopatch_full_ingestion\tiffs\Case-4-C28-36370-18227.tiff,373878,212bf827b912c8ee6eef928ead76b7f4dc7289a659a11be823fbf7b4d1470ec3,f9c66b35c5b8b8a9bdfb7c32beed17a06ea6f15751090165d7af75c3821be0a8,a48efcd7707c5290,a463a322ca4c9292,TIFF,TIFF-LE,1024,1024,RGB,3,8,True,141.59081935882568,34.95660712070296,0.00505828857421875,1.239776611328125e-05,7.162669849119627,,False,False,False,False,False,False,PASS,True,
Case-4-C28-39382-19351,Case-4-C28-39382-19351,Case 4 C28-39382-19351,http://pathdb.cancerimagingarchive.net/system/files/wsi/ross/Osteosarcoma-UT/converted/Osteosarcoma-UT/Training-Set-1/set4/Case-4-C28-39382-19351.tiff,Case-4,viable: non-viable,,FALSE,True,RETRIEVED,200,C:\Users\enkso\.kiro\crew\scratch\runtime-0a306834\osteopatch_full_ingestion\tiffs\Case-4-C28-39382-19351.tiff,294526,cef1a8263ae619fbd415a0b6fbd9d3bd58d3ca18148f17105c52c92083ccbb94,8e4c2c1a77a50271628690688825a14b248fe21f7caf9f4e9044964e1e251c66,f09f4761b07162d9,086032189185888d,TIFF,TIFF-LE,1024,1024,RGB,3,8,True,172.89373874664307,48.93492405229604,0.24588775634765625,0.0,6.621713877323458,,False,False,False,False,False,False,PASS,False,MIXED_VIABLE_NECROTIC (policy: never eligible)
Case-4-C28-39674-17239,Case-4-C28-39674-17239,Case 4 C28-39674-17239,http://pathdb.cancerimagingarchive.net/system/files/wsi/ross/Osteosarcoma-UT/converted/Osteosarcoma-UT/Training-Set-1/set5/Case-4-C28-39674-17239.tiff,Case-4,Viable,VIABLE_TUMOR,TRUE,False,RETRIEVED,200,C:\Users\enkso\.kiro\crew\scratch\runtime-0a306834\osteopatch_full_ingestion\tiffs\Case-4-C28-39674-17239.tiff,368896,e9286ff7eaf6e42b9e0dfbfe3b7a2d944d44106c7609e20eb0bf7286baaa5f6e,ec9dd458acefca3450fdb2ad4a82e08c0f7eb07a7c981ecccb23dc7d26c199b5,b5672a189f426cdc,2d4e464c36939532,TIFF,TIFF-LE,1024,1024,RGB,3,8,True,147.18652534484863,35.17250278414462,0.009890556335449219,3.814697265625e-06,7.1675176844217106,,False,False,False,False,False,False,PASS,True,
Case-4-C28-39877-24842,Case-4-C28-39877-24842,Case 4 C28-39877-24842,http://pathdb.cancerimagingarchive.net/system/files/wsi/ross/Osteosarcoma-UT/converted/Osteosarcoma-UT/Training-Set-1/set5/Case-4-C28-39877-24842.tiff,Case-4,Viable,VIABLE_TUMOR,TRUE,False,RETRIEVED,200,C:\Users\enkso\.kiro\crew\scratch\runtime-0a306834\osteopatch_full_ingestion\tiffs\Case-4-C28-39877-24842.tiff,312096,ae82dce97507fbde11fffbcd288feb5d38e8a0516c45acd5d14017d677f99609,e30a200e7c7f37ec98ee8cb867afc7088d113bb1b85ccbf35135fd0a4c193a1f,8be57b20c0d0fd0f,964e62d0f73f5971,TIFF,TIFF-LE,1024,1024,RGB,3,8,True,163.76644802093506,66.533038435199,0.33368587493896484,2.86102294921875e-05,6.670973405607948,,False,False,False,False,False,False,PASS,True,
Case-4-C28-41530-23152,Case-4-C28-41530-23152,Case 4 C28-41530-23152,http://pathdb.cancerimagingarchive.net/system/files/wsi/ross/Osteosarcoma-UT/converted/Osteosarcoma-UT/Training-Set-1/set5/Case-4-C28-41530-23152.tiff,Case-4,viable: non-viable,,FALSE,True,RETRIEVED,200,C:\Users\enkso\.kiro\crew\scratch\runtime-0a306834\osteopatch_full_ingestion\tiffs\Case-4-C28-41530-23152.tiff,352360,37f481edfa638576aebf6dbd5dd19c7a68ecb4ffe183efba91b392d1015bee67,1743f4a85f96c3df2d3fa09a487cb273bb8d6fcf49c7520285f9b4cbe8d35871,df7006908720fcbf,85593b895aa2f862,TIFF,TIFF-LE,1024,1024,RGB,3,8,True,168.74357986450195,39.85176503401595,0.07505130767822266,1.621246337890625e-05,7.23479276134747,,False,False,False,False,False,False,PASS,False,MIXED_VIABLE_NECROTIC (policy: never eligible)
Case-4-C28-41935-19673,Case-4-C28-41935-19673,Case 4 C28-41935-19673,http://pathdb.cancerimagingarchive.net/system/files/wsi/ross/Osteosarcoma-UT/converted/Osteosarcoma-UT/Training-Set-1/set5/Case-4-C28-41935-19673.tiff,Case-4,Viable,VIABLE_TUMOR,TRUE,False,RETRIEVED,200,C:\Users\enkso\.kiro\crew\scratch\runtime-0a306834\osteopatch_full_ingestion\tiffs\Case-4-C28-41935-19673.tiff,379438,a82d94730ff6ce8013332940ed41198c17edaa1a1e3ebfec0e1ac907e01347c1,6b0e816e7dc4de63456f136a8d34327982624e3c62a3dc03cdcdb99ab0856044,ee12a78aca03f31d,492c4c8b31a52727,TIFF,TIFF-LE,1024,1024,RGB,3,8,True,149.53218936920166,36.79323442287699,0.01779651641845703,4.76837158203125e-06,7.222565763126829,,False,False,False,False,False,False,PASS,True,
Case-4-C28-42525-25070,Case-4-C28-42525-25070,Case 4 C28-42525-25070,http://pathdb.cancerimagingarchive.net/system/files/wsi/ross/Osteosarcoma-UT/converted/Osteosarcoma-UT/Training-Set-1/set5/Case-4-C28-42525-25070.tiff,Case-4,Non-Viable-Tumor,NECROSIS,TRUE,False,RETRIEVED,200,C:\Users\enkso\.kiro\crew\scratch\runtime-0a306834\osteopatch_full_ingestion\tiffs\Case-4-C28-42525-25070.tiff,380356,9239e088265cbc3c6410f3f7d0981a93a1801d1203d547f59e437331b49de7e1,7d92d7464f0a7ebf448d732f497d6d482b4a01bff69a5671e94cba9a219b1e93,e3edb93c1514515c,0243c1c0414464ca,TIFF,TIFF-LE,1024,1024,RGB,3,8,True,175.06093788146973,37.09155693983752,0.06656932830810547,1.049041748046875e-05,7.186943454128185,,False,False,False,False,False,False,PASS,True,
Case-4-C28-42724-16956,Case-4-C28-42724-16956,Case 4 C28-42724-16956,http://pathdb.cancerimagingarchive.net/system/files/wsi/ross/Osteosarcoma-UT/converted/Osteosarcoma-UT/Training-Set-1/set5/Case-4-C28-42724-16956.tiff,Case-4,Non-Tumor,NON_TUMOR,TRUE,False,RETRIEVED,200,C:\Users\enkso\.kiro\crew\scratch\runtime-0a306834\osteopatch_full_ingestion\tiffs\Case-4-C28-42724-16956.tiff,454248,cf6187a7e07a6fa30e1ec44a4c828fc2f2a2451f664e945a0e401ae620122944,018719bd78215fa19f5595d77fde388901eccdf69e209374c3d1e9e8801c5ebb,d0dd8fe0bf0224ba,7530ba9a9995cdcc,TIFF,TIFF-LE,1024,1024,RGB,3,8,True,184.97984504699707,47.98517087559191,0.217376708984375,7.62939453125e-06,7.261625112905433,,False,False,False,False,False,False,PASS,True,
Case-4-C29-13332-20182,Case-4-C29-13332-20182,Case 4 C29-13332-20182,http://pathdb.cancerimagingarchive.net/system/files/wsi/ross/Osteosarcoma-UT/converted/Osteosarcoma-UT/Training-Set-2/set5/Case-4-C29-13332-20182.tiff,Case-4,Non-Viable-Tumor,NECROSIS,TRUE,False,RETRIEVED,200,C:\Users\enkso\.kiro\crew\scratch\runtime-0a306834\osteopatch_full_ingestion\tiffs\Case-4-C29-13332-20182.tiff,412880,dd1625753ad9c4b7709bf8ad2f9e4295bc704caf157b3a405cfa39e48b028124,18d95f9627bbbd83e74342354f7b8971e93193983ba61c2077908646e289efd1,9f69b2926de25249,5a230843d268e976,TIFF,TIFF-LE,1024,1024,RGB,3,8,True,186.16731357574463,43.616469626844214,0.20647430419921875,0.0,7.1754305540636345,,False,False,False,False,False,False,PASS,True,
Case-4-C29-14846-11791,Case-4-C29-14846-11791,Case 4 C29-14846-11791,http://pathdb.cancerimagingarchive.net/system/files/wsi/ross/Osteosarcoma-UT/converted/Osteosarcoma-UT/Training-Set-2/set5/Case-4-C29-14846-11791.tiff,Case-4,Viable,VIABLE_TUMOR,TRUE,False,RETRIEVED,200,C:\Users\enkso\.kiro\crew\scratch\runtime-0a306834\osteopatch_full_ingestion\tiffs\Case-4-C29-14846-11791.tiff,270328,974ed0b52089f5477c59944e451891ff468a62a3d3bedabed032d75b4c8c0b3b,8e8e3fc5b7625565c1dd0811f07d93f2cf408459a9ed19a567c09a28a61ca8ed,d9d593b4a48db921,04083342861355cc,TIFF,TIFF-LE,1024,1024,RGB,3,8,True,191.57751560211182,58.55635753042608,0.45665931701660156,8.58306884765625e-06,5.751276317695482,,False,False,False,False,False,False,PASS,True,
Case-4-C29-15182-28434,Case-4-C29-15182-28434,Case 4 C29-15182-28434,http://pathdb.cancerimagingarchive.net/system/files/wsi/ross/Osteosarcoma-UT/converted/Osteosarcoma-UT/Training-Set-2/set5/Case-4-C29-15182-28434.tiff,Case-4,Non-Viable-Tumor,NECROSIS,TRUE,False,RETRIEVED,200,C:\Users\enkso\.kiro\crew\scratch\runtime-0a306834\osteopatch_full_ingestion\tiffs\Case-4-C29-15182-28434.tiff,133404,ae7244d254acd60627dc01a735592d49117de96c03138729fa87e1ff0c9cd8a5,4c23e5b5ad5ac5dc50e71a510e59ce24d367a225587b1aab37b2e5f25a86bed9,e36333536a54b4a9,4d4ba62511088402,TIFF,TIFF-LE,1024,1024,RGB,3,8,True,222.07213497161865,37.89989180716621,0.6837673187255859,0.0,4.447523484338245,,False,False,False,False,False,False,PASS,True,
Case-4-C29-15569-11401,Case-4-C29-15569-11401,Case 4 C29-15569-11401,http://pathdb.cancerimagingarchive.net/system/files/wsi/ross/Osteosarcoma-UT/converted/Osteosarcoma-UT/Training-Set-2/set5/Case-4-C29-15569-11401.tiff,Case-4,Viable,VIABLE_TUMOR,TRUE,False,RETRIEVED,200,C:\Users\enkso\.kiro\crew\scratch\runtime-0a306834\osteopatch_full_ingestion\tiffs\Case-4-C29-15569-11401.tiff,263760,c1013459c6a1ea4fb69ef27b646fb2520e286c3cce97e6d10ec9ffda10940b4d,253ead41d78880c92292adae881cff2c8956ab3ccda4617adc1ad8cec1cf10dc,f3b5804d7cb0a38e,0830cc1c21db808d,TIFF,TIFF-LE,1024,1024,RGB,3,8,True,187.8647174835205,61.99665744780362,0.4575023651123047,8.58306884765625e-06,5.777832952200184,,False,False,False,False,False,False,PASS,True,
Case-4-C29-15887-24394,Case-4-C29-15887-24394,Case 4 C29-15887-24394,http://pathdb.cancerimagingarchive.net/system/files/wsi/ross/Osteosarcoma-UT/converted/Osteosarcoma-UT/Training-Set-2/set5/Case-4-C29-15887-24394.tiff,Case-4,Non-Viable-Tumor,NECROSIS,TRUE,False,RETRIEVED,200,C:\Users\enkso\.kiro\crew\scratch\runtime-0a306834\osteopatch_full_ingestion\tiffs\Case-4-C29-15887-24394.tiff,396452,e9ef4acaea6f3eed0cb617ad9e9f3b5814187cdad9d88c2749677e39245965e5,ec17b1279b0e309343b100f3058bede8f737f9c7556a2615b64a9256497277fe,d564575209a3bb17,0c044683b1b85442,TIFF,TIFF-LE,1024,1024,RGB,3,8,True,188.8479356765747,34.521814280153826,0.07119083404541016,2.86102294921875e-06,7.064825003160832,,False,False,False,False,False,False,PASS,True,
Case-4-C29-16530-30634,Case-4-C29-16530-30634,Case 4 C29-16530-30634,http://pathdb.cancerimagingarchive.net/system/files/wsi/ross/Osteosarcoma-UT/converted/Osteosarcoma-UT/Training-Set-2/set5/Case-4-C29-16530-30634.tiff,Case-4,Non-Viable-Tumor,NECROSIS,TRUE,False,RETRIEVED,200,C:\Users\enkso\.kiro\crew\scratch\runtime-0a306834\osteopatch_full_ingestion\tiffs\Case-4-C29-16530-30634.tiff,75430,85be4b5b05ebc9a70dbe146aa28e90c7e9b23ef979ae0d2e65be890279a9be75,dbeaf369dddfe0362d2e7184327be80facbeb82730b366505d630bb7583f75aa,cd4c6c6426b6b6b2,27134924510000c0,TIFF,TIFF-LE,1024,1024,RGB,3,8,True,236.20465469360352,26.167779273764303,0.8959980010986328,9.5367431640625e-07,2.3137118928483575,LOW_INFORMATION,False,False,False,False,False,True,REVIEW,False,image QC status REVIEW
Case-4-C29-16874-21863,Case-4-C29-16874-21863,Case 4 C29-16874-21863,http://pathdb.cancerimagingarchive.net/system/files/wsi/ross/Osteosarcoma-UT/converted/Osteosarcoma-UT/Training-Set-2/set5/Case-4-C29-16874-21863.tiff,Case-4,Non-Viable-Tumor,NECROSIS,TRUE,False,RETRIEVED,200,C:\Users\enkso\.kiro\crew\scratch\runtime-0a306834\osteopatch_full_ingestion\tiffs\Case-4-C29-16874-21863.tiff,314900,02fcb8bed4600f53d1e7ff7c1d67f83731c06c5e68bbb19216ef8c92ce3e4ad5,908049d4eb7a9fdc567f72c0b19828ebae98d84c54497e519be3b930e9480989,f7498fac71c205b8,444188881e2c2c4c,TIFF,TIFF-LE,1024,1024,RGB,3,8,True,182.28174781799316,25.82146802598155,0.022421836853027344,9.5367431640625e-07,6.658266835725582,,False,False,False,False,False,False,PASS,True,
Case-4-C29-17972-31834,Case-4-C29-17972-31834,Case 4 C29-17972-31834,http://pathdb.cancerimagingarchive.net/system/files/wsi/ross/Osteosarcoma-UT/converted/Osteosarcoma-UT/Training-Set-2/set5/Case-4-C29-17972-31834.tiff,Case-4,Non-Viable-Tumor,NECROSIS,TRUE,False,RETRIEVED,200,C:\Users\enkso\.kiro\crew\scratch\runtime-0a306834\osteopatch_full_ingestion\tiffs\Case-4-C29-17972-31834.tiff,230698,1717a2141a6476ebc2ddd5a9a61d0c15f929eecab83b7e2a345d46306afbc0ba,8496c0330ec7962f0ac63037d95dae389497035d378028e3c2af4ccb5e896dae,ea321b0d96635799,09098c4524001309,TIFF,TIFF-LE,1024,1024,RGB,3,8,True,214.2330083847046,42.0483727361447,0.5768098831176758,0.0004329681396484375,5.566582464745976,,False,False,False,False,False,False,PASS,True,
Case-4-C29-18029-22098,Case-4-C29-18029-22098,Case 4 C29-18029-22098,http://pathdb.cancerimagingarchive.net/system/files/wsi/ross/Osteosarcoma-UT/converted/Osteosarcoma-UT/Training-Set-2/set5/Case-4-C29-18029-22098.tiff,Case-4,Non-Viable-Tumor,NECROSIS,TRUE,False,RETRIEVED,200,C:\Users\enkso\.kiro\crew\scratch\runtime-0a306834\osteopatch_full_ingestion\tiffs\Case-4-C29-18029-22098.tiff,315980,7d5a6b99aef2b3780a181ff723c8dbced0e511ae8a4c905ce285b4826939195e,30b3d68127542ea2bdc8e72569e678a263dae12226eda16f0e62a576bd77ff03,8f597807b496924f,74f379ee42ede5ad,TIFF,TIFF-LE,1024,1024,RGB,3,8,True,177.2918586730957,37.79024930081756,0.0829010009765625,0.0,7.182208439137002,,False,False,False,False,False,False,PASS,True,
Case-4-C29-20994-22152,Case-4-C29-20994-22152,Case 4 C29-20994-22152,http://pathdb.cancerimagingarchive.net/system/files/wsi/ross/Osteosarcoma-UT/converted/Osteosarcoma-UT/Training-Set-2/set5/Case-4-C29-20994-22152.tiff,Case-4,viable: non-viable,,FALSE,True,RETRIEVED,200,C:\Users\enkso\.kiro\crew\scratch\runtime-0a306834\osteopatch_full_ingestion\tiffs\Case-4-C29-20994-22152.tiff,397542,da2a63af3ba61025217f461b8da5f6fa6bed85b61e79b43c076c16180ee13df5,c8c3b1f606a6097df53dbfc8fd06dfc74a6580e35802239d94b4d4c437b72f59,ec31dd69db2dc201,1e1e8f0f83237260,TIFF,TIFF-LE,1024,1024,RGB,3,8,True,158.25894927978516,37.73746663913672,0.03155231475830078,1.239776611328125e-05,7.246318261223807,,False,False,False,False,False,False,PASS,False,MIXED_VIABLE_NECROTIC (policy: never eligible)
Case-4-C29-22107-10482,Case-4-C29-22107-10482,Case 4 C29-22107-10482,http://pathdb.cancerimagingarchive.net/system/files/wsi/ross/Osteosarcoma-UT/converted/Osteosarcoma-UT/Training-Set-2/set5/Case-4-C29-22107-10482.tiff,Case-4,Viable,VIABLE_TUMOR,TRUE,False,RETRIEVED,200,C:\Users\enkso\.kiro\crew\scratch\runtime-0a306834\osteopatch_full_ingestion\tiffs\Case-4-C29-22107-10482.tiff,494230,9d9230536abf8bf0c233e36ddc0c42a6a62fb37c271727f4fc319420a3c1b402,feb143a3f160162761baaaa08d14da4f81c4d8aa7e29f59a67f7675d61dbf2bd,8c2a9761d975c33c,72a56556a3c376d8,TIFF,TIFF-LE,1024,1024,RGB,3,8,True,150.6451234817505,62.12650905230388,0.11934185028076172,0.00032520294189453125,7.735130236367583,,False,False,False,False,False,False,PASS,True,
Case-4-C29-22504-33746,Case-4-C29-22504-33746,Case 4 C29-22504-33746,http://pathdb.cancerimagingarchive.net/system/files/wsi/ross/Osteosarcoma-UT/converted/Osteosarcoma-UT/Training-Set-2/set5/Case-4-C29-22504-33746.tiff,Case-4,Non-Viable-Tumor,NECROSIS,TRUE,False,RETRIEVED,200,C:\Users\enkso\.kiro\crew\scratch\runtime-0a306834\osteopatch_full_ingestion\tiffs\Case-4-C29-22504-33746.tiff,394948,eadf8268d1551bb8d0c9d0a58af90460569aa333b6227c008586960fdc8cb1db,2beb9823cec33780162a9a7a96618735f0610552952ed80692cd14c861299f08,cc7f005afe94216e,32a2422425c3a6a2,TIFF,TIFF-LE,1024,1024,RGB,3,8,True,194.79895114898682,37.24710761606878,0.17605876922607422,0.0,7.072027405074458,,False,False,False,False,False,False,PASS,True,
Case-4-C29-23938-15097,Case-4-C29-23938-15097,Case 4 C29-23938-15097,http://pathdb.cancerimagingarchive.net/system/files/wsi/ross/Osteosarcoma-UT/converted/Osteosarcoma-UT/Training-Set-2/set5/Case-4-C29-23938-15097.tiff,Case-4,Viable,VIABLE_TUMOR,TRUE,False,RETRIEVED,200,C:\Users\enkso\.kiro\crew\scratch\runtime-0a306834\osteopatch_full_ingestion\tiffs\Case-4-C29-23938-15097.tiff,479772,b2fb1fc2983f9fe594044e5617736cddfdd8d2c56afbca12b87c3d32bb19c769,cb23790fb97313b5c1ecda1b2b3f64f985ee0376d9e25dc1541e6c325e83db5a,86a713e1c3cf7461,c4a9326adbb455cd,TIFF,TIFF-LE,1024,1024,RGB,3,8,True,159.2670555114746,59.24893038608522,0.13361549377441406,0.0001506805419921875,7.67902968896559,,False,False,False,False,False,False,PASS,True,
Case-4-C29-24903-19562,Case-4-C29-24903-19562,Case 4 C29-24903-19562,http://pathdb.cancerimagingarchive.net/system/files/wsi/ross/Osteosarcoma-UT/converted/Osteosarcoma-UT/Training-Set-2/set5/Case-4-C29-24903-19562.tiff,Case-4,Viable,VIABLE_TUMOR,TRUE,False,RETRIEVED,200,C:\Users\enkso\.kiro\crew\scratch\runtime-0a306834\osteopatch_full_ingestion\tiffs\Case-4-C29-24903-19562.tiff,461810,bf4b8067c26419d5844d107bbe52833403f8910ec86f46ff85e765194222c9a6,6199a815a5d69ad477a1f7df38e913c5259ac3d8302403853e10b6363a38add7,f01ff00fe016e35c,1c2808a596c92c94,TIFF,TIFF-LE,1024,1024,RGB,3,8,True,159.8459701538086,58.32263843132152,0.111907958984375,0.00021648406982421875,7.661770321232228,,False,False,False,False,False,False,PASS,True,
Case-4-C29-26385-28225,Case-4-C29-26385-28225,Case 4 C29-26385-28225,http://pathdb.cancerimagingarchive.net/system/files/wsi/ross/Osteosarcoma-UT/converted/Osteosarcoma-UT/Training-Set-1/set5/Case-4-C29-26385-28225.tiff,Case-4,Non-Viable-Tumor,NECROSIS,TRUE,False,RETRIEVED,200,C:\Users\enkso\.kiro\crew\scratch\runtime-0a306834\osteopatch_full_ingestion\tiffs\Case-4-C29-26385-28225.tiff,330782,506d9ccd7821fc9e9421b4ebac93a5f69744b8f20552eac38cfc9521ac1965c5,35520fa739064ee0e8829dc8e8e53272a75bfc3f7a21fe1151954b9fb07ade11,852dad89595e72a6,f7664c14b4b26422,TIFF,TIFF-LE,1024,1024,RGB,3,8,True,185.12569046020508,36.665566128052774,0.09221363067626953,2.86102294921875e-06,7.120887966212558,,False,False,False,False,False,False,PASS,True,
Case-4-C29-26451-27935,Case-4-C29-26451-27935,Case 4 C29-26451-27935,http://pathdb.cancerimagingarchive.net/system/files/wsi/ross/Osteosarcoma-UT/converted/Osteosarcoma-UT/Training-Set-1/set5/Case-4-C29-26451-27935.tiff,Case-4,Non-Viable-Tumor,NECROSIS,TRUE,False,RETRIEVED,200,C:\Users\enkso\.kiro\crew\scratch\runtime-0a306834\osteopatch_full_ingestion\tiffs\Case-4-C29-26451-27935.tiff,311240,32dd7e4f4614eb3b1e6a73177e9e03ac8c2be4a271cc3f5c678ea19a88c6fd03,37f7df9cae00c0f3c2b3b510b34bf99f0d79c0ce87cebcc654a79b8d83f015b1,a6a3d85b8dcc4cb2,29cee7e6cc0c3da6,TIFF,TIFF-LE,1024,1024,RGB,3,8,True,185.83955001831055,36.02568900944852,0.07696247100830078,0.0,7.0918887189486055,,False,False,False,False,False,False,PASS,True,
Case-4-C29-26629-4434,Case-4-C29-26629-4434,Case 4 C29-26629-4434,http://pathdb.cancerimagingarchive.net/system/files/wsi/ross/Osteosarcoma-UT/converted/Osteosarcoma-UT/Training-Set-1/set5/Case-4-C29-26629-4434.tiff,Case-4,Non-Viable-Tumor,NECROSIS,TRUE,False,RETRIEVED,200,C:\Users\enkso\.kiro\crew\scratch\runtime-0a306834\osteopatch_full_ingestion\tiffs\Case-4-C29-26629-4434.tiff,229690,3ce3ae614f7bbc2ca5ddde0911ce9d041f9ad8bb2a8680e6ec31f2f53f08bc73,892dde0da0a172de1d7ee4fa29a552488998904d6c140a37ecec54edba1def33,b3c90fbb0799c162,58ccccdc8d9d6dec,TIFF,TIFF-LE,1024,1024,RGB,3,8,True,204.25053119659424,44.55316376978797,0.4829568862915039,1.9073486328125e-06,5.45433662746424,,False,False,False,False,False,False,PASS,True,
Case-4-C29-27987-31224,Case-4-C29-27987-31224,Case 4 C29-27987-31224,http://pathdb.cancerimagingarchive.net/system/files/wsi/ross/Osteosarcoma-UT/converted/Osteosarcoma-UT/Training-Set-1/set5/Case-4-C29-27987-31224.tiff,Case-4,Non-Viable-Tumor,NECROSIS,TRUE,False,RETRIEVED,200,C:\Users\enkso\.kiro\crew\scratch\runtime-0a306834\osteopatch_full_ingestion\tiffs\Case-4-C29-27987-31224.tiff,338256,ff8c022ae1e5af784b21b3e1bda085c847f859050d95abfe979fb9ce84e9a0c4,48a69ffc1bdf8f0703869205067caeb1da56b8a4a859e49913c3634c002cc5b8,a86cdcbde3f30182,2227e3899b362cb8,TIFF,TIFF-LE,1024,1024,RGB,3,8,True,193.84340572357178,30.965782848116614,0.06783771514892578,2.86102294921875e-06,6.889064930764848,,False,False,False,False,False,False,PASS,True,
Case-4-C29-29639-16570,Case-4-C29-29639-16570,Case 4 C29-29639-16570,http://pathdb.cancerimagingarchive.net/system/files/wsi/ross/Osteosarcoma-UT/converted/Osteosarcoma-UT/Training-Set-1/set5/Case-4-C29-29639-16570.tiff,Case-4,Viable,VIABLE_TUMOR,TRUE,False,RETRIEVED,200,C:\Users\enkso\.kiro\crew\scratch\runtime-0a306834\osteopatch_full_ingestion\tiffs\Case-4-C29-29639-16570.tiff,433790,0082f4a36ef1f736bd5e2a352cee6fe31705fd4ae24ae0dfc9b041e8fc5bf3fa,9c95271cf16d93621317f54b92a501c4e63859632bbf3059aea405aec9b6de8d,e15c3f2a5d65035c,8515c886b2cfd743,TIFF,TIFF-LE,1024,1024,RGB,3,8,True,150.4937973022461,49.73923320005934,0.06599998474121094,3.0517578125e-05,7.576435419097585,,False,False,False,False,False,False,PASS,True,
Case-4-C29-30319-13766,Case-4-C29-30319-13766,Case 4 C29-30319-13766,http://pathdb.cancerimagingarchive.net/system/files/wsi/ross/Osteosarcoma-UT/converted/Osteosarcoma-UT/Training-Set-1/set5/Case-4-C29-30319-13766.tiff,Case-4,Viable,VIABLE_TUMOR,TRUE,False,RETRIEVED,200,C:\Users\enkso\.kiro\crew\scratch\runtime-0a306834\osteopatch_full_ingestion\tiffs\Case-4-C29-30319-13766.tiff,432696,e0015ffbec4e8c42d9141844136181645e26c9afe199275227c79d516b26d108,c48e7c498210be40af1b59b96e620e7a33565261b4a4aa900bf3c83c224d1e83,cce41f1eb0e443b6,6662c786ad71a398,TIFF,TIFF-LE,1024,1024,RGB,3,8,True,148.46580600738525,47.676634364070544,0.056644439697265625,1.811981201171875e-05,7.511669263058421,,False,False,False,False,False,False,PASS,True,
Case-4-C29-30502-34418,Case-4-C29-30502-34418,Case 4 C29-30502-34418,http://pathdb.cancerimagingarchive.net/system/files/wsi/ross/Osteosarcoma-UT/converted/Osteosarcoma-UT/Training-Set-1/set5/Case-4-C29-30502-34418.tiff,Case-4,Non-Viable-Tumor,NECROSIS,TRUE,False,RETRIEVED,200,C:\Users\enkso\.kiro\crew\scratch\runtime-0a306834\osteopatch_full_ingestion\tiffs\Case-4-C29-30502-34418.tiff,325798,6a58b9e004ae495b5f3c2df006baa3ac1966b3fc99283bffb1075acc77baa7f7,63863f451c0548fa793119064fd6cce955367c6198d5c3569beb35018701927f,ddf81617c6171474,2a2b324a666a68c4,TIFF,TIFF-LE,1024,1024,RGB,3,8,True,208.12052249908447,29.25065810495348,0.12123870849609375,0.0,6.605059051358314,,False,False,False,False,False,False,PASS,True,
Case-4-C29-31054-35813,Case-4-C29-31054-35813,Case 4 C29-31054-35813,http://pathdb.cancerimagingarchive.net/system/files/wsi/ross/Osteosarcoma-UT/converted/Osteosarcoma-UT/Training-Set-1/set5/Case-4-C29-31054-35813.tiff,Case-4,Non-Viable-Tumor,NECROSIS,TRUE,False,RETRIEVED,200,C:\Users\enkso\.kiro\crew\scratch\runtime-0a306834\osteopatch_full_ingestion\tiffs\Case-4-C29-31054-35813.tiff,289758,83862339147a70fdc54f5ca5f26f0751288fb0c3682708d22da7700835d7108a,ae684e78423807cd4d5aa108df578f9c2fbc956c61072d4955173b1b12046fd6,ae51a12cdf34c8d3,9313d16171272e78,TIFF,TIFF-LE,1024,1024,RGB,3,8,True,211.6341381072998,29.114865302830427,0.26051998138427734,0.0,6.360134705144549,,False,False,False,False,False,False,PASS,True,
Case-4-C29-31369-33022,Case-4-C29-31369-33022,Case 4 C29-31369-33022,http://pathdb.cancerimagingarchive.net/system/files/wsi/ross/Osteosarcoma-UT/converted/Osteosarcoma-UT/Training-Set-1/set5/Case-4-C29-31369-33022.tiff,Case-4,Non-Viable-Tumor,NECROSIS,TRUE,False,RETRIEVED,200,C:\Users\enkso\.kiro\crew\scratch\runtime-0a306834\osteopatch_full_ingestion\tiffs\Case-4-C29-31369-33022.tiff,336158,0528d42b24a96b18c238fcc5175415da2524acb89020f523e6e543034a5cb2d7,070a4fcb98208e77c8c1c43f3e4e88fa876e51d04fcbaebfc01405b02b9360d9,d2a93e6d6b860b58,66989dcd9bc6a42d,TIFF,TIFF-LE,1024,1024,RGB,3,8,True,203.7997283935547,30.01312040417234,0.11109638214111328,0.0,6.747901899189344,,False,False,False,False,False,False,PASS,True,
Case-4-C29-31670-19505,Case-4-C29-31670-19505,Case 4 C29-31670-19505,http://pathdb.cancerimagingarchive.net/system/files/wsi/ross/Osteosarcoma-UT/converted/Osteosarcoma-UT/Training-Set-1/set5/Case-4-C29-31670-19505.tiff,Case-4,Viable,VIABLE_TUMOR,TRUE,False,RETRIEVED,200,C:\Users\enkso\.kiro\crew\scratch\runtime-0a306834\osteopatch_full_ingestion\tiffs\Case-4-C29-31670-19505.tiff,421784,efdb596313247f18295c967113b85f7a745a751e22c8622fa5bc31b25747f18d,c3ab878b6a4a065afccd6f33c592d37c4980089706cf51d40e0d64aff48badb1,eacac407cec48ece,63d999c96b489519,TIFF,TIFF-LE,1024,1024,RGB,3,8,True,146.01843547821045,46.75466678014545,0.045108795166015625,3.62396240234375e-05,7.509952645749751,,False,False,False,False,False,False,PASS,True,
Case-4-C29-33826-27241,Case-4-C29-33826-27241,Case 4 C29-33826-27241,http://pathdb.cancerimagingarchive.net/system/files/wsi/ross/Osteosarcoma-UT/converted/Osteosarcoma-UT/Training-Set-1/set5/Case-4-C29-33826-27241.tiff,Case-4,Non-Viable-Tumor,NECROSIS,TRUE,False,RETRIEVED,200,C:\Users\enkso\.kiro\crew\scratch\runtime-0a306834\osteopatch_full_ingestion\tiffs\Case-4-C29-33826-27241.tiff,393238,bf3f16fb1142bc395916c63aa8f7f952addc6428756db2c23510fa105373312d,e40131b268720905c88797dfba6aa32a9fdc45ea2bc25dbcb8daf4886f2cb6d5,f5c5520bac16e783,c496cc36b355991d,TIFF,TIFF-LE,1024,1024,RGB,3,8,True,176.64871978759766,38.84808087366722,0.06291770935058594,3.814697265625e-06,7.226067509580326,,False,False,False,False,False,False,PASS,True,
Case-4-C29-35879-13825,Case-4-C29-35879-13825,Case 4 C29-35879-13825,http://pathdb.cancerimagingarchive.net/system/files/wsi/ross/Osteosarcoma-UT/converted/Osteosarcoma-UT/Training-Set-1/set5/Case-4-C29-35879-13825.tiff,Case-4,viable: non-viable,,FALSE,True,RETRIEVED,200,C:\Users\enkso\.kiro\crew\scratch\runtime-0a306834\osteopatch_full_ingestion\tiffs\Case-4-C29-35879-13825.tiff,222722,961ca698e9c7beaca12b086e89e9b1d97764507a172c31252091ca7f6aaa3abe,c126f9ad6843af4b20e19f9d6e01b3bcce570738b614ec4b73f7ba15dbc36d18,c2f09bc5845b7d34,412995c4e6e07169,TIFF,TIFF-LE,1024,1024,RGB,3,8,True,191.90666961669922,53.238862268156765,0.4403095245361328,7.62939453125e-06,6.0414238477856514,,False,False,False,False,False,False,PASS,False,MIXED_VIABLE_NECROTIC (policy: never eligible)
Case-4-C29-40078-13241,Case-4-C29-40078-13241,Case 4 C29-40078-13241,http://pathdb.cancerimagingarchive.net/system/files/wsi/ross/Osteosarcoma-UT/converted/Osteosarcoma-UT/Training-Set-1/set5/Case-4-C29-40078-13241.tiff,Case-4,Non-Tumor,NON_TUMOR,TRUE,False,RETRIEVED,200,C:\Users\enkso\.kiro\crew\scratch\runtime-0a306834\osteopatch_full_ingestion\tiffs\Case-4-C29-40078-13241.tiff,371462,930e210bde479ecc77ed1db7a5326b3870d4898aeee29e061c9eb5efa7e8f471,d732f7d3ab2f1c0b40927c814c1f324d4eb1894a4402899d02feeae0dd69331c,a8b7915acba1517c,1a2d86433198edbb,TIFF,TIFF-LE,1024,1024,RGB,3,8,True,187.15432167053223,46.58417527716122,0.2703371047973633,1.9073486328125e-06,6.7947903604170525,,False,False,False,False,False,False,PASS,True,
Case-4-C31-10015-17952,Case-4-C31-10015-17952,Case 4 C31-10015-17952,http://pathdb.cancerimagingarchive.net/system/files/wsi/ross/Osteosarcoma-UT/converted/Osteosarcoma-UT/Training-Set-2/set5/Case-4-C31-10015-17952.tiff,Case-4,Non-Viable-Tumor,NECROSIS,TRUE,False,RETRIEVED,200,C:\Users\enkso\.kiro\crew\scratch\runtime-0a306834\osteopatch_full_ingestion\tiffs\Case-4-C31-10015-17952.tiff,400504,df449304061d7c553a290718b49d27f3dc34edf5f2e41a43e559ce486762a2d4,a5f8a4ef9a5359b137c15dc4af2ad50f7b95785864399cd27bbfce5d380500df,dcf0b33707dea024,5c10a17066bc38e9,TIFF,TIFF-LE,1024,1024,RGB,3,8,True,189.72365379333496,38.411646801760625,0.13936614990234375,0.0,7.1471651219868235,,False,False,False,False,False,False,PASS,True,
Case-4-C31-11369-15049,Case-4-C31-11369-15049,Case 4 C31-11369-15049,http://pathdb.cancerimagingarchive.net/system/files/wsi/ross/Osteosarcoma-UT/converted/Osteosarcoma-UT/Training-Set-2/set5/Case-4-C31-11369-15049.tiff,Case-4,Non-Viable-Tumor,NECROSIS,TRUE,False,RETRIEVED,200,C:\Users\enkso\.kiro\crew\scratch\runtime-0a306834\osteopatch_full_ingestion\tiffs\Case-4-C31-11369-15049.tiff,404322,986a457431c4eca858091b062a32a0e5a0d90fd6fd8e4b84358e2ac6931689e6,bc8b5b2c3bf044dd37ee52d5d73e9e0e4610207bd9ad3f9a487e28da1b646f60,9edbc942d19027e6,58783838386c3d3e,TIFF,TIFF-LE,1024,1024,RGB,3,8,True,189.7349967956543,37.17219141128636,0.0982522964477539,0.0,7.120458812125093,,False,False,False,False,False,False,PASS,True,
Case-4-C31-12983-18446,Case-4-C31-12983-18446,Case 4 C31-12983-18446,http://pathdb.cancerimagingarchive.net/system/files/wsi/ross/Osteosarcoma-UT/converted/Osteosarcoma-UT/Training-Set-2/set5/Case-4-C31-12983-18446.tiff,Case-4,Non-Viable-Tumor,NECROSIS,TRUE,False,RETRIEVED,200,C:\Users\enkso\.kiro\crew\scratch\runtime-0a306834\osteopatch_full_ingestion\tiffs\Case-4-C31-12983-18446.tiff,412426,74c64306e00ba4d6f674df188ca797170ed11015cdcf5bdefa6711b1863dca04,43395fd511f719b9b03da5d8fa9ba9c6b5a652013d75030f3962fed8265d53fe,b65baf512a97880b,4d098c2cb4d4446f,TIFF,TIFF-LE,1024,1024,RGB,3,8,True,173.30788230895996,37.0752583702579,0.09157848358154297,0.0,7.104188385796573,,False,False,False,False,False,False,PASS,True,
Case-4-C31-13026-17709,Case-4-C31-13026-17709,Case 4 C31-13026-17709,http://pathdb.cancerimagingarchive.net/system/files/wsi/ross/Osteosarcoma-UT/converted/Osteosarcoma-UT/Training-Set-2/set5/Case-4-C31-13026-17709.tiff,Case-4,Non-Viable-Tumor,NECROSIS,TRUE,False,RETRIEVED,200,C:\Users\enkso\.kiro\crew\scratch\runtime-0a306834\osteopatch_full_ingestion\tiffs\Case-4-C31-13026-17709.tiff,410418,ad894b6685c5ff563cf3c03658243fb742f66b8e6094bb824419d9dadae1fadd,7af25d77558e2c02ed7891321f157d2dceb90621ce380b7f9e92e323a890a6f0,f91c9bc18e2e185e,381abd2fa6945d49,TIFF,TIFF-LE,1024,1024,RGB,3,8,True,165.0537347793579,33.02785439575023,0.031993865966796875,0.0,7.0216394643717095,,False,False,False,False,False,False,PASS,True,
Case-4-C31-16379-15830,Case-4-C31-16379-15830,Case 4 C31-16379-15830,http://pathdb.cancerimagingarchive.net/system/files/wsi/ross/Osteosarcoma-UT/converted/Osteosarcoma-UT/Training-Set-2/set5/Case-4-C31-16379-15830.tiff,Case-4,Viable,VIABLE_TUMOR,TRUE,False,RETRIEVED,200,C:\Users\enkso\.kiro\crew\scratch\runtime-0a306834\osteopatch_full_ingestion\tiffs\Case-4-C31-16379-15830.tiff,454582,db4e54cb763b92683b816163f3fca9b2750087a2e4998c924ab261f8cca9a30e,c445e12dee388095146d976a8d1f0121e365a61b6d43167447f52b6f7d0eeb88,cc23d3ae32cec711,6993ea2d942620a8,TIFF,TIFF-LE,1024,1024,RGB,3,8,True,164.352445602417,47.17882402593886,0.07473278045654297,4.482269287109375e-05,7.518797640821914,,False,False,False,False,False,False,PASS,True,
Case-4-C31-17180-22686,Case-4-C31-17180-22686,Case 4 C31-17180-22686,http://pathdb.cancerimagingarchive.net/system/files/wsi/ross/Osteosarcoma-UT/converted/Osteosarcoma-UT/Training-Set-2/set5/Case-4-C31-17180-22686.tiff,Case-4,Non-Viable-Tumor,NECROSIS,TRUE,False,RETRIEVED,200,C:\Users\enkso\.kiro\crew\scratch\runtime-0a306834\osteopatch_full_ingestion\tiffs\Case-4-C31-17180-22686.tiff,300314,dba3c65a4ce2b7f192711324248b62279d0a518f4935ee173499abd8e092f998,7046ee44c6f4874d30b44cd9bd7f869e0b01ec15fe7e31d1e7d7e365799e2a25,8255597ab58e6695,6454e4e69d29a95f,TIFF,TIFF-LE,1024,1024,RGB,3,8,True,184.9162950515747,32.3470855929068,0.05027198791503906,0.0,6.982026556280994,,False,False,False,False,False,False,PASS,True,
Case-4-C31-17846-20505,Case-4-C31-17846-20505,Case 4 C31-17846-20505,http://pathdb.cancerimagingarchive.net/system/files/wsi/ross/Osteosarcoma-UT/converted/Osteosarcoma-UT/Training-Set-2/set5/Case-4-C31-17846-20505.tiff,Case-4,Non-Tumor,NON_TUMOR,TRUE,False,RETRIEVED,200,C:\Users\enkso\.kiro\crew\scratch\runtime-0a306834\osteopatch_full_ingestion\tiffs\Case-4-C31-17846-20505.tiff,332208,848bfa7a62f234ad12f0a8ad38129398f738e426f60e0fee93512292e64e987f,a003cd701149a8dc1abcf2cd1c0832f8e00c1d4ac7be86d7cfdf5e8692cde08a,f10ba39d324ab563,4950408008360a9c,TIFF,TIFF-LE,1024,1024,RGB,3,8,True,170.1026029586792,29.935265479672925,0.03032398223876953,1.9073486328125e-06,6.837822651660688,,False,False,False,False,False,False,PASS,True,
Case-4-C31-19720-30902,Case-4-C31-19720-30902,Case 4 C31-19720-30902,http://pathdb.cancerimagingarchive.net/system/files/wsi/ross/Osteosarcoma-UT/converted/Osteosarcoma-UT/Training-Set-2/set5/Case-4-C31-19720-30902.tiff,Case-4,Non-Viable-Tumor,NECROSIS,TRUE,False,RETRIEVED,200,C:\Users\enkso\.kiro\crew\scratch\runtime-0a306834\osteopatch_full_ingestion\tiffs\Case-4-C31-19720-30902.tiff,376466,d162405b4ae55870d11c0d3ed2abd8a90266b25621aaa665bd74ed1bb835b301,42bb6adc7ab70c14668cfe2d2e075bf24db8f5b2c66af9a610178ca301867420,dcd99e33f0234f02,3830f28e9846cfa6,TIFF,TIFF-LE,1024,1024,RGB,3,8,True,184.98383235931396,43.82201543275544,0.1784381866455078,0.0,7.2358494181690665,,False,False,False,False,False,False,PASS,True,
Case-4-C31-19780-23823,Case-4-C31-19780-23823,Case 4 C31-19780-23823,http://pathdb.cancerimagingarchive.net/system/files/wsi/ross/Osteosarcoma-UT/converted/Osteosarcoma-UT/Training-Set-2/set5/Case-4-C31-19780-23823.tiff,Case-4,Non-Viable-Tumor,NECROSIS,TRUE,False,RETRIEVED,200,C:\Users\enkso\.kiro\crew\scratch\runtime-0a306834\osteopatch_full_ingestion\tiffs\Case-4-C31-19780-23823.tiff,312776,d73ee7905dff6345a525ddf42edd39fe42da16f626aa25b12ab79212ee6cf0fc,ce2c5abef5b325a8517897c6f350f40d218fb74009b6bf9cc0f338f911ce3c18,cfb48117e8469d69,da3a34250b68c183,TIFF,TIFF-LE,1024,1024,RGB,3,8,True,178.49065780639648,40.85034346516506,0.07503986358642578,0.0,7.25351265013569,,False,False,False,False,False,False,PASS,True,
Case-4-C31-20022-32809,Case-4-C31-20022-32809,Case 4 C31-20022-32809,http://pathdb.cancerimagingarchive.net/system/files/wsi/ross/Osteosarcoma-UT/converted/Osteosarcoma-UT/Training-Set-2/set5/Case-4-C31-20022-32809.tiff,Case-4,Non-Viable-Tumor,NECROSIS,TRUE,False,RETRIEVED,200,C:\Users\enkso\.kiro\crew\scratch\runtime-0a306834\osteopatch_full_ingestion\tiffs\Case-4-C31-20022-32809.tiff,280552,bdaad0afac3b0d09e0f8504c6a792a6b0044d16c48cff82ca0b18c7f8f809693,8f5d75b35ea993afb4534e7406df1c57f5404616e039ce7e461184b1db751f35,956a9c136bd5325c,496664424bea363a,TIFF,TIFF-LE,1024,1024,RGB,3,8,True,204.52849102020264,40.149947552281766,0.37246227264404297,0.0,6.329584320383493,,False,False,False,False,False,False,PASS,True,
Case-4-C31-22851-36922,Case-4-C31-22851-36922,Case 4 C31-22851-36922,http://pathdb.cancerimagingarchive.net/system/files/wsi/ross/Osteosarcoma-UT/converted/Osteosarcoma-UT/Training-Set-2/set5/Case-4-C31-22851-36922.tiff,Case-4,Non-Viable-Tumor,NECROSIS,TRUE,False,RETRIEVED,200,C:\Users\enkso\.kiro\crew\scratch\runtime-0a306834\osteopatch_full_ingestion\tiffs\Case-4-C31-22851-36922.tiff,361152,bc50d087edb6269acd66e1797339d814e243b35e5cf0f08267901c4650ff7161,bfa41b3f0bab92d735bd2ff4fe81b0eff29af2ed46c0b71001d7a87d0c28c26a,813c6519facae5ca,3a66eaa879d2d186,TIFF,TIFF-LE,1024,1024,RGB,3,8,True,199.79499435424805,32.84032908250311,0.17015361785888672,0.0,6.924508843122954,,False,False,False,False,False,False,PASS,True,
Case-4-C31-23051-12507,Case-4-C31-23051-12507,Case 4 C31-23051-12507,http://pathdb.cancerimagingarchive.net/system/files/wsi/ross/Osteosarcoma-UT/converted/Osteosarcoma-UT/Training-Set-2/set5/Case-4-C31-23051-12507.tiff,Case-4,Viable,VIABLE_TUMOR,TRUE,False,RETRIEVED,200,C:\Users\enkso\.kiro\crew\scratch\runtime-0a306834\osteopatch_full_ingestion\tiffs\Case-4-C31-23051-12507.tiff,505910,55f16b5a890da330257f468de77990f75d5ed62d0e81bf273f45106af38a4225,ee9248bb7faf90434f0af37069ad56377b101e405fb33620a8ec6ed4ae9429bf,a90977831f65cfa0,5a9b33b2fecb962e,TIFF,TIFF-LE,1024,1024,RGB,3,8,True,157.10048580169678,63.19679177682504,0.14901351928710938,0.000293731689453125,7.702422735676979,,False,False,False,False,False,False,PASS,True,
Case-4-C31-24654-15629,Case-4-C31-24654-15629,Case 4 C31-24654-15629,http://pathdb.cancerimagingarchive.net/system/files/wsi/ross/Osteosarcoma-UT/converted/Osteosarcoma-UT/Training-Set-2/set5/Case-4-C31-24654-15629.tiff,Case-4,Viable,VIABLE_TUMOR,TRUE,False,RETRIEVED,200,C:\Users\enkso\.kiro\crew\scratch\runtime-0a306834\osteopatch_full_ingestion\tiffs\Case-4-C31-24654-15629.tiff,481190,586f6c8a98361887dfbc59ed2e06619f36eef14ba92d4608a84e3fed1d319ab8,b8360a98b7f67beb53eabd4c7c67ec3acb10c681aa2dde7dd232dfbe7d3667f1,a857aa72a75ac58a,8d45762ae7a795ab,TIFF,TIFF-LE,1024,1024,RGB,3,8,True,158.9066858291626,61.176599207510044,0.149078369140625,0.0001659393310546875,7.6660302444563015,,False,False,False,False,False,False,PASS,True,
Case-4-C31-24669-10300,Case-4-C31-24669-10300,Case 4 C31-24669-10300,http://pathdb.cancerimagingarchive.net/system/files/wsi/ross/Osteosarcoma-UT/converted/Osteosarcoma-UT/Training-Set-2/set5/Case-4-C31-24669-10300.tiff,Case-4,Viable,VIABLE_TUMOR,TRUE,False,RETRIEVED,200,C:\Users\enkso\.kiro\crew\scratch\runtime-0a306834\osteopatch_full_ingestion\tiffs\Case-4-C31-24669-10300.tiff,485134,a87b069f39833a4dc3bf5d49d818899f83a480c11290c0130149f0572ffc25e7,f4da1431fe8a62cb1d716672905a84338c8f9b1ed08a5e2ff6960a8b4f28943b,955946a6b3d35a23,e936111aaaf54a68,TIFF,TIFF-LE,1024,1024,RGB,3,8,True,152.74110984802246,59.86636645583593,0.12236881256103516,0.0001697540283203125,7.677196922695198,,False,False,False,False,False,False,PASS,True,
Case-4-C31-25176-8074,Case-4-C31-25176-8074,Case 4 C31-25176-8074,http://pathdb.cancerimagingarchive.net/system/files/wsi/ross/Osteosarcoma-UT/converted/Osteosarcoma-UT/Training-Set-2/set5/Case-4-C31-25176-8074.tiff,Case-4,Viable,VIABLE_TUMOR,TRUE,False,RETRIEVED,200,C:\Users\enkso\.kiro\crew\scratch\runtime-0a306834\osteopatch_full_ingestion\tiffs\Case-4-C31-25176-8074.tiff,443140,d3f8b3c9ea22fcf54398bfa9719617aee3bf99f8d4b860196b276072caadd549,5a1d7c4bd44ff1767b46ffbf94436b06ea626a478cab4b7dd3d46d0c5491a937,d5911f481ad94cf6,70cec65355860e75,TIFF,TIFF-LE,1024,1024,RGB,3,8,True,134.3563985824585,44.47140590357166,0.025457382202148438,4.38690185546875e-05,7.430624743462115,,False,False,False,False,False,False,PASS,True,
Case-4-C31-25781-32079,Case-4-C31-25781-32079,Case 4 C31-25781-32079,http://pathdb.cancerimagingarchive.net/system/files/wsi/ross/Osteosarcoma-UT/converted/Osteosarcoma-UT/Training-Set-1/set5/Case-4-C31-25781-32079.tiff,Case-4,Non-Viable-Tumor,NECROSIS,TRUE,False,RETRIEVED,200,C:\Users\enkso\.kiro\crew\scratch\runtime-0a306834\osteopatch_full_ingestion\tiffs\Case-4-C31-25781-32079.tiff,317360,399187660d82aeff3fdef0375129386a728e536c95a7e3780911b7408d28d5b0,97107b08c9c1b23f28d485e8f37baf7033960b63d73de18bb3474ffb860f32e6,9869b552a59a366d,5a0239b1e6b8396e,TIFF,TIFF-LE,1024,1024,RGB,3,8,True,201.814679145813,33.39283657142901,0.21907711029052734,0.0,6.738875942575022,,False,False,False,False,False,False,PASS,True,
Case-4-C31-27678-14221,Case-4-C31-27678-14221,Case 4 C31-27678-14221,http://pathdb.cancerimagingarchive.net/system/files/wsi/ross/Osteosarcoma-UT/converted/Osteosarcoma-UT/Training-Set-1/set5/Case-4-C31-27678-14221.tiff,Case-4,Viable,VIABLE_TUMOR,TRUE,False,RETRIEVED,200,C:\Users\enkso\.kiro\crew\scratch\runtime-0a306834\osteopatch_full_ingestion\tiffs\Case-4-C31-27678-14221.tiff,436876,e6aa531703c45731d0e48403169ec4dc26da66a798f09e8d361e21bdc2a2abab,bfe3549009b6935f78f44d45d84f9a1b717409210bedf2b69992f978fa8f83c0,de31c639f609266c,8a92ab8a1d593364,TIFF,TIFF-LE,1024,1024,RGB,3,8,True,153.66693687438965,53.59313062631703,0.0899038314819336,6.580352783203125e-05,7.623202019331533,,False,False,False,False,False,False,PASS,True,
Case-4-C31-28807-3942,Case-4-C31-28807-3942,Case 4 C31-28807-3942,http://pathdb.cancerimagingarchive.net/system/files/wsi/ross/Osteosarcoma-UT/converted/Osteosarcoma-UT/Training-Set-1/set5/Case-4-C31-28807-3942.tiff,Case-4,Non-Viable-Tumor,NECROSIS,TRUE,False,RETRIEVED,200,C:\Users\enkso\.kiro\crew\scratch\runtime-0a306834\osteopatch_full_ingestion\tiffs\Case-4-C31-28807-3942.tiff,110682,d3d6a688b02d14804f1c3f6c4a99d690d83d7e9f32f501faf342e3abfd6234bf,15b5eb28cd11701e02f8c4cb916efeddeba3c736370567d6720a0a5e7a6aee72,80c0709c67fb7cf2,a0a0d0c864749bdd,TIFF,TIFF-LE,1024,1024,RGB,3,8,True,227.97618961334229,29.783158977062023,0.7444934844970703,0.0,3.671216505118665,,False,False,False,False,False,False,PASS,True,
Case-4-C31-30577-21392,Case-4-C31-30577-21392,Case 4 C31-30577-21392,http://pathdb.cancerimagingarchive.net/system/files/wsi/ross/Osteosarcoma-UT/converted/Osteosarcoma-UT/Training-Set-1/set5/Case-4-C31-30577-21392.tiff,Case-4,Viable,VIABLE_TUMOR,TRUE,False,RETRIEVED,200,C:\Users\enkso\.kiro\crew\scratch\runtime-0a306834\osteopatch_full_ingestion\tiffs\Case-4-C31-30577-21392.tiff,324602,e7b117c7d0e18ae711ddfee03703f48d96dc85cc5dc15a38a2fd4aaf69e21d1e,19ec6b5c39139f0d6a3448faa12de0df3fb80b757a78c2d13cb96df474ca4c10,c464ce9e6d931f30,65a49482a870d0c2,TIFF,TIFF-LE,1024,1024,RGB,3,8,True,180.31088638305664,57.94222722336531,0.3488121032714844,8.20159912109375e-05,6.659352536641467,,False,False,False,False,False,False,PASS,True,
Case-4-C31-31978-13119,Case-4-C31-31978-13119,Case 4 C31-31978-13119,http://pathdb.cancerimagingarchive.net/system/files/wsi/ross/Osteosarcoma-UT/converted/Osteosarcoma-UT/Training-Set-1/set5/Case-4-C31-31978-13119.tiff,Case-4,viable: non-viable,,FALSE,True,RETRIEVED,200,C:\Users\enkso\.kiro\crew\scratch\runtime-0a306834\osteopatch_full_ingestion\tiffs\Case-4-C31-31978-13119.tiff,347182,88cc5b12067846b8133430f07ba1a0c4a5e2078e0cb195598739cb82a5d22061,983ee2a5ca00265bf4fa4d25bdf7269b1302c6ef6e87496ee0920ead1cc24b3b,bbcba49569691496,3b797153583e3e1c,TIFF,TIFF-LE,1024,1024,RGB,3,8,True,144.2177505493164,34.77370181718456,0.01152801513671875,4.863739013671875e-05,7.135470283139595,,False,False,False,False,False,False,PASS,False,MIXED_VIABLE_NECROTIC (policy: never eligible)
Case-4-C31-32205-12759,Case-4-C31-32205-12759,Case 4 C31-32205-12759,http://pathdb.cancerimagingarchive.net/system/files/wsi/ross/Osteosarcoma-UT/converted/Osteosarcoma-UT/Training-Set-1/set5/Case-4-C31-32205-12759.tiff,Case-4,viable: non-viable,,FALSE,True,RETRIEVED,200,C:\Users\enkso\.kiro\crew\scratch\runtime-0a306834\osteopatch_full_ingestion\tiffs\Case-4-C31-32205-12759.tiff,327256,facaccdbffe6e92fb40627e7bf0e8a6cd9d6fa5469cb1bbf6383d108bbb52ebe,ad4825f6ec98e03a1a4c2663a7335c1cccff95fd0654ca8a70c1cb1101ccec1b,87b0396cd87351b6,cfceccece4476d62,TIFF,TIFF-LE,1024,1024,RGB,3,8,True,148.84449672698975,30.093309933667317,0.0056133270263671875,9.5367431640625e-06,6.907898794025195,,False,False,False,False,False,False,PASS,False,MIXED_VIABLE_NECROTIC (policy: never eligible)
Case-4-C31-32902-21086,Case-4-C31-32902-21086,Case 4 C31-32902-21086,http://pathdb.cancerimagingarchive.net/system/files/wsi/ross/Osteosarcoma-UT/converted/Osteosarcoma-UT/Training-Set-1/set5/Case-4-C31-32902-21086.tiff,Case-4,Viable,VIABLE_TUMOR,TRUE,False,RETRIEVED,200,C:\Users\enkso\.kiro\crew\scratch\runtime-0a306834\osteopatch_full_ingestion\tiffs\Case-4-C31-32902-21086.tiff,386632,96596c61b9edba25e904472471f30e263dc0df7157549f2e184402b75022ff76,e8682d5bb8952f17a36aeb6437da0a16236b1ae92ad5901d838da65ed14cc8ab,b9b5d8f91816564a,1a1f6c9e9b1a4f85,TIFF,TIFF-LE,1024,1024,RGB,3,8,True,139.5572052001953,39.59681932559102,0.011797904968261719,3.528594970703125e-05,7.3285697646231105,,False,False,False,False,False,False,PASS,True,
Case-4-C31-33075-15855,Case-4-C31-33075-15855,Case 4 C31-33075-15855,http://pathdb.cancerimagingarchive.net/system/files/wsi/ross/Osteosarcoma-UT/converted/Osteosarcoma-UT/Training-Set-1/set5/Case-4-C31-33075-15855.tiff,Case-4,viable: non-viable,,FALSE,True,RETRIEVED,200,C:\Users\enkso\.kiro\crew\scratch\runtime-0a306834\osteopatch_full_ingestion\tiffs\Case-4-C31-33075-15855.tiff,337244,f01fbef255cd2569d63e0704d86719b9c0de9c7338dd3a79513501686db9a269,1755708ea0ebb1d2a9b28e7fbc6d5f22fbf55023b555f4d399abea10f40f44cd,d8fa836c6313a897,4935342820b6f8d8,TIFF,TIFF-LE,1024,1024,RGB,3,8,True,148.98341464996338,31.199774619110322,0.004513740539550781,7.62939453125e-06,6.972062161254148,,False,False,False,False,False,False,PASS,False,MIXED_VIABLE_NECROTIC (policy: never eligible)
Case-4-C31-35324-16735,Case-4-C31-35324-16735,Case 4 C31-35324-16735,http://pathdb.cancerimagingarchive.net/system/files/wsi/ross/Osteosarcoma-UT/converted/Osteosarcoma-UT/Training-Set-1/set5/Case-4-C31-35324-16735.tiff,Case-4,Viable,VIABLE_TUMOR,TRUE,False,RETRIEVED,200,C:\Users\enkso\.kiro\crew\scratch\runtime-0a306834\osteopatch_full_ingestion\tiffs\Case-4-C31-35324-16735.tiff,371100,14c7c35e974075a461c8b48868938912b236d6061768db1770444fcad9869ec3,b0439f467ef5c6654585d206ad1c363fd2f3e89a653589ca0b9901a46c10b448,8928f5a0f1a0f7f1,8fb359f39169e350,TIFF,TIFF-LE,1024,1024,RGB,3,8,True,140.14180088043213,35.52378726272952,0.009562492370605469,4.1961669921875e-05,7.175605899645026,,False,False,False,False,False,False,PASS,True,
Case-4-C31-35929-17743,Case-4-C31-35929-17743,Case 4 C31-35929-17743,http://pathdb.cancerimagingarchive.net/system/files/wsi/ross/Osteosarcoma-UT/converted/Osteosarcoma-UT/Training-Set-1/set5/Case-4-C31-35929-17743.tiff,Case-4,Viable,VIABLE_TUMOR,TRUE,False,RETRIEVED,200,C:\Users\enkso\.kiro\crew\scratch\runtime-0a306834\osteopatch_full_ingestion\tiffs\Case-4-C31-35929-17743.tiff,367702,c6769447eb23efd0aff40c7ffdb0eb87fba4743b32b580a999115ba98543c0b5,da7622504ffa98f6702ff377f590fa9a5d9f369e2202e5dea7a289824b5a3245,fd5c6f19c192a096,7526249992364e42,TIFF,TIFF-LE,1024,1024,RGB,3,8,True,140.51751613616943,34.35382701817712,0.004474639892578125,1.33514404296875e-05,7.138298416037782,,False,False,False,False,False,False,PASS,True,
Case-4-C31-36283-29598,Case-4-C31-36283-29598,Case 4 C31-36283-29598,http://pathdb.cancerimagingarchive.net/system/files/wsi/ross/Osteosarcoma-UT/converted/Osteosarcoma-UT/Training-Set-1/set5/Case-4-C31-36283-29598.tiff,Case-4,Non-Viable-Tumor,NECROSIS,TRUE,False,RETRIEVED,200,C:\Users\enkso\.kiro\crew\scratch\runtime-0a306834\osteopatch_full_ingestion\tiffs\Case-4-C31-36283-29598.tiff,375058,7e4da4cd7f0edf734ab09c4a2ba00b85364a6a150144ad1cbf8bea5c80017919,b02f38c6c53cc87228a5f407ad99c6baa660aaf651e38c1c104f9fc6f0db56ea,a71d6138cf11f417,7e6dee4a669ddcce,TIFF,TIFF-LE,1024,1024,RGB,3,8,True,186.1703004837036,37.352092573124445,0.11203765869140625,1.9073486328125e-06,7.153206750455677,,False,False,False,False,False,False,PASS,True,
Case-4-C31-37390-31078,Case-4-C31-37390-31078,Case 4 C31-37390-31078,http://pathdb.cancerimagingarchive.net/system/files/wsi/ross/Osteosarcoma-UT/converted/Osteosarcoma-UT/Training-Set-1/set5/Case-4-C31-37390-31078.tiff,Case-4,Non-Viable-Tumor,NECROSIS,TRUE,False,RETRIEVED,200,C:\Users\enkso\.kiro\crew\scratch\runtime-0a306834\osteopatch_full_ingestion\tiffs\Case-4-C31-37390-31078.tiff,341782,f5d5e60b1e3431e62194c2e9ba0168d4f0f8bc76f78bb40a53721763a3dd56c5,ff99c9256f4685acc335c42c85384fe128c77054b1d9632f475970d4c20582f0,c203de2e2b2dab17,6389cbcbcda72661,TIFF,TIFF-LE,1024,1024,RGB,3,8,True,202.7523708343506,31.70533980251552,0.18857669830322266,0.0,6.8465600545855105,,False,False,False,False,False,False,PASS,True,
Case-4-C31-41557-17880,Case-4-C31-41557-17880,Case 4 C31-41557-17880,http://pathdb.cancerimagingarchive.net/system/files/wsi/ross/Osteosarcoma-UT/converted/Osteosarcoma-UT/Training-Set-1/set5/Case-4-C31-41557-17880.tiff,Case-4,Viable,VIABLE_TUMOR,TRUE,False,RETRIEVED,200,C:\Users\enkso\.kiro\crew\scratch\runtime-0a306834\osteopatch_full_ingestion\tiffs\Case-4-C31-41557-17880.tiff,365292,0d880f1f746dd670b950476036ab8084744bc659d9b85b16b70132d5c7ed2971,1132ee3d445201ed408b7fb06e9f44c507d19b73a4a9c4ad2702f672a2bd7241,ad48ed4f47c428b9,533393cc59752677,TIFF,TIFF-LE,1024,1024,RGB,3,8,True,148.35994338989258,34.39616021979863,0.008138656616210938,1.9073486328125e-05,7.1370146169435,,False,False,False,False,False,False,PASS,True,
Case-4-C31-42832-24046,Case-4-C31-42832-24046,Case 4 C31-42832-24046,http://pathdb.cancerimagingarchive.net/system/files/wsi/ross/Osteosarcoma-UT/converted/Osteosarcoma-UT/Training-Set-1/set5/Case-4-C31-42832-24046.tiff,Case-4,viable: non-viable,,FALSE,True,RETRIEVED,200,C:\Users\enkso\.kiro\crew\scratch\runtime-0a306834\osteopatch_full_ingestion\tiffs\Case-4-C31-42832-24046.tiff,389156,fd6a85e71cf82902afec8a906a7a7397c5c540c9941b8c5aa66e823aa074a0a1,b215856eeba55d83551499bfd1f8611ad351b8cf550ff790cf496915741a0c72,ae0a6d9e30768973,676b6b89ad270616,TIFF,TIFF-LE,1024,1024,RGB,3,8,True,176.70387840270996,37.98671812119983,0.07951164245605469,4.76837158203125e-06,7.203384947177336,,False,False,False,False,False,False,PASS,False,MIXED_VIABLE_NECROTIC (policy: never eligible)
Case-4-C34-17385-28312,Case-4-C34-17385-28312,Case 4 C34-17385-28312,http://pathdb.cancerimagingarchive.net/system/files/wsi/ross/Osteosarcoma-UT/converted/Osteosarcoma-UT/Training-Set-2/set5/Case-4-C34-17385-28312.tiff,Case-4,Non-Viable-Tumor,NECROSIS,TRUE,False,RETRIEVED,200,C:\Users\enkso\.kiro\crew\scratch\runtime-0a306834\osteopatch_full_ingestion\tiffs\Case-4-C34-17385-28312.tiff,343496,1daeaebc4c0f6e2a0b5a61e17d42eb2979f5967940cb06252206e00fec510215,030ebe4000fb4d4347eb38718ac69bfad05df6fe0411fb08b688030f072d6884,851349a4fa0d779b,f0d24ae4a4e6f7e3,TIFF,TIFF-LE,1024,1024,RGB,3,8,True,194.08768367767334,35.49232858188035,0.12753963470458984,0.0,7.0366708331227015,,False,False,False,False,False,False,PASS,True,
Case-4-C34-17486-25030,Case-4-C34-17486-25030,Case 4 C34-17486-25030,http://pathdb.cancerimagingarchive.net/system/files/wsi/ross/Osteosarcoma-UT/converted/Osteosarcoma-UT/Training-Set-2/set5/Case-4-C34-17486-25030.tiff,Case-4,Non-Viable-Tumor,NECROSIS,TRUE,False,RETRIEVED,200,C:\Users\enkso\.kiro\crew\scratch\runtime-0a306834\osteopatch_full_ingestion\tiffs\Case-4-C34-17486-25030.tiff,301306,6c610045ef501aa22d28151acdc42807a68b426c3ea07deb8a0b964b2d83c33b,807633662fdf8340d79d9bb285e98d62e7ec495a935c26cc5edc5a4016fdc215,9bcbcb187823c2da,cb6ae91a389cca4b,TIFF,TIFF-LE,1024,1024,RGB,3,8,True,183.83661365509033,28.8096780642277,0.03868579864501953,9.5367431640625e-07,6.858093687865585,,False,False,False,False,False,False,PASS,True,
Case-4-C34-20207-16060,Case-4-C34-20207-16060,Case 4 C34-20207-16060,http://pathdb.cancerimagingarchive.net/system/files/wsi/ross/Osteosarcoma-UT/converted/Osteosarcoma-UT/Training-Set-2/set5/Case-4-C34-20207-16060.tiff,Case-4,viable: non-viable,,FALSE,True,RETRIEVED,200,C:\Users\enkso\.kiro\crew\scratch\runtime-0a306834\osteopatch_full_ingestion\tiffs\Case-4-C34-20207-16060.tiff,407070,006970f32ed523bcb49a04151aadb3d19740b7f46c287ace04dfae85a862c7f9,4c39ccb092c779b36c8ba7e0b956e93f36439908c3d5510ce265464933f1572c,dc2bd6a1ef18a548,51497131a3f4b020,TIFF,TIFF-LE,1024,1024,RGB,3,8,True,180.47171020507812,47.553106965119916,0.16029071807861328,3.24249267578125e-05,7.362032346050241,,False,False,False,False,False,False,PASS,False,MIXED_VIABLE_NECROTIC (policy: never eligible)
Case-4-C34-21897-31957,Case-4-C34-21897-31957,Case 4 C34-21897-31957,http://pathdb.cancerimagingarchive.net/system/files/wsi/ross/Osteosarcoma-UT/converted/Osteosarcoma-UT/Training-Set-2/set6/Case-4-C34-21897-31957.tiff,Case-4,Non-Viable-Tumor,NECROSIS,TRUE,False,RETRIEVED,200,C:\Users\enkso\.kiro\crew\scratch\runtime-0a306834\osteopatch_full_ingestion\tiffs\Case-4-C34-21897-31957.tiff,321116,536a4e5db6fc70a148a9b1e81574959133019fba36d99ab0ca48a4be3da2751d,f3aeb627e7d58b1f7f406b27f785b01f05d4f68196fca27696936188b88ded3d,9c62d106177ffe80,64838338f477bbb0,TIFF,TIFF-LE,1024,1024,RGB,3,8,True,195.19518661499023,30.096046741119164,0.04883861541748047,0.0,6.799717778696428,,False,False,False,False,False,False,PASS,True,
Case-4-C34-22699-32728,Case-4-C34-22699-32728,Case 4 C34-22699-32728,http://pathdb.cancerimagingarchive.net/system/files/wsi/ross/Osteosarcoma-UT/converted/Osteosarcoma-UT/Training-Set-2/set6/Case-4-C34-22699-32728.tiff,Case-4,Non-Viable-Tumor,NECROSIS,TRUE,False,RETRIEVED,200,C:\Users\enkso\.kiro\crew\scratch\runtime-0a306834\osteopatch_full_ingestion\tiffs\Case-4-C34-22699-32728.tiff,328102,53cd230ca5dbceab1cec8b6c1045b26862f12573beb4c7f86ba1ddbc74715876,694a09344495eeb165c0c680c8b5418f245910aac3791acefeeb48fff6a80ccb,8fc4689d45174e97,e233696a72775991,TIFF,TIFF-LE,1024,1024,RGB,3,8,True,195.2866449356079,31.633233132059864,0.06095695495605469,0.0,6.851856588993146,,False,False,False,False,False,False,PASS,True,
Case-4-C34-23917-10671,Case-4-C34-23917-10671,Case 4 C34-23917-10671,http://pathdb.cancerimagingarchive.net/system/files/wsi/ross/Osteosarcoma-UT/converted/Osteosarcoma-UT/Training-Set-2/set6/Case-4-C34-23917-10671.tiff,Case-4,Viable,VIABLE_TUMOR,TRUE,False,RETRIEVED,200,C:\Users\enkso\.kiro\crew\scratch\runtime-0a306834\osteopatch_full_ingestion\tiffs\Case-4-C34-23917-10671.tiff,482480,3968fb565ff0f652ec0090fbdc996ab3eb4c5272fb724dfcc467d16d47f23fc8,d2d86243e58e1a1edb41955ecb75cdd478b241095ddc50ac8b77ccd508349be7,fd28fd949cc4920e,361349042cca2220,TIFF,TIFF-LE,1024,1024,RGB,3,8,True,152.93642807006836,59.47817456867753,0.10672950744628906,0.00016498565673828125,7.7164174916182775,,False,False,False,False,False,False,PASS,True,
Case-4-C34-23929-34222,Case-4-C34-23929-34222,Case 4 C34-23929-34222,http://pathdb.cancerimagingarchive.net/system/files/wsi/ross/Osteosarcoma-UT/converted/Osteosarcoma-UT/Training-Set-2/set6/Case-4-C34-23929-34222.tiff,Case-4,Non-Viable-Tumor,NECROSIS,TRUE,False,RETRIEVED,200,C:\Users\enkso\.kiro\crew\scratch\runtime-0a306834\osteopatch_full_ingestion\tiffs\Case-4-C34-23929-34222.tiff,378304,4791d331db43a7761f9533ee9133fd2c9585a7b25ec1de2d158d57bdfe8e4fd2,29cf74eb32ad1d993ef9def325814539a009d5ada9ed24c10aac4fea0ab93237,ae47a16e7891a8da,e667ea5e2135c99b,TIFF,TIFF-LE,1024,1024,RGB,3,8,True,194.95382022857666,42.12476449370761,0.22999858856201172,5.7220458984375e-06,7.121855212586794,,False,False,False,False,False,False,PASS,True,
Case-4-C34-24821-20023,Case-4-C34-24821-20023,Case 4 C34-24821-20023,http://pathdb.cancerimagingarchive.net/system/files/wsi/ross/Osteosarcoma-UT/converted/Osteosarcoma-UT/Training-Set-2/set6/Case-4-C34-24821-20023.tiff,Case-4,Viable,VIABLE_TUMOR,TRUE,False,RETRIEVED,200,C:\Users\enkso\.kiro\crew\scratch\runtime-0a306834\osteopatch_full_ingestion\tiffs\Case-4-C34-24821-20023.tiff,426232,113b9f7ed30443ab36182e15ba815369662597fcd345a283143b65fc1c2ae4cb,9a6e80c7e6694680dd3f4a16ebf9b1c6124abe2ad3d04dec9800b2c8c4dda749,e19c1ee3dd00f41e,5245a482468fc365,TIFF,TIFF-LE,1024,1024,RGB,3,8,True,163.42265701293945,60.764525615558874,0.18010425567626953,0.00015735626220703125,7.468992092046923,,False,False,False,False,False,False,PASS,True,
Case-4-C34-25269-6322,Case-4-C34-25269-6322,Case 4 C34-25269-6322,http://pathdb.cancerimagingarchive.net/system/files/wsi/ross/Osteosarcoma-UT/converted/Osteosarcoma-UT/Training-Set-2/set6/Case-4-C34-25269-6322.tiff,Case-4,Viable,VIABLE_TUMOR,TRUE,False,RETRIEVED,200,C:\Users\enkso\.kiro\crew\scratch\runtime-0a306834\osteopatch_full_ingestion\tiffs\Case-4-C34-25269-6322.tiff,417930,c953c620b27256d7389f78f5574dbfd6ecb687ece863130896076ee9ccb119e7,569dcb5ebbc10a0c49108cc7c97b35be9138f14afb427667af3c3e758a984616,ffa60f780a8b8b48,41842d4c22125043,TIFF,TIFF-LE,1024,1024,RGB,3,8,True,137.05507469177246,41.19540041734533,0.02066516876220703,2.193450927734375e-05,7.33207774106944,,False,False,False,False,False,False,PASS,True,
Case-4-C34-25397-27112,Case-4-C34-25397-27112,Case 4 C34-25397-27112,http://pathdb.cancerimagingarchive.net/system/files/wsi/ross/Osteosarcoma-UT/converted/Osteosarcoma-UT/Training-Set-2/set6/Case-4-C34-25397-27112.tiff,Case-4,Non-Viable-Tumor,NECROSIS,TRUE,False,RETRIEVED,200,C:\Users\enkso\.kiro\crew\scratch\runtime-0a306834\osteopatch_full_ingestion\tiffs\Case-4-C34-25397-27112.tiff,264776,da2e738fae877f134e4e91d124807b9ca146589e4dec63310f8b5f1b2c6f00b0,5e8bf096fd9cbf10ee4291ab181c5e517a2d2d2842cdfc48d01c2c90c698b7f5,c3faf8079ce4111e,11899d87f3c8cc9c,TIFF,TIFF-LE,1024,1024,RGB,3,8,True,200.12389278411865,38.0555333364266,0.2342672348022461,0.0,6.717520819394494,,False,False,False,False,False,False,PASS,True,
Case-4-C34-26259-33892,Case-4-C34-26259-33892,Case 4 C34-26259-33892,http://pathdb.cancerimagingarchive.net/system/files/wsi/ross/Osteosarcoma-UT/converted/Osteosarcoma-UT/Training-Set-2/set6/Case-4-C34-26259-33892.tiff,Case-4,Non-Viable-Tumor,NECROSIS,TRUE,False,RETRIEVED,200,C:\Users\enkso\.kiro\crew\scratch\runtime-0a306834\osteopatch_full_ingestion\tiffs\Case-4-C34-26259-33892.tiff,362928,82699a0f625a40004af13a39625fe63db2d780fb77f5e0f9e04d2b0d29774743,7b15a1177c8ca56119a4fd5c33767258aa281bb83ecb0d94f5c9b70749202507,97d8d5966c53052b,2e9853156d6c4d96,TIFF,TIFF-LE,1024,1024,RGB,3,8,True,196.6982297897339,37.276303268078536,0.19271469116210938,0.0,7.024520387850799,,False,False,False,False,False,False,PASS,True,
Case-4-C34-27849-28579,Case-4-C34-27849-28579,Case 4 C34-27849-28579,http://pathdb.cancerimagingarchive.net/system/files/wsi/ross/Osteosarcoma-UT/converted/Osteosarcoma-UT/Training-Set-2/set6/Case-4-C34-27849-28579.tiff,Case-4,Non-Viable-Tumor,NECROSIS,TRUE,False,RETRIEVED,200,C:\Users\enkso\.kiro\crew\scratch\runtime-0a306834\osteopatch_full_ingestion\tiffs\Case-4-C34-27849-28579.tiff,338018,f7f0caa5334d9f5d0816d74c960509d92b06a94647ac25e240a2404bbf5f6615,ac72426a04b54cafdceaf9c1c169034bc671d563b7027e54dc1a605122a73cfe,e4642561f3373d19,8ee7366891262332,TIFF,TIFF-LE,1024,1024,RGB,3,8,True,174.07931804656982,40.180552450575966,0.08348560333251953,2.86102294921875e-06,7.269065749416271,,False,False,False,False,False,False,PASS,True,
Case-4-C34-28490-3882,Case-4-C34-28490-3882,Case 4 C34-28490-3882,http://pathdb.cancerimagingarchive.net/system/files/wsi/ross/Osteosarcoma-UT/converted/Osteosarcoma-UT/Training-Set-2/set6/Case-4-C34-28490-3882.tiff,Case-4,Non-Viable-Tumor,NECROSIS,TRUE,False,RETRIEVED,200,C:\Users\enkso\.kiro\crew\scratch\runtime-0a306834\osteopatch_full_ingestion\tiffs\Case-4-C34-28490-3882.tiff,198132,9c55313f61ad43df2ecc2d3639fafc6f673780541caff74a1df0f9e12c0b834b,f0cc153d343d2baf29ad02686c77d65d2a8cc2f00095030cbc8f0bf55defa3c2,989c4c361be5de1c,34b4345aed8ea7f3,TIFF,TIFF-LE,1024,1024,RGB,3,8,True,211.40800189971924,37.955137388312885,0.5010871887207031,0.0,5.349743342719652,,False,False,False,False,False,False,PASS,True,
Case-4-C34-28567-20375,Case-4-C34-28567-20375,Case 4 C34-28567-20375,http://pathdb.cancerimagingarchive.net/system/files/wsi/ross/Osteosarcoma-UT/converted/Osteosarcoma-UT/Training-Set-2/set6/Case-4-C34-28567-20375.tiff,Case-4,Viable,VIABLE_TUMOR,TRUE,False,RETRIEVED,200,C:\Users\enkso\.kiro\crew\scratch\runtime-0a306834\osteopatch_full_ingestion\tiffs\Case-4-C34-28567-20375.tiff,306016,df1cae529f54e27732ec299ca8815ecf64af184765dd13749491f4850068541c,eb94b8b9462524dc2c2797941944b1afeac6386a9598aa50e3082ed59de0fddd,85834367263b7d3c,cce030d9a6522eb5,TIFF,TIFF-LE,1024,1024,RGB,3,8,True,191.67608451843262,57.63282535822607,0.4644508361816406,7.915496826171875e-05,6.151725633795296,,False,False,False,False,False,False,PASS,True,
Case-4-C34-29374-30806,Case-4-C34-29374-30806,Case 4 C34-29374-30806,http://pathdb.cancerimagingarchive.net/system/files/wsi/ross/Osteosarcoma-UT/converted/Osteosarcoma-UT/Training-Set-1/set5/Case-4-C34-29374-30806.tiff,Case-4,Non-Viable-Tumor,NECROSIS,TRUE,False,RETRIEVED,200,C:\Users\enkso\.kiro\crew\scratch\runtime-0a306834\osteopatch_full_ingestion\tiffs\Case-4-C34-29374-30806.tiff,351376,330238d673d6bf7f1df13365cb7cf69c4a18965d65bae77f09b02bcdf020dfdc,18e3e1600eb6c9b1e2c43d4b9b31f451fec2451861f93c4978b220b0db15190e,fd0f4a1d0f13229d,632312523a8c9889,TIFF,TIFF-LE,1024,1024,RGB,3,8,True,196.26185512542725,31.741986143869156,0.13142013549804688,9.5367431640625e-07,6.919572376496662,,False,False,False,False,False,False,PASS,True,
Case-4-C34-30175-9259,Case-4-C34-30175-9259,Case 4 C34-30175-9259,http://pathdb.cancerimagingarchive.net/system/files/wsi/ross/Osteosarcoma-UT/converted/Osteosarcoma-UT/Training-Set-1/set5/Case-4-C34-30175-9259.tiff,Case-4,Viable,VIABLE_TUMOR,TRUE,False,RETRIEVED,200,C:\Users\enkso\.kiro\crew\scratch\runtime-0a306834\osteopatch_full_ingestion\tiffs\Case-4-C34-30175-9259.tiff,370340,80eaf36fb6cb7a3161a83e1831a79176350c76de8628497ed83f1ddd8743c6d6,74c108b40595227a493f9044f95e18f02547ef867b38a61a1ea5008085b5ed86,b879255864f05fe1,1b995da9a531b9e7,TIFF,TIFF-LE,1024,1024,RGB,3,8,True,130.09770393371582,35.4367187283626,0.009388923645019531,9.5367431640625e-07,7.138658787619378,,False,False,False,False,False,False,PASS,True,
Case-4-C34-31245-35957,Case-4-C34-31245-35957,Case 4 C34-31245-35957,http://pathdb.cancerimagingarchive.net/system/files/wsi/ross/Osteosarcoma-UT/converted/Osteosarcoma-UT/Training-Set-1/set5/Case-4-C34-31245-35957.tiff,Case-4,Non-Viable-Tumor,NECROSIS,TRUE,False,RETRIEVED,200,C:\Users\enkso\.kiro\crew\scratch\runtime-0a306834\osteopatch_full_ingestion\tiffs\Case-4-C34-31245-35957.tiff,219700,5a44b66d9f68709f055b21b717033629ba4bcba537b1ddfbc42bd1ff0571cfa4,987b761a889f2dcb1312e2a2f413aaa47b16a42b4cdad43d548bfdca626c9637,a96cde9727ca1832,2b6391c7de79e018,TIFF,TIFF-LE,1024,1024,RGB,3,8,True,219.47400760650635,28.769809558645743,0.4521617889404297,0.0,5.504248626329918,,False,False,False,False,False,False,PASS,True,
Case-4-C34-31582-34370,Case-4-C34-31582-34370,Case 4 C34-31582-34370,http://pathdb.cancerimagingarchive.net/system/files/wsi/ross/Osteosarcoma-UT/converted/Osteosarcoma-UT/Training-Set-1/set5/Case-4-C34-31582-34370.tiff,Case-4,Non-Viable-Tumor,NECROSIS,TRUE,False,RETRIEVED,200,C:\Users\enkso\.kiro\crew\scratch\runtime-0a306834\osteopatch_full_ingestion\tiffs\Case-4-C34-31582-34370.tiff,333188,e5fdd52ef9d474a60ad1a4c3455a79940d77848a48f61d3cc5e2e8eb6313cfe0,8755f9ad875e5952665dceb1cd511ef33c081323f874904439be9839fb1c2a98,a969e90a675f0eb0,4b92264cdca9594a,TIFF,TIFF-LE,1024,1024,RGB,3,8,True,204.06161212921143,28.428717169511728,0.092864990234375,0.0,6.680296371575218,,False,False,False,False,False,False,PASS,True,
Case-4-C34-33534-16910,Case-4-C34-33534-16910,Case 4 C34-33534-16910,http://pathdb.cancerimagingarchive.net/system/files/wsi/ross/Osteosarcoma-UT/converted/Osteosarcoma-UT/Training-Set-1/set5/Case-4-C34-33534-16910.tiff,Case-4,Viable,VIABLE_TUMOR,TRUE,False,RETRIEVED,200,C:\Users\enkso\.kiro\crew\scratch\runtime-0a306834\osteopatch_full_ingestion\tiffs\Case-4-C34-33534-16910.tiff,355748,3ac9451115655e21a9a23b9884cb763405b174eb14010b809ce3bf0f5e3ddeae,5702563538aa0d924fef566d1ecee372a02d4683eafe5ce9e9624755c2fa2f8d,f878c56cdc9504ad,22958899110d4b51,TIFF,TIFF-LE,1024,1024,RGB,3,8,True,147.35955047607422,32.402128771880705,0.005555152893066406,1.9073486328125e-06,7.050535755944946,,False,False,False,False,False,False,PASS,True,
Case-4-C34-34338-25165,Case-4-C34-34338-25165,Case 4 C34-34338-25165,http://pathdb.cancerimagingarchive.net/system/files/wsi/ross/Osteosarcoma-UT/converted/Osteosarcoma-UT/Training-Set-1/set5/Case-4-C34-34338-25165.tiff,Case-4,viable: non-viable,,FALSE,True,RETRIEVED,200,C:\Users\enkso\.kiro\crew\scratch\runtime-0a306834\osteopatch_full_ingestion\tiffs\Case-4-C34-34338-25165.tiff,364858,d3077abbf5adfbc877f2917bed3eab6b64bde746eb57aeee37f77a6aa3d2241e,f3a603cd87a6d59528aa3826f7ebf85c9c97f9edca7eee93acd0545f3980d0a0,e95297055a2d51ee,582aab9311826331,TIFF,TIFF-LE,1024,1024,RGB,3,8,True,165.60800647735596,40.59978766106786,0.04313850402832031,2.86102294921875e-05,7.336047055004565,,False,False,False,False,False,False,PASS,False,MIXED_VIABLE_NECROTIC (policy: never eligible)
Case-4-C34-34486-29517,Case-4-C34-34486-29517,Case 4 C34-34486-29517,http://pathdb.cancerimagingarchive.net/system/files/wsi/ross/Osteosarcoma-UT/converted/Osteosarcoma-UT/Training-Set-1/set5/Case-4-C34-34486-29517.tiff,Case-4,Non-Viable-Tumor,NECROSIS,TRUE,False,RETRIEVED,200,C:\Users\enkso\.kiro\crew\scratch\runtime-0a306834\osteopatch_full_ingestion\tiffs\Case-4-C34-34486-29517.tiff,388910,fba5c9edd1f2fea0b5f26671300e6756bbe39295a536148dea257ddc9505a27a,859247d04ca0aef4116daa37790b737682889ee72e8c4bf2127ff4731f540d82,e131cce622a6cbb3,c492db9d8f2666e1,TIFF,TIFF-LE,1024,1024,RGB,3,8,True,191.10906314849854,36.7348794053635,0.14986324310302734,9.5367431640625e-07,7.087226168937275,,False,False,False,False,False,False,PASS,True,
Case-4-C34-37729-30592,Case-4-C34-37729-30592,Case 4 C34-37729-30592,http://pathdb.cancerimagingarchive.net/system/files/wsi/ross/Osteosarcoma-UT/converted/Osteosarcoma-UT/Training-Set-1/set5/Case-4-C34-37729-30592.tiff,Case-4,Non-Viable-Tumor,NECROSIS,TRUE,False,RETRIEVED,200,C:\Users\enkso\.kiro\crew\scratch\runtime-0a306834\osteopatch_full_ingestion\tiffs\Case-4-C34-37729-30592.tiff,359890,32e06cf56e8a424af548665a70b3e9d0cb2994038b37bec7537f96ff8a9bffe3,43b68b8e195bad934e448c37494f9522f875312c65cefaa9c993bd7d60ffd8c4,a310caf592c9ceba,929dd79a0c4e5b6d,TIFF,TIFF-LE,1024,1024,RGB,3,8,True,201.74985885620117,35.45860420989027,0.21935176849365234,0.0,6.9303261857891405,,False,False,False,False,False,False,PASS,True,
Case-4-C34-38608-21388,Case-4-C34-38608-21388,Case 4 C34-38608-21388,http://pathdb.cancerimagingarchive.net/system/files/wsi/ross/Osteosarcoma-UT/converted/Osteosarcoma-UT/Training-Set-1/set5/Case-4-C34-38608-21388.tiff,Case-4,Viable,VIABLE_TUMOR,TRUE,False,RETRIEVED,200,C:\Users\enkso\.kiro\crew\scratch\runtime-0a306834\osteopatch_full_ingestion\tiffs\Case-4-C34-38608-21388.tiff,388626,6ef2c2cbf3f973e45e8fb255e366a821e3a4192bfb73f401a0206db26c11aba5,a9e8540aadcf89f5eaa50826156725f10cb9b3c1d88a8b5cd94df8752fdd5f3a,9ff4c10f4458d0d7,e86a1824645131d2,TIFF,TIFF-LE,1024,1024,RGB,3,8,True,147.8977689743042,37.01199077113843,0.010090827941894531,1.239776611328125e-05,7.246278427286948,,False,False,False,False,False,False,PASS,True,
Case-4-C34-40371-21884,Case-4-C34-40371-21884,Case 4 C34-40371-21884,http://pathdb.cancerimagingarchive.net/system/files/wsi/ross/Osteosarcoma-UT/converted/Osteosarcoma-UT/Training-Set-1/set5/Case-4-C34-40371-21884.tiff,Case-4,Non-Viable-Tumor,NECROSIS,TRUE,False,RETRIEVED,200,C:\Users\enkso\.kiro\crew\scratch\runtime-0a306834\osteopatch_full_ingestion\tiffs\Case-4-C34-40371-21884.tiff,322498,2810ac37043e0d020b1ed1d0805a35099f714e687e1c17739fff1dd157aa58d4,ad03f9ae338fa6d29822298c4ddd4a17eb0730205cc3276355b7691ad7d9418f,aaf0258a55df2acc,ab979330b5c963e3,TIFF,TIFF-LE,1024,1024,RGB,3,8,True,164.08756637573242,32.68493527994931,0.03457832336425781,9.5367431640625e-07,6.98288250628652,,False,False,False,False,False,False,PASS,True,
Case-4-C34-41931-27880,Case-4-C34-41931-27880,Case 4 C34-41931-27880,http://pathdb.cancerimagingarchive.net/system/files/wsi/ross/Osteosarcoma-UT/converted/Osteosarcoma-UT/Training-Set-1/set5/Case-4-C34-41931-27880.tiff,Case-4,Non-Viable-Tumor,NECROSIS,TRUE,False,RETRIEVED,200,C:\Users\enkso\.kiro\crew\scratch\runtime-0a306834\osteopatch_full_ingestion\tiffs\Case-4-C34-41931-27880.tiff,201116,f9102fed1b38026ce37de2fc483d57046d99b29bd66bf94293f4bd075b6b3be3,8663ae193a0401bfb85840afde6a6b2199d7a7aacdd028e167d13abfeab5f02f,8c2c6a4bda53766c,3737aedcf3eac2d4,TIFF,TIFF-LE,1024,1024,RGB,3,8,True,216.4889144897461,38.94212572401252,0.5924472808837891,0.0,5.00861155971962,,False,False,False,False,False,False,PASS,True,
Case-4-C34-42840-21049,Case-4-C34-42840-21049,Case 4 C34-42840-21049,http://pathdb.cancerimagingarchive.net/system/files/wsi/ross/Osteosarcoma-UT/converted/Osteosarcoma-UT/Training-Set-1/set5/Case-4-C34-42840-21049.tiff,Case-4,Non-Tumor,NON_TUMOR,TRUE,False,RETRIEVED,200,C:\Users\enkso\.kiro\crew\scratch\runtime-0a306834\osteopatch_full_ingestion\tiffs\Case-4-C34-42840-21049.tiff,424914,dcd9a539451c8ec695f81923d821ad4ef142505c1e1dbe25d90979c83f5f0c37,b653fea772df16800890bddbdb80fb35184bb16b840234e9f699f3b844ffce13,92186646e5c5d97b,e6adb9dad8cc6e67,TIFF,TIFF-LE,1024,1024,RGB,3,8,True,176.5405683517456,40.58675798587728,0.07954120635986328,6.67572021484375e-06,7.283920403058356,,False,False,False,False,False,False,PASS,True,
Case-4-C34-43977-24577,Case-4-C34-43977-24577,Case 4 C34-43977-24577,http://pathdb.cancerimagingarchive.net/system/files/wsi/ross/Osteosarcoma-UT/converted/Osteosarcoma-UT/Training-Set-1/set5/Case-4-C34-43977-24577.tiff,Case-4,Non-Tumor,NON_TUMOR,TRUE,False,RETRIEVED,200,C:\Users\enkso\.kiro\crew\scratch\runtime-0a306834\osteopatch_full_ingestion\tiffs\Case-4-C34-43977-24577.tiff,414626,c3b9ac375b7f934ced82f6997cb37e386842217a3d98f78e5e2557a835b76592,42b1fd716137a1ac64b131ab607f736b4f97af2a930bfeafeca736b48d5dada8,cccec721c373915c,e4642233339398c8,TIFF,TIFF-LE,1024,1024,RGB,3,8,True,188.37930011749268,42.56373762284395,0.16296005249023438,9.5367431640625e-06,7.222772289027297,,False,False,False,False,False,False,PASS,True,
Case-4-C34-44491-21355,Case-4-C34-44491-21355,Case 4 C34-44491-21355,http://pathdb.cancerimagingarchive.net/system/files/wsi/ross/Osteosarcoma-UT/converted/Osteosarcoma-UT/Training-Set-1/set5/Case-4-C34-44491-21355.tiff,Case-4,Non-Tumor,NON_TUMOR,TRUE,False,RETRIEVED,200,C:\Users\enkso\.kiro\crew\scratch\runtime-0a306834\osteopatch_full_ingestion\tiffs\Case-4-C34-44491-21355.tiff,359682,34101e1bd690ce4f908f46fe2510779388fe38816ab7a51948ec40fc0a0f6584,54daf6873ffc4fc6d03f26bea67564a331c9093188d81c2676bee26e8b998435,d5db4fc0c864388f,a0481894c49ece6e,TIFF,TIFF-LE,1024,1024,RGB,3,8,True,210.6178970336914,43.76113666040969,0.4494457244873047,2.6702880859375e-05,6.555994782439208,,False,False,False,False,False,False,PASS,True,
Case-4-C34-9715-14945,Case-4-C34-9715-14945,Case 4 C34-9715-14945,http://pathdb.cancerimagingarchive.net/system/files/wsi/ross/Osteosarcoma-UT/converted/Osteosarcoma-UT/Training-Set-2/set6/Case-4-C34-9715-14945.tiff,Case-4,Non-Viable-Tumor,NECROSIS,TRUE,False,RETRIEVED,200,C:\Users\enkso\.kiro\crew\scratch\runtime-0a306834\osteopatch_full_ingestion\tiffs\Case-4-C34-9715-14945.tiff,66304,c9f3d3ee8cc63a97fe684a91d4aeb3d73b8c3ac3d37339be21ba9734b35d6ae4,8465863661d9231650fddf08bc9ab622ca2e0f36e317301714fb9b7da2c00b6b,d5aa45912edb24cb,00000000020c1042,TIFF,TIFF-LE,1024,1024,RGB,3,8,True,237.16530990600586,24.059192086892487,0.9005184173583984,0.0,2.2664832199857523,NEAR_BLANK;LOW_INFORMATION,False,False,False,False,False,True,REVIEW,False,image QC status REVIEW
Case-4-C48-10054-9391,Case-4-C48-10054-9391,Case 4 C48-10054-9391,http://pathdb.cancerimagingarchive.net/system/files/wsi/ross/Osteosarcoma-UT/converted/Osteosarcoma-UT/Training-Set-2/set6/Case-4-C48-10054-9391.tiff,Case-4,Non-Tumor,NON_TUMOR,TRUE,False,RETRIEVED,200,C:\Users\enkso\.kiro\crew\scratch\runtime-0a306834\osteopatch_full_ingestion\tiffs\Case-4-C48-10054-9391.tiff,130506,d47c7e0a0ba31e7fe1c53c0c4e620139dbb7bfc078e3cc43d29fcfcc9a4e2aa4,0c9fe744818d9a17693eb291889c3af536d4652bd220ec1dd8fcf4fd0435f59c,cdd5b56912f52c05,1ac24649d1b3522c,TIFF,TIFF-LE,1024,1024,RGB,3,8,True,218.60142993927002,48.95010443819445,0.7515344619750977,0.0,3.934648467640649,,False,False,False,False,False,False,PASS,True,
Case-4-C48-11401-19048,Case-4-C48-11401-19048,Case 4 C48-11401-19048,http://pathdb.cancerimagingarchive.net/system/files/wsi/ross/Osteosarcoma-UT/converted/Osteosarcoma-UT/Training-Set-2/set6/Case-4-C48-11401-19048.tiff,Case-4,Non-Tumor,NON_TUMOR,TRUE,False,RETRIEVED,200,C:\Users\enkso\.kiro\crew\scratch\runtime-0a306834\osteopatch_full_ingestion\tiffs\Case-4-C48-11401-19048.tiff,179740,d544d5931da08e379bc36bda494b5c452b66c8b26a3a6cb017913210fba636b6,f37a645519842f15cfb630aee7b876be38c477015c80debb1c4b01409566a110,f5d42da1a333c839,de74304c8d834e4a,TIFF,TIFF-LE,1024,1024,RGB,3,8,True,223.49413967132568,45.69108377522889,0.754908561706543,1.239776611328125e-05,4.310285056864727,,False,False,False,False,False,False,PASS,True,
Case-4-C48-11503-15470,Case-4-C48-11503-15470,Case 4 C48-11503-15470,http://pathdb.cancerimagingarchive.net/system/files/wsi/ross/Osteosarcoma-UT/converted/Osteosarcoma-UT/Training-Set-2/set6/Case-4-C48-11503-15470.tiff,Case-4,Non-Tumor,NON_TUMOR,TRUE,False,RETRIEVED,200,C:\Users\enkso\.kiro\crew\scratch\runtime-0a306834\osteopatch_full_ingestion\tiffs\Case-4-C48-11503-15470.tiff,149334,89d2af0b54af2042fc691c8f84c9eec0c5d0878d494f2a1ff8da75ccfed3b1e1,ed3a4cee9d7e320e478e9ca569ec18b6a593062807a931798b5b0f22722edabe,b136f6f3e1c04664,8d3f67fb9b5bd994,TIFF,TIFF-LE,1024,1024,RGB,3,8,True,215.4303970336914,49.58981023086654,0.686767578125,2.288818359375e-05,4.534767768253066,,False,False,False,False,False,False,PASS,True,
Case-4-C48-11965-6215,Case-4-C48-11965-6215,Case 4 C48-11965-6215,http://pathdb.cancerimagingarchive.net/system/files/wsi/ross/Osteosarcoma-UT/converted/Osteosarcoma-UT/Training-Set-2/set6/Case-4-C48-11965-6215.tiff,Case-4,Non-Tumor,NON_TUMOR,TRUE,False,RETRIEVED,200,C:\Users\enkso\.kiro\crew\scratch\runtime-0a306834\osteopatch_full_ingestion\tiffs\Case-4-C48-11965-6215.tiff,48966,c668c42c911244161fa213bff0e1e8ba07e27e269be95f028c51c011ea9eb31b,f9098a10803328adefc57c7adb5864cb3bff8c3067cca4bc9c7ee01d602d6a97,d3aa4d9265b44ab5,0010000106051202,TIFF,TIFF-LE,1024,1024,RGB,3,8,True,240.80923175811768,20.783627542996246,0.964564323425293,0.0,1.7300909543003438,NEAR_BLANK;LOW_INFORMATION;VERY_BRIGHT,False,False,False,False,False,True,REVIEW,False,image QC status REVIEW
Case-4-C48-12897-21186,Case-4-C48-12897-21186,Case 4 C48-12897-21186,http://pathdb.cancerimagingarchive.net/system/files/wsi/ross/Osteosarcoma-UT/converted/Osteosarcoma-UT/Training-Set-2/set6/Case-4-C48-12897-21186.tiff,Case-4,Non-Tumor,NON_TUMOR,TRUE,False,RETRIEVED,200,C:\Users\enkso\.kiro\crew\scratch\runtime-0a306834\osteopatch_full_ingestion\tiffs\Case-4-C48-12897-21186.tiff,186148,b90117300abfbfbb2073d56b261f08fae74d7d8018d369b2938d6bedd23868ba,00d11b0be76a12a749f657f3b4b7b14079e5d8d80bb1cedc95369b9a9544cd46,e223b791b349366a,ddc5ab938d96d16d,TIFF,TIFF-LE,1024,1024,RGB,3,8,True,204.66823387145996,57.64902573508894,0.6366767883300781,1.049041748046875e-05,5.001006260052915,,False,False,False,False,False,False,PASS,True,
Case-4-C48-13345-34577,Case-4-C48-13345-34577,Case 4 C48-13345-34577,http://pathdb.cancerimagingarchive.net/system/files/wsi/ross/Osteosarcoma-UT/converted/Osteosarcoma-UT/Training-Set-2/set6/Case-4-C48-13345-34577.tiff,Case-4,Non-Tumor,NON_TUMOR,TRUE,False,RETRIEVED,200,C:\Users\enkso\.kiro\crew\scratch\runtime-0a306834\osteopatch_full_ingestion\tiffs\Case-4-C48-13345-34577.tiff,214982,cd9498a1f10f9aa7893d57795519b3b39d2fc62169977061559fab05a371ee2c,daf4e47181967deae69a09535161af6bbc577cf3b33cac647328a3dd0ec941c2,fe00ff90f4696868,3d2961c319236326,TIFF,TIFF-LE,1024,1024,RGB,3,8,True,156.40415000915527,23.712401061805714,0.03595161437988281,6.67572021484375e-06,6.127086427023556,,False,False,False,False,False,False,PASS,True,
Case-4-C48-13927-22247,Case-4-C48-13927-22247,Case 4 C48-13927-22247,http://pathdb.cancerimagingarchive.net/system/files/wsi/ross/Osteosarcoma-UT/converted/Osteosarcoma-UT/Training-Set-2/set6/Case-4-C48-13927-22247.tiff,Case-4,Non-Tumor,NON_TUMOR,TRUE,False,RETRIEVED,200,C:\Users\enkso\.kiro\crew\scratch\runtime-0a306834\osteopatch_full_ingestion\tiffs\Case-4-C48-13927-22247.tiff,211646,246999248c88c6ce3f8025fb8aabc110f98c4873b9a06e986930d26a8229e08d,524985926021712f7e982dd2ce0873e305a026195b101fdea791da77c23ddbc8,e6907be684032f7a,cb1c59a46466493b,TIFF,TIFF-LE,1024,1024,RGB,3,8,True,190.68778133392334,61.0214854009486,0.5037498474121094,3.814697265625e-06,5.856230028049531,,False,False,False,False,False,False,PASS,True,
Case-4-C48-15768-33767,Case-4-C48-15768-33767,Case 4 C48-15768-33767,http://pathdb.cancerimagingarchive.net/system/files/wsi/ross/Osteosarcoma-UT/converted/Osteosarcoma-UT/Training-Set-1/set5/Case-4-C48-15768-33767.tiff,Case-4,Non-Tumor,NON_TUMOR,TRUE,False,RETRIEVED,200,C:\Users\enkso\.kiro\crew\scratch\runtime-0a306834\osteopatch_full_ingestion\tiffs\Case-4-C48-15768-33767.tiff,208096,9c114c73d4438bef2922cdb9cd3771cd601043f5b6bd9e9c718474c59004062f,ec75e16657fac618c749fb1d51f638bba75cb5e29e5dae2d9b7a1476ef8a09fd,854ab52efd489b2c,eacccca0264e8ece,TIFF,TIFF-LE,1024,1024,RGB,3,8,True,154.25753211975098,19.568032832333127,0.015874862670898438,0.0,5.999285951567055,,False,False,False,False,False,False,PASS,True,
Case-4-C48-16689-23057,Case-4-C48-16689-23057,Case 4 C48-16689-23057,http://pathdb.cancerimagingarchive.net/system/files/wsi/ross/Osteosarcoma-UT/converted/Osteosarcoma-UT/Training-Set-1/set5/Case-4-C48-16689-23057.tiff,Case-4,Non-Tumor,NON_TUMOR,TRUE,False,RETRIEVED,200,C:\Users\enkso\.kiro\crew\scratch\runtime-0a306834\osteopatch_full_ingestion\tiffs\Case-4-C48-16689-23057.tiff,144476,870b664a2de9ddcc3e7cb85d1284a1040d1f5037faa3d3f637e77d187ba97c64,b3aec1baec85dd017954783b1294a00281192517b7aff70d14177a0765a0b6f9,ca6ead411766296b,656521c5d1d1a947,TIFF,TIFF-LE,1024,1024,RGB,3,8,True,209.18255615234375,60.710065756597814,0.7211265563964844,2.6702880859375e-05,4.2180855445379795,,False,False,False,False,False,False,PASS,True,
Case-4-C48-16969-13515,Case-4-C48-16969-13515,Case 4 C48-16969-13515,http://pathdb.cancerimagingarchive.net/system/files/wsi/ross/Osteosarcoma-UT/converted/Osteosarcoma-UT/Training-Set-1/set5/Case-4-C48-16969-13515.tiff,Case-4,Non-Tumor,NON_TUMOR,TRUE,False,RETRIEVED,200,C:\Users\enkso\.kiro\crew\scratch\runtime-0a306834\osteopatch_full_ingestion\tiffs\Case-4-C48-16969-13515.tiff,149290,1e39b3b69691d2261c02c2c62a968407c3d6cf33ab054888040b0f595e4aa403,b0dab6d1cf28ed57417713a25dd6eab0664012e9d84189ecfa291e775d2bb1db,a569ca1ae00ef19f,e3e372c69ebc6cc0,TIFF,TIFF-LE,1024,1024,RGB,3,8,True,182.9445571899414,50.62018917233018,0.3726539611816406,9.5367431640625e-06,5.551603577987173,,False,False,False,False,False,False,PASS,True,
Case-4-C48-18049-17102,Case-4-C48-18049-17102,Case 4 C48-18049-17102,http://pathdb.cancerimagingarchive.net/system/files/wsi/ross/Osteosarcoma-UT/converted/Osteosarcoma-UT/Training-Set-1/set6/Case-4-C48-18049-17102.tiff,Case-4,Non-Tumor,NON_TUMOR,TRUE,False,RETRIEVED,200,C:\Users\enkso\.kiro\crew\scratch\runtime-0a306834\osteopatch_full_ingestion\tiffs\Case-4-C48-18049-17102.tiff,179250,51da477ad505e947ec72b4bc1f575cc956cd332502eb750f05e25cf98b30cc32,36865e2d2fc2ff531b2bbdad313d1f58cf5c91fbfa74532150a51e3d83855256,879da0ea152d1eab,34cc7b745821879d,TIFF,TIFF-LE,1024,1024,RGB,3,8,True,192.84153079986572,61.44869499348276,0.5340185165405273,4.482269287109375e-05,5.652885374024642,,False,False,False,False,False,False,PASS,True,
Case-4-C48-18251-9611,Case-4-C48-18251-9611,Case 4 C48-18251-9611,http://pathdb.cancerimagingarchive.net/system/files/wsi/ross/Osteosarcoma-UT/converted/Osteosarcoma-UT/Training-Set-1/set6/Case-4-C48-18251-9611.tiff,Case-4,Non-Tumor,NON_TUMOR,TRUE,False,RETRIEVED,200,C:\Users\enkso\.kiro\crew\scratch\runtime-0a306834\osteopatch_full_ingestion\tiffs\Case-4-C48-18251-9611.tiff,124710,10e62bc998d48d30e8ca90d442b5859a2512811aa26144865acd0878ab775752,42d3f9eca10c2b570bc35c6db6fefccd73680021c89669e641137f247117a411,9ff0203f3138a753,9e956834786371f9,TIFF,TIFF-LE,1024,1024,RGB,3,8,True,224.38458442687988,40.25245938785748,0.7597618103027344,0.0,3.8018814493743442,,False,False,False,False,False,False,PASS,True,
Case-4-C48-20603-33127,Case-4-C48-20603-33127,Case 4 C48-20603-33127,http://pathdb.cancerimagingarchive.net/system/files/wsi/ross/Osteosarcoma-UT/converted/Osteosarcoma-UT/Training-Set-1/set6/Case-4-C48-20603-33127.tiff,Case-4,Non-Tumor,NON_TUMOR,TRUE,False,RETRIEVED,200,C:\Users\enkso\.kiro\crew\scratch\runtime-0a306834\osteopatch_full_ingestion\tiffs\Case-4-C48-20603-33127.tiff,66806,4e341c97d6487dce9dd2a880306447268fcef526d70f8a80d2550d528f48f96b,bcff66facd6617fc7210f2d9a51c9137978f3f3e882ee6c231d4677479b41fc5,a52d2d2d6969e1c3,17f6e92640000202,TIFF,TIFF-LE,1024,1024,RGB,3,8,True,229.0013771057129,36.125252508468385,0.8479099273681641,1.049041748046875e-05,3.164467325994187,,False,False,False,False,False,False,PASS,True,
Case-4-C48-22668-21127,Case-4-C48-22668-21127,Case 4 C48-22668-21127,http://pathdb.cancerimagingarchive.net/system/files/wsi/ross/Osteosarcoma-UT/converted/Osteosarcoma-UT/Training-Set-1/set6/Case-4-C48-22668-21127.tiff,Case-4,Non-Tumor,NON_TUMOR,TRUE,False,RETRIEVED,200,C:\Users\enkso\.kiro\crew\scratch\runtime-0a306834\osteopatch_full_ingestion\tiffs\Case-4-C48-22668-21127.tiff,224946,15f3deb900789c9975028f0834dd3a4ab9692192001cd559087bf87b5d00de1a,47f2177d10dddb4a63459bb803129c892b187fa112ff6476fd2e973372224cb4,a72167a6d98217a7,deb6ce983b6e474b,TIFF,TIFF-LE,1024,1024,RGB,3,8,True,202.05967617034912,58.73654123530543,0.5990047454833984,7.343292236328125e-05,5.3870619366990935,,False,False,False,False,False,False,PASS,True,
Case-4-C48-24306-19063,Case-4-C48-24306-19063,Case 4 C48-24306-19063,http://pathdb.cancerimagingarchive.net/system/files/wsi/ross/Osteosarcoma-UT/converted/Osteosarcoma-UT/Training-Set-1/set6/Case-4-C48-24306-19063.tiff,Case-4,Non-Tumor,NON_TUMOR,TRUE,False,RETRIEVED,200,C:\Users\enkso\.kiro\crew\scratch\runtime-0a306834\osteopatch_full_ingestion\tiffs\Case-4-C48-24306-19063.tiff,177372,a7b78396bc87d271c2eac707aeaf35567d53752c754d9c07d565ae5888b4b0a0,350f5a10afae0f2de69a9ae24d106861d3bbce9dcf30c6ee76a9f882fe0dcf14,e0d2356b59b14cf1,9c47e48891a78e3e,TIFF,TIFF-LE,1024,1024,RGB,3,8,True,201.49866676330566,59.07325283552008,0.6221647262573242,3.719329833984375e-05,5.106822114301238,,False,False,False,False,False,False,PASS,True,
Case-4-C48-25702-19790,Case-4-C48-25702-19790,Case 4 C48-25702-19790,http://pathdb.cancerimagingarchive.net/system/files/wsi/ross/Osteosarcoma-UT/converted/Osteosarcoma-UT/Training-Set-1/set6/Case-4-C48-25702-19790.tiff,Case-4,Non-Tumor,NON_TUMOR,TRUE,False,RETRIEVED,200,C:\Users\enkso\.kiro\crew\scratch\runtime-0a306834\osteopatch_full_ingestion\tiffs\Case-4-C48-25702-19790.tiff,155834,ab049d56335f9d7df337a394fed85de282cb90c89cf1306bb1157d3218c04493,aa8c46343708fb77d1e5d810af8f567d3dc42e04c109b852b61a83b9f79b4e37,cd2d2d4e1f8d8a0e,b316969248f1b239,TIFF,TIFF-LE,1024,1024,RGB,3,8,True,228.11305809020996,38.41706849681836,0.7870445251464844,3.814697265625e-06,4.635315092866235,,False,False,False,False,False,False,PASS,True,
Case-4-C48-25796-23436,Case-4-C48-25796-23436,Case 4 C48-25796-23436,http://pathdb.cancerimagingarchive.net/system/files/wsi/ross/Osteosarcoma-UT/converted/Osteosarcoma-UT/Training-Set-1/set6/Case-4-C48-25796-23436.tiff,Case-4,Non-Tumor,NON_TUMOR,TRUE,False,RETRIEVED,200,C:\Users\enkso\.kiro\crew\scratch\runtime-0a306834\osteopatch_full_ingestion\tiffs\Case-4-C48-25796-23436.tiff,55508,6e1ff767e9d287bd2e2e2924069cafa6f705a480e0cc4feb83a71943e7458c5d,bd6ab0d1ede103f33f0f954836154887e05e766283be58562537af1968288da8,cdb22c52b66d9274,6dc008030c105233,TIFF,TIFF-LE,1024,1024,RGB,3,8,True,226.4181032180786,38.58138569587653,0.8020267486572266,0.0,3.7739838653395528,,False,False,False,False,False,False,PASS,True,
Case-4-C48-30653-11701,Case-4-C48-30653-11701,Case 4 C48-30653-11701,http://pathdb.cancerimagingarchive.net/system/files/wsi/ross/Osteosarcoma-UT/converted/Osteosarcoma-UT/Training-Set-1/set6/Case-4-C48-30653-11701.tiff,Case-4,Non-Tumor,NON_TUMOR,TRUE,False,RETRIEVED,200,C:\Users\enkso\.kiro\crew\scratch\runtime-0a306834\osteopatch_full_ingestion\tiffs\Case-4-C48-30653-11701.tiff,231660,d92b4723c0e3e63c62df7e0cefe20bf7396b8848b4b9b012bacf1e1b88e385fd,b8b92e1d52d465d913b7dc59b546d7238cd55f2c5a3fbea5ca151958e3b3f470,bbf644c52e6cc425,04192f375ed0877d,TIFF,TIFF-LE,1024,1024,RGB,3,8,True,189.8423147201538,55.249637641645414,0.4380455017089844,9.5367431640625e-07,6.377537524316576,,False,False,False,False,False,False,PASS,True,
Case-4-C48-31199-23583,Case-4-C48-31199-23583,Case 4 C48-31199-23583,http://pathdb.cancerimagingarchive.net/system/files/wsi/ross/Osteosarcoma-UT/converted/Osteosarcoma-UT/Training-Set-1/set6/Case-4-C48-31199-23583.tiff,Case-4,Non-Tumor,NON_TUMOR,TRUE,False,RETRIEVED,200,C:\Users\enkso\.kiro\crew\scratch\runtime-0a306834\osteopatch_full_ingestion\tiffs\Case-4-C48-31199-23583.tiff,211812,046157904c731f653862b6a448a7209c4f3e328a970239a770bbdb8113d23376,e79b9b45a6ef7a0b5b5acf91daf4d508ef85129bb60b2c0c01610e0c9becfde2,e1f6c7949533a452,1c078f1f90a3c993,TIFF,TIFF-LE,1024,1024,RGB,3,8,True,147.07557487487793,17.33743866862085,0.009613037109375,0.0,5.847152471817612,,False,False,False,False,False,False,PASS,True,
Case-4-C48-33197-21550,Case-4-C48-33197-21550,Case 4 C48-33197-21550,http://pathdb.cancerimagingarchive.net/system/files/wsi/ross/Osteosarcoma-UT/converted/Osteosarcoma-UT/Training-Set-1/set6/Case-4-C48-33197-21550.tiff,Case-4,Non-Tumor,NON_TUMOR,TRUE,False,RETRIEVED,200,C:\Users\enkso\.kiro\crew\scratch\runtime-0a306834\osteopatch_full_ingestion\tiffs\Case-4-C48-33197-21550.tiff,211402,15e70fd3ab7def33b426c0e029d4999f8463d28afc803ae6763a3ededdf0f801,a5d87384f0de368f8a524a333a8572f78869cdf9087759fa3fd6d7519d026097,f3f7f3e0c0e00307,893afcb0e8911f3c,TIFF,TIFF-LE,1024,1024,RGB,3,8,True,155.3319330215454,19.199699757839134,0.0172576904296875,0.0,5.897725632112583,,False,False,False,False,False,False,PASS,True,
Case-4-C48-5806-29232,Case-4-C48-5806-29232,Case 4 C48-5806-29232,http://pathdb.cancerimagingarchive.net/system/files/wsi/ross/Osteosarcoma-UT/converted/Osteosarcoma-UT/Training-Set-2/set6/Case-4-C48-5806-29232.tiff,Case-4,Non-Tumor,NON_TUMOR,TRUE,False,RETRIEVED,200,C:\Users\enkso\.kiro\crew\scratch\runtime-0a306834\osteopatch_full_ingestion\tiffs\Case-4-C48-5806-29232.tiff,143702,82059cf4a4396ddcbee5584d56bde6cbac968923604c110c380a44deaca4593a,87373a0be7872e1982e19939fdea34df97875ff02d94ba51a50e1ff4c23768a7,8f6fc71cf0818d89,c269638e1b76ee90,TIFF,TIFF-LE,1024,1024,RGB,3,8,True,204.31509685516357,56.155416696264105,0.6307897567749023,1.9073486328125e-06,4.498736297927359,,False,False,False,False,False,False,PASS,True,
Case-4-C48-6884-30966,Case-4-C48-6884-30966,Case 4 C48-6884-30966,http://pathdb.cancerimagingarchive.net/system/files/wsi/ross/Osteosarcoma-UT/converted/Osteosarcoma-UT/Training-Set-2/set6/Case-4-C48-6884-30966.tiff,Case-4,Non-Tumor,NON_TUMOR,TRUE,False,RETRIEVED,200,C:\Users\enkso\.kiro\crew\scratch\runtime-0a306834\osteopatch_full_ingestion\tiffs\Case-4-C48-6884-30966.tiff,195072,49a1a18ff7ee6cdb99e11ec908fc4beb382316d2cb8a41fac2030aaa74b1637e,839e058aa9851a281f08f9ad4fff49e5913bfce1b578faba40bc086ef0d7d875,cad5c11696b56ba4,30c1031c3de9b499,TIFF,TIFF-LE,1024,1024,RGB,3,8,True,201.20916652679443,52.71959293628342,0.5407562255859375,1.52587890625e-05,5.410193115217005,,False,False,False,False,False,False,PASS,True,
Case-4-C48-7455-17146,Case-4-C48-7455-17146,Case 4 C48-7455-17146,http://pathdb.cancerimagingarchive.net/system/files/wsi/ross/Osteosarcoma-UT/converted/Osteosarcoma-UT/Training-Set-2/set6/Case-4-C48-7455-17146.tiff,Case-4,Non-Tumor,NON_TUMOR,TRUE,False,RETRIEVED,200,C:\Users\enkso\.kiro\crew\scratch\runtime-0a306834\osteopatch_full_ingestion\tiffs\Case-4-C48-7455-17146.tiff,180622,18c27495e83412e5a4aafac44a6f7566539612dbb976439b76315326b7550283,c2e6a0f12e32380e0bdea680415016a2afcbc2da9f356cd141b170988a531c98,af89b5491aa60f78,36d863cd19638e3d,TIFF,TIFF-LE,1024,1024,RGB,3,8,True,202.98384857177734,54.10127679706732,0.565648078918457,9.5367431640625e-07,5.490113254141937,,False,False,False,False,False,False,PASS,True,
Case-4-C48-8509-22908,Case-4-C48-8509-22908,Case 4 C48-8509-22908,http://pathdb.cancerimagingarchive.net/system/files/wsi/ross/Osteosarcoma-UT/converted/Osteosarcoma-UT/Training-Set-2/set6/Case-4-C48-8509-22908.tiff,Case-4,Non-Tumor,NON_TUMOR,TRUE,False,RETRIEVED,200,C:\Users\enkso\.kiro\crew\scratch\runtime-0a306834\osteopatch_full_ingestion\tiffs\Case-4-C48-8509-22908.tiff,90894,7eb16834e2f6725ae80dba6f3ebecaf8f192c9f8c126485114d7437a487734c1,80af2aa0d9a58d54dea12c07dadc8df287c440ad11f1991894e3b4876d2af417,e2048d5956e47b57,c4c5e5ac889b464d,TIFF,TIFF-LE,1024,1024,RGB,3,8,True,228.57100200653076,42.35945415684582,0.8641633987426758,9.5367431640625e-07,2.5574596572761576,LOW_INFORMATION,False,False,False,False,False,True,REVIEW,False,image QC status REVIEW
Case-4-C48-8852-15092,Case-4-C48-8852-15092,Case 4 C48-8852-15092,http://pathdb.cancerimagingarchive.net/system/files/wsi/ross/Osteosarcoma-UT/converted/Osteosarcoma-UT/Training-Set-2/set6/Case-4-C48-8852-15092.tiff,Case-4,Non-Tumor,NON_TUMOR,TRUE,False,RETRIEVED,200,C:\Users\enkso\.kiro\crew\scratch\runtime-0a306834\osteopatch_full_ingestion\tiffs\Case-4-C48-8852-15092.tiff,50296,d9455f59ba1e3d097bc6c0d0cf161ba083b92af3b30c146168d56e28999b0cb4,bb58aeb3e4f4b653ff8acc3ca19386b3e7fecfad1edeee7f45fbcf1599f53b71,d6a16a55b268d729,000080818a04152d,TIFF,TIFF-LE,1024,1024,RGB,3,8,True,238.9710168838501,26.566666582361723,0.9480524063110352,1.1444091796875e-05,1.7218703377178954,NEAR_BLANK;LOW_INFORMATION,False,False,False,False,False,True,REVIEW,False,image QC status REVIEW
Case-4-C48-9825-35299,Case-4-C48-9825-35299,Case 4 C48-9825-35299,http://pathdb.cancerimagingarchive.net/system/files/wsi/ross/Osteosarcoma-UT/converted/Osteosarcoma-UT/Training-Set-2/set6/Case-4-C48-9825-35299.tiff,Case-4,Non-Tumor,NON_TUMOR,TRUE,False,RETRIEVED,200,C:\Users\enkso\.kiro\crew\scratch\runtime-0a306834\osteopatch_full_ingestion\tiffs\Case-4-C48-9825-35299.tiff,93448,6906d409b7b7cff60dedeef19b12e8137b2422d7df58a760e4dd5af973f2761c,a63f745bbec4dc3432e381003d807ef58fabbd30c259c43fcb9b1432f9fe210f,d869ad54a2f72255,0293212989880884,TIFF,TIFF-LE,1024,1024,RGB,3,8,True,217.4891004562378,46.84249924539471,0.7421474456787109,0.0,3.499229425005442,,False,False,False,False,False,False,PASS,True,
Case-4-C48-9864-11549,Case-4-C48-9864-11549,Case 4 C48-9864-11549,http://pathdb.cancerimagingarchive.net/system/files/wsi/ross/Osteosarcoma-UT/converted/Osteosarcoma-UT/Training-Set-2/set6/Case-4-C48-9864-11549.tiff,Case-4,Non-Tumor,NON_TUMOR,TRUE,False,RETRIEVED,200,C:\Users\enkso\.kiro\crew\scratch\runtime-0a306834\osteopatch_full_ingestion\tiffs\Case-4-C48-9864-11549.tiff,82178,849984ffeb758ee3b5d3d08054335bd037ff9d765f9589d3431d26762e175a37,94cadf09aa622d64b4b327b5695f8cb01e99e1b3bc55c5dfd84100fb5292c9c7,ba3a1b0f07677311,69369c65130c0109,TIFF,TIFF-LE,1024,1024,RGB,3,8,True,234.68131828308105,29.47060896802045,0.8800592422485352,7.62939453125e-06,2.643450555741271,LOW_INFORMATION,False,False,False,False,False,True,REVIEW,False,image QC status REVIEW
Case-4-C52-11233-29470,Case-4-C52-11233-29470,Case 4 C52-11233-29470,http://pathdb.cancerimagingarchive.net/system/files/wsi/ross/Osteosarcoma-UT/converted/Osteosarcoma-UT/Training-Set-2/set6/Case-4-C52-11233-29470.tiff,Case-4,Non-Tumor,NON_TUMOR,TRUE,False,RETRIEVED,200,C:\Users\enkso\.kiro\crew\scratch\runtime-0a306834\osteopatch_full_ingestion\tiffs\Case-4-C52-11233-29470.tiff,133920,9222bf86ad6a1c86fbb8c236b9830d56921ba42ee5474d19947b9f6d3fe5a749,653123d7c48e829b2b7fbc689fc29fd7477e31dc0768a1c273d701d2490c1388,8666c6c41f3cb176,24030c376ec8b950,TIFF,TIFF-LE,1024,1024,RGB,3,8,True,203.36875820159912,61.54319134213868,0.6737194061279297,6.008148193359375e-05,4.184676814722032,,False,False,False,False,False,False,PASS,True,
Case-4-C52-13339-30012,Case-4-C52-13339-30012,Case 4 C52-13339-30012,http://pathdb.cancerimagingarchive.net/system/files/wsi/ross/Osteosarcoma-UT/converted/Osteosarcoma-UT/Training-Set-2/set6/Case-4-C52-13339-30012.tiff,Case-4,Non-Tumor,NON_TUMOR,TRUE,False,RETRIEVED,200,C:\Users\enkso\.kiro\crew\scratch\runtime-0a306834\osteopatch_full_ingestion\tiffs\Case-4-C52-13339-30012.tiff,128170,ed8f67e2039b328d3568bc56046b4839a3c1bee06dec108c00a68be3fa1c53a5,263ec736df748a3c008721a602cbdae67cf4f6286ed07be95d4b8d37f8a38889,cb92b26c5933cd91,8ba9981873e78d91,TIFF,TIFF-LE,1024,1024,RGB,3,8,True,206.52393245697021,56.805751382211376,0.6749496459960938,3.814697265625e-06,4.37967143249434,,False,False,False,False,False,False,PASS,True,
Case-4-C52-14134-24972,Case-4-C52-14134-24972,Case 4 C52-14134-24972,http://pathdb.cancerimagingarchive.net/system/files/wsi/ross/Osteosarcoma-UT/converted/Osteosarcoma-UT/Training-Set-2/set6/Case-4-C52-14134-24972.tiff,Case-4,Non-Tumor,NON_TUMOR,TRUE,False,RETRIEVED,200,C:\Users\enkso\.kiro\crew\scratch\runtime-0a306834\osteopatch_full_ingestion\tiffs\Case-4-C52-14134-24972.tiff,157486,eb7a1ce1dfa9988d1c07413fdec9436ed48df0e72449c0cc52026453bbf464fe,0d2aa6142c06139ecbf0ffce02dff6f68750d85a72cdf78f17d303ce657fff71,98435ec2f7708f1c,88e9f59ec2a13c34,TIFF,TIFF-LE,1024,1024,RGB,3,8,True,214.50068473815918,52.988173690407606,0.7137222290039062,9.5367431640625e-06,4.4414647226854544,,False,False,False,False,False,False,PASS,True,
Case-4-C52-15553-8379,Case-4-C52-15553-8379,Case 4 C52-15553-8379,http://pathdb.cancerimagingarchive.net/system/files/wsi/ross/Osteosarcoma-UT/converted/Osteosarcoma-UT/Training-Set-2/set6/Case-4-C52-15553-8379.tiff,Case-4,Non-Tumor,NON_TUMOR,TRUE,False,RETRIEVED,200,C:\Users\enkso\.kiro\crew\scratch\runtime-0a306834\osteopatch_full_ingestion\tiffs\Case-4-C52-15553-8379.tiff,133234,f4d0533c2189bcaf0f8d96a966cce6731157a70b648dde1d147bfff4aa04840e,3e5a6a15f68f4a913d17392645ce369ee77138f4406c9bc1915368c261330917,b48f10c58367afc6,74326467a686849c,TIFF,TIFF-LE,1024,1024,RGB,3,8,True,220.9347686767578,46.17585566499275,0.7571506500244141,5.7220458984375e-06,3.6903889929622644,,False,False,False,False,False,False,PASS,True,
Case-4-C52-15705-16485,Case-4-C52-15705-16485,Case 4 C52-15705-16485,http://pathdb.cancerimagingarchive.net/system/files/wsi/ross/Osteosarcoma-UT/converted/Osteosarcoma-UT/Training-Set-2/set6/Case-4-C52-15705-16485.tiff,Case-4,Non-Tumor,NON_TUMOR,TRUE,False,RETRIEVED,200,C:\Users\enkso\.kiro\crew\scratch\runtime-0a306834\osteopatch_full_ingestion\tiffs\Case-4-C52-15705-16485.tiff,118026,6403f75c32a85b5afffd199a55a158fd9a235232031bf31e1c88a69faa37a293,437b04a948ffc8daaefaa6faab1f035f097e41a579a88407007cfbc40fcadcd0,b840c73794876fb8,6e9199b2be17514c,TIFF,TIFF-LE,1024,1024,RGB,3,8,True,220.5696086883545,48.710015701461316,0.7807321548461914,2.765655517578125e-05,3.7631223570499746,,False,False,False,False,False,False,PASS,True,
Case-4-C52-18944-30575,Case-4-C52-18944-30575,Case 4 C52-18944-30575,http://pathdb.cancerimagingarchive.net/system/files/wsi/ross/Osteosarcoma-UT/converted/Osteosarcoma-UT/Training-Set-2/set6/Case-4-C52-18944-30575.tiff,Case-4,Non-Tumor,NON_TUMOR,TRUE,False,RETRIEVED,200,C:\Users\enkso\.kiro\crew\scratch\runtime-0a306834\osteopatch_full_ingestion\tiffs\Case-4-C52-18944-30575.tiff,174924,8ec19255253d1797716b72bc3026ed6bd94e8c98a37b40a00eab736641fecc0e,d2810e73cf426d4e0df66d0a35db8b30a97ef466afce9ffc6ed971fdfd7d4860,b9a3666f884a5ad2,c3ce1c333c9993bf,TIFF,TIFF-LE,1024,1024,RGB,3,8,True,158.9219789505005,47.94242093587835,0.2180929183959961,9.5367431640625e-07,6.119197552577598,,False,False,False,False,False,False,PASS,True,
Case-4-C52-19923-24025,Case-4-C52-19923-24025,Case 4 C52-19923-24025,http://pathdb.cancerimagingarchive.net/system/files/wsi/ross/Osteosarcoma-UT/converted/Osteosarcoma-UT/Training-Set-1/set6/Case-4-C52-19923-24025.tiff,Case-4,Non-Tumor,NON_TUMOR,TRUE,False,RETRIEVED,200,C:\Users\enkso\.kiro\crew\scratch\runtime-0a306834\osteopatch_full_ingestion\tiffs\Case-4-C52-19923-24025.tiff,157246,f883336d12be3b25115742b4728fa3320180271c41e6d55ee872040df718eb1b,39685bf34a1119e7622dac1887c76bf8e37ba6194b25ef081e81b9b0366773b3,edba4426e505a3f2,27315bd34766e622,TIFF,TIFF-LE,1024,1024,RGB,3,8,True,203.6719856262207,58.16820489021735,0.6206493377685547,4.291534423828125e-05,5.126611636536108,,False,False,False,False,False,False,PASS,True,
Case-4-C52-20522-23796,Case-4-C52-20522-23796,Case 4 C52-20522-23796,http://pathdb.cancerimagingarchive.net/system/files/wsi/ross/Osteosarcoma-UT/converted/Osteosarcoma-UT/Training-Set-1/set6/Case-4-C52-20522-23796.tiff,Case-4,Non-Tumor,NON_TUMOR,TRUE,False,RETRIEVED,200,C:\Users\enkso\.kiro\crew\scratch\runtime-0a306834\osteopatch_full_ingestion\tiffs\Case-4-C52-20522-23796.tiff,93662,4ca2d5b3dc415371ed7ee689382e21729d0f0243882064dd7af52eb942550db0,d623f9e1ea80830ddf0c2779e8e96dc4ba1d874cb4936804f62344aff3f05b0e,87d460d67e9e2383,96d6e6686ae6fbdb,TIFF,TIFF-LE,1024,1024,RGB,3,8,True,219.99561500549316,49.282385618545064,0.7859001159667969,2.765655517578125e-05,3.6628622359191763,,False,False,False,False,False,False,PASS,True,
Case-4-C52-20801-18450,Case-4-C52-20801-18450,Case 4 C52-20801-18450,http://pathdb.cancerimagingarchive.net/system/files/wsi/ross/Osteosarcoma-UT/converted/Osteosarcoma-UT/Training-Set-1/set6/Case-4-C52-20801-18450.tiff,Case-4,Non-Tumor,NON_TUMOR,TRUE,False,RETRIEVED,200,C:\Users\enkso\.kiro\crew\scratch\runtime-0a306834\osteopatch_full_ingestion\tiffs\Case-4-C52-20801-18450.tiff,199478,d25564c0ae6f39f7f57d0536432a1a748e72fcbb1bed00392ceb98ce8c7aadc2,ba8ee6c5b83831ead7fe6cbd1e7ecf4e9808e074e439e0300a7434163386fece,921bbf30aa231776,1b3a68dbad749829,TIFF,TIFF-LE,1024,1024,RGB,3,8,True,202.6675262451172,59.49711944651424,0.6135282516479492,0.0005865097045898438,5.148083653071838,,False,False,False,False,False,False,PASS,True,
Case-4-C52-21343-29072,Case-4-C52-21343-29072,Case 4 C52-21343-29072,http://pathdb.cancerimagingarchive.net/system/files/wsi/ross/Osteosarcoma-UT/converted/Osteosarcoma-UT/Training-Set-1/set6/Case-4-C52-21343-29072.tiff,Case-4,Non-Tumor,NON_TUMOR,TRUE,False,RETRIEVED,200,C:\Users\enkso\.kiro\crew\scratch\runtime-0a306834\osteopatch_full_ingestion\tiffs\Case-4-C52-21343-29072.tiff,241272,6904894063b9b4ccf6d51d7d2fe0a8701f6522c5b3f2d69f5cabcc58916a24fb,60df355ccb04a0e95f4b121a478a1e8d2112103f7c4198c30fcdcb6290b27bd4,e3cf78c10033e1cf,8c094bcccd8e1c95,TIFF,TIFF-LE,1024,1024,RGB,3,8,True,165.41857624053955,41.45754308549651,0.1323232650756836,0.0,6.699635105663553,,False,False,False,False,False,False,PASS,True,
Case-4-C52-21604-27567,Case-4-C52-21604-27567,Case 4 C52-21604-27567,http://pathdb.cancerimagingarchive.net/system/files/wsi/ross/Osteosarcoma-UT/converted/Osteosarcoma-UT/Training-Set-1/set6/Case-4-C52-21604-27567.tiff,Case-4,Non-Tumor,NON_TUMOR,TRUE,False,RETRIEVED,200,C:\Users\enkso\.kiro\crew\scratch\runtime-0a306834\osteopatch_full_ingestion\tiffs\Case-4-C52-21604-27567.tiff,164518,6dbba2c3f36284612321069ad8603e51c2cdb3cea36736fcaf044cc768b041c5,e08017a1e56a5918345d2e27cecc5a3a82ec97f2a9ff59dfec4ec9d2a160d5a0,ab8f187073472f61,997363cb9b1d98bb,TIFF,TIFF-LE,1024,1024,RGB,3,8,True,161.03239154815674,50.82128600208491,0.2378072738647461,0.0,6.3991537900718,,False,False,False,False,False,False,PASS,True,
Case-4-C52-25156-26369,Case-4-C52-25156-26369,Case 4 C52-25156-26369,http://pathdb.cancerimagingarchive.net/system/files/wsi/ross/Osteosarcoma-UT/converted/Osteosarcoma-UT/Training-Set-1/set6/Case-4-C52-25156-26369.tiff,Case-4,Non-Tumor,NON_TUMOR,TRUE,False,RETRIEVED,200,C:\Users\enkso\.kiro\crew\scratch\runtime-0a306834\osteopatch_full_ingestion\tiffs\Case-4-C52-25156-26369.tiff,197970,7bc6103a8326710c2ec0aec0a12e617ee75086b1cdeb31817cd9d44bab3b7a12,b5b780264c08436de8a1077e60d8129080ff00e94fb038766d382b26118bf824,d63887c07f2e9f02,63c5661c8000e568,TIFF,TIFF-LE,1024,1024,RGB,3,8,True,181.47225189208984,48.55455215831552,0.3261528015136719,2.86102294921875e-06,6.099017601530369,,False,False,False,False,False,False,PASS,True,
Case-4-C52-25833-10809,Case-4-C52-25833-10809,Case 4 C52-25833-10809,http://pathdb.cancerimagingarchive.net/system/files/wsi/ross/Osteosarcoma-UT/converted/Osteosarcoma-UT/Training-Set-1/set6/Case-4-C52-25833-10809.tiff,Case-4,Non-Tumor,NON_TUMOR,TRUE,False,RETRIEVED,200,C:\Users\enkso\.kiro\crew\scratch\runtime-0a306834\osteopatch_full_ingestion\tiffs\Case-4-C52-25833-10809.tiff,157626,2a503aef01c531c3136703a940674c9f3b2746d3bd8f9a409e2c3b284c8cc150,2c1a7abdfa37bc04fee29e0c62d38dea8a0a2dc0456be60d146c3684a0758957,ec6e49d1d291871d,c36367ac245514b2,TIFF,TIFF-LE,1024,1024,RGB,3,8,True,219.58998584747314,45.40262825291721,0.7011442184448242,9.5367431640625e-07,4.698723338081014,,False,False,False,False,False,False,PASS,True,
Case-4-C52-26347-9834,Case-4-C52-26347-9834,Case 4 C52-26347-9834,http://pathdb.cancerimagingarchive.net/system/files/wsi/ross/Osteosarcoma-UT/converted/Osteosarcoma-UT/Training-Set-1/set6/Case-4-C52-26347-9834.tiff,Case-4,Non-Tumor,NON_TUMOR,TRUE,False,RETRIEVED,200,C:\Users\enkso\.kiro\crew\scratch\runtime-0a306834\osteopatch_full_ingestion\tiffs\Case-4-C52-26347-9834.tiff,173106,ba74ed0c8e31f55d002320734271eb1879d72e07768ca941a8f961fb42d551ab,dadedff6c488a51d8be9f792c152dedfc1a6878e96fae2be9827a1d77f0d65be,b78f99e3340d2b81,5e687666ecca9838,TIFF,TIFF-LE,1024,1024,RGB,3,8,True,217.6616563796997,49.70252755594795,0.7147960662841797,9.5367431640625e-07,4.612607550160771,,False,False,False,False,False,False,PASS,True,
Case-4-C52-26738-16962,Case-4-C52-26738-16962,Case 4 C52-26738-16962,http://pathdb.cancerimagingarchive.net/system/files/wsi/ross/Osteosarcoma-UT/converted/Osteosarcoma-UT/Training-Set-1/set6/Case-4-C52-26738-16962.tiff,Case-4,Non-Tumor,NON_TUMOR,TRUE,False,RETRIEVED,200,C:\Users\enkso\.kiro\crew\scratch\runtime-0a306834\osteopatch_full_ingestion\tiffs\Case-4-C52-26738-16962.tiff,166920,6802fd4e6b1bc7aba59b79c7b42887faa8702534beb5bee8c506748315ec4306,251a60b05a51969cf80d0907da9bc6815b4fd9fce444dd63be66c77eb0a3d1c3,93ecc6a0c62aaf78,647c5a7cb87d9958,TIFF,TIFF-LE,1024,1024,RGB,3,8,True,199.17461013793945,57.027980765343685,0.5713939666748047,9.5367431640625e-07,5.652098847260394,,False,False,False,False,False,False,PASS,True,
Case-4-C52-29179-7955,Case-4-C52-29179-7955,Case 4 C52-29179-7955,http://pathdb.cancerimagingarchive.net/system/files/wsi/ross/Osteosarcoma-UT/converted/Osteosarcoma-UT/Training-Set-1/set6/Case-4-C52-29179-7955.tiff,Case-4,Non-Tumor,NON_TUMOR,TRUE,False,RETRIEVED,200,C:\Users\enkso\.kiro\crew\scratch\runtime-0a306834\osteopatch_full_ingestion\tiffs\Case-4-C52-29179-7955.tiff,110424,a44deaf3acb211bca6d63d3328d6516c9f80237db256c2abddfadb1f386aa40f,fd9480123f38f9b284142190cb40750b69772050faedce5f5e35ce04c66c6aa1,9af4841bf4c15ab5,030c70831c79cabc,TIFF,TIFF-LE,1024,1024,RGB,3,8,True,218.74219703674316,45.26139828301807,0.7412652969360352,0.0001583099365234375,3.904513794047912,,False,False,False,False,False,False,PASS,True,
Case-4-C52-29621-7946,Case-4-C52-29621-7946,Case 4 C52-29621-7946,http://pathdb.cancerimagingarchive.net/system/files/wsi/ross/Osteosarcoma-UT/converted/Osteosarcoma-UT/Training-Set-1/set6/Case-4-C52-29621-7946.tiff,Case-4,Non-Tumor,NON_TUMOR,TRUE,False,RETRIEVED,200,C:\Users\enkso\.kiro\crew\scratch\runtime-0a306834\osteopatch_full_ingestion\tiffs\Case-4-C52-29621-7946.tiff,143580,28538a2bcbe3dc2a9e8431098c7226a467afc5e39efdd8f397fcd657c0e8af90,7f4ac4defe2cbdf0f0e3057cec0b8dac1be4516f6d428dc4d3cbb44f7d0d60df,e856c49097bcf067,38c10f3feb9937c3,TIFF,TIFF-LE,1024,1024,RGB,3,8,True,214.4930076599121,46.11505756614227,0.6739234924316406,0.00016307830810546875,4.626451446357934,,False,False,False,False,False,False,PASS,True,
Case-4-C52-29962-9726,Case-4-C52-29962-9726,Case 4 C52-29962-9726,http://pathdb.cancerimagingarchive.net/system/files/wsi/ross/Osteosarcoma-UT/converted/Osteosarcoma-UT/Training-Set-1/set6/Case-4-C52-29962-9726.tiff,Case-4,Non-Tumor,NON_TUMOR,TRUE,False,RETRIEVED,200,C:\Users\enkso\.kiro\crew\scratch\runtime-0a306834\osteopatch_full_ingestion\tiffs\Case-4-C52-29962-9726.tiff,131072,00d5177db03d30bb8137e71b91b795809cb2cec3985041a43fa1e310707da930,727a993cd4871080e83828db7657d0a1dd1cccc7329bdd30e7153b0924117443,911b3fc4cfcc091d,7a1afafbf8b9346c,TIFF,TIFF-LE,1024,1024,RGB,3,8,True,219.37425327301025,42.70107230760023,0.727046012878418,0.0,4.463439219005213,,False,False,False,False,False,False,PASS,True,
Case-4-C52-3074-22909,Case-4-C52-3074-22909,Case 4 C52-3074-22909,http://pathdb.cancerimagingarchive.net/system/files/wsi/ross/Osteosarcoma-UT/converted/Osteosarcoma-UT/Training-Set-2/set6/Case-4-C52-3074-22909.tiff,Case-4,Non-Tumor,NON_TUMOR,TRUE,False,RETRIEVED,200,C:\Users\enkso\.kiro\crew\scratch\runtime-0a306834\osteopatch_full_ingestion\tiffs\Case-4-C52-3074-22909.tiff,123516,0f81ef3dc6205f080066dbb1fbc71854d0bb6f3eea1733315ac267d69140c23c,84f5d8dec87d618b4b3f336c413218ec15e92ec8da198e94c47ddeb919733f2f,bf4181b4a0f307ed,ccd0630f376c19f8,TIFF,TIFF-LE,1024,1024,RGB,3,8,True,205.23285579681396,47.6019572113933,0.570098876953125,0.0,4.373796703104486,,False,False,False,False,False,False,PASS,True,
Case-4-C52-31860-26250,Case-4-C52-31860-26250,Case 4 C52-31860-26250,http://pathdb.cancerimagingarchive.net/system/files/wsi/ross/Osteosarcoma-UT/converted/Osteosarcoma-UT/Training-Set-1/set6/Case-4-C52-31860-26250.tiff,Case-4,Non-Tumor,NON_TUMOR,TRUE,False,RETRIEVED,200,C:\Users\enkso\.kiro\crew\scratch\runtime-0a306834\osteopatch_full_ingestion\tiffs\Case-4-C52-31860-26250.tiff,202568,d1c829420cfc6cf7f5056028f0ce32eac88d5bf4a1715fcc3c957ea930737ed1,819279085a51df27e8c06b1aca81f58d08d3e355593ee0db10e1ef31e574054d,ab55a956ad5aa14a,337af38721286183,TIFF,TIFF-LE,1024,1024,RGB,3,8,True,150.1461935043335,21.463512781710854,0.028743743896484375,0.0,5.902620187532653,,False,False,False,False,False,False,PASS,True,
Case-4-C52-32157-20231,Case-4-C52-32157-20231,Case 4 C52-32157-20231,http://pathdb.cancerimagingarchive.net/system/files/wsi/ross/Osteosarcoma-UT/converted/Osteosarcoma-UT/Training-Set-1/set6/Case-4-C52-32157-20231.tiff,Case-4,Non-Tumor,NON_TUMOR,TRUE,False,RETRIEVED,200,C:\Users\enkso\.kiro\crew\scratch\runtime-0a306834\osteopatch_full_ingestion\tiffs\Case-4-C52-32157-20231.tiff,147236,c74d798c214b016beb30d4826e91357588c70ebba99c1b801ab819375df5718f,286295b0500fb7d5de60654ea059002f16f2cc7b9129c3e8649ceda21ce750cf,8d7ed499b10711a7,3c3041071f3be4d6,TIFF,TIFF-LE,1024,1024,RGB,3,8,True,200.30137157440186,54.20312781746475,0.5889787673950195,0.0,5.0371565419951985,,False,False,False,False,False,False,PASS,True,
Case-4-C52-35139-22514,Case-4-C52-35139-22514,Case 4 C52-35139-22514,http://pathdb.cancerimagingarchive.net/system/files/wsi/ross/Osteosarcoma-UT/converted/Osteosarcoma-UT/Training-Set-1/set6/Case-4-C52-35139-22514.tiff,Case-4,Non-Tumor,NON_TUMOR,TRUE,False,RETRIEVED,200,C:\Users\enkso\.kiro\crew\scratch\runtime-0a306834\osteopatch_full_ingestion\tiffs\Case-4-C52-35139-22514.tiff,215564,8b61a4641f3e9b2c6005f885ae6a62d754912f015ee7ea562773aa9b4d7198a6,0a1a1927a578afcbdd746760f3f211985d7501732a2e177ed3188127c29fcaa9,9449927db54ab46d,3c73e69976ec999c,TIFF,TIFF-LE,1024,1024,RGB,3,8,True,160.02134037017822,21.506240681239913,0.033263206481933594,0.0,5.983873728531626,,False,False,False,False,False,False,PASS,True,
Case-4-C52-5072-27768,Case-4-C52-5072-27768,Case 4 C52-5072-27768,http://pathdb.cancerimagingarchive.net/system/files/wsi/ross/Osteosarcoma-UT/converted/Osteosarcoma-UT/Training-Set-2/set6/Case-4-C52-5072-27768.tiff,Case-4,Non-Tumor,NON_TUMOR,TRUE,False,RETRIEVED,200,C:\Users\enkso\.kiro\crew\scratch\runtime-0a306834\osteopatch_full_ingestion\tiffs\Case-4-C52-5072-27768.tiff,187756,cf69d11e92ac2492088350efdd57cfd85df4433c240afc112ce4def6199c1fbc,853292a2a00da48884c6729e31328a90e63efa7798d5facb5cbdfa96e1fb1e18,9d419d56079d330f,f23a5ada5519347b,TIFF,TIFF-LE,1024,1024,RGB,3,8,True,189.5300636291504,53.20916674552222,0.4333820343017578,4.76837158203125e-06,5.673173301848783,,False,False,False,False,False,False,PASS,True,
Case-4-C52-6011-11096,Case-4-C52-6011-11096,Case 4 C52-6011-11096,http://pathdb.cancerimagingarchive.net/system/files/wsi/ross/Osteosarcoma-UT/converted/Osteosarcoma-UT/Training-Set-2/set6/Case-4-C52-6011-11096.tiff,Case-4,Non-Tumor,NON_TUMOR,TRUE,False,RETRIEVED,200,C:\Users\enkso\.kiro\crew\scratch\runtime-0a306834\osteopatch_full_ingestion\tiffs\Case-4-C52-6011-11096.tiff,114830,e84fd00749148ab27f64095cac7fb3df5d0429a7a7d62cd6e5d99cdb9784b83d,2139377d117c1a99516c5a9e90a747ccb015370a9573e53afd26b4c603c69762,f887196793648997,051221850c179098,TIFF,TIFF-LE,1024,1024,RGB,3,8,True,220.03263759613037,44.885075174437915,0.7359428405761719,0.0,3.889013639051967,,False,False,False,False,False,False,PASS,True,
Case-4-C52-7119-24770,Case-4-C52-7119-24770,Case 4 C52-7119-24770,http://pathdb.cancerimagingarchive.net/system/files/wsi/ross/Osteosarcoma-UT/converted/Osteosarcoma-UT/Training-Set-2/set6/Case-4-C52-7119-24770.tiff,Case-4,Non-Tumor,NON_TUMOR,TRUE,False,RETRIEVED,200,C:\Users\enkso\.kiro\crew\scratch\runtime-0a306834\osteopatch_full_ingestion\tiffs\Case-4-C52-7119-24770.tiff,114942,c2abe4001ce4b03cf4330d7a327a80c2c21bad58e62fa48fa6536247314eadf0,b2a8a7e34f595a71d0011ce3f06ee4ad3355ad091dedd66919ca1d6b8a11e6c2,a598337bf8e46192,3a79d6a647cf464c,TIFF,TIFF-LE,1024,1024,RGB,3,8,True,220.3950958251953,45.44988988039183,0.7576160430908203,0.0,3.652347753559038,,False,False,False,False,False,False,PASS,True,
Case-4-C52-8069-17662,Case-4-C52-8069-17662,Case 4 C52-8069-17662,http://pathdb.cancerimagingarchive.net/system/files/wsi/ross/Osteosarcoma-UT/converted/Osteosarcoma-UT/Training-Set-2/set6/Case-4-C52-8069-17662.tiff,Case-4,Non-Tumor,NON_TUMOR,TRUE,False,RETRIEVED,200,C:\Users\enkso\.kiro\crew\scratch\runtime-0a306834\osteopatch_full_ingestion\tiffs\Case-4-C52-8069-17662.tiff,130400,ddebd22b3acfed8cf2e911ac961700008264ba8a6194eeaad9b5dbc4cdc38c92,ed5c19e6a25c50aad74546ffd15ff5c4857cfd235e98149d701f4c54953d7baa,89060f3f3efc58b0,79f9cca239ba43d3,TIFF,TIFF-LE,1024,1024,RGB,3,8,True,228.41188144683838,38.87118320107167,0.7936744689941406,1.33514404296875e-05,4.074867434142281,,False,False,False,False,False,False,PASS,True,
Case-4-C52-9122-11470,Case-4-C52-9122-11470,Case 4 C52-9122-11470,http://pathdb.cancerimagingarchive.net/system/files/wsi/ross/Osteosarcoma-UT/converted/Osteosarcoma-UT/Training-Set-2/set6/Case-4-C52-9122-11470.tiff,Case-4,Non-Tumor,NON_TUMOR,TRUE,False,RETRIEVED,200,C:\Users\enkso\.kiro\crew\scratch\runtime-0a306834\osteopatch_full_ingestion\tiffs\Case-4-C52-9122-11470.tiff,48884,f498b8d355d8fa679120cd307447e1b6267e42c5e700f5f9a75ff6424b057f66,df3ebb7e82f2edcf3d3e3e433c35e764b2c1a94505d00ffb41968e2639d7e0c0,d3525a4a6aaba9a5,2908060100000040,TIFF,TIFF-LE,1024,1024,RGB,3,8,True,240.45481967926025,18.961567396047155,0.9408464431762695,0.0,1.5008248221311495,NEAR_BLANK;LOW_INFORMATION;VERY_BRIGHT,False,False,False,False,False,True,REVIEW,False,image QC status REVIEW
Case-4-C52-9452-34640,Case-4-C52-9452-34640,Case 4 C52-9452-34640,http://pathdb.cancerimagingarchive.net/system/files/wsi/ross/Osteosarcoma-UT/converted/Osteosarcoma-UT/Training-Set-2/set6/Case-4-C52-9452-34640.tiff,Case-4,Non-Tumor,NON_TUMOR,TRUE,False,RETRIEVED,200,C:\Users\enkso\.kiro\crew\scratch\runtime-0a306834\osteopatch_full_ingestion\tiffs\Case-4-C52-9452-34640.tiff,147236,46290df94150d457e147bfe535a3bd03ea32c1ea53376276baabe9d4faa136ae,48143d5e2ed4da7c0ff80c787df8c568b1f2b28f25a7f90af70e513ca6ddf838,d569e097086d959e,c246a09370ec50a4,TIFF,TIFF-LE,1024,1024,RGB,3,8,True,189.52924919128418,46.41356662320131,0.3896923065185547,9.5367431640625e-07,5.309602536800632,,False,False,False,False,False,False,PASS,True,
Case-48-P5-C13-24121-14200,Case-48-P5-C13-24121-14200,Case 48 - P5 C13-24121-14200,http://pathdb.cancerimagingarchive.net/system/files/wsi/ross/Osteosarcoma-UT/converted/Osteosarcoma-UT/Training-Set-2/set6/Case-48-P5-C13-24121-14200.tiff,Case-48,Non-Viable-Tumor,NECROSIS,TRUE,False,RETRIEVED,200,C:\Users\enkso\.kiro\crew\scratch\runtime-0a306834\osteopatch_full_ingestion\tiffs\Case-48-P5-C13-24121-14200.tiff,327804,3c268c3dec0140c7927cadde6e5899bbf512b32f735f0c55df6ae5528f492a78,f0fbbdf57995a9618148f4a310dae60312f3ca360c32ec4db5c8c6cd0088b967,8e033c69784e8ff1,63ecec69cb732626,TIFF,TIFF-LE,1024,1024,RGB,3,8,True,162.67543601989746,43.03185690259335,0.09571170806884766,1.049041748046875e-05,7.227864586412644,,False,False,False,False,False,False,PASS,True,
Case-48-P5-C13-25055-3867,Case-48-P5-C13-25055-3867,Case 48 - P5 C13-25055-3867,http://pathdb.cancerimagingarchive.net/system/files/wsi/ross/Osteosarcoma-UT/converted/Osteosarcoma-UT/Training-Set-2/set6/Case-48-P5-C13-25055-3867.tiff,Case-48,viable: non-viable,,FALSE,True,RETRIEVED,200,C:\Users\enkso\.kiro\crew\scratch\runtime-0a306834\osteopatch_full_ingestion\tiffs\Case-48-P5-C13-25055-3867.tiff,262568,74400e8fe69fb8bd1d3bd419048ced8446d9557b9c62c2ad9e8d636e2e19c404,1bacf5fb663f9d83e018743a8fe243b13457db163ce03dffa1ff1d6e163b2fb5,95b515ded8ca426a,ac4ecc932dc6d2ac,TIFF,TIFF-LE,1024,1024,RGB,3,8,True,189.41393280029297,24.012251877927323,0.05014610290527344,0.0,6.479903336774878,,False,False,False,False,False,False,PASS,False,MIXED_VIABLE_NECROTIC (policy: never eligible)
Case-48-P5-C13-28480-4550,Case-48-P5-C13-28480-4550,Case 48 - P5 C13-28480-4550,http://pathdb.cancerimagingarchive.net/system/files/wsi/ross/Osteosarcoma-UT/converted/Osteosarcoma-UT/Training-Set-2/set6/Case-48-P5-C13-28480-4550.tiff,Case-48,Viable,VIABLE_TUMOR,TRUE,False,RETRIEVED,200,C:\Users\enkso\.kiro\crew\scratch\runtime-0a306834\osteopatch_full_ingestion\tiffs\Case-48-P5-C13-28480-4550.tiff,372948,54ef1a2c27b9f37a027f5a748c64a398787babc111e18bbe6d274ab1e18494ff,566f9a2bc60a003cd83e71fb11017e4a37876a0581e3065d28ff5ed51a72792d,c397488f0a9316bf,c8c30cc862e61395,TIFF,TIFF-LE,1024,1024,RGB,3,8,True,167.69246196746826,39.877220152485656,0.040744781494140625,0.0,7.281900580859084,,False,False,False,False,False,False,PASS,True,
Case-48-P5-C13-30344-16782,Case-48-P5-C13-30344-16782,Case 48 - P5 C13-30344-16782,http://pathdb.cancerimagingarchive.net/system/files/wsi/ross/Osteosarcoma-UT/converted/Osteosarcoma-UT/Training-Set-2/set6/Case-48-P5-C13-30344-16782.tiff,Case-48,Non-Tumor,NON_TUMOR,TRUE,False,RETRIEVED,200,C:\Users\enkso\.kiro\crew\scratch\runtime-0a306834\osteopatch_full_ingestion\tiffs\Case-48-P5-C13-30344-16782.tiff,216088,f22a5bb8060e921e5fbc7a216a8981b4323d903fc4b9dfdec6b60a9a0c0f87f7,660bd7fb66972c64e3fc3200614a8282f213696f81126f9ba496cecb101cc7b2,e7966794c66094cb,6068108189870707,TIFF,TIFF-LE,1024,1024,RGB,3,8,True,135.38668537139893,40.723712118978206,0.015087127685546875,0.011591911315917969,6.661329135225859,,False,False,False,False,False,False,PASS,True,
Case-48-P5-C13-31534-14115,Case-48-P5-C13-31534-14115,Case 48 - P5 C13-31534-14115,http://pathdb.cancerimagingarchive.net/system/files/wsi/ross/Osteosarcoma-UT/converted/Osteosarcoma-UT/Training-Set-2/set6/Case-48-P5-C13-31534-14115.tiff,Case-48,viable: non-viable,,FALSE,True,RETRIEVED,200,C:\Users\enkso\.kiro\crew\scratch\runtime-0a306834\osteopatch_full_ingestion\tiffs\Case-48-P5-C13-31534-14115.tiff,282168,f63f3a9d5a19e05c58c56fabed3542497bf3f0e2b2aa41c9a5f3d63b7fe962fa,de897a85928e1392be9f3b28794f2b04e44ccfc5f75ac273ab02547dcce66dd7,89aad9b5e5832687,9313b1d3b63cf8b2,TIFF,TIFF-LE,1024,1024,RGB,3,8,True,158.54575729370117,40.449454078775005,0.07130241394042969,9.5367431640625e-07,6.999708425716318,,False,False,False,False,False,False,PASS,False,MIXED_VIABLE_NECROTIC (policy: never eligible)
Case-48-P5-C13-31558-32206,Case-48-P5-C13-31558-32206,Case 48 - P5 C13-31558-32206,http://pathdb.cancerimagingarchive.net/system/files/wsi/ross/Osteosarcoma-UT/converted/Osteosarcoma-UT/Training-Set-2/set6/Case-48-P5-C13-31558-32206.tiff,Case-48,Non-Tumor,NON_TUMOR,TRUE,False,RETRIEVED,200,C:\Users\enkso\.kiro\crew\scratch\runtime-0a306834\osteopatch_full_ingestion\tiffs\Case-48-P5-C13-31558-32206.tiff,247600,71c96a61da21896f86087aff2edec79fc1b0e395e77fdba61947f8ada79a68c5,83710bb7d0b1237beadee16c4cea4f545cf3fc0436af85ca2e0b3564cd5924c4,d00aaf55cb3e0f83,3119a93198141c63,TIFF,TIFF-LE,1024,1024,RGB,3,8,True,166.98860263824463,59.844459205111306,0.3565855026245117,3.814697265625e-06,6.186066998691204,,False,False,False,False,False,False,PASS,True,
Case-48-P5-C13-32186-28705,Case-48-P5-C13-32186-28705,Case 48 - P5 C13-32186-28705,http://pathdb.cancerimagingarchive.net/system/files/wsi/ross/Osteosarcoma-UT/converted/Osteosarcoma-UT/Training-Set-2/set6/Case-48-P5-C13-32186-28705.tiff,Case-48,Non-Tumor,NON_TUMOR,TRUE,False,RETRIEVED,200,C:\Users\enkso\.kiro\crew\scratch\runtime-0a306834\osteopatch_full_ingestion\tiffs\Case-48-P5-C13-32186-28705.tiff,46374,0bac2b628bd07cba2d9ba56b1180e94b4f534b020298e07b7b5481b2817c996d,6097ca45960ff03b2e1f5ab21696b901ac8ec3db2e087bd9f8154a8d71fb7a0d,85050505575f5f5f,da95420001120214,TIFF,TIFF-LE,1024,1024,RGB,3,8,True,235.89334774017334,21.457099468769623,0.9717731475830078,7.915496826171875e-05,2.2079680012940526,NEAR_BLANK;LOW_INFORMATION,False,False,False,False,False,True,REVIEW,False,image QC status REVIEW
Case-48-P5-C13-33156-9373,Case-48-P5-C13-33156-9373,Case 48 - P5 C13-33156-9373,http://pathdb.cancerimagingarchive.net/system/files/wsi/ross/Osteosarcoma-UT/converted/Osteosarcoma-UT/Training-Set-2/set6/Case-48-P5-C13-33156-9373.tiff,Case-48,Viable,VIABLE_TUMOR,TRUE,False,RETRIEVED,200,C:\Users\enkso\.kiro\crew\scratch\runtime-0a306834\osteopatch_full_ingestion\tiffs\Case-48-P5-C13-33156-9373.tiff,312354,b74957f3b92c1223266254cdfd0ef4d55d04fd61f38f285940545d7af93cbfbd,0d823b000e9b5365194ccc5862c2618f9182f00054da9ee7d688bef069714ec8,b7269a2184ffea11,4dcc4d6ec64f5878,TIFF,TIFF-LE,1024,1024,RGB,3,8,True,151.55091667175293,38.08823930793274,0.04319953918457031,3.814697265625e-06,6.950053011417568,,False,False,False,False,False,False,PASS,True,
Case-48-P5-C13-33179-15118,Case-48-P5-C13-33179-15118,Case 48 - P5 C13-33179-15118,http://pathdb.cancerimagingarchive.net/system/files/wsi/ross/Osteosarcoma-UT/converted/Osteosarcoma-UT/Training-Set-2/set6/Case-48-P5-C13-33179-15118.tiff,Case-48,viable: non-viable,,FALSE,True,RETRIEVED,200,C:\Users\enkso\.kiro\crew\scratch\runtime-0a306834\osteopatch_full_ingestion\tiffs\Case-48-P5-C13-33179-15118.tiff,259288,ac86221d808914752e7778483a786a30f21d6353c2686b37422c59c411451c79,41d477fc4278c3e7b7e44266e4927ac55c68b4890193385bf2804eb35e2acf81,ab5847231f364ba5,69e3b375fbdbcf7b,TIFF,TIFF-LE,1024,1024,RGB,3,8,True,163.76324462890625,37.34869449150069,0.10026073455810547,9.5367431640625e-07,6.611361468026636,,False,False,False,False,False,False,PASS,False,MIXED_VIABLE_NECROTIC (policy: never eligible)
Case-48-P5-C13-33285-9932,Case-48-P5-C13-33285-9932,Case 48 - P5 C13-33285-9932,http://pathdb.cancerimagingarchive.net/system/files/wsi/ross/Osteosarcoma-UT/converted/Osteosarcoma-UT/Training-Set-2/set6/Case-48-P5-C13-33285-9932.tiff,Case-48,viable: non-viable,,FALSE,True,RETRIEVED,200,C:\Users\enkso\.kiro\crew\scratch\runtime-0a306834\osteopatch_full_ingestion\tiffs\Case-48-P5-C13-33285-9932.tiff,328628,a7afb82f825dc12fef1c303aea330d9833d324a8e032973eff1b27148b76db85,906378a1bf0c24e50a3d29a3dbbcabf9f34384e2a86650a34618434dfa7e38f4,a93627e178435f38,8f9f73d3b3d3d353,TIFF,TIFF-LE,1024,1024,RGB,3,8,True,158.0728521347046,41.25907894852705,0.058506011962890625,1.9073486328125e-06,7.169416598271525,,False,False,False,False,False,False,PASS,False,MIXED_VIABLE_NECROTIC (policy: never eligible)
Case-48-P5-C13-33772-6042,Case-48-P5-C13-33772-6042,Case 48 - P5 C13-33772-6042,http://pathdb.cancerimagingarchive.net/system/files/wsi/ross/Osteosarcoma-UT/converted/Osteosarcoma-UT/Training-Set-2/set6/Case-48-P5-C13-33772-6042.tiff,Case-48,viable: non-viable,,FALSE,True,RETRIEVED,200,C:\Users\enkso\.kiro\crew\scratch\runtime-0a306834\osteopatch_full_ingestion\tiffs\Case-48-P5-C13-33772-6042.tiff,296928,46a8da8d683e355ad13e3e8d9dafa3dea1924c4a24bfcd64220629dc1bdfb658,4a3459e237339cd6cf23134ad6e16462ac757ed8771131b119150e4e1fdb5bd7,bfb045b8b07543d8,9ed4723735276660,TIFF,TIFF-LE,1024,1024,RGB,3,8,True,171.2665605545044,45.30715947664811,0.06082344055175781,3.814697265625e-06,6.979674700370364,,False,False,False,False,False,False,PASS,False,MIXED_VIABLE_NECROTIC (policy: never eligible)
Case-48-P5-C13-34777-26855,Case-48-P5-C13-34777-26855,Case 48 - P5 C13-34777-26855,http://pathdb.cancerimagingarchive.net/system/files/wsi/ross/Osteosarcoma-UT/converted/Osteosarcoma-UT/Training-Set-2/set7/Case-48-P5-C13-34777-26855.tiff,Case-48,Non-Tumor,NON_TUMOR,TRUE,False,RETRIEVED,200,C:\Users\enkso\.kiro\crew\scratch\runtime-0a306834\osteopatch_full_ingestion\tiffs\Case-48-P5-C13-34777-26855.tiff,282370,1157113b5dab56e6ce3d3f833f34f43a7d31f5014c723a8a54fcf4b39f7124e6,e3ebba4a835fa6457887bd650232d5591b3a98fadab62771118fa3006276c3e0,fa20d065d02de7f8,83a94f7309463398,TIFF,TIFF-LE,1024,1024,RGB,3,8,True,167.34233474731445,48.368242488216694,0.20264434814453125,1.430511474609375e-05,6.745446502509518,,False,False,False,False,False,False,PASS,True,
Case-48-P5-C13-35186-4450,Case-48-P5-C13-35186-4450,Case 48 - P5 C13-35186-4450,http://pathdb.cancerimagingarchive.net/system/files/wsi/ross/Osteosarcoma-UT/converted/Osteosarcoma-UT/Training-Set-2/set7/Case-48-P5-C13-35186-4450.tiff,Case-48,Viable,VIABLE_TUMOR,TRUE,False,RETRIEVED,200,C:\Users\enkso\.kiro\crew\scratch\runtime-0a306834\osteopatch_full_ingestion\tiffs\Case-48-P5-C13-35186-4450.tiff,305208,56329331c85638c388db2d198f13eb66712535d9a3502499f6885e6716436eb4,ff5d3e2aaaf8de8062e55228ba356376dc9f343c08a1819b9f900b7d89c39619,8ae055c79a3d35c9,4ecc9735f14a6679,TIFF,TIFF-LE,1024,1024,RGB,3,8,True,159.10069847106934,45.22173249662994,0.04894256591796875,1.9073486328125e-06,7.125217318842232,,False,False,False,False,False,False,PASS,True,
Case-48-P5-C13-35786-2519,Case-48-P5-C13-35786-2519,Case 48 - P5 C13-35786-2519,http://pathdb.cancerimagingarchive.net/system/files/wsi/ross/Osteosarcoma-UT/converted/Osteosarcoma-UT/Training-Set-1/set6/Case-48-P5-C13-35786-2519.tiff,Case-48,Viable,VIABLE_TUMOR,TRUE,False,RETRIEVED,200,C:\Users\enkso\.kiro\crew\scratch\runtime-0a306834\osteopatch_full_ingestion\tiffs\Case-48-P5-C13-35786-2519.tiff,140156,4b92fec595f7f79a1d2bea46275709c51a55158deb9577a6b1367c41cd3ffffd,6fe5bb40ed13999706fe75c35afda4c2c22a9d6f9683085940582277afb42e17,89f26f19c3ec3942,000020c2fdb6e24a,TIFF,TIFF-LE,1024,1024,RGB,3,8,True,207.92773628234863,46.69605662147244,0.5263605117797852,2.86102294921875e-06,4.801486094475319,,False,False,False,False,False,False,PASS,True,
Case-48-P5-C13-36274-5595,Case-48-P5-C13-36274-5595,Case 48 - P5 C13-36274-5595,http://pathdb.cancerimagingarchive.net/system/files/wsi/ross/Osteosarcoma-UT/converted/Osteosarcoma-UT/Training-Set-1/set6/Case-48-P5-C13-36274-5595.tiff,Case-48,Viable,VIABLE_TUMOR,TRUE,False,RETRIEVED,200,C:\Users\enkso\.kiro\crew\scratch\runtime-0a306834\osteopatch_full_ingestion\tiffs\Case-48-P5-C13-36274-5595.tiff,259698,a20072ffb9479359a6f16e1e8bef55efaad249ebf3b49d26d704006b785fc373,61ee2227df6c7d3e6ea24a0c1b1294b64c942ff6ba8153b811df230c3bf9a521,a162c9a3dae1aab5,d987ebfddc6e7e72,TIFF,TIFF-LE,1024,1024,RGB,3,8,True,157.68264865875244,40.148400787986716,0.03411388397216797,3.814697265625e-06,6.6497541233445965,,False,False,False,False,False,False,PASS,True,
Case-48-P5-C13-36431-2977,Case-48-P5-C13-36431-2977,Case 48 - P5 C13-36431-2977,http://pathdb.cancerimagingarchive.net/system/files/wsi/ross/Osteosarcoma-UT/converted/Osteosarcoma-UT/Training-Set-1/set6/Case-48-P5-C13-36431-2977.tiff,Case-48,Viable,VIABLE_TUMOR,TRUE,False,RETRIEVED,200,C:\Users\enkso\.kiro\crew\scratch\runtime-0a306834\osteopatch_full_ingestion\tiffs\Case-48-P5-C13-36431-2977.tiff,258024,c3d123fed394f9a6abac06cf332355698e4c76e686a04e20a83dc6becadfad51,e2e0b3de9168f22c7c62b8cbc3ed703e78a522b3bc7c3d07d8095ef959e529cf,9594dbaf34562b81,54a3d434e64b50d9,TIFF,TIFF-LE,1024,1024,RGB,3,8,True,178.92875480651855,55.63811706492668,0.1187295913696289,2.86102294921875e-06,6.298180819100136,,False,False,False,False,False,False,PASS,True,
Case-48-P5-C13-40217-4387,Case-48-P5-C13-40217-4387,Case 48 - P5 C13-40217-4387,http://pathdb.cancerimagingarchive.net/system/files/wsi/ross/Osteosarcoma-UT/converted/Osteosarcoma-UT/Training-Set-1/set6/Case-48-P5-C13-40217-4387.tiff,Case-48,Viable,VIABLE_TUMOR,TRUE,False,RETRIEVED,200,C:\Users\enkso\.kiro\crew\scratch\runtime-0a306834\osteopatch_full_ingestion\tiffs\Case-48-P5-C13-40217-4387.tiff,348202,bf5ef96297acc1c5f797f716dc31826b6d8b7719dba38fd55a9a4b300fef1198,0b2400e62193fff0209117a3b8c2bf8958ef6e317508fd7a80acd0b30e970861,cf7946a72847711c,c71830cb324667a5,TIFF,TIFF-LE,1024,1024,RGB,3,8,True,151.76122856140137,49.457174124363284,0.03494453430175781,4.9591064453125e-05,7.460394516689231,,False,False,False,False,False,False,PASS,True,
Case-48-P5-C13-41185-25631,Case-48-P5-C13-41185-25631,Case 48 - P5 C13-41185-25631,http://pathdb.cancerimagingarchive.net/system/files/wsi/ross/Osteosarcoma-UT/converted/Osteosarcoma-UT/Training-Set-1/set6/Case-48-P5-C13-41185-25631.tiff,Case-48,Non-Tumor,NON_TUMOR,TRUE,False,RETRIEVED,200,C:\Users\enkso\.kiro\crew\scratch\runtime-0a306834\osteopatch_full_ingestion\tiffs\Case-48-P5-C13-41185-25631.tiff,255852,ff045c10a9282d80dc31935d965acb14ee0371c77e1c68bb717769129910083a,2d6fb919d4699cb9554ddc191b14c6b04992ba3a2e8478ab1591a424bd61e5f6,fe0cf00fe03e817c,30343424676b2489,TIFF,TIFF-LE,1024,1024,RGB,3,8,True,139.42929363250732,28.58591657821515,0.017943382263183594,0.0,6.375983125839482,,False,False,False,False,False,False,PASS,True,
Case-48-P5-C13-42156-28960,Case-48-P5-C13-42156-28960,Case 48 - P5 C13-42156-28960,http://pathdb.cancerimagingarchive.net/system/files/wsi/ross/Osteosarcoma-UT/converted/Osteosarcoma-UT/Training-Set-1/set6/Case-48-P5-C13-42156-28960.tiff,Case-48,Non-Tumor,NON_TUMOR,TRUE,False,RETRIEVED,200,C:\Users\enkso\.kiro\crew\scratch\runtime-0a306834\osteopatch_full_ingestion\tiffs\Case-48-P5-C13-42156-28960.tiff,259206,eb75c208407cb5513aace605128950142926e3e9d2055b96d0ec1197e5c5913a,115ccc5da96022d63df23310babf47a0dda3db19a72fe2bd4b6fb74fb3fffd7c,8b573e8969340ee3,f3594786c3f99f57,TIFF,TIFF-LE,1024,1024,RGB,3,8,True,176.90372848510742,52.06441533281172,0.2806882858276367,1.9073486328125e-06,6.50926608784517,,False,False,False,False,False,False,PASS,True,
Case-48-P5-C13-42974-19458,Case-48-P5-C13-42974-19458,Case 48 - P5 C13-42974-19458,http://pathdb.cancerimagingarchive.net/system/files/wsi/ross/Osteosarcoma-UT/converted/Osteosarcoma-UT/Training-Set-1/set6/Case-48-P5-C13-42974-19458.tiff,Case-48,Non-Tumor,NON_TUMOR,TRUE,False,RETRIEVED,200,C:\Users\enkso\.kiro\crew\scratch\runtime-0a306834\osteopatch_full_ingestion\tiffs\Case-48-P5-C13-42974-19458.tiff,282366,456b1d5a13d1e284e1cd251f4f9b713f856846418c31779cb410a1521381e62b,76954b86129ddbbc7a238e11527bb20c6fac2e0dd7b2d1ff86851ba005a0212e,e9e295cdae322a8c,0b4a090b1313920a,TIFF,TIFF-LE,1024,1024,RGB,3,8,True,148.03310108184814,20.37392226322412,0.0020761489868164062,2.86102294921875e-06,6.286615504409383,,False,False,False,False,False,False,PASS,True,
Case-48-P5-C13-43922-21112,Case-48-P5-C13-43922-21112,Case 48 - P5 C13-43922-21112,http://pathdb.cancerimagingarchive.net/system/files/wsi/ross/Osteosarcoma-UT/converted/Osteosarcoma-UT/Training-Set-1/set6/Case-48-P5-C13-43922-21112.tiff,Case-48,Non-Tumor,NON_TUMOR,TRUE,False,RETRIEVED,200,C:\Users\enkso\.kiro\crew\scratch\runtime-0a306834\osteopatch_full_ingestion\tiffs\Case-48-P5-C13-43922-21112.tiff,271004,7daadf85d77bfc3e83cad6001856abc1fbdce090ed1b93f1dd2858c10f7c3a1c,8bd3b20699cc518d1cff0b5043d62a7003ed1ca44df2b8b4efc960bc821dc1da,a432b5b46a6ab635,0e2626a1c7a6d676,TIFF,TIFF-LE,1024,1024,RGB,3,8,True,165.66355991363525,54.15937875079538,0.16793060302734375,2.384185791015625e-05,6.722292935223381,,False,False,False,False,False,False,PASS,True,
Case-48-P5-C13-45972-4022,Case-48-P5-C13-45972-4022,Case 48 - P5 C13-45972-4022,http://pathdb.cancerimagingarchive.net/system/files/wsi/ross/Osteosarcoma-UT/converted/Osteosarcoma-UT/Training-Set-1/set6/Case-48-P5-C13-45972-4022.tiff,Case-48,Viable,VIABLE_TUMOR,TRUE,False,RETRIEVED,200,C:\Users\enkso\.kiro\crew\scratch\runtime-0a306834\osteopatch_full_ingestion\tiffs\Case-48-P5-C13-45972-4022.tiff,351784,2d7be937a70ace59180dc2a113c2c9de31d8b019843f55d1a6098bfd4642129f,607f6d6bfd60155a09b26f1775fc4d0e546b2b088884e284d20bc29255e96c55,ffd268874238817b,b92a5a3149dc3791,TIFF,TIFF-LE,1024,1024,RGB,3,8,True,155.71229076385498,49.96897392331652,0.038272857666015625,8.96453857421875e-05,7.4603000029513575,,False,False,False,False,False,False,PASS,True,
Case-48-P5-C13-46592-17295,Case-48-P5-C13-46592-17295,Case 48 - P5 C13-46592-17295,http://pathdb.cancerimagingarchive.net/system/files/wsi/ross/Osteosarcoma-UT/converted/Osteosarcoma-UT/Training-Set-1/set6/Case-48-P5-C13-46592-17295.tiff,Case-48,Non-Viable-Tumor,NECROSIS,TRUE,False,RETRIEVED,200,C:\Users\enkso\.kiro\crew\scratch\runtime-0a306834\osteopatch_full_ingestion\tiffs\Case-48-P5-C13-46592-17295.tiff,163286,688d897ee4274a25dc5781ee603551355cd22c9b70d9db2bd75fa2718143eaac,ba31280eedb5db5bd4c9ffa58cfd9406a701fb64781f87b5f58d92e30ab731d4,a03f6bcbcb023a72,db17bcf984d0d0a0,TIFF,TIFF-LE,1024,1024,RGB,3,8,True,202.7079257965088,54.81559969768667,0.43935108184814453,6.198883056640625e-05,4.760342491667977,,False,False,False,False,False,False,PASS,True,
Case-48-P5-C13-47517-9280,Case-48-P5-C13-47517-9280,Case 48 - P5 C13-47517-9280,http://pathdb.cancerimagingarchive.net/system/files/wsi/ross/Osteosarcoma-UT/converted/Osteosarcoma-UT/Training-Set-1/set6/Case-48-P5-C13-47517-9280.tiff,Case-48,Viable,VIABLE_TUMOR,TRUE,False,RETRIEVED,200,C:\Users\enkso\.kiro\crew\scratch\runtime-0a306834\osteopatch_full_ingestion\tiffs\Case-48-P5-C13-47517-9280.tiff,399070,312450fbddccc0735eebfe9d9f0e824bda4d1415c14be5a844e429085c2b353e,21e7a1835eb75fe7964018b8003be5617cc4b0c01b91b2967ed5497dc5c4b761,b3805c4aefad64c6,f3988ecb49169626,TIFF,TIFF-LE,1024,1024,RGB,3,8,True,150.32996082305908,47.23537891149942,0.026474952697753906,6.198883056640625e-05,7.506786963369779,,False,False,False,False,False,False,PASS,True,
Case-48-P5-C13-47829-6226,Case-48-P5-C13-47829-6226,Case 48 - P5 C13-47829-6226,http://pathdb.cancerimagingarchive.net/system/files/wsi/ross/Osteosarcoma-UT/converted/Osteosarcoma-UT/Training-Set-1/set6/Case-48-P5-C13-47829-6226.tiff,Case-48,Viable,VIABLE_TUMOR,TRUE,False,RETRIEVED,200,C:\Users\enkso\.kiro\crew\scratch\runtime-0a306834\osteopatch_full_ingestion\tiffs\Case-48-P5-C13-47829-6226.tiff,363576,098a3bb6a6405a677e4e6f1e840fc333b3a78b20e73589ab80def02f32eb1c68,4c84a95eb64fb92f8d8c1dc66b5de363c758a5e7eb6049ef2a8d4951140e829a,908fe0778a31cf78,ccccb16d3cc49cb3,TIFF,TIFF-LE,1024,1024,RGB,3,8,True,150.15348148345947,43.51090522689021,0.023751258850097656,1.71661376953125e-05,7.412997524003248,,False,False,False,False,False,False,PASS,True,
Case-48-P5-C13-48617-38748,Case-48-P5-C13-48617-38748,Case 48 - P5 C13-48617-38748,http://pathdb.cancerimagingarchive.net/system/files/wsi/ross/Osteosarcoma-UT/converted/Osteosarcoma-UT/Training-Set-1/set6/Case-48-P5-C13-48617-38748.tiff,Case-48,viable: non-viable,,FALSE,True,RETRIEVED,200,C:\Users\enkso\.kiro\crew\scratch\runtime-0a306834\osteopatch_full_ingestion\tiffs\Case-48-P5-C13-48617-38748.tiff,412766,07ccd037823681864e166d58f77a15a496f7dc3dc8aa85a72e93bcb37253c2eb,3f3e17e65f69c144a9ea1493bb59c04f8046cc25bdd2c0f13c5289bca2431e3f,ef1ccc431a436b78,6436276909cc4463,TIFF,TIFF-LE,1024,1024,RGB,3,8,True,129.91479873657227,46.04467412072882,0.014332771301269531,0.0005674362182617188,7.465295128747256,,False,False,False,False,False,False,PASS,False,MIXED_VIABLE_NECROTIC (policy: never eligible)
Case-48-P5-C13-56220-35584,Case-48-P5-C13-56220-35584,Case 48 - P5 C13-56220-35584,http://pathdb.cancerimagingarchive.net/system/files/wsi/ross/Osteosarcoma-UT/converted/Osteosarcoma-UT/Training-Set-1/set6/Case-48-P5-C13-56220-35584.tiff,Case-48,Non-Tumor,NON_TUMOR,TRUE,False,RETRIEVED,200,C:\Users\enkso\.kiro\crew\scratch\runtime-0a306834\osteopatch_full_ingestion\tiffs\Case-48-P5-C13-56220-35584.tiff,368816,76dc08bfd2b63e8997017d67742771c549e5955042fb77ba1e9947596bf6caf3,8ebd92ff79c1a25433dbecc0afe9712c5122cf858e742e4910f9fe2646fe24f7,ba288b6e48775457,13b72c5f99264cb8,TIFF,TIFF-LE,1024,1024,RGB,3,8,True,127.18066787719727,44.78364050346824,0.01611804962158203,0.00048065185546875,7.302896779146759,,False,False,False,False,False,False,PASS,True,
Case-48-P5-C13-64007-12122,Case-48-P5-C13-64007-12122,Case 48 - P5 C13-64007-12122,http://pathdb.cancerimagingarchive.net/system/files/wsi/ross/Osteosarcoma-UT/converted/Osteosarcoma-UT/Training-Set-1/set6/Case-48-P5-C13-64007-12122.tiff,Case-48,Viable,VIABLE_TUMOR,TRUE,False,RETRIEVED,200,C:\Users\enkso\.kiro\crew\scratch\runtime-0a306834\osteopatch_full_ingestion\tiffs\Case-48-P5-C13-64007-12122.tiff,309560,a50d28d8d3e98049a6030219e5d2934dcaea43b19f825d78595a51d433c79ac0,46b96366f331db5f8b5b85c108012895aadc4944d0d44b7a35eecb383f0cc8e6,d3322e8cd22d6be1,f46c4bd8d973a22c,TIFF,TIFF-LE,1024,1024,RGB,3,8,True,159.57597637176514,64.32918468723038,0.025038719177246094,0.0023212432861328125,7.036847759529998,,False,False,False,False,False,False,PASS,True,
Case-48-P5-C14-24924-23750,Case-48-P5-C14-24924-23750,Case 48 - P5 C14-24924-23750,http://pathdb.cancerimagingarchive.net/system/files/wsi/ross/Osteosarcoma-UT/converted/Osteosarcoma-UT/Training-Set-2/set7/Case-48-P5-C14-24924-23750.tiff,Case-48,Non-Tumor,NON_TUMOR,TRUE,False,RETRIEVED,200,C:\Users\enkso\.kiro\crew\scratch\runtime-0a306834\osteopatch_full_ingestion\tiffs\Case-48-P5-C14-24924-23750.tiff,145034,72ca0dab6de6b65681597a0162a8f96a6d482d5e37620d833b21d51b13d8b976,1e513ae114856f7555ea02bb5b910f8cdbc5cda3b83ff5ebedf4cff2808e1c7d,d8543aeaa1c54d9d,1c3c70c229e91c1d,TIFF,TIFF-LE,1024,1024,RGB,3,8,True,206.80328845977783,58.24287993093639,0.7169942855834961,0.000499725341796875,4.170566606727781,,False,False,False,False,False,False,PASS,True,
Case-48-P5-C14-28814-14922,Case-48-P5-C14-28814-14922,Case 48 - P5 C14-28814-14922,http://pathdb.cancerimagingarchive.net/system/files/wsi/ross/Osteosarcoma-UT/converted/Osteosarcoma-UT/Training-Set-2/set7/Case-48-P5-C14-28814-14922.tiff,Case-48,viable: non-viable,,FALSE,True,RETRIEVED,200,C:\Users\enkso\.kiro\crew\scratch\runtime-0a306834\osteopatch_full_ingestion\tiffs\Case-48-P5-C14-28814-14922.tiff,325224,68be28096ae4f129491566d0e1f631aa10c81e88cb747122320591aa9a763e23,d14bd9f13e340901825df22bc5d24cbe8c53d1b916ab58038b34cceeb9b99cec,87290ecfda309667,31b3ef9b404a66ad,TIFF,TIFF-LE,1024,1024,RGB,3,8,True,151.75177001953125,42.069907803966515,0.06853771209716797,0.0,7.082918194013333,,False,False,False,False,False,False,PASS,False,MIXED_VIABLE_NECROTIC (policy: never eligible)
Case-48-P5-C14-29041-7944,Case-48-P5-C14-29041-7944,Case 48 - P5 C14-29041-7944,http://pathdb.cancerimagingarchive.net/system/files/wsi/ross/Osteosarcoma-UT/converted/Osteosarcoma-UT/Training-Set-2/set7/Case-48-P5-C14-29041-7944.tiff,Case-48,Viable,VIABLE_TUMOR,TRUE,False,RETRIEVED,200,C:\Users\enkso\.kiro\crew\scratch\runtime-0a306834\osteopatch_full_ingestion\tiffs\Case-48-P5-C14-29041-7944.tiff,406488,859a7735d746ada8cb3aa851823cdc727017464f945b198a796aae930d1e943f,e570774b3447181877e44583538445d6ac26840b26037d86db44c334eaedc272,dcc2b30c85d9c68f,64ad51307464325a,TIFF,TIFF-LE,1024,1024,RGB,3,8,True,143.08070373535156,50.77362805749622,0.03978919982910156,4.76837158203125e-06,7.549898957392818,,False,False,False,False,False,False,PASS,True,
Case-48-P5-C14-30314-23881,Case-48-P5-C14-30314-23881,Case 48 - P5 C14-30314-23881,http://pathdb.cancerimagingarchive.net/system/files/wsi/ross/Osteosarcoma-UT/converted/Osteosarcoma-UT/Training-Set-2/set7/Case-48-P5-C14-30314-23881.tiff,Case-48,Non-Tumor,NON_TUMOR,TRUE,False,RETRIEVED,200,C:\Users\enkso\.kiro\crew\scratch\runtime-0a306834\osteopatch_full_ingestion\tiffs\Case-48-P5-C14-30314-23881.tiff,317118,5ddc5409f1cb826eace3db99e16f61ef0eb83833c3638681c14aa766233e99ef,1bc457b3b63a4fdc6f26dfe060582f3bb5b5f7ebb10caa40c36094972e1aa718,805fe00ff227f80f,b5b237cdf1b4cf91,TIFF,TIFF-LE,1024,1024,RGB,3,8,True,144.06807231903076,33.98400814257837,0.028818130493164062,9.5367431640625e-07,6.831026607760858,,False,False,False,False,False,False,PASS,True,
Case-48-P5-C14-32278-10661,Case-48-P5-C14-32278-10661,Case 48 - P5 C14-32278-10661,http://pathdb.cancerimagingarchive.net/system/files/wsi/ross/Osteosarcoma-UT/converted/Osteosarcoma-UT/Training-Set-2/set7/Case-48-P5-C14-32278-10661.tiff,Case-48,Viable,VIABLE_TUMOR,TRUE,False,RETRIEVED,200,C:\Users\enkso\.kiro\crew\scratch\runtime-0a306834\osteopatch_full_ingestion\tiffs\Case-48-P5-C14-32278-10661.tiff,205196,5ed0ec0a322fc9fb80bfaf18b48f5c64738579228ca9f362c8d02a133d0bdff3,a0b47a01b542e4a088e9e8d0e24aabac6b464b0a5596180421ad1945383dbb1d,ec2d6bda668d019c,a726a6a6a4a22245,TIFF,TIFF-LE,1024,1024,RGB,3,8,True,196.24276638031006,53.75164519726811,0.4232206344604492,7.62939453125e-06,5.528989749818895,,False,False,False,False,False,False,PASS,True,
Case-48-P5-C14-34550-19673,Case-48-P5-C14-34550-19673,Case 48 - P5 C14-34550-19673,http://pathdb.cancerimagingarchive.net/system/files/wsi/ross/Osteosarcoma-UT/converted/Osteosarcoma-UT/Training-Set-2/set7/Case-48-P5-C14-34550-19673.tiff,Case-48,Non-Tumor,NON_TUMOR,TRUE,False,RETRIEVED,200,C:\Users\enkso\.kiro\crew\scratch\runtime-0a306834\osteopatch_full_ingestion\tiffs\Case-48-P5-C14-34550-19673.tiff,280428,99cf9c59a7d8c3abec9ed1fc61b25fde4c9378bd1235dac8b36045362cc4d22e,8b1ea67e24a38a848a4b2ccfe2fac88fa1def877050f0c4da11ef45add18bd44,870edef1489eb246,67676dd5d2de7688,TIFF,TIFF-LE,1024,1024,RGB,3,8,True,163.23241329193115,17.52688737965248,0.0007257461547851562,9.5367431640625e-07,6.054988813449732,,False,False,False,False,False,False,PASS,True,
Case-48-P5-C14-34559-25361,Case-48-P5-C14-34559-25361,Case 48 - P5 C14-34559-25361,http://pathdb.cancerimagingarchive.net/system/files/wsi/ross/Osteosarcoma-UT/converted/Osteosarcoma-UT/Training-Set-2/set7/Case-48-P5-C14-34559-25361.tiff,Case-48,Non-Tumor,NON_TUMOR,TRUE,False,RETRIEVED,200,C:\Users\enkso\.kiro\crew\scratch\runtime-0a306834\osteopatch_full_ingestion\tiffs\Case-48-P5-C14-34559-25361.tiff,309290,ba24cf0cbe4f878cf83277d7f46f7b9603109c2e02ac5ae0097c98058d0d96b5,2708a2f93684ddbaa39b02e937f9f14f1bb48ed4b75650311aaba46ce6488e22,e61ce139e3bc4728,70b024a6c34226c5,TIFF,TIFF-LE,1024,1024,RGB,3,8,True,151.41880798339844,28.697061372907584,0.021472930908203125,0.0,6.651279873413919,,False,False,False,False,False,False,PASS,True,
Case-48-P5-C14-34681-15663,Case-48-P5-C14-34681-15663,Case 48 - P5 C14-34681-15663,http://pathdb.cancerimagingarchive.net/system/files/wsi/ross/Osteosarcoma-UT/converted/Osteosarcoma-UT/Training-Set-2/set7/Case-48-P5-C14-34681-15663.tiff,Case-48,Non-Tumor,NON_TUMOR,TRUE,False,RETRIEVED,200,C:\Users\enkso\.kiro\crew\scratch\runtime-0a306834\osteopatch_full_ingestion\tiffs\Case-48-P5-C14-34681-15663.tiff,251516,447c88b06fe2ef2f39221ca428d30d5e313f42eba5d7eb17f083c6dd549ed381,ec5be5e57ea2ad5c9a55b3babe4eb63fda7f415e68783d434bda5c95a86b88cd,a9c4c4cbdc64f4b8,e2c386a67b5b67c6,TIFF,TIFF-LE,1024,1024,RGB,3,8,True,163.76134300231934,28.25992332442577,0.05079841613769531,0.0,6.342560112326663,,False,False,False,False,False,False,PASS,True,
Case-48-P5-C14-35746-11580,Case-48-P5-C14-35746-11580,Case 48 - P5 C14-35746-11580,http://pathdb.cancerimagingarchive.net/system/files/wsi/ross/Osteosarcoma-UT/converted/Osteosarcoma-UT/Training-Set-2/set7/Case-48-P5-C14-35746-11580.tiff,Case-48,viable: non-viable,,FALSE,True,RETRIEVED,200,C:\Users\enkso\.kiro\crew\scratch\runtime-0a306834\osteopatch_full_ingestion\tiffs\Case-48-P5-C14-35746-11580.tiff,433330,bf56c02f6330019686a0e6d41a22a7d01a49da66f4adcc494dc9279c590697c6,c9ef56e31540f8bbedd07ef5220112cb14e6ff919e80beff71f2607a93d2e1be,a64cd46b5e6ac1e2,a726cc3d4bda8d24,TIFF,TIFF-LE,1024,1024,RGB,3,8,True,179.4723768234253,51.360726927580096,0.14965438842773438,0.0,7.376275282305032,,False,False,False,False,False,False,PASS,False,MIXED_VIABLE_NECROTIC (policy: never eligible)
Case-48-P5-C14-37397-27331,Case-48-P5-C14-37397-27331,Case 48 - P5 C14-37397-27331,http://pathdb.cancerimagingarchive.net/system/files/wsi/ross/Osteosarcoma-UT/converted/Osteosarcoma-UT/Training-Set-2/set7/Case-48-P5-C14-37397-27331.tiff,Case-48,Non-Tumor,NON_TUMOR,TRUE,False,RETRIEVED,200,C:\Users\enkso\.kiro\crew\scratch\runtime-0a306834\osteopatch_full_ingestion\tiffs\Case-48-P5-C14-37397-27331.tiff,260476,b28dbd7347ccb6430f1b1f46c354ec03fb14b512a0be1fd075fd65c7c9fd5576,57ba48fc7a82954d059a767a6c8e7a61c85cd4cce2d2200e23198df66e3faa6f,f79c501c09ccede4,f11cc6711c432cd8,TIFF,TIFF-LE,1024,1024,RGB,3,8,True,149.6965560913086,33.49995802411762,0.043331146240234375,0.0,6.4827146002716,,False,False,False,False,False,False,PASS,True,
Case-48-P5-C14-39001-28941,Case-48-P5-C14-39001-28941,Case 48 - P5 C14-39001-28941,http://pathdb.cancerimagingarchive.net/system/files/wsi/ross/Osteosarcoma-UT/converted/Osteosarcoma-UT/Training-Set-2/set7/Case-48-P5-C14-39001-28941.tiff,Case-48,Non-Tumor,NON_TUMOR,TRUE,False,RETRIEVED,200,C:\Users\enkso\.kiro\crew\scratch\runtime-0a306834\osteopatch_full_ingestion\tiffs\Case-48-P5-C14-39001-28941.tiff,263496,90f677cb72f6db5fa45cb27153dcd6168be9e932c39b2806fffece163e8e4a6e,dc8eb5954d282f7094e5adc78cbe31b9471163dd25b3928494cdda8a6dcf253b,f31ce1b07f00f80f,899965db689ccd03,TIFF,TIFF-LE,1024,1024,RGB,3,8,True,154.68837642669678,37.128058574949584,0.09603691101074219,5.7220458984375e-06,6.616258726800167,,False,False,False,False,False,False,PASS,True,
Case-48-P5-C14-39467-6941,Case-48-P5-C14-39467-6941,Case 48 - P5 C14-39467-6941,http://pathdb.cancerimagingarchive.net/system/files/wsi/ross/Osteosarcoma-UT/converted/Osteosarcoma-UT/Training-Set-2/set7/Case-48-P5-C14-39467-6941.tiff,Case-48,Viable,VIABLE_TUMOR,TRUE,False,RETRIEVED,200,C:\Users\enkso\.kiro\crew\scratch\runtime-0a306834\osteopatch_full_ingestion\tiffs\Case-48-P5-C14-39467-6941.tiff,289622,4cc5827fbc29d909f61b6b8e604f4c767added401aa179555585746ffb5e0533,8fac8a4ace717544966717e39043b0cd0de374d1ff816a1f30785c475db4ab9f,80c0f8bc3e7ba574,b8c1c041bcb75b1e,TIFF,TIFF-LE,1024,1024,RGB,3,8,True,162.83903121948242,56.64039631892038,0.029073715209960938,0.00015544891357421875,6.855413971786928,,False,False,False,False,False,False,PASS,True,
Case-48-P5-C14-41089-9651,Case-48-P5-C14-41089-9651,Case 48 - P5 C14-41089-9651,http://pathdb.cancerimagingarchive.net/system/files/wsi/ross/Osteosarcoma-UT/converted/Osteosarcoma-UT/Training-Set-2/set7/Case-48-P5-C14-41089-9651.tiff,Case-48,Viable,VIABLE_TUMOR,TRUE,False,RETRIEVED,200,C:\Users\enkso\.kiro\crew\scratch\runtime-0a306834\osteopatch_full_ingestion\tiffs\Case-48-P5-C14-41089-9651.tiff,289158,f5f30f210270ab1ef88165bf4babc01ac3ce01fc6111fcd9b67a096936bab2b9,8b49a88b66c6304feb47c343a26ee9cfce62d83e055a9e63eeca3a32d1781f4c,96e9c4e90e93783c,b49e387c34945c6c,TIFF,TIFF-LE,1024,1024,RGB,3,8,True,172.3261489868164,42.35195698788611,0.037878990173339844,8.58306884765625e-06,7.019250262913891,,False,False,False,False,False,False,PASS,True,
Case-48-P5-C14-41747-26404,Case-48-P5-C14-41747-26404,Case 48 - P5 C14-41747-26404,http://pathdb.cancerimagingarchive.net/system/files/wsi/ross/Osteosarcoma-UT/converted/Osteosarcoma-UT/Training-Set-2/set7/Case-48-P5-C14-41747-26404.tiff,Case-48,Non-Tumor,NON_TUMOR,TRUE,False,RETRIEVED,200,C:\Users\enkso\.kiro\crew\scratch\runtime-0a306834\osteopatch_full_ingestion\tiffs\Case-48-P5-C14-41747-26404.tiff,290626,a999263338014efe4a963beaf78ce5a02f982fb075b1a782a250563c0c863ac3,dacb938dac571e94906ced9898837985ff550251eaaa819f5f90f733f1556791,ff0001e3fd755305,933b481e534d5473,TIFF,TIFF-LE,1024,1024,RGB,3,8,True,142.87555027008057,32.37228159641299,0.019374847412109375,1.9073486328125e-06,6.761719338674373,,False,False,False,False,False,False,PASS,True,
Case-48-P5-C14-42219-24715,Case-48-P5-C14-42219-24715,Case 48 - P5 C14-42219-24715,http://pathdb.cancerimagingarchive.net/system/files/wsi/ross/Osteosarcoma-UT/converted/Osteosarcoma-UT/Training-Set-2/set7/Case-48-P5-C14-42219-24715.tiff,Case-48,Non-Tumor,NON_TUMOR,TRUE,False,RETRIEVED,200,C:\Users\enkso\.kiro\crew\scratch\runtime-0a306834\osteopatch_full_ingestion\tiffs\Case-48-P5-C14-42219-24715.tiff,304058,baf4720ac90fdbe38fdd617f5dc524e0207378eadd84714cbf6d62ca98065396,01c5f91c7c5ee8b18051548ffa58389de4578c63ad9de041d197dda855d1dc1b,bccde00bc40ed33b,37b35ca41a3b2594,TIFF,TIFF-LE,1024,1024,RGB,3,8,True,142.21196174621582,31.290685304331365,0.01552581787109375,0.0,6.792110280601947,,False,False,False,False,False,False,PASS,True,
Case-48-P5-C14-44612-17510,Case-48-P5-C14-44612-17510,Case 48 - P5 C14-44612-17510,http://pathdb.cancerimagingarchive.net/system/files/wsi/ross/Osteosarcoma-UT/converted/Osteosarcoma-UT/Training-Set-2/set7/Case-48-P5-C14-44612-17510.tiff,Case-48,Non-Tumor,NON_TUMOR,TRUE,False,RETRIEVED,200,C:\Users\enkso\.kiro\crew\scratch\runtime-0a306834\osteopatch_full_ingestion\tiffs\Case-48-P5-C14-44612-17510.tiff,237642,5fa5b366b0229265b39769bab020c6794cd4076f19811fb35aa2779688bc7b78,bc9f02356e9c410e38756e1a02621dee12f3ed8efec0b923717435caee4872c3,e69c292ada71a6d4,a1b0242060070f03,TIFF,TIFF-LE,1024,1024,RGB,3,8,True,117.84120750427246,43.87542498452516,0.004475593566894531,0.0007343292236328125,7.2865332686105795,,False,False,False,False,False,False,PASS,True,
Case-48-P5-C14-44941-18452,Case-48-P5-C14-44941-18452,Case 48 - P5 C14-44941-18452,http://pathdb.cancerimagingarchive.net/system/files/wsi/ross/Osteosarcoma-UT/converted/Osteosarcoma-UT/Training-Set-1/set6/Case-48-P5-C14-44941-18452.tiff,Case-48,Viable,VIABLE_TUMOR,TRUE,False,RETRIEVED,200,C:\Users\enkso\.kiro\crew\scratch\runtime-0a306834\osteopatch_full_ingestion\tiffs\Case-48-P5-C14-44941-18452.tiff,293372,18316113d2405fb952d4f901b9b09ba45db9c68add83594fed8e5813bfc45e69,33ca0cf1c1daa84af9a1afd85b93c4543810125c38bad2150da20b64459b7cbf,a95a746b733934a4,3b3934594b678786,TIFF,TIFF-LE,1024,1024,RGB,3,8,True,146.75550746917725,63.42908014274275,0.0842752456665039,7.82012939453125e-05,7.17468302590169,,False,False,False,False,False,False,PASS,True,
Case-48-P5-C14-50416-27346,Case-48-P5-C14-50416-27346,Case 48 - P5 C14-50416-27346,http://pathdb.cancerimagingarchive.net/system/files/wsi/ross/Osteosarcoma-UT/converted/Osteosarcoma-UT/Training-Set-1/set6/Case-48-P5-C14-50416-27346.tiff,Case-48,Viable,VIABLE_TUMOR,TRUE,False,RETRIEVED,200,C:\Users\enkso\.kiro\crew\scratch\runtime-0a306834\osteopatch_full_ingestion\tiffs\Case-48-P5-C14-50416-27346.tiff,99204,7e7c79162b1f31807c77907255a534924fff11db23a3c6efc80796b6961b851e,8ef46623f36f845aa92199ae3047f2ab181dfbc586ee6ade048a2dca0247ccc7,d5494a6d6daa9552,1211040400020404,TIFF,TIFF-LE,1024,1024,RGB,3,8,True,219.32420825958252,43.33988960894473,0.5400428771972656,0.00026416778564453125,3.4910770601688124,,False,False,False,False,False,False,PASS,True,
Case-48-P5-C14-50604-21283,Case-48-P5-C14-50604-21283,Case 48 - P5 C14-50604-21283,http://pathdb.cancerimagingarchive.net/system/files/wsi/ross/Osteosarcoma-UT/converted/Osteosarcoma-UT/Training-Set-1/set6/Case-48-P5-C14-50604-21283.tiff,Case-48,Viable,VIABLE_TUMOR,TRUE,False,RETRIEVED,200,C:\Users\enkso\.kiro\crew\scratch\runtime-0a306834\osteopatch_full_ingestion\tiffs\Case-48-P5-C14-50604-21283.tiff,250656,bf4174f7d039dfded2e7c94e1e8ef000a4d983d4a27dadfa39da8cfa1213295a,a8c8f8d5e61f9bc4e671e75d3e2ba3038eaa63514076f5a3809c6983f86ab75b,ddaaca1309da354b,83232230620ca842,TIFF,TIFF-LE,1024,1024,RGB,3,8,True,180.18290519714355,70.56935447609149,0.16475868225097656,0.0014944076538085938,5.938412453600885,,False,False,False,False,False,False,PASS,True,
Case-48-P5-C14-52144-3660,Case-48-P5-C14-52144-3660,Case 48 - P5 C14-52144-3660,http://pathdb.cancerimagingarchive.net/system/files/wsi/ross/Osteosarcoma-UT/converted/Osteosarcoma-UT/Training-Set-1/set6/Case-48-P5-C14-52144-3660.tiff,Case-48,Viable,VIABLE_TUMOR,TRUE,False,RETRIEVED,200,C:\Users\enkso\.kiro\crew\scratch\runtime-0a306834\osteopatch_full_ingestion\tiffs\Case-48-P5-C14-52144-3660.tiff,395654,6b83127f2a86651b0c95819a77641b163207db2341911b3946a5d0df6b91a48c,6e9db0beb62eae971840c89180324b621ee3dd49fbf4ec52d3ed2902899ae200,e39ce33c660c9333,6692d961615bc7c9,TIFF,TIFF-LE,1024,1024,RGB,3,8,True,148.20305061340332,49.97911232178807,0.03493785858154297,0.00030994415283203125,7.559212537811993,,False,False,False,False,False,False,PASS,True,
Case-48-P5-C14-54171-23668,Case-48-P5-C14-54171-23668,Case 48 - P5 C14-54171-23668,http://pathdb.cancerimagingarchive.net/system/files/wsi/ross/Osteosarcoma-UT/converted/Osteosarcoma-UT/Training-Set-1/set6/Case-48-P5-C14-54171-23668.tiff,Case-48,Viable,VIABLE_TUMOR,TRUE,False,RETRIEVED,200,C:\Users\enkso\.kiro\crew\scratch\runtime-0a306834\osteopatch_full_ingestion\tiffs\Case-48-P5-C14-54171-23668.tiff,372348,c2f747c88beae75923898272ab321bdd1991de3f77c06b211f8f56ba873ab175,9aa1dab05e3762bdac02ef61c39e8aa498da5e888a318c505998d99f37f48b93,8c3bc5387d0e30cf,b3b32a3731b5e3e2,TIFF,TIFF-LE,1024,1024,RGB,3,8,True,107.01549911499023,36.29841621806367,0.0018281936645507812,0.0001506805419921875,7.146629902626912,,False,False,False,False,False,False,PASS,True,
Case-48-P5-C14-54203-39127,Case-48-P5-C14-54203-39127,Case 48 - P5 C14-54203-39127,http://pathdb.cancerimagingarchive.net/system/files/wsi/ross/Osteosarcoma-UT/converted/Osteosarcoma-UT/Training-Set-1/set6/Case-48-P5-C14-54203-39127.tiff,Case-48,Non-Tumor,NON_TUMOR,TRUE,False,RETRIEVED,200,C:\Users\enkso\.kiro\crew\scratch\runtime-0a306834\osteopatch_full_ingestion\tiffs\Case-48-P5-C14-54203-39127.tiff,226984,3f546bbd5f522984f6ed531e9610690fc40b0b546eaae758420c13590f3b9da7,ace8e481efa6ce831944ee3510d0949d11a989759f47698cb07bb8e45d86d49f,9672707887c3a6f4,9d1d2c646c3c18bc,TIFF,TIFF-LE,1024,1024,RGB,3,8,True,192.1263780593872,56.12810937436155,0.07141590118408203,8.678436279296875e-05,5.7688802192266255,,False,False,False,False,False,False,PASS,True,
Case-48-P5-C14-55921-40389,Case-48-P5-C14-55921-40389,Case 48 - P5 C14-55921-40389,http://pathdb.cancerimagingarchive.net/system/files/wsi/ross/Osteosarcoma-UT/converted/Osteosarcoma-UT/Training-Set-1/set6/Case-48-P5-C14-55921-40389.tiff,Case-48,Non-Tumor,NON_TUMOR,TRUE,False,RETRIEVED,200,C:\Users\enkso\.kiro\crew\scratch\runtime-0a306834\osteopatch_full_ingestion\tiffs\Case-48-P5-C14-55921-40389.tiff,247332,509d27454e155b50a4dd19f79f467d604064c7426d230f1ef2f4cfb0cba51e3b,1cf2c5aba6fc449be424499bc08bfb4832a47672a317efac29f6c4f1b9638120,ba4893e5f97b1604,1bb3bd1926245d5d,TIFF,TIFF-LE,1024,1024,RGB,3,8,True,185.7416286468506,54.63790978017535,0.2654685974121094,0.00019550323486328125,6.308189902105229,,False,False,False,False,False,False,PASS,True,
Case-48-P5-C14-56563-30345,Case-48-P5-C14-56563-30345,Case 48 - P5 C14-56563-30345,http://pathdb.cancerimagingarchive.net/system/files/wsi/ross/Osteosarcoma-UT/converted/Osteosarcoma-UT/Training-Set-1/set6/Case-48-P5-C14-56563-30345.tiff,Case-48,Viable,VIABLE_TUMOR,TRUE,False,RETRIEVED,200,C:\Users\enkso\.kiro\crew\scratch\runtime-0a306834\osteopatch_full_ingestion\tiffs\Case-48-P5-C14-56563-30345.tiff,349114,0359a2c2c19c04388bbe38b85894e4dcb742389e5def99d75b9ad2fe0ba74cad,fe74452194428b5f4a8ac627698079c49b2268ec03768575c1ad19336d4b9856,fe1fc370e43184f0,a37165352c949d4e,TIFF,TIFF-LE,1024,1024,RGB,3,8,True,131.64155387878418,63.86248754655236,0.006155967712402344,0.001270294189453125,7.183316296150888,,False,False,False,False,False,False,PASS,True,
Case-48-P5-C14-59148-13815,Case-48-P5-C14-59148-13815,Case 48 - P5 C14-59148-13815,http://pathdb.cancerimagingarchive.net/system/files/wsi/ross/Osteosarcoma-UT/converted/Osteosarcoma-UT/Training-Set-1/set6/Case-48-P5-C14-59148-13815.tiff,Case-48,Viable,VIABLE_TUMOR,TRUE,False,RETRIEVED,200,C:\Users\enkso\.kiro\crew\scratch\runtime-0a306834\osteopatch_full_ingestion\tiffs\Case-48-P5-C14-59148-13815.tiff,326618,5c452863f36919bb61f417e29d5808be4041e80a58f96a40762aa91e2ce55431,8143811161354a4266bf3b258678d07e05a9d1d48e3661692e24edad6d0eaf17,f46758106df1bc1a,926a2c46749699b3,TIFF,TIFF-LE,1024,1024,RGB,3,8,True,141.90038871765137,58.28039486010981,0.024374008178710938,0.0006818771362304688,7.350860639537988,,False,False,False,False,False,False,PASS,True,
Case-48-P5-C14-59834-18325,Case-48-P5-C14-59834-18325,Case 48 - P5 C14-59834-18325,http://pathdb.cancerimagingarchive.net/system/files/wsi/ross/Osteosarcoma-UT/converted/Osteosarcoma-UT/Training-Set-1/set6/Case-48-P5-C14-59834-18325.tiff,Case-48,Viable,VIABLE_TUMOR,TRUE,False,RETRIEVED,200,C:\Users\enkso\.kiro\crew\scratch\runtime-0a306834\osteopatch_full_ingestion\tiffs\Case-48-P5-C14-59834-18325.tiff,424000,e51938b7261c9091c4d7a529a97214ad6818126e65e9030a3ceca54b5af2dd46,e83a3a62bb9299fd7075b36fa2cb08f14641ead85b3669b7f3c87dd354d0c103,b29652ca341bbb4d,3ce4aace472b7115,TIFF,TIFF-LE,1024,1024,RGB,3,8,True,124.17666244506836,43.87771554941039,0.006226539611816406,0.00011539459228515625,7.467109301284221,,False,False,False,False,False,False,PASS,True,
Case-48-P5-C14-65736-13805,Case-48-P5-C14-65736-13805,Case 48 - P5 C14-65736-13805,http://pathdb.cancerimagingarchive.net/system/files/wsi/ross/Osteosarcoma-UT/converted/Osteosarcoma-UT/Training-Set-1/set7/Case-48-P5-C14-65736-13805.tiff,Case-48,Viable,VIABLE_TUMOR,TRUE,False,RETRIEVED,200,C:\Users\enkso\.kiro\crew\scratch\runtime-0a306834\osteopatch_full_ingestion\tiffs\Case-48-P5-C14-65736-13805.tiff,306074,9e806211daad3878d073da9bba41de8586040aabacdce2089452b4df0b95ddb5,7def178e90d26353721959712c175fe90d5c8a7f2c54b87c027720541c571b90,d827ed07149fc0ea,bc93913ccd303890,TIFF,TIFF-LE,1024,1024,RGB,3,8,True,149.09904384613037,45.5062383294806,0.026517868041992188,6.67572021484375e-05,7.304072254553418,,False,False,False,False,False,False,PASS,True,
Case-48-P5-C14-67137-24045,Case-48-P5-C14-67137-24045,Case 48 - P5 C14-67137-24045,http://pathdb.cancerimagingarchive.net/system/files/wsi/ross/Osteosarcoma-UT/converted/Osteosarcoma-UT/Training-Set-1/set7/Case-48-P5-C14-67137-24045.tiff,Case-48,Viable,VIABLE_TUMOR,TRUE,False,RETRIEVED,200,C:\Users\enkso\.kiro\crew\scratch\runtime-0a306834\osteopatch_full_ingestion\tiffs\Case-48-P5-C14-67137-24045.tiff,142768,b7b4ebc6dc73331ec112669a08fb1e2a056cd9e76e4b7b55a9364bfaf7941aa6,1196eac89c08c90cc8256f0b840ee74d2a64a14cef04c2ecde3f9d90a38a38a4,a0d0cc033669dfed,a085b18dcc5bcb9e,TIFF,TIFF-LE,1024,1024,RGB,3,8,True,200.4424533843994,47.534405620712505,0.3195991516113281,3.719329833984375e-05,5.088272425637785,,False,False,False,False,False,False,PASS,True,
Case-48-P5-C15-13694-12591,Case-48-P5-C15-13694-12591,Case 48 - P5 C15-13694-12591,http://pathdb.cancerimagingarchive.net/system/files/wsi/ross/Osteosarcoma-UT/converted/Osteosarcoma-UT/Training-Set-2/set7/Case-48-P5-C15-13694-12591.tiff,Case-48,Viable,VIABLE_TUMOR,TRUE,False,RETRIEVED,200,C:\Users\enkso\.kiro\crew\scratch\runtime-0a306834\osteopatch_full_ingestion\tiffs\Case-48-P5-C15-13694-12591.tiff,399250,d52dd087b77af15f5ffea6fcf692cf2027ed862cef6bbbcb0c317261d56f98d2,37c8f67384d24c84bfa9da962a55517811c87180a9d417fbfb3d6e3af5aa7b6c,f245694ecdccd88c,628e9c6cab594d17,TIFF,TIFF-LE,1024,1024,RGB,3,8,True,167.68590927124023,55.20642338129576,0.1742382049560547,1.9073486328125e-05,7.462840336347546,,False,False,False,False,False,False,PASS,True,
Case-48-P5-C15-14907-22432,Case-48-P5-C15-14907-22432,Case 48 - P5 C15-14907-22432,http://pathdb.cancerimagingarchive.net/system/files/wsi/ross/Osteosarcoma-UT/converted/Osteosarcoma-UT/Training-Set-2/set7/Case-48-P5-C15-14907-22432.tiff,Case-48,Non-Tumor,NON_TUMOR,TRUE,False,RETRIEVED,200,C:\Users\enkso\.kiro\crew\scratch\runtime-0a306834\osteopatch_full_ingestion\tiffs\Case-48-P5-C15-14907-22432.tiff,141804,0038ffdd3dbec1cbe802d4d0d500951b921a263648492e48878727aa154552d0,0e30edb1873b3512202e0fb2eeb8956555eaf8b8faf1f9638aa2ff3a9218df2e,87f4ecf18005ff22,262c64c65a5ce667,TIFF,TIFF-LE,1024,1024,RGB,3,8,True,80.64643478393555,13.796096701413482,0.0005435943603515625,0.00011539459228515625,5.6143742187374155,,False,False,False,False,False,False,PASS,True,
Case-48-P5-C15-15457-16306,Case-48-P5-C15-15457-16306,Case 48 - P5 C15-15457-16306,http://pathdb.cancerimagingarchive.net/system/files/wsi/ross/Osteosarcoma-UT/converted/Osteosarcoma-UT/Training-Set-2/set7/Case-48-P5-C15-15457-16306.tiff,Case-48,Viable,VIABLE_TUMOR,TRUE,False,RETRIEVED,200,C:\Users\enkso\.kiro\crew\scratch\runtime-0a306834\osteopatch_full_ingestion\tiffs\Case-48-P5-C15-15457-16306.tiff,351562,789348a9965215b917400c424ae8c35e6f255b835bd056adcf858157eb20f787,4b2353d0b1cdbd22fb20f6c8944dd9c5ecd07e3a7a4e874142fa50f0cc8b8155,a955b4ae4aa44eb9,279ad295d9a39633,TIFF,TIFF-LE,1024,1024,RGB,3,8,True,169.6749029159546,57.1151610482777,0.23081588745117188,1.430511474609375e-05,7.192907757264611,,False,False,False,False,False,False,PASS,True,
Case-48-P5-C15-16934-23981,Case-48-P5-C15-16934-23981,Case 48 - P5 C15-16934-23981,http://pathdb.cancerimagingarchive.net/system/files/wsi/ross/Osteosarcoma-UT/converted/Osteosarcoma-UT/Training-Set-2/set7/Case-48-P5-C15-16934-23981.tiff,Case-48,Non-Tumor,NON_TUMOR,TRUE,False,RETRIEVED,200,C:\Users\enkso\.kiro\crew\scratch\runtime-0a306834\osteopatch_full_ingestion\tiffs\Case-48-P5-C15-16934-23981.tiff,119258,07583fec9f447e2becdd37c16c3b77bc2eb6ee6e84947ddef903bb4990de784a,9e08d9b8d46a0fb03b591d684e318e5878f94f1ae622b36e1bcd23b4f0aadf0a,b7828792dc2d9791,cccf5e373e1e4e4c,TIFF,TIFF-LE,1024,1024,RGB,3,8,True,68.39313983917236,12.871042558614912,6.961822509765625e-05,5.7220458984375e-05,5.490454611881238,,False,False,False,False,False,False,PASS,True,
Case-48-P5-C15-17885-28625,Case-48-P5-C15-17885-28625,Case 48 - P5 C15-17885-28625,http://pathdb.cancerimagingarchive.net/system/files/wsi/ross/Osteosarcoma-UT/converted/Osteosarcoma-UT/Training-Set-2/set7/Case-48-P5-C15-17885-28625.tiff,Case-48,Non-Tumor,NON_TUMOR,TRUE,False,RETRIEVED,200,C:\Users\enkso\.kiro\crew\scratch\runtime-0a306834\osteopatch_full_ingestion\tiffs\Case-48-P5-C15-17885-28625.tiff,94834,fd670624296191e9d80645b9b4e7cd0f51b9346c7704b989863a908e5fbe0275,37948910ad733d49b1350cac2dbcb3855c7b6477cfcff1b85c807dc1d05e752d,f63614164e4e6753,e41c0fc308081300,TIFF,TIFF-LE,1024,1024,RGB,3,8,True,216.83152103424072,46.31640195690182,0.7029218673706055,9.5367431640625e-07,3.4373124586077117,,False,False,False,False,False,False,PASS,True,
Case-48-P5-C15-18011-21615,Case-48-P5-C15-18011-21615,Case 48 - P5 C15-18011-21615,http://pathdb.cancerimagingarchive.net/system/files/wsi/ross/Osteosarcoma-UT/converted/Osteosarcoma-UT/Training-Set-2/set7/Case-48-P5-C15-18011-21615.tiff,Case-48,Viable,VIABLE_TUMOR,TRUE,False,RETRIEVED,200,C:\Users\enkso\.kiro\crew\scratch\runtime-0a306834\osteopatch_full_ingestion\tiffs\Case-48-P5-C15-18011-21615.tiff,325982,8e0ec8f2b4064a70f684204294214bed9c6c876d945f03d6ef0cdbae1471fca9,d314fa0bbc7830ae04ce2fca76c270a6617ce9daecdbd00ae8a3908bb476c6b8,a187148771d0fcf9,ce4e0319dbad9abf,TIFF,TIFF-LE,1024,1024,RGB,3,8,True,159.01720237731934,54.58890706045524,0.15312576293945312,1.52587890625e-05,7.418430502166589,,False,False,False,False,False,False,PASS,True,
Case-48-P5-C15-23409-12305,Case-48-P5-C15-23409-12305,Case 48 - P5 C15-23409-12305,http://pathdb.cancerimagingarchive.net/system/files/wsi/ross/Osteosarcoma-UT/converted/Osteosarcoma-UT/Training-Set-2/set7/Case-48-P5-C15-23409-12305.tiff,Case-48,Viable,VIABLE_TUMOR,TRUE,False,RETRIEVED,200,C:\Users\enkso\.kiro\crew\scratch\runtime-0a306834\osteopatch_full_ingestion\tiffs\Case-48-P5-C15-23409-12305.tiff,328504,6c5c731b5f2daafb0e4d3f03eb09fcd3720f3a254705346f84e907d5686e4357,a3bcc8dc312258bea98d1ce9e7913ade8afe0f3adc9120450172b6d9df1a93dc,f5db6180eae4126e,123a303137cca687,TIFF,TIFF-LE,1024,1024,RGB,3,8,True,181.7843837738037,43.97531798246594,0.17409229278564453,9.5367431640625e-07,7.178952253270507,,False,False,False,False,False,False,PASS,True,
Case-48-P5-C15-25805-11251,Case-48-P5-C15-25805-11251,Case 48 - P5 C15-25805-11251,http://pathdb.cancerimagingarchive.net/system/files/wsi/ross/Osteosarcoma-UT/converted/Osteosarcoma-UT/Training-Set-2/set7/Case-48-P5-C15-25805-11251.tiff,Case-48,Viable,VIABLE_TUMOR,TRUE,False,RETRIEVED,200,C:\Users\enkso\.kiro\crew\scratch\runtime-0a306834\osteopatch_full_ingestion\tiffs\Case-48-P5-C15-25805-11251.tiff,252696,01e74c580d9d7316ec1803a0b909d6b22ce528700a6a5eaf4d743a6ebe43c0a8,929b60fa12bfda29c8173d9e3b62471131c98519d4085ad6815ff86c2562aab7,e7e4006c738997ba,c7874e870c26a3c9,TIFF,TIFF-LE,1024,1024,RGB,3,8,True,201.38773822784424,48.827676864208094,0.45420169830322266,2.86102294921875e-06,5.998969195950877,,False,False,False,False,False,False,PASS,True,
Case-48-P5-C15-29362-17739,Case-48-P5-C15-29362-17739,Case 48 - P5 C15-29362-17739,http://pathdb.cancerimagingarchive.net/system/files/wsi/ross/Osteosarcoma-UT/converted/Osteosarcoma-UT/Training-Set-2/set7/Case-48-P5-C15-29362-17739.tiff,Case-48,viable: non-viable,,FALSE,True,RETRIEVED,200,C:\Users\enkso\.kiro\crew\scratch\runtime-0a306834\osteopatch_full_ingestion\tiffs\Case-48-P5-C15-29362-17739.tiff,190764,b1ced7c562c25f0068b15f2db9a260010f57cb4face6e5eda895c1e76d3ec0a4,8fc8cd6d71c0ed9acf691653e655ab31fad4acb2d7697ba522deab8a94eb94aa,c9cb3fee190008fe,7353d3d292c2c6b7,TIFF,TIFF-LE,1024,1024,RGB,3,8,True,216.02318382263184,36.80246550450221,0.5344438552856445,0.0,5.340018574961256,,False,False,False,False,False,False,PASS,False,MIXED_VIABLE_NECROTIC (policy: never eligible)
Case-48-P5-C15-32744-24648,Case-48-P5-C15-32744-24648,Case 48 - P5 C15-32744-24648,http://pathdb.cancerimagingarchive.net/system/files/wsi/ross/Osteosarcoma-UT/converted/Osteosarcoma-UT/Training-Set-2/set7/Case-48-P5-C15-32744-24648.tiff,Case-48,viable: non-viable,,FALSE,True,RETRIEVED,200,C:\Users\enkso\.kiro\crew\scratch\runtime-0a306834\osteopatch_full_ingestion\tiffs\Case-48-P5-C15-32744-24648.tiff,240772,3e65ace5dd42b06a65a17647df51874a06c56ee1c4a08a6d47502dde73648125,c42642969a7cd893e36a1870a1eef571ea0f99a7556d5726795c643f29bb820d,945a9b6c49ae569a,f0f8cd9686867e78,TIFF,TIFF-LE,1024,1024,RGB,3,8,True,172.29959869384766,45.55147990086089,0.2178812026977539,0.0,6.624368173409209,,False,False,False,False,False,False,PASS,False,MIXED_VIABLE_NECROTIC (policy: never eligible)
Case-48-P5-C15-33547-25747,Case-48-P5-C15-33547-25747,Case 48 - P5 C15-33547-25747,http://pathdb.cancerimagingarchive.net/system/files/wsi/ross/Osteosarcoma-UT/converted/Osteosarcoma-UT/Training-Set-2/set7/Case-48-P5-C15-33547-25747.tiff,Case-48,viable: non-viable,,FALSE,True,RETRIEVED,200,C:\Users\enkso\.kiro\crew\scratch\runtime-0a306834\osteopatch_full_ingestion\tiffs\Case-48-P5-C15-33547-25747.tiff,255766,5bd9c33b8f0bda18830787318f4f4bb8bfe0b1be47251e11b0ffa356d17a7d8e,b95ccf5f6ad9eba3ca1c77ce355e7b6e4cdcd830c7e93ee64ed6fb5dac804ac0,b35b52e636b31a60,c9dad95987cd8dbd,TIFF,TIFF-LE,1024,1024,RGB,3,8,True,188.14271640777588,50.37144911707875,0.35021018981933594,1.239776611328125e-05,6.498575777220758,,False,False,False,False,False,False,PASS,False,MIXED_VIABLE_NECROTIC (policy: never eligible)
Case-48-P5-C15-36071-7035,Case-48-P5-C15-36071-7035,Case 48 - P5 C15-36071-7035,http://pathdb.cancerimagingarchive.net/system/files/wsi/ross/Osteosarcoma-UT/converted/Osteosarcoma-UT/Training-Set-2/set7/Case-48-P5-C15-36071-7035.tiff,Case-48,viable: non-viable,,FALSE,True,RETRIEVED,200,C:\Users\enkso\.kiro\crew\scratch\runtime-0a306834\osteopatch_full_ingestion\tiffs\Case-48-P5-C15-36071-7035.tiff,278898,8f956f1455c37496ec1440c47d2c92a8fe55cbbfa30c1d18c9d55ae53af94dde,0ebbfffbfca3d9d6e2b5da5c54c03e0d789bf29d8e4c21f799e43055ea255d52,c71d97a1acec4952,5a78713786cf89c7,TIFF,TIFF-LE,1024,1024,RGB,3,8,True,186.77872467041016,55.349801461820206,0.37059783935546875,0.0,6.600942585354673,,False,False,False,False,False,False,PASS,False,MIXED_VIABLE_NECROTIC (policy: never eligible)
Case-48-P5-C15-36624-27407,Case-48-P5-C15-36624-27407,Case 48 - P5 C15-36624-27407,http://pathdb.cancerimagingarchive.net/system/files/wsi/ross/Osteosarcoma-UT/converted/Osteosarcoma-UT/Training-Set-1/set7/Case-48-P5-C15-36624-27407.tiff,Case-48,Viable,VIABLE_TUMOR,TRUE,False,RETRIEVED,200,C:\Users\enkso\.kiro\crew\scratch\runtime-0a306834\osteopatch_full_ingestion\tiffs\Case-48-P5-C15-36624-27407.tiff,366174,567904e8a09e01f6aaf0fbb06a0735c624556958345696756be2f9c9d4ba9035,6654e7ba3a8fd2df7d4e6a56acd47e5ba9d350d5085a2c967a4af808cae9f473,e2e1d4e366e08ad5,8b0bc9c9c9991135,TIFF,TIFF-LE,1024,1024,RGB,3,8,True,174.46660709381104,45.93249925392997,0.17186355590820312,0.0,7.1805173674060825,,False,False,False,False,False,False,PASS,True,
Case-48-P5-C15-37073-10134,Case-48-P5-C15-37073-10134,Case 48 - P5 C15-37073-10134,http://pathdb.cancerimagingarchive.net/system/files/wsi/ross/Osteosarcoma-UT/converted/Osteosarcoma-UT/Training-Set-1/set7/Case-48-P5-C15-37073-10134.tiff,Case-48,Viable,VIABLE_TUMOR,TRUE,False,RETRIEVED,200,C:\Users\enkso\.kiro\crew\scratch\runtime-0a306834\osteopatch_full_ingestion\tiffs\Case-48-P5-C15-37073-10134.tiff,286022,088f176c431934516b972292c19ebdd99042f213de87b96239fef2e4de9b2e6a,91043ec68db5459a0debedbaeed0105db808e7aaf29d322a50d756627de3491a,9573d8536f2c6524,591c2e4f5c9a3034,TIFF,TIFF-LE,1024,1024,RGB,3,8,True,206.11219882965088,50.760932035448064,0.539586067199707,0.0,5.649938447159343,,False,False,False,False,False,False,PASS,True,
Case-48-P5-C15-37609-3244,Case-48-P5-C15-37609-3244,Case 48 - P5 C15-37609-3244,http://pathdb.cancerimagingarchive.net/system/files/wsi/ross/Osteosarcoma-UT/converted/Osteosarcoma-UT/Training-Set-1/set7/Case-48-P5-C15-37609-3244.tiff,Case-48,Viable,VIABLE_TUMOR,TRUE,False,RETRIEVED,200,C:\Users\enkso\.kiro\crew\scratch\runtime-0a306834\osteopatch_full_ingestion\tiffs\Case-48-P5-C15-37609-3244.tiff,172710,038b276d0527a47b0cae34c1bee772283f6b71e7a3fe1c5594c5f70da2e7164f,d134d5719e83623e38f581560ebff006039ddf58a176bc3bb6d535d1aa093ed0,d2a51a6cd38d7265,10100630800765d9,TIFF,TIFF-LE,1024,1024,RGB,3,8,True,218.3867063522339,42.06496086749194,0.6587677001953125,0.0,4.6332176363468625,,False,False,False,False,False,False,PASS,True,
Case-48-P5-C15-38051-19362,Case-48-P5-C15-38051-19362,Case 48 - P5 C15-38051-19362,http://pathdb.cancerimagingarchive.net/system/files/wsi/ross/Osteosarcoma-UT/converted/Osteosarcoma-UT/Training-Set-1/set7/Case-48-P5-C15-38051-19362.tiff,Case-48,Viable,VIABLE_TUMOR,TRUE,False,RETRIEVED,200,C:\Users\enkso\.kiro\crew\scratch\runtime-0a306834\osteopatch_full_ingestion\tiffs\Case-48-P5-C15-38051-19362.tiff,327298,92b74f29fbcd3d7a109a0a3589fa2768b3faf2472021e048a3625330f21d3f3f,58b1b3b8206286774c5bf9d06df767800e3e71123b1e6a03a99911193e05ef4a,fc8148a11eb85db7,8683232b2e123521,TIFF,TIFF-LE,1024,1024,RGB,3,8,True,195.97292518615723,42.05033271542296,0.2730073928833008,2.86102294921875e-06,6.8253603287993085,,False,False,False,False,False,False,PASS,True,
Case-48-P5-C15-38668-29527,Case-48-P5-C15-38668-29527,Case 48 - P5 C15-38668-29527,http://pathdb.cancerimagingarchive.net/system/files/wsi/ross/Osteosarcoma-UT/converted/Osteosarcoma-UT/Training-Set-1/set7/Case-48-P5-C15-38668-29527.tiff,Case-48,Non-Tumor,NON_TUMOR,TRUE,False,RETRIEVED,200,C:\Users\enkso\.kiro\crew\scratch\runtime-0a306834\osteopatch_full_ingestion\tiffs\Case-48-P5-C15-38668-29527.tiff,189366,226b593547577ea07a0f7befc2995967fe93210f078d9ba4e6850b8a886a0cec,5796698da93bb9c36a55cdf92f79ae39246d92ca6e7a0750084f55109220b3e8,d238aed9b37828c3,193cb091d890204d,TIFF,TIFF-LE,1024,1024,RGB,3,8,True,132.45880889892578,11.205430260464029,0.0002040863037109375,0.0,5.435751724094473,,False,False,False,False,False,False,PASS,True,
Case-48-P5-C15-38858-22308,Case-48-P5-C15-38858-22308,Case 48 - P5 C15-38858-22308,http://pathdb.cancerimagingarchive.net/system/files/wsi/ross/Osteosarcoma-UT/converted/Osteosarcoma-UT/Training-Set-1/set7/Case-48-P5-C15-38858-22308.tiff,Case-48,Viable,VIABLE_TUMOR,TRUE,False,RETRIEVED,200,C:\Users\enkso\.kiro\crew\scratch\runtime-0a306834\osteopatch_full_ingestion\tiffs\Case-48-P5-C15-38858-22308.tiff,314006,fe7c214295defea554c6e95ea41a925aa188cf2f71ae8a38eee61b4de99f9f38,ab6f00c2f49e2c3a295bcb342e28381e362ad053211120b64508778d7126ef7c,8aaf505a7f213a55,7163636345d5d4c4,TIFF,TIFF-LE,1024,1024,RGB,3,8,True,182.2162380218506,41.932180141247805,0.1685647964477539,9.5367431640625e-07,7.101548313723904,,False,False,False,False,False,False,PASS,True,
Case-48-P5-C15-40502-3547,Case-48-P5-C15-40502-3547,Case 48 - P5 C15-40502-3547,http://pathdb.cancerimagingarchive.net/system/files/wsi/ross/Osteosarcoma-UT/converted/Osteosarcoma-UT/Training-Set-1/set7/Case-48-P5-C15-40502-3547.tiff,Case-48,Viable,VIABLE_TUMOR,TRUE,False,RETRIEVED,200,C:\Users\enkso\.kiro\crew\scratch\runtime-0a306834\osteopatch_full_ingestion\tiffs\Case-48-P5-C15-40502-3547.tiff,383876,efebf431a9d8bb18c7512f702e934bf76ff88f4379ed162cfe230095ec64d666,b163b99755155a6b34458989facd501d9a653c5f0771c07d6bcdcbdfaee099ae,c10115224bebfefa,c8e839cbb185c6d2,TIFF,TIFF-LE,1024,1024,RGB,3,8,True,186.6962432861328,39.595299957233095,0.13729381561279297,0.0,7.181751759437094,,False,False,False,False,False,False,PASS,True,
Case-48-P5-C15-41629-16134,Case-48-P5-C15-41629-16134,Case 48 - P5 C15-41629-16134,http://pathdb.cancerimagingarchive.net/system/files/wsi/ross/Osteosarcoma-UT/converted/Osteosarcoma-UT/Training-Set-1/set7/Case-48-P5-C15-41629-16134.tiff,Case-48,Viable,VIABLE_TUMOR,TRUE,False,RETRIEVED,200,C:\Users\enkso\.kiro\crew\scratch\runtime-0a306834\osteopatch_full_ingestion\tiffs\Case-48-P5-C15-41629-16134.tiff,198170,0786ed79ea935d54b4be9fbf8b574667f77848978f88ec92e83da93ab9e46964,c82de1d1cf01bbae2cc83fc8a9d915b4cfe3cc760ff400e80810b80e5d58f20c,90c9fde2c30f1d38,82d131fc9d1faeac,TIFF,TIFF-LE,1024,1024,RGB,3,8,True,208.8523416519165,42.914281160532575,0.5027189254760742,0.0,5.336172166981506,,False,False,False,False,False,False,PASS,True,
Case-48-P5-C15-42605-29137,Case-48-P5-C15-42605-29137,Case 48 - P5 C15-42605-29137,http://pathdb.cancerimagingarchive.net/system/files/wsi/ross/Osteosarcoma-UT/converted/Osteosarcoma-UT/Training-Set-1/set7/Case-48-P5-C15-42605-29137.tiff,Case-48,Non-Tumor,NON_TUMOR,TRUE,False,RETRIEVED,200,C:\Users\enkso\.kiro\crew\scratch\runtime-0a306834\osteopatch_full_ingestion\tiffs\Case-48-P5-C15-42605-29137.tiff,188202,65f68c8e71a95b358fd3459e098cea6075351cd33723a48e76b738bb71dad760,132fb02dec8ce276b43da532d2cf50ce3100c1682713ea01b8662b43ab4a4505,8782a4ac0fed3537,ccccdd5958565678,TIFF,TIFF-LE,1024,1024,RGB,3,8,True,137.8208885192871,21.184539604185293,0.0012912750244140625,0.0007171630859375,5.769804773801427,,False,False,False,False,False,False,PASS,True,
Case-48-P5-C15-42793-18458,Case-48-P5-C15-42793-18458,Case 48 - P5 C15-42793-18458,http://pathdb.cancerimagingarchive.net/system/files/wsi/ross/Osteosarcoma-UT/converted/Osteosarcoma-UT/Training-Set-1/set7/Case-48-P5-C15-42793-18458.tiff,Case-48,Viable,VIABLE_TUMOR,TRUE,False,RETRIEVED,200,C:\Users\enkso\.kiro\crew\scratch\runtime-0a306834\osteopatch_full_ingestion\tiffs\Case-48-P5-C15-42793-18458.tiff,279598,a50aee99bf496a011fed18cfb3d54c5933109e7b3d89bfa13aad9296fb845d45,3a3b46e72ecb03a093a3ab644df0614fb8ee3591093f65e409faec792d426dcf,f0e20fddb8a855a8,41cd859e18303536,TIFF,TIFF-LE,1024,1024,RGB,3,8,True,174.17843055725098,53.37380908646621,0.2467975616455078,0.0,6.958955532910476,,False,False,False,False,False,False,PASS,True,
Case-48-P5-C15-45773-17581,Case-48-P5-C15-45773-17581,Case 48 - P5 C15-45773-17581,http://pathdb.cancerimagingarchive.net/system/files/wsi/ross/Osteosarcoma-UT/converted/Osteosarcoma-UT/Training-Set-1/set7/Case-48-P5-C15-45773-17581.tiff,Case-48,Viable,VIABLE_TUMOR,TRUE,False,RETRIEVED,200,C:\Users\enkso\.kiro\crew\scratch\runtime-0a306834\osteopatch_full_ingestion\tiffs\Case-48-P5-C15-45773-17581.tiff,227402,0e5b0a3e5b062dde0d825af7f7e5903cd77fde70aa596f705a17f187e30fbc55,4e18799efb7773c23e4d60ead607b0d73d7906681d785858e4f8020d105ea0a6,bdd8e241d28163ed,903337303232161d,TIFF,TIFF-LE,1024,1024,RGB,3,8,True,179.60804557800293,47.23355281601898,0.2875957489013672,0.0,6.4381408628910535,,False,False,False,False,False,False,PASS,True,
Case-48-P5-C15-48711-15150,Case-48-P5-C15-48711-15150,Case 48 - P5 C15-48711-15150,http://pathdb.cancerimagingarchive.net/system/files/wsi/ross/Osteosarcoma-UT/converted/Osteosarcoma-UT/Training-Set-1/set7/Case-48-P5-C15-48711-15150.tiff,Case-48,Viable,VIABLE_TUMOR,TRUE,False,RETRIEVED,200,C:\Users\enkso\.kiro\crew\scratch\runtime-0a306834\osteopatch_full_ingestion\tiffs\Case-48-P5-C15-48711-15150.tiff,261048,247655e5b47183550589de01be00d13e2cd7b3d51de2a2dd29a4add05338fabc,5dad4428909ce17f45161d864f9919ea7623fa189de041345a348f3362fa6fe0,8ec6acccc537368a,c4e54d4cf17553e3,TIFF,TIFF-LE,1024,1024,RGB,3,8,True,208.79038047790527,41.348846481380484,0.47139835357666016,0.0,5.876445964741997,,False,False,False,False,False,False,PASS,True,
Case-48-P5-C15-48775-26545,Case-48-P5-C15-48775-26545,Case 48 - P5 C15-48775-26545,http://pathdb.cancerimagingarchive.net/system/files/wsi/ross/Osteosarcoma-UT/converted/Osteosarcoma-UT/Training-Set-1/set7/Case-48-P5-C15-48775-26545.tiff,Case-48,Viable,VIABLE_TUMOR,TRUE,False,RETRIEVED,200,C:\Users\enkso\.kiro\crew\scratch\runtime-0a306834\osteopatch_full_ingestion\tiffs\Case-48-P5-C15-48775-26545.tiff,215034,14f64647e7baefacafdb39668b5af17d87380fac914858775077b46e65b77696,85e38d5604cfceb1d388f444e52b8f7ee84d74539c30e5368724548c9159f247,9e57c23af09cac46,5c4820383c3f72e4,TIFF,TIFF-LE,1024,1024,RGB,3,8,True,188.52837562561035,54.68898892113439,0.43376922607421875,3.719329833984375e-05,5.797154952366416,,False,False,False,False,False,False,PASS,True,
Case-48-P5-C15-48808-15798,Case-48-P5-C15-48808-15798,Case 48 - P5 C15-48808-15798,http://pathdb.cancerimagingarchive.net/system/files/wsi/ross/Osteosarcoma-UT/converted/Osteosarcoma-UT/Training-Set-1/set7/Case-48-P5-C15-48808-15798.tiff,Case-48,Viable,VIABLE_TUMOR,TRUE,False,RETRIEVED,200,C:\Users\enkso\.kiro\crew\scratch\runtime-0a306834\osteopatch_full_ingestion\tiffs\Case-48-P5-C15-48808-15798.tiff,301202,c727055181e79f8a92d6048f19c8952efe8f2fd11a36c7ffa16a32be5850a605,0cc66ec87fdd207e065ae377f4e6ddc0f7fa92025640aa7d83e84283d698871b,85a5535aaa53ea4d,cab6c6d6b7e45ce9,TIFF,TIFF-LE,1024,1024,RGB,3,8,True,205.78239154815674,40.09268828488298,0.3987855911254883,9.5367431640625e-07,6.360423385852476,,False,False,False,False,False,False,PASS,True,
Case-48-P5-C15-49012-23798,Case-48-P5-C15-49012-23798,Case 48 - P5 C15-49012-23798,http://pathdb.cancerimagingarchive.net/system/files/wsi/ross/Osteosarcoma-UT/converted/Osteosarcoma-UT/Training-Set-1/set7/Case-48-P5-C15-49012-23798.tiff,Case-48,Viable,VIABLE_TUMOR,TRUE,False,RETRIEVED,200,C:\Users\enkso\.kiro\crew\scratch\runtime-0a306834\osteopatch_full_ingestion\tiffs\Case-48-P5-C15-49012-23798.tiff,343046,ecd88a35e1fd5aa8ee032bcf5e8971f575e6b5746b58b3093186b3c49b47a1f5,4de6c55a683f1f48cc6ea078f15a3fe86dc9e45f5162a612285259eefd1bf7e8,f1f1b89c4a4ca696,90184ec3c9ce92a1,TIFF,TIFF-LE,1024,1024,RGB,3,8,True,180.17957305908203,41.059217732453185,0.12432003021240234,1.9073486328125e-06,7.232334527841058,,False,False,False,False,False,False,PASS,True,
Case-48-P5-C15-7821-18054,Case-48-P5-C15-7821-18054,Case 48 - P5 C15-7821-18054,http://pathdb.cancerimagingarchive.net/system/files/wsi/ross/Osteosarcoma-UT/converted/Osteosarcoma-UT/Training-Set-2/set7/Case-48-P5-C15-7821-18054.tiff,Case-48,Non-Tumor,NON_TUMOR,TRUE,False,RETRIEVED,200,C:\Users\enkso\.kiro\crew\scratch\runtime-0a306834\osteopatch_full_ingestion\tiffs\Case-48-P5-C15-7821-18054.tiff,146920,4151f944812119f7279cdd2da687b22bf2ff70ac6d403d6f3166010bca9e46ea,94c0ce4bdfbbc90c7f2c9a9dc14454c7b6ad5579b45f254f0529d999a6d2c99e,d90f426ede218d1b,4040502020019000,TIFF,TIFF-LE,1024,1024,RGB,3,8,True,109.96238422393799,18.340908612156266,0.000606536865234375,4.76837158203125e-06,6.168159135678294,,False,False,False,False,False,False,PASS,True,
Case-48-P5-C15-8356-11851,Case-48-P5-C15-8356-11851,Case 48 - P5 C15-8356-11851,http://pathdb.cancerimagingarchive.net/system/files/wsi/ross/Osteosarcoma-UT/converted/Osteosarcoma-UT/Training-Set-2/set7/Case-48-P5-C15-8356-11851.tiff,Case-48,Non-Tumor,NON_TUMOR,TRUE,False,RETRIEVED,200,C:\Users\enkso\.kiro\crew\scratch\runtime-0a306834\osteopatch_full_ingestion\tiffs\Case-48-P5-C15-8356-11851.tiff,118110,62506693b70e063465cddb4c5dac7964c00c956972e069584acdf630a25a631f,f594b37626c4fc7aefa238a9bd1559063c1817feeb7758532dd907621d694aaa,e699366b8c7b5482,8000041aa4464e44,TIFF,TIFF-LE,1024,1024,RGB,3,8,True,223.46777439117432,46.40603079762127,0.7793703079223633,0.00010776519775390625,2.87500360367833,LOW_INFORMATION,False,False,False,False,False,True,REVIEW,False,image QC status REVIEW
Case-48-P5-C15-9871-11637,Case-48-P5-C15-9871-11637,Case 48 - P5 C15-9871-11637,http://pathdb.cancerimagingarchive.net/system/files/wsi/ross/Osteosarcoma-UT/converted/Osteosarcoma-UT/Training-Set-2/set7/Case-48-P5-C15-9871-11637.tiff,Case-48,Viable,VIABLE_TUMOR,TRUE,False,RETRIEVED,200,C:\Users\enkso\.kiro\crew\scratch\runtime-0a306834\osteopatch_full_ingestion\tiffs\Case-48-P5-C15-9871-11637.tiff,139848,e900d93234a1aeae360a571dee854002f145509bedc2c55007c4a77ef62838b6,2363a1bfed6bea0b4ba661c845ec11a74b86d6897b1ff526a93fef689785f6e8,f48a15ef9a354a98,0000000ae504163c,TIFF,TIFF-LE,1024,1024,RGB,3,8,True,221.67021083831787,48.786358083250185,0.7645168304443359,1.33514404296875e-05,3.1407792883106715,,False,False,False,False,False,False,PASS,True,
Case-48-P5-C16-12239-11981,Case-48-P5-C16-12239-11981,Case 48 - P5 C16-12239-11981,http://pathdb.cancerimagingarchive.net/system/files/wsi/ross/Osteosarcoma-UT/converted/Osteosarcoma-UT/Training-Set-2/set7/Case-48-P5-C16-12239-11981.tiff,Case-48,Viable,VIABLE_TUMOR,TRUE,False,RETRIEVED,200,C:\Users\enkso\.kiro\crew\scratch\runtime-0a306834\osteopatch_full_ingestion\tiffs\Case-48-P5-C16-12239-11981.tiff,275682,21a354903670430ec25ff416af3aec96b1b382f207a0afac1de17db5faa96c65,5bfff754c70cc509d6fbbf92b2bb7b7ef9f9f89752813cbee79f1ba768103002,ec3bf340c20753a7,8b2b6777f4a4a72f,TIFF,TIFF-LE,1024,1024,RGB,3,8,True,152.3587245941162,58.21693464055623,0.20388507843017578,2.384185791015625e-05,6.968482642391642,,False,False,False,False,False,False,PASS,True,
Case-48-P5-C16-14238-13009,Case-48-P5-C16-14238-13009,Case 48 - P5 C16-14238-13009,http://pathdb.cancerimagingarchive.net/system/files/wsi/ross/Osteosarcoma-UT/converted/Osteosarcoma-UT/Training-Set-2/set7/Case-48-P5-C16-14238-13009.tiff,Case-48,Viable,VIABLE_TUMOR,TRUE,False,RETRIEVED,200,C:\Users\enkso\.kiro\crew\scratch\runtime-0a306834\osteopatch_full_ingestion\tiffs\Case-48-P5-C16-14238-13009.tiff,429406,cadf466274528e13c1754f0783ca033c239212774ec0d4207c3582473db6b005,98436c2822c58a88f4189f7db7bc0fbb244b549797891aaca07aaf664e337105,90d6db839553e0f8,5828a5a4a4d59912,TIFF,TIFF-LE,1024,1024,RGB,3,8,True,168.86726188659668,55.03852747346845,0.1781759262084961,1.1444091796875e-05,7.443257096064528,,False,False,False,False,False,False,PASS,True,
Case-48-P5-C16-14955-12886,Case-48-P5-C16-14955-12886,Case 48 - P5 C16-14955-12886,http://pathdb.cancerimagingarchive.net/system/files/wsi/ross/Osteosarcoma-UT/converted/Osteosarcoma-UT/Training-Set-2/set7/Case-48-P5-C16-14955-12886.tiff,Case-48,Viable,VIABLE_TUMOR,TRUE,False,RETRIEVED,200,C:\Users\enkso\.kiro\crew\scratch\runtime-0a306834\osteopatch_full_ingestion\tiffs\Case-48-P5-C16-14955-12886.tiff,401046,2311926ba0941d81141107f0b188e9bc1a046ff33c33eec002ce910460032f53,e96a8b4d5d07116d833c8cf2ba8e29de8cf0bd4a97e2fd0f9fd8f15e009d0e6e,ee6495f6b9468922,4c24666d296564da,TIFF,TIFF-LE,1024,1024,RGB,3,8,True,171.3212184906006,58.20382904278691,0.2385549545288086,2.956390380859375e-05,7.254152738335665,,False,False,False,False,False,False,PASS,True,
Case-48-P5-C16-15926-10929,Case-48-P5-C16-15926-10929,Case 48 - P5 C16-15926-10929,http://pathdb.cancerimagingarchive.net/system/files/wsi/ross/Osteosarcoma-UT/converted/Osteosarcoma-UT/Training-Set-2/set7/Case-48-P5-C16-15926-10929.tiff,Case-48,Viable,VIABLE_TUMOR,TRUE,False,RETRIEVED,200,C:\Users\enkso\.kiro\crew\scratch\runtime-0a306834\osteopatch_full_ingestion\tiffs\Case-48-P5-C16-15926-10929.tiff,269776,77de41af8861f6371457d64a4d590b8174991e068736d68b646fc943a6c29b0a,a12d327932023b0d3faaa33d22e204a99f26cfcd2df81b4e9c91521f081f997f,b5e48d11f0510eef,b662e70d0ddb9abb,TIFF,TIFF-LE,1024,1024,RGB,3,8,True,164.64414882659912,60.3341425177951,0.2836875915527344,1.811981201171875e-05,6.647491990965328,,False,False,False,False,False,False,PASS,True,
Case-48-P5-C16-16775-22744,Case-48-P5-C16-16775-22744,Case 48 - P5 C16-16775-22744,http://pathdb.cancerimagingarchive.net/system/files/wsi/ross/Osteosarcoma-UT/converted/Osteosarcoma-UT/Training-Set-2/set7/Case-48-P5-C16-16775-22744.tiff,Case-48,Non-Tumor,NON_TUMOR,TRUE,False,RETRIEVED,200,C:\Users\enkso\.kiro\crew\scratch\runtime-0a306834\osteopatch_full_ingestion\tiffs\Case-48-P5-C16-16775-22744.tiff,151200,c742710831d7b0e123a2961dc557dd38cab4068021786467a8ab3270f2093fc3,04d63332c3d2235d74c7022e05e52886077a736ac9caa97a9774ec90fc1f5a38,81f1a90ab5ab5ccd,929092bcf4f1e3f2,TIFF,TIFF-LE,1024,1024,RGB,3,8,True,92.99835395812988,16.570799886581284,0.00021457672119140625,7.82012939453125e-05,6.0412464868391265,,False,False,False,False,False,False,PASS,True,
Case-48-P5-C16-20627-20759,Case-48-P5-C16-20627-20759,Case 48 - P5 C16-20627-20759,http://pathdb.cancerimagingarchive.net/system/files/wsi/ross/Osteosarcoma-UT/converted/Osteosarcoma-UT/Training-Set-2/set7/Case-48-P5-C16-20627-20759.tiff,Case-48,Viable,VIABLE_TUMOR,TRUE,False,RETRIEVED,200,C:\Users\enkso\.kiro\crew\scratch\runtime-0a306834\osteopatch_full_ingestion\tiffs\Case-48-P5-C16-20627-20759.tiff,309680,846df715e3255d093eb12ada9234db29aa70476c3ee07c44848a276b134029ca,2ba269ff4de84f28d074a16e8da17e7ff7210df0a924774a1a6871f92d23debf,da1a57bdfab81081,28599199db116244,TIFF,TIFF-LE,1024,1024,RGB,3,8,True,157.49956893920898,51.041589588181246,0.11616230010986328,4.673004150390625e-05,7.4586441488009365,,False,False,False,False,False,False,PASS,True,
Case-48-P5-C16-22496-8538,Case-48-P5-C16-22496-8538,Case 48 - P5 C16-22496-8538,http://pathdb.cancerimagingarchive.net/system/files/wsi/ross/Osteosarcoma-UT/converted/Osteosarcoma-UT/Training-Set-2/set7/Case-48-P5-C16-22496-8538.tiff,Case-48,Viable,VIABLE_TUMOR,TRUE,False,RETRIEVED,200,C:\Users\enkso\.kiro\crew\scratch\runtime-0a306834\osteopatch_full_ingestion\tiffs\Case-48-P5-C16-22496-8538.tiff,159958,f02d5f96f6734f8d569f5a9fba861993e6310b0d8ee41914df317cc2d77f5725,f8d18a576de1e081ddf01498be406571b3e5461dcdc1320fad2eaedcab4ac16f,fa8e11b706d81fc1,000811a54d1d9992,TIFF,TIFF-LE,1024,1024,RGB,3,8,True,206.33913898468018,51.349525547233746,0.5771064758300781,1.33514404296875e-05,4.614501694196703,,False,False,False,False,False,False,PASS,True,
Case-48-P5-C16-25369-21517,Case-48-P5-C16-25369-21517,Case 48 - P5 C16-25369-21517,http://pathdb.cancerimagingarchive.net/system/files/wsi/ross/Osteosarcoma-UT/converted/Osteosarcoma-UT/Training-Set-2/set7/Case-48-P5-C16-25369-21517.tiff,Case-48,Viable,VIABLE_TUMOR,TRUE,False,RETRIEVED,200,C:\Users\enkso\.kiro\crew\scratch\runtime-0a306834\osteopatch_full_ingestion\tiffs\Case-48-P5-C16-25369-21517.tiff,324150,deaab3aa9275e1236c876772557c98b0e1cea36e4580451b3272ddee8cab4e3d,dec748bdcae39bbbe7f35a80afa853638190c22810149f1a2d4d4e485e5cce64,d782e804fc06f78b,d4e948645044c113,TIFF,TIFF-LE,1024,1024,RGB,3,8,True,175.0524673461914,47.78961297523347,0.19767475128173828,6.67572021484375e-06,7.15228043579884,,False,False,False,False,False,False,PASS,True,
Case-48-P5-C16-26938-16149,Case-48-P5-C16-26938-16149,Case 48 - P5 C16-26938-16149,http://pathdb.cancerimagingarchive.net/system/files/wsi/ross/Osteosarcoma-UT/converted/Osteosarcoma-UT/Training-Set-2/set7/Case-48-P5-C16-26938-16149.tiff,Case-48,Viable,VIABLE_TUMOR,TRUE,False,RETRIEVED,200,C:\Users\enkso\.kiro\crew\scratch\runtime-0a306834\osteopatch_full_ingestion\tiffs\Case-48-P5-C16-26938-16149.tiff,231326,5504fa1c561371d215efe2c8a8b62fcf5c78c95d0297412203efc7b204c1a137,5f95535f24912d85a7ec9f53d09e58609affb883bc45ef58af1515c156fab11a,bfb98c4586739a41,1a17594dd2a204e5,TIFF,TIFF-LE,1024,1024,RGB,3,8,True,137.0683822631836,51.458933898534546,0.1201486587524414,1.811981201171875e-05,6.960143354818217,,False,False,False,False,False,False,PASS,True,
Case-48-P5-C16-29805-9678,Case-48-P5-C16-29805-9678,Case 48 - P5 C16-29805-9678,http://pathdb.cancerimagingarchive.net/system/files/wsi/ross/Osteosarcoma-UT/converted/Osteosarcoma-UT/Training-Set-2/set7/Case-48-P5-C16-29805-9678.tiff,Case-48,Viable,VIABLE_TUMOR,TRUE,False,RETRIEVED,200,C:\Users\enkso\.kiro\crew\scratch\runtime-0a306834\osteopatch_full_ingestion\tiffs\Case-48-P5-C16-29805-9678.tiff,299056,b710dfc84d8169ef0c8b09c7efbdf3c2b579fa2e8eeb37269406bcabadc2712e,27cfcfc531a268629328f1ad2c3fd236efe1704a232aabeac38a670b8714b59d,c8ce8bdb52da5342,79f2a635ccd8f1f9,TIFF,TIFF-LE,1024,1024,RGB,3,8,True,191.66714763641357,36.71650010424394,0.17948246002197266,1.811981201171875e-05,6.871439452784781,,False,False,False,False,False,False,PASS,True,
Case-48-P5-C16-31710-28486,Case-48-P5-C16-31710-28486,Case 48 - P5 C16-31710-28486,http://pathdb.cancerimagingarchive.net/system/files/wsi/ross/Osteosarcoma-UT/converted/Osteosarcoma-UT/Training-Set-2/set7/Case-48-P5-C16-31710-28486.tiff,Case-48,Non-Tumor,NON_TUMOR,TRUE,False,RETRIEVED,200,C:\Users\enkso\.kiro\crew\scratch\runtime-0a306834\osteopatch_full_ingestion\tiffs\Case-48-P5-C16-31710-28486.tiff,165112,955417eff99255f9bca8ae36718e5c427b18071e31d66e3a6389074054df30d5,47896de10ca8a319a9969ac552e192301663d6d2a7a80101683099302bd636cd,a695d24b65a47569,4daebe8e2747e7e7,TIFF,TIFF-LE,1024,1024,RGB,3,8,True,163.25043964385986,47.80676163586337,0.2224140167236328,1.430511474609375e-05,5.9482509007865625,,False,False,False,False,False,False,PASS,True,
Case-48-P5-C16-36447-8166,Case-48-P5-C16-36447-8166,Case 48 - P5 C16-36447-8166,http://pathdb.cancerimagingarchive.net/system/files/wsi/ross/Osteosarcoma-UT/converted/Osteosarcoma-UT/Training-Set-2/set7/Case-48-P5-C16-36447-8166.tiff,Case-48,viable: non-viable,,FALSE,True,RETRIEVED,200,C:\Users\enkso\.kiro\crew\scratch\runtime-0a306834\osteopatch_full_ingestion\tiffs\Case-48-P5-C16-36447-8166.tiff,375772,4fad75bbc955daf9c01d3ca8049422ebdc901cc81855e63fa855aa626f5c5ffd,8087406b2ccd2a326e3874a75f1de6c926445711559814ba59c3f33b25a95e17,e101029f9f0c7ff1,d49e82a752628d27,TIFF,TIFF-LE,1024,1024,RGB,3,8,True,181.96099758148193,51.4752454791493,0.2520923614501953,0.0,7.216314648880168,,False,False,False,False,False,False,PASS,False,MIXED_VIABLE_NECROTIC (policy: never eligible)
Case-48-P5-C16-37581-7845,Case-48-P5-C16-37581-7845,Case 48 - P5 C16-37581-7845,http://pathdb.cancerimagingarchive.net/system/files/wsi/ross/Osteosarcoma-UT/converted/Osteosarcoma-UT/Training-Set-2/set7/Case-48-P5-C16-37581-7845.tiff,Case-48,viable: non-viable,,FALSE,True,RETRIEVED,200,C:\Users\enkso\.kiro\crew\scratch\runtime-0a306834\osteopatch_full_ingestion\tiffs\Case-48-P5-C16-37581-7845.tiff,260858,64792802caa0d3844d7b7f9614a5fb05d124ebadf9e7c400bc67edab7e3c304f,79839a280b76a8eda88129dee736ae5cd879bc7ad9488860ce2238ec9f51d661,b995c5948ae8a5ab,94181a1b19bc99cb,TIFF,TIFF-LE,1024,1024,RGB,3,8,True,172.57486629486084,55.662125109952754,0.27145957946777344,1.9073486328125e-06,6.9650573432802965,,False,False,False,False,False,False,PASS,False,MIXED_VIABLE_NECROTIC (policy: never eligible)
Case-48-P5-C16-38254-8571,Case-48-P5-C16-38254-8571,Case 48 - P5 C16-38254-8571,http://pathdb.cancerimagingarchive.net/system/files/wsi/ross/Osteosarcoma-UT/converted/Osteosarcoma-UT/Training-Set-2/set7/Case-48-P5-C16-38254-8571.tiff,Case-48,viable: non-viable,,FALSE,True,RETRIEVED,200,C:\Users\enkso\.kiro\crew\scratch\runtime-0a306834\osteopatch_full_ingestion\tiffs\Case-48-P5-C16-38254-8571.tiff,270564,b0254c5eb3bdea3e57ca0ee5c463434b8b33257784d58495548c5ebe92568523,f31f62e067f0b81a84797a10f4340ae7005c0bee6615cb5b77f6e00cf300375c,ce071ef9ad1421dc,6361e0e462993569,TIFF,TIFF-LE,1024,1024,RGB,3,8,True,196.30736923217773,51.18144921481889,0.4270925521850586,0.0,6.277401521206796,,False,False,False,False,False,False,PASS,False,MIXED_VIABLE_NECROTIC (policy: never eligible)
Case-48-P5-C16-39161-16929,Case-48-P5-C16-39161-16929,Case 48 - P5 C16-39161-16929,http://pathdb.cancerimagingarchive.net/system/files/wsi/ross/Osteosarcoma-UT/converted/Osteosarcoma-UT/Training-Set-1/set7/Case-48-P5-C16-39161-16929.tiff,Case-48,Viable,VIABLE_TUMOR,TRUE,False,RETRIEVED,200,C:\Users\enkso\.kiro\crew\scratch\runtime-0a306834\osteopatch_full_ingestion\tiffs\Case-48-P5-C16-39161-16929.tiff,303884,8d6bd80c70d7e8d9a5a2432dc84bec87202ff0b1290fecdba5f9982405ee20a8,dd2169b04fead8451d1b14b5169c66714ec124394a1d945d6346769d6774a074,c25c03f21de6f90e,959485469688cccf,TIFF,TIFF-LE,1024,1024,RGB,3,8,True,187.42956447601318,46.84559679462392,0.2603874206542969,0.0,6.919767061128132,,False,False,False,False,False,False,PASS,True,
Case-48-P5-C16-39748-2743,Case-48-P5-C16-39748-2743,Case 48 - P5 C16-39748-2743,http://pathdb.cancerimagingarchive.net/system/files/wsi/ross/Osteosarcoma-UT/converted/Osteosarcoma-UT/Training-Set-1/set7/Case-48-P5-C16-39748-2743.tiff,Case-48,Viable,VIABLE_TUMOR,TRUE,False,RETRIEVED,200,C:\Users\enkso\.kiro\crew\scratch\runtime-0a306834\osteopatch_full_ingestion\tiffs\Case-48-P5-C16-39748-2743.tiff,140326,4945afcc8232f3c048c7c04947f9d4f94c4100f6a4ba244dc63567e29cb5e5b3,22c28fff5291c90aa46e2ee8c46f3c5ac08437dc4e7518bb44a1da51ca7a5433,d98e338c794e9833,0006091193721199,TIFF,TIFF-LE,1024,1024,RGB,3,8,True,222.2352590560913,42.61593428211449,0.730616569519043,0.0,3.566902327806141,,False,False,False,False,False,False,PASS,True,
Case-48-P5-C16-42343-20669,Case-48-P5-C16-42343-20669,Case 48 - P5 C16-42343-20669,http://pathdb.cancerimagingarchive.net/system/files/wsi/ross/Osteosarcoma-UT/converted/Osteosarcoma-UT/Training-Set-1/set7/Case-48-P5-C16-42343-20669.tiff,Case-48,Viable,VIABLE_TUMOR,TRUE,False,RETRIEVED,200,C:\Users\enkso\.kiro\crew\scratch\runtime-0a306834\osteopatch_full_ingestion\tiffs\Case-48-P5-C16-42343-20669.tiff,295818,20630fac3941552630a79b07901e700db2f6b79adc4800af5e5b8cdeba55e403,41274bebfdfc5afd93b28a8e7419df6393674a2eb981592a77bf3f6db1988049,c3068460f0f8f9fe,c6cc43d3c5c8cbd3,TIFF,TIFF-LE,1024,1024,RGB,3,8,True,191.37037754058838,45.022884990711,0.29883861541748047,2.86102294921875e-06,6.596521924304707,,False,False,False,False,False,False,PASS,True,
Case-48-P5-C16-43159-11972,Case-48-P5-C16-43159-11972,Case 48 - P5 C16-43159-11972,http://pathdb.cancerimagingarchive.net/system/files/wsi/ross/Osteosarcoma-UT/converted/Osteosarcoma-UT/Training-Set-1/set7/Case-48-P5-C16-43159-11972.tiff,Case-48,Viable,VIABLE_TUMOR,TRUE,False,RETRIEVED,200,C:\Users\enkso\.kiro\crew\scratch\runtime-0a306834\osteopatch_full_ingestion\tiffs\Case-48-P5-C16-43159-11972.tiff,241188,3cdb6551e4615d8061860d0a7c1b689b3442a9711241e27d04700071b797f47b,d650d4926b3f0a749becc44d7c0a443c65d5ba2dc08a9a099dc33a4c839d3dce,be244b131ece53d8,6d36362438597b37,TIFF,TIFF-LE,1024,1024,RGB,3,8,True,170.44070053100586,56.77091717805991,0.2606782913208008,1.9073486328125e-06,6.8957253555283184,,False,False,False,False,False,False,PASS,True,
Case-48-P5-C16-44299-6790,Case-48-P5-C16-44299-6790,Case 48 - P5 C16-44299-6790,http://pathdb.cancerimagingarchive.net/system/files/wsi/ross/Osteosarcoma-UT/converted/Osteosarcoma-UT/Training-Set-1/set7/Case-48-P5-C16-44299-6790.tiff,Case-48,Non-Tumor,NON_TUMOR,TRUE,False,RETRIEVED,200,C:\Users\enkso\.kiro\crew\scratch\runtime-0a306834\osteopatch_full_ingestion\tiffs\Case-48-P5-C16-44299-6790.tiff,152440,971958b99a2a76a343ff04a669645afc11104c660dcd8dd4997fe037b99f96b8,72d6e29a2f938980ce6eb5b40d5e06ad535a4bd8d1bcba4d70393adc39e563fb,8e4b998756773446,6363034f6d7e7034,TIFF,TIFF-LE,1024,1024,RGB,3,8,True,188.3302297592163,56.294175074097204,0.4810762405395508,0.0,5.593682288557578,,False,False,False,False,False,False,PASS,True,
Case-48-P5-C16-44867-23581,Case-48-P5-C16-44867-23581,Case 48 - P5 C16-44867-23581,http://pathdb.cancerimagingarchive.net/system/files/wsi/ross/Osteosarcoma-UT/converted/Osteosarcoma-UT/Training-Set-1/set7/Case-48-P5-C16-44867-23581.tiff,Case-48,Viable,VIABLE_TUMOR,TRUE,False,RETRIEVED,200,C:\Users\enkso\.kiro\crew\scratch\runtime-0a306834\osteopatch_full_ingestion\tiffs\Case-48-P5-C16-44867-23581.tiff,323428,478314f087c7015a2ba0ec7ddd1339323e61e2343a77c18584fd00a59476939a,0a1e5b1d3c00fc406e34a449a23016b101ece6e70f5df53a7cbc383c8bf58463,a27000e62f6defc3,8d8dcd4fcdcdcdcf,TIFF,TIFF-LE,1024,1024,RGB,3,8,True,173.85834217071533,44.55063557120817,0.1377239227294922,2.86102294921875e-06,7.257951646776622,,False,False,False,False,False,False,PASS,True,
Case-48-P5-C16-46142-13796,Case-48-P5-C16-46142-13796,Case 48 - P5 C16-46142-13796,http://pathdb.cancerimagingarchive.net/system/files/wsi/ross/Osteosarcoma-UT/converted/Osteosarcoma-UT/Training-Set-1/set7/Case-48-P5-C16-46142-13796.tiff,Case-48,Viable,VIABLE_TUMOR,TRUE,False,RETRIEVED,200,C:\Users\enkso\.kiro\crew\scratch\runtime-0a306834\osteopatch_full_ingestion\tiffs\Case-48-P5-C16-46142-13796.tiff,266994,65876c75fdc9631f36448b9f86e65e97ee97b4704b5759a9548cf3256bc706ff,dcbd6cb15fe4c691d4a2761678dc732dcd7544f1722bcdaea2b54f8462ff3078,c72aa951964f33cc,5b62654080886213,TIFF,TIFF-LE,1024,1024,RGB,3,8,True,191.00775051116943,52.75924417220768,0.3746013641357422,8.58306884765625e-06,6.322855536918514,,False,False,False,False,False,False,PASS,True,
Case-48-P5-C16-47760-19513,Case-48-P5-C16-47760-19513,Case 48 - P5 C16-47760-19513,http://pathdb.cancerimagingarchive.net/system/files/wsi/ross/Osteosarcoma-UT/converted/Osteosarcoma-UT/Training-Set-1/set7/Case-48-P5-C16-47760-19513.tiff,Case-48,Viable,VIABLE_TUMOR,TRUE,False,RETRIEVED,200,C:\Users\enkso\.kiro\crew\scratch\runtime-0a306834\osteopatch_full_ingestion\tiffs\Case-48-P5-C16-47760-19513.tiff,258988,a5f27c22f1599f8c424469016ab73bd7bd0225dac5ee1419110493e01068a263,a2138d048826d74252b420c0c658b5545813f01f6ef5f512d6e2c27241facd0e,efb3d82a33918a31,b180464e4f251231,TIFF,TIFF-LE,1024,1024,RGB,3,8,True,188.29483795166016,49.395345140938055,0.35074710845947266,9.5367431640625e-07,6.600575228490285,,False,False,False,False,False,False,PASS,True,
Case-48-P5-C16-50052-16053,Case-48-P5-C16-50052-16053,Case 48 - P5 C16-50052-16053,http://pathdb.cancerimagingarchive.net/system/files/wsi/ross/Osteosarcoma-UT/converted/Osteosarcoma-UT/Training-Set-1/set7/Case-48-P5-C16-50052-16053.tiff,Case-48,Viable,VIABLE_TUMOR,TRUE,False,RETRIEVED,200,C:\Users\enkso\.kiro\crew\scratch\runtime-0a306834\osteopatch_full_ingestion\tiffs\Case-48-P5-C16-50052-16053.tiff,207700,6d92c388c730926f7538558c1f0b6aa040cb2d7b53f8f62a7c26188959809f0c,b239438a813234335d3f3380cdb922af5aa8ed49084a56530804449e6d22b43c,d09db5291a323ced,3c76348983848ac8,TIFF,TIFF-LE,1024,1024,RGB,3,8,True,182.9695281982422,50.395966876771396,0.34986209869384766,0.0,6.228373691898973,,False,False,False,False,False,False,PASS,True,
Case-48-P5-C16-50396-24840,Case-48-P5-C16-50396-24840,Case 48 - P5 C16-50396-24840,http://pathdb.cancerimagingarchive.net/system/files/wsi/ross/Osteosarcoma-UT/converted/Osteosarcoma-UT/Training-Set-1/set7/Case-48-P5-C16-50396-24840.tiff,Case-48,Viable,VIABLE_TUMOR,TRUE,False,RETRIEVED,200,C:\Users\enkso\.kiro\crew\scratch\runtime-0a306834\osteopatch_full_ingestion\tiffs\Case-48-P5-C16-50396-24840.tiff,330462,62feba781431f91c21147a2ca47646077b24c4004c179f85cd6186686a9d3db9,d4c28d14e2a5c087138be46afc3c1125935a4824019e4455fcac37bbbfd4c554,ec952b1b953c16a5,38a3a694e4850727,TIFF,TIFF-LE,1024,1024,RGB,3,8,True,148.51457691192627,57.11598945181981,0.15541553497314453,4.482269287109375e-05,7.387949437214457,,False,False,False,False,False,False,PASS,True,
Case-48-P5-C16-50924-16162,Case-48-P5-C16-50924-16162,Case 48 - P5 C16-50924-16162,http://pathdb.cancerimagingarchive.net/system/files/wsi/ross/Osteosarcoma-UT/converted/Osteosarcoma-UT/Training-Set-1/set7/Case-48-P5-C16-50924-16162.tiff,Case-48,Viable,VIABLE_TUMOR,TRUE,False,RETRIEVED,200,C:\Users\enkso\.kiro\crew\scratch\runtime-0a306834\osteopatch_full_ingestion\tiffs\Case-48-P5-C16-50924-16162.tiff,271862,93b9ad62c5dee9d07957f41a7aa49ed3dbb316b593c43fd05e1164029225135e,c349e477ae8011b29c1585042141e161e6f8aa513f450c6e814e7c850dbfe079,83ba5f1fe50d1c41,6dcdb3dfdd75cec5,TIFF,TIFF-LE,1024,1024,RGB,3,8,True,186.8947343826294,42.62090172054087,0.22206497192382812,0.0,6.876680138846224,,False,False,False,False,False,False,PASS,True,
Case-48-P5-C16-52243-22493,Case-48-P5-C16-52243-22493,Case 48 - P5 C16-52243-22493,http://pathdb.cancerimagingarchive.net/system/files/wsi/ross/Osteosarcoma-UT/converted/Osteosarcoma-UT/Training-Set-1/set7/Case-48-P5-C16-52243-22493.tiff,Case-48,Viable,VIABLE_TUMOR,TRUE,False,RETRIEVED,200,C:\Users\enkso\.kiro\crew\scratch\runtime-0a306834\osteopatch_full_ingestion\tiffs\Case-48-P5-C16-52243-22493.tiff,312312,8cc778ec38bdfbacfe2b022e0adf86a96f0828307244168d7a7078e93949a952,dd0d0b8cfc756ae8e7abc5393490ff466aa578094a9c04c1df6555fb9af291c4,c92697ad9ba605c5,331302911336b6d8,TIFF,TIFF-LE,1024,1024,RGB,3,8,True,172.24003791809082,40.501482653100396,0.13540172576904297,3.814697265625e-06,6.983782373370685,,False,False,False,False,False,False,PASS,True,
Case-48-P5-C16-53844-23083,Case-48-P5-C16-53844-23083,Case 48 - P5 C16-53844-23083,http://pathdb.cancerimagingarchive.net/system/files/wsi/ross/Osteosarcoma-UT/converted/Osteosarcoma-UT/Training-Set-1/set7/Case-48-P5-C16-53844-23083.tiff,Case-48,Viable,VIABLE_TUMOR,TRUE,False,RETRIEVED,200,C:\Users\enkso\.kiro\crew\scratch\runtime-0a306834\osteopatch_full_ingestion\tiffs\Case-48-P5-C16-53844-23083.tiff,320970,5d6188240646cf15a0b1eaa85a0dd685c15540ab7c432a63465588b9a1cb5f1a,a6da81bf1955890f87f1ec536a64dc3716db90b56035dec4e5ba50328807a6a1,e21f38700bb3bf88,4da566c0c181818b,TIFF,TIFF-LE,1024,1024,RGB,3,8,True,177.39431190490723,52.82447875410613,0.28559017181396484,0.0,6.823017825950833,,False,False,False,False,False,False,PASS,True,
Case-48-P5-C16-5406-13863,Case-48-P5-C16-5406-13863,Case 48 - P5 C16-5406-13863,http://pathdb.cancerimagingarchive.net/system/files/wsi/ross/Osteosarcoma-UT/converted/Osteosarcoma-UT/Training-Set-2/set7/Case-48-P5-C16-5406-13863.tiff,Case-48,Non-Tumor,NON_TUMOR,TRUE,False,RETRIEVED,200,C:\Users\enkso\.kiro\crew\scratch\runtime-0a306834\osteopatch_full_ingestion\tiffs\Case-48-P5-C16-5406-13863.tiff,135198,3c3c97c1a79857e126f39601476a782390142716c85030ea9fe52bc3d2715737,6e7e207b144a64f3f938a0f926ae6fabbb285959119f9c31fbfd5bff286812a9,d29f50666dcf3029,00001040000c8090,TIFF,TIFF-LE,1024,1024,RGB,3,8,True,142.93116855621338,19.955504633911843,0.0015773773193359375,6.67572021484375e-06,6.310232194099703,,False,False,False,False,False,False,PASS,True,
Case-48-P5-C16-54563-21138,Case-48-P5-C16-54563-21138,Case 48 - P5 C16-54563-21138,http://pathdb.cancerimagingarchive.net/system/files/wsi/ross/Osteosarcoma-UT/converted/Osteosarcoma-UT/Training-Set-1/set7/Case-48-P5-C16-54563-21138.tiff,Case-48,Viable,VIABLE_TUMOR,TRUE,False,RETRIEVED,200,C:\Users\enkso\.kiro\crew\scratch\runtime-0a306834\osteopatch_full_ingestion\tiffs\Case-48-P5-C16-54563-21138.tiff,234184,579961c5fecd509ed3d7e6b22fe7c86e1e55ab28d8328f2bcedf2c478eb33771,7ee628fd896ddf04b6fc0bbcc9acfdcc3e8961043c287019a9152154668522fc,e0e6830bb0f1ad8f,c8e80890a2c2c890,TIFF,TIFF-LE,1024,1024,RGB,3,8,True,157.2616024017334,32.05448753739245,0.06363296508789062,0.0,6.501335103061229,,False,False,False,False,False,False,PASS,True,
Case-48-P5-C17-19137-20611,Case-48-P5-C17-19137-20611,Case 48 - P5 C17-19137-20611,http://pathdb.cancerimagingarchive.net/system/files/wsi/ross/Osteosarcoma-UT/converted/Osteosarcoma-UT/Training-Set-2/set7/Case-48-P5-C17-19137-20611.tiff,Case-48,Viable,VIABLE_TUMOR,TRUE,False,RETRIEVED,200,C:\Users\enkso\.kiro\crew\scratch\runtime-0a306834\osteopatch_full_ingestion\tiffs\Case-48-P5-C17-19137-20611.tiff,362628,2b06ddc8d1da8eaff1b2c8ae51292076c097083870b8d3f7c93b36b8cc237684,7c4b7485dde20ebf58b5f032d080c9c8c3143de61c9747e4ab75f138060e6d23,d7ec528e42b46aa5,45024a6ce7713c48,TIFF,TIFF-LE,1024,1024,RGB,3,8,True,168.96583366394043,48.66173254502756,0.11892890930175781,4.76837158203125e-06,7.475278099509613,,False,False,False,False,False,False,PASS,True,
Case-48-P5-C17-26817-18603,Case-48-P5-C17-26817-18603,Case 48 - P5 C17-26817-18603,http://pathdb.cancerimagingarchive.net/system/files/wsi/ross/Osteosarcoma-UT/converted/Osteosarcoma-UT/Training-Set-2/set7/Case-48-P5-C17-26817-18603.tiff,Case-48,Viable,VIABLE_TUMOR,TRUE,False,RETRIEVED,200,C:\Users\enkso\.kiro\crew\scratch\runtime-0a306834\osteopatch_full_ingestion\tiffs\Case-48-P5-C17-26817-18603.tiff,238316,31da314881e9005fdf5fcdcc8049758b74e6f291da5c63e3b408705bcb1e39d0,34a50de9d4434ba09f50ecd3a0eb1b5e1439a123a1d0f4c51b40c57113ec5366,ab2549aa5cb3acc9,53c3b35eb769597b,TIFF,TIFF-LE,1024,1024,RGB,3,8,True,143.54302215576172,53.30203594435079,0.1463451385498047,0.00010967254638671875,6.98304036226342,,False,False,False,False,False,False,PASS,True,
Case-48-P5-C17-27681-16299,Case-48-P5-C17-27681-16299,Case 48 - P5 C17-27681-16299,http://pathdb.cancerimagingarchive.net/system/files/wsi/ross/Osteosarcoma-UT/converted/Osteosarcoma-UT/Training-Set-2/set8/Case-48-P5-C17-27681-16299.tiff,Case-48,Viable,VIABLE_TUMOR,TRUE,False,RETRIEVED,200,C:\Users\enkso\.kiro\crew\scratch\runtime-0a306834\osteopatch_full_ingestion\tiffs\Case-48-P5-C17-27681-16299.tiff,302122,fdcead358d033329b9e445dd59c15e5fab2145c6087e83877c9f68e08cb3f1ce,ec6c200ffd34ce1467181fe7401213e6b1d512979400265a6013fbcd89f439e7,9959e69e31a70ce1,9891f3da9b754d96,TIFF,TIFF-LE,1024,1024,RGB,3,8,True,159.36342239379883,54.97430983806989,0.16475963592529297,2.574920654296875e-05,7.324790951225798,,False,False,False,False,False,False,PASS,True,
Case-48-P5-C17-29452-16131,Case-48-P5-C17-29452-16131,Case 48 - P5 C17-29452-16131,http://pathdb.cancerimagingarchive.net/system/files/wsi/ross/Osteosarcoma-UT/converted/Osteosarcoma-UT/Training-Set-2/set8/Case-48-P5-C17-29452-16131.tiff,Case-48,Viable,VIABLE_TUMOR,TRUE,False,RETRIEVED,200,C:\Users\enkso\.kiro\crew\scratch\runtime-0a306834\osteopatch_full_ingestion\tiffs\Case-48-P5-C17-29452-16131.tiff,184770,e583778dbf80ecf3e52fec8139c8f93bbdf5829d9398b2448535e0601c9a0c31,9d377414829c7249ee0deb52498eb6df5700f8dfa7f6969f75edadf172edabf2,d9b6a45c8859af54,191d5b9b191a1293,TIFF,TIFF-LE,1024,1024,RGB,3,8,True,197.7737512588501,51.39988208021465,0.4386434555053711,2.86102294921875e-06,5.992510356504555,,False,False,False,False,False,False,PASS,True,
Case-48-P5-C17-29896-20575,Case-48-P5-C17-29896-20575,Case 48 - P5 C17-29896-20575,http://pathdb.cancerimagingarchive.net/system/files/wsi/ross/Osteosarcoma-UT/converted/Osteosarcoma-UT/Training-Set-2/set8/Case-48-P5-C17-29896-20575.tiff,Case-48,viable: non-viable,,FALSE,True,RETRIEVED,200,C:\Users\enkso\.kiro\crew\scratch\runtime-0a306834\osteopatch_full_ingestion\tiffs\Case-48-P5-C17-29896-20575.tiff,254004,bea162aed1ae61598c8f759ea7704e0811382e9507333d7448aca12206e25809,2e39aa656e286c6ec53cd850fc50818c59236b91c9c7b452ded0672799de0459,b99c9ca4e489ced8,3638393b3f3b1b35,TIFF,TIFF-LE,1024,1024,RGB,3,8,True,181.32158279418945,50.246033972194745,0.28112030029296875,7.62939453125e-06,6.776982844894663,,False,False,False,False,False,False,PASS,False,MIXED_VIABLE_NECROTIC (policy: never eligible)
Case-48-P5-C17-30525-29681,Case-48-P5-C17-30525-29681,Case 48 - P5 C17-30525-29681,http://pathdb.cancerimagingarchive.net/system/files/wsi/ross/Osteosarcoma-UT/converted/Osteosarcoma-UT/Training-Set-2/set8/Case-48-P5-C17-30525-29681.tiff,Case-48,Non-Tumor,NON_TUMOR,TRUE,False,RETRIEVED,200,C:\Users\enkso\.kiro\crew\scratch\runtime-0a306834\osteopatch_full_ingestion\tiffs\Case-48-P5-C17-30525-29681.tiff,176014,13a8b2dd446b91b9fcaa72d1095f88b2c13df891615377e2e4d04e4640611471,88a23c310ae8e532cb44d25b9af0020dd573da348fa1482f26c64f6aa7348e8a,9f23bd32e5381171,5e7c7a7d5c7c3556,TIFF,TIFF-LE,1024,1024,RGB,3,8,True,133.5876932144165,13.131834170793043,0.0010833740234375,9.5367431640625e-07,5.634640896505866,,False,False,False,False,False,False,PASS,True,
Case-48-P5-C17-34283-5396,Case-48-P5-C17-34283-5396,Case 48 - P5 C17-34283-5396,http://pathdb.cancerimagingarchive.net/system/files/wsi/ross/Osteosarcoma-UT/converted/Osteosarcoma-UT/Training-Set-2/set8/Case-48-P5-C17-34283-5396.tiff,Case-48,Viable,VIABLE_TUMOR,TRUE,False,RETRIEVED,200,C:\Users\enkso\.kiro\crew\scratch\runtime-0a306834\osteopatch_full_ingestion\tiffs\Case-48-P5-C17-34283-5396.tiff,367572,fceb5440a93052c6be90c71781f09caf8e4c5725ab1468a9a26567053951a143,896fd4064295b62c4a282afdb29533aaba63d58dc9d76b73c26d78829deb9417,d55525a5b5455a9a,4ec4c9c894556268,TIFF,TIFF-LE,1024,1024,RGB,3,8,True,186.45265579223633,34.910680254350865,0.09178829193115234,0.0,7.046960138176361,,False,False,False,False,False,False,PASS,True,
Case-48-P5-C17-35726-14827,Case-48-P5-C17-35726-14827,Case 48 - P5 C17-35726-14827,http://pathdb.cancerimagingarchive.net/system/files/wsi/ross/Osteosarcoma-UT/converted/Osteosarcoma-UT/Training-Set-2/set8/Case-48-P5-C17-35726-14827.tiff,Case-48,viable: non-viable,,FALSE,True,RETRIEVED,200,C:\Users\enkso\.kiro\crew\scratch\runtime-0a306834\osteopatch_full_ingestion\tiffs\Case-48-P5-C17-35726-14827.tiff,325520,6d80f8e16bc58476059d883001b76cb14c6d1b0a5b0a196596eae8167bb3e738,8d9bf46e9af1ca7b1eb7710af9bed1cd8ee98d43782ffd3fb62c16b912f7f1dd,c6c6a666363a361e,eec7c48060223bf3,TIFF,TIFF-LE,1024,1024,RGB,3,8,True,193.80715942382812,35.13744020043415,0.16834545135498047,9.5367431640625e-07,6.865125005357266,,False,False,False,False,False,False,PASS,False,MIXED_VIABLE_NECROTIC (policy: never eligible)
Case-48-P5-C17-36719-14729,Case-48-P5-C17-36719-14729,Case 48 - P5 C17-36719-14729,http://pathdb.cancerimagingarchive.net/system/files/wsi/ross/Osteosarcoma-UT/converted/Osteosarcoma-UT/Training-Set-2/set8/Case-48-P5-C17-36719-14729.tiff,Case-48,Viable,VIABLE_TUMOR,TRUE,False,RETRIEVED,200,C:\Users\enkso\.kiro\crew\scratch\runtime-0a306834\osteopatch_full_ingestion\tiffs\Case-48-P5-C17-36719-14729.tiff,349592,3a59c6209937a89e5efe254f2f1e99afaf83b75b62090a77451c48738dcbaa6a,a812104c6af0b5509bb09d9777f9e4a263ec3b680560db5618d2a75eb0cc5220,ea956a955ae51a61,293e77851b178703,TIFF,TIFF-LE,1024,1024,RGB,3,8,True,171.42189693450928,45.309335485972944,0.11450862884521484,6.67572021484375e-06,7.35687937026797,,False,False,False,False,False,False,PASS,True,
Case-48-P5-C17-36804-20443,Case-48-P5-C17-36804-20443,Case 48 - P5 C17-36804-20443,http://pathdb.cancerimagingarchive.net/system/files/wsi/ross/Osteosarcoma-UT/converted/Osteosarcoma-UT/Training-Set-2/set8/Case-48-P5-C17-36804-20443.tiff,Case-48,Viable,VIABLE_TUMOR,TRUE,False,RETRIEVED,200,C:\Users\enkso\.kiro\crew\scratch\runtime-0a306834\osteopatch_full_ingestion\tiffs\Case-48-P5-C17-36804-20443.tiff,246646,7a57c3a189e42f3ae19f171d3f93af95176b770287a76d1dea146df15171a120,75fd6b133d3c9aa85a2078ab154ae73fe0f93ad48fb5e710ebba9e0b6d15ebe3,e58ead555aa99152,d6e6e24bdcde9e9e,TIFF,TIFF-LE,1024,1024,RGB,3,8,True,206.28961181640625,46.34002877092923,0.48444080352783203,0.0,5.984239891004393,,False,False,False,False,False,False,PASS,True,
Case-48-P5-C17-36927-11108,Case-48-P5-C17-36927-11108,Case 48 - P5 C17-36927-11108,http://pathdb.cancerimagingarchive.net/system/files/wsi/ross/Osteosarcoma-UT/converted/Osteosarcoma-UT/Training-Set-2/set8/Case-48-P5-C17-36927-11108.tiff,Case-48,viable: non-viable,,FALSE,True,RETRIEVED,200,C:\Users\enkso\.kiro\crew\scratch\runtime-0a306834\osteopatch_full_ingestion\tiffs\Case-48-P5-C17-36927-11108.tiff,242290,ffb5baa3001ffca36a80c32d2b729e36224346701a959d642e826c89d8a255b6,9eac48f9ae2263b3fbf59253d041333c497cfc3f5f12927de5ff4e0dc02bea32,809f3c71d8816fe6,ba3463d1a9cb96b2,TIFF,TIFF-LE,1024,1024,RGB,3,8,True,210.98236274719238,46.52439927104969,0.583012580871582,0.0,5.203560171414058,,False,False,False,False,False,False,PASS,False,MIXED_VIABLE_NECROTIC (policy: never eligible)
Case-48-P5-C17-37516-18051,Case-48-P5-C17-37516-18051,Case 48 - P5 C17-37516-18051,http://pathdb.cancerimagingarchive.net/system/files/wsi/ross/Osteosarcoma-UT/converted/Osteosarcoma-UT/Training-Set-2/set8/Case-48-P5-C17-37516-18051.tiff,Case-48,Viable,VIABLE_TUMOR,TRUE,False,RETRIEVED,200,C:\Users\enkso\.kiro\crew\scratch\runtime-0a306834\osteopatch_full_ingestion\tiffs\Case-48-P5-C17-37516-18051.tiff,219730,8302680c6d5a9c420bcccc159cf40095d3ee9b0a399482a4891adf780761ac3d,04a279566ec2d5aa339e84739fd634dc28cf8b78423fecf3b8802908f94ff11a,da7165a6e4b3a0ca,4250b9b8f97969e1,TIFF,TIFF-LE,1024,1024,RGB,3,8,True,203.23642539978027,41.256121785509926,0.38509654998779297,0.0,6.153639916868498,,False,False,False,False,False,False,PASS,True,
Case-48-P5-C17-37699-30210,Case-48-P5-C17-37699-30210,Case 48 - P5 C17-37699-30210,http://pathdb.cancerimagingarchive.net/system/files/wsi/ross/Osteosarcoma-UT/converted/Osteosarcoma-UT/Training-Set-2/set8/Case-48-P5-C17-37699-30210.tiff,Case-48,Non-Tumor,NON_TUMOR,TRUE,False,RETRIEVED,200,C:\Users\enkso\.kiro\crew\scratch\runtime-0a306834\osteopatch_full_ingestion\tiffs\Case-48-P5-C17-37699-30210.tiff,180518,70572930aa0df58c63f3e22ad0bb7f6aa622261e772456c251d10279d05a8553,3d5f79ac23a2e032325a52a7029c96133e4f0f7a490a76e57121eef97e3c39dd,f32978f48c5528b3,170f8bca4d3c0c21,TIFF,TIFF-LE,1024,1024,RGB,3,8,True,131.87054443359375,11.287406242699113,0.0005970001220703125,0.0,5.407531115274806,,False,False,False,False,False,False,PASS,True,
Case-48-P5-C17-37966-9580,Case-48-P5-C17-37966-9580,Case 48 - P5 C17-37966-9580,http://pathdb.cancerimagingarchive.net/system/files/wsi/ross/Osteosarcoma-UT/converted/Osteosarcoma-UT/Training-Set-2/set8/Case-48-P5-C17-37966-9580.tiff,Case-48,viable: non-viable,,FALSE,True,RETRIEVED,200,C:\Users\enkso\.kiro\crew\scratch\runtime-0a306834\osteopatch_full_ingestion\tiffs\Case-48-P5-C17-37966-9580.tiff,228626,c3f96f25608229e83bbdabaf333d16fe1b6c8be0a0567cb3d0b56ed0ec8590e2,a190460704877e092bc5a4c7c6627381d4d9d732b2783606467f056b602aebe6,b627dc5b33964438,8c36264d1df5b434,TIFF,TIFF-LE,1024,1024,RGB,3,8,True,195.45587062835693,53.60237359159005,0.44158172607421875,0.0,6.10916497341003,,False,False,False,False,False,False,PASS,False,MIXED_VIABLE_NECROTIC (policy: never eligible)
Case-48-P5-C17-37994-3037,Case-48-P5-C17-37994-3037,Case 48 - P5 C17-37994-3037,http://pathdb.cancerimagingarchive.net/system/files/wsi/ross/Osteosarcoma-UT/converted/Osteosarcoma-UT/Training-Set-1/set7/Case-48-P5-C17-37994-3037.tiff,Case-48,Viable,VIABLE_TUMOR,TRUE,False,RETRIEVED,200,C:\Users\enkso\.kiro\crew\scratch\runtime-0a306834\osteopatch_full_ingestion\tiffs\Case-48-P5-C17-37994-3037.tiff,165014,26e8d68e307a4c95692baf3b824b3ca72b50b3468c5bb5bd5cb74da4cc863406,029491cd3cffd23db145c73e1042ccbe11d5f23ac8fedcdafe5ed48aa692e9e4,df803b44953aeb1c,04a0090cc001354a,TIFF,TIFF-LE,1024,1024,RGB,3,8,True,222.6812286376953,39.22391042319949,0.7069425582885742,2.09808349609375e-05,4.131008456365059,,False,False,False,False,False,False,PASS,True,
Case-48-P5-C17-40131-29101,Case-48-P5-C17-40131-29101,Case 48 - P5 C17-40131-29101,http://pathdb.cancerimagingarchive.net/system/files/wsi/ross/Osteosarcoma-UT/converted/Osteosarcoma-UT/Training-Set-1/set7/Case-48-P5-C17-40131-29101.tiff,Case-48,Non-Tumor,NON_TUMOR,TRUE,False,RETRIEVED,200,C:\Users\enkso\.kiro\crew\scratch\runtime-0a306834\osteopatch_full_ingestion\tiffs\Case-48-P5-C17-40131-29101.tiff,184162,28118e39558c67489e8f32bf7cc6d00eca48fe6d2def3bd1995b72df02387fbe,fc1fcabb30783ffeb5deec7738866ac2ee73a37698c59c5bbf77c6554b21e008,c5e5a6caca2c2f89,c7c6d6d5e1f1d665,TIFF,TIFF-LE,1024,1024,RGB,3,8,True,142.54210472106934,14.756974432702304,0.0011701583862304688,8.58306884765625e-06,5.750646147101131,,False,False,False,False,False,False,PASS,True,
Case-48-P5-C17-40867-15033,Case-48-P5-C17-40867-15033,Case 48 - P5 C17-40867-15033,http://pathdb.cancerimagingarchive.net/system/files/wsi/ross/Osteosarcoma-UT/converted/Osteosarcoma-UT/Training-Set-1/set7/Case-48-P5-C17-40867-15033.tiff,Case-48,Viable,VIABLE_TUMOR,TRUE,False,RETRIEVED,200,C:\Users\enkso\.kiro\crew\scratch\runtime-0a306834\osteopatch_full_ingestion\tiffs\Case-48-P5-C17-40867-15033.tiff,143448,4990404393763a4450977e9cb6d6ea345d7edd66ecc3e527fca00135b592c82a,ad39603a9c0467f04fb51f19972847cd87d0e3137ef020130d0742657d2be2df,bf3fcf4cc08ec801,757c3b3d3e7668e4,TIFF,TIFF-LE,1024,1024,RGB,3,8,True,200.54883575439453,53.80904244597519,0.5472431182861328,9.5367431640625e-07,5.077050903595486,,False,False,False,False,False,False,PASS,True,
Case-48-P5-C17-41411-21807,Case-48-P5-C17-41411-21807,Case 48 - P5 C17-41411-21807,http://pathdb.cancerimagingarchive.net/system/files/wsi/ross/Osteosarcoma-UT/converted/Osteosarcoma-UT/Training-Set-1/set7/Case-48-P5-C17-41411-21807.tiff,Case-48,Viable,VIABLE_TUMOR,TRUE,False,RETRIEVED,200,C:\Users\enkso\.kiro\crew\scratch\runtime-0a306834\osteopatch_full_ingestion\tiffs\Case-48-P5-C17-41411-21807.tiff,232290,c85276329e9f2e674d7f9fe7af513a413030e8c33503c4c93dcdc448d834c92a,89949b741a31eb1f54c2dcd22bb739f37138a197bf6963285f8cc4a685ce9ab8,96c6cdb464aaa3a6,6c6869696cfc7c6e,TIFF,TIFF-LE,1024,1024,RGB,3,8,True,174.97294998168945,51.41103805694267,0.2812948226928711,0.0,6.4999832209868975,,False,False,False,False,False,False,PASS,True,
Case-48-P5-C17-41961-10093,Case-48-P5-C17-41961-10093,Case 48 - P5 C17-41961-10093,http://pathdb.cancerimagingarchive.net/system/files/wsi/ross/Osteosarcoma-UT/converted/Osteosarcoma-UT/Training-Set-1/set7/Case-48-P5-C17-41961-10093.tiff,Case-48,Viable,VIABLE_TUMOR,TRUE,False,RETRIEVED,200,C:\Users\enkso\.kiro\crew\scratch\runtime-0a306834\osteopatch_full_ingestion\tiffs\Case-48-P5-C17-41961-10093.tiff,293036,2fc223e9b11e9963538f75515f9b8a0cdf379881a18d219f97a44b2f980d334e,4d5d5219ce09995460bf1ef3b43a0d160e016df02db9c2d066f10859bf30de9b,9b791b7f044fc043,1a1a99a4c5ab6af7,TIFF,TIFF-LE,1024,1024,RGB,3,8,True,181.8675355911255,48.224236837630954,0.21149730682373047,0.0,7.172279861089291,,False,False,False,False,False,False,PASS,True,
Case-48-P5-C17-42670-17152,Case-48-P5-C17-42670-17152,Case 48 - P5 C17-42670-17152,http://pathdb.cancerimagingarchive.net/system/files/wsi/ross/Osteosarcoma-UT/converted/Osteosarcoma-UT/Training-Set-1/set7/Case-48-P5-C17-42670-17152.tiff,Case-48,Viable,VIABLE_TUMOR,TRUE,False,RETRIEVED,200,C:\Users\enkso\.kiro\crew\scratch\runtime-0a306834\osteopatch_full_ingestion\tiffs\Case-48-P5-C17-42670-17152.tiff,255746,23f88a8c533bcf0794cca38d27fe8c8f6d511c22a2d55f73b57f56b83dccd6d0,724a0a843bff0e900d91dcc23d22bacb47c2f240f2473b7637311b6eef68990c,e6e61b840d9bd326,36044da3e68c9d39,TIFF,TIFF-LE,1024,1024,RGB,3,8,True,203.60736274719238,46.61597659379114,0.45290565490722656,9.5367431640625e-07,5.941734584993425,,False,False,False,False,False,False,PASS,True,
Case-48-P5-C17-43432-26216,Case-48-P5-C17-43432-26216,Case 48 - P5 C17-43432-26216,http://pathdb.cancerimagingarchive.net/system/files/wsi/ross/Osteosarcoma-UT/converted/Osteosarcoma-UT/Training-Set-1/set7/Case-48-P5-C17-43432-26216.tiff,Case-48,Viable,VIABLE_TUMOR,TRUE,False,RETRIEVED,200,C:\Users\enkso\.kiro\crew\scratch\runtime-0a306834\osteopatch_full_ingestion\tiffs\Case-48-P5-C17-43432-26216.tiff,311814,76bb04b9ed5a3f559524c3f00bf9a8569ad4cbdd3f7c4243a2c02a008762f2f9,f86917b65f28912c9e89c32c09b34a1b6a0740b886a1ea647594be6155118725,bb1dd058f915a899,19391b1d39999898,TIFF,TIFF-LE,1024,1024,RGB,3,8,True,166.1712188720703,39.58271511791357,0.08583545684814453,1.811981201171875e-05,7.117328963442342,,False,False,False,False,False,False,PASS,True,
Case-48-P5-C17-44027-22381,Case-48-P5-C17-44027-22381,Case 48 - P5 C17-44027-22381,http://pathdb.cancerimagingarchive.net/system/files/wsi/ross/Osteosarcoma-UT/converted/Osteosarcoma-UT/Training-Set-1/set7/Case-48-P5-C17-44027-22381.tiff,Case-48,Viable,VIABLE_TUMOR,TRUE,False,RETRIEVED,200,C:\Users\enkso\.kiro\crew\scratch\runtime-0a306834\osteopatch_full_ingestion\tiffs\Case-48-P5-C17-44027-22381.tiff,323858,c3be3a43540016bd80692ca83a210cbc5553dd80a384289d3eddb4fc5452f8a9,c2c46f496a1aa86707e3daa7de714a714cb14d764597105a7765ddb16cbe4e43,8b1b7f48944d4ab6,737be1d0cdc36706,TIFF,TIFF-LE,1024,1024,RGB,3,8,True,177.59731769561768,41.196581326650175,0.12771320343017578,2.86102294921875e-06,7.224810739183848,,False,False,False,False,False,False,PASS,True,
Case-48-P5-C17-45932-5812,Case-48-P5-C17-45932-5812,Case 48 - P5 C17-45932-5812,http://pathdb.cancerimagingarchive.net/system/files/wsi/ross/Osteosarcoma-UT/converted/Osteosarcoma-UT/Training-Set-1/set7/Case-48-P5-C17-45932-5812.tiff,Case-48,Viable,VIABLE_TUMOR,TRUE,False,RETRIEVED,200,C:\Users\enkso\.kiro\crew\scratch\runtime-0a306834\osteopatch_full_ingestion\tiffs\Case-48-P5-C17-45932-5812.tiff,315570,80bdf95415cf31c54cb951a53aa76aeeb975e1f2a34d61eaece314a0d2d167e5,398d94da153e3c74d2e79db7a07f5b9a5c4944db0743f8d66cfc6348de45a5f2,f8073cf01f00fbe8,3d2db7d41d98b430,TIFF,TIFF-LE,1024,1024,RGB,3,8,True,195.28362369537354,40.169111978409845,0.2582979202270508,0.0,6.852681950005034,,False,False,False,False,False,False,PASS,True,
Case-48-P5-C17-46317-15755,Case-48-P5-C17-46317-15755,Case 48 - P5 C17-46317-15755,http://pathdb.cancerimagingarchive.net/system/files/wsi/ross/Osteosarcoma-UT/converted/Osteosarcoma-UT/Training-Set-1/set7/Case-48-P5-C17-46317-15755.tiff,Case-48,Viable,VIABLE_TUMOR,TRUE,False,RETRIEVED,200,C:\Users\enkso\.kiro\crew\scratch\runtime-0a306834\osteopatch_full_ingestion\tiffs\Case-48-P5-C17-46317-15755.tiff,250182,e7ce5367acf64fd93cf9977a1d55fd085c9961ec37e6a596d602b5da9d62d713,5daac2a419e617621bad8f43ba53da2d77bd605f3d85e9ce7d99fef419e77476,95eac4d38b561b1c,898a2a7a58482436,TIFF,TIFF-LE,1024,1024,RGB,3,8,True,205.6169605255127,37.817971755511714,0.3942861557006836,0.0,5.945222477309675,,False,False,False,False,False,False,PASS,True,
Case-48-P5-C17-47230-17655,Case-48-P5-C17-47230-17655,Case 48 - P5 C17-47230-17655,http://pathdb.cancerimagingarchive.net/system/files/wsi/ross/Osteosarcoma-UT/converted/Osteosarcoma-UT/Training-Set-1/set7/Case-48-P5-C17-47230-17655.tiff,Case-48,Viable,VIABLE_TUMOR,TRUE,False,RETRIEVED,200,C:\Users\enkso\.kiro\crew\scratch\runtime-0a306834\osteopatch_full_ingestion\tiffs\Case-48-P5-C17-47230-17655.tiff,261336,277de8ad20ad98d02de72ca73cbbeccd928b8f2ff467bcee5fdc60be5c3d629f,892df56764323d24e6a3d11cdd5ada45590b357a3ab48664d410d155b03a6929,da9b9a324ca95ec8,707851d3620d1122,TIFF,TIFF-LE,1024,1024,RGB,3,8,True,194.6510009765625,47.73138307584953,0.38738155364990234,0.0,6.404316958907607,,False,False,False,False,False,False,PASS,True,
Case-48-P5-C17-47640-27910,Case-48-P5-C17-47640-27910,Case 48 - P5 C17-47640-27910,http://pathdb.cancerimagingarchive.net/system/files/wsi/ross/Osteosarcoma-UT/converted/Osteosarcoma-UT/Training-Set-1/set7/Case-48-P5-C17-47640-27910.tiff,Case-48,Non-Tumor,NON_TUMOR,TRUE,False,RETRIEVED,200,C:\Users\enkso\.kiro\crew\scratch\runtime-0a306834\osteopatch_full_ingestion\tiffs\Case-48-P5-C17-47640-27910.tiff,190178,a3d4a2037d8112e7e01acc33d2b5b60555e42da14c5d006a6ea816cae884510f,0b67070f91f4e36c9e685c06e1a8040baca4fc13ff42c8202593d3ce9f5e4afe,a64eb478f058f874,286f66d1d90b2e8c,TIFF,TIFF-LE,1024,1024,RGB,3,8,True,152.11594104766846,25.448268358173806,0.037609100341796875,9.5367431640625e-07,6.110452833265952,,False,False,False,False,False,False,PASS,True,
Case-48-P5-C17-50335-6425,Case-48-P5-C17-50335-6425,Case 48 - P5 C17-50335-6425,http://pathdb.cancerimagingarchive.net/system/files/wsi/ross/Osteosarcoma-UT/converted/Osteosarcoma-UT/Training-Set-1/set7/Case-48-P5-C17-50335-6425.tiff,Case-48,Viable,VIABLE_TUMOR,TRUE,False,RETRIEVED,200,C:\Users\enkso\.kiro\crew\scratch\runtime-0a306834\osteopatch_full_ingestion\tiffs\Case-48-P5-C17-50335-6425.tiff,140088,a482143ed8589a41b60a934a9f2e59313204d93bbd4d668c2363163c37843c5e,387a6d12959779c83b1e4a7947e4f144364695173a207d973abfa3ee025d6172,80c7f1d836f0e6f0,d0d0e0e8f4b4ba1a,TIFF,TIFF-LE,1024,1024,RGB,3,8,True,218.00157737731934,44.41941597932707,0.7039871215820312,1.9073486328125e-06,3.876633062366962,,False,False,False,False,False,False,PASS,True,
Case-48-P5-C17-50358-11013,Case-48-P5-C17-50358-11013,Case 48 - P5 C17-50358-11013,http://pathdb.cancerimagingarchive.net/system/files/wsi/ross/Osteosarcoma-UT/converted/Osteosarcoma-UT/Training-Set-1/set7/Case-48-P5-C17-50358-11013.tiff,Case-48,Viable,VIABLE_TUMOR,TRUE,False,RETRIEVED,200,C:\Users\enkso\.kiro\crew\scratch\runtime-0a306834\osteopatch_full_ingestion\tiffs\Case-48-P5-C17-50358-11013.tiff,291868,bf62edc321c495fb437bc37e05cf0764fe17384b874e8c8b9fe655a247a3ea6d,3d8a83914245528096a94ad7dcdabca394fa459220d235a759183567d8e28164,c84f4c603ea7f607,a7b16e5a9d9193b6,TIFF,TIFF-LE,1024,1024,RGB,3,8,True,189.18351650238037,42.66969844932301,0.2450246810913086,0.0,6.871874735577675,,False,False,False,False,False,False,PASS,True,
Case-48-P5-C17-51854-21097,Case-48-P5-C17-51854-21097,Case 48 - P5 C17-51854-21097,http://pathdb.cancerimagingarchive.net/system/files/wsi/ross/Osteosarcoma-UT/converted/Osteosarcoma-UT/Training-Set-1/set7/Case-48-P5-C17-51854-21097.tiff,Case-48,Viable,VIABLE_TUMOR,TRUE,False,RETRIEVED,200,C:\Users\enkso\.kiro\crew\scratch\runtime-0a306834\osteopatch_full_ingestion\tiffs\Case-48-P5-C17-51854-21097.tiff,279340,c089cff6b02a08c3190abdb9a6041b5deb9db1325ae4516903b08c8d54a5bd6c,0fcf4c591a3420c88675776b7cea904eea931d000d8168d903b9de6686dea0c3,cef91c26718e19ca,154531e34d6765f0,TIFF,TIFF-LE,1024,1024,RGB,3,8,True,166.8450870513916,42.63218794203716,0.1414775848388672,0.00021839141845703125,6.975828883827713,,False,False,False,False,False,False,PASS,True,
Case-48-P5-C17-7752-15521,Case-48-P5-C17-7752-15521,Case 48 - P5 C17-7752-15521,http://pathdb.cancerimagingarchive.net/system/files/wsi/ross/Osteosarcoma-UT/converted/Osteosarcoma-UT/Training-Set-2/set8/Case-48-P5-C17-7752-15521.tiff,Case-48,Non-Tumor,NON_TUMOR,TRUE,False,RETRIEVED,200,C:\Users\enkso\.kiro\crew\scratch\runtime-0a306834\osteopatch_full_ingestion\tiffs\Case-48-P5-C17-7752-15521.tiff,168064,e0a6385eeb1334bf49e89cbdfd7e6a65f7431d6ef1921b2065c03566de1e303f,1c5587a0cc4f2043820a97cdb7f9ea429e2c8f22f219bee81f863e32fc017b32,923644cd1b97ab72,1c1c1c1818b0e0a0,TIFF,TIFF-LE,1024,1024,RGB,3,8,True,109.03400802612305,14.29730054791229,0.0006246566772460938,1.621246337890625e-05,5.6923948463009495,,False,False,False,False,False,False,PASS,True,
Case-48-P5-C18-15219-24510,Case-48-P5-C18-15219-24510,Case 48 - P5 C18-15219-24510,http://pathdb.cancerimagingarchive.net/system/files/wsi/ross/Osteosarcoma-UT/converted/Osteosarcoma-UT/Training-Set-2/set8/Case-48-P5-C18-15219-24510.tiff,Case-48,Non-Tumor,NON_TUMOR,TRUE,False,RETRIEVED,200,C:\Users\enkso\.kiro\crew\scratch\runtime-0a306834\osteopatch_full_ingestion\tiffs\Case-48-P5-C18-15219-24510.tiff,142134,3f172cb644eba6fcf2572edacd8d81851cc4c99c3c7b077440df47339ea65947,e9bfae02dd95e274189c1eccf77924c7308e7420ac7e3eef5452d7150915e096,d16a3769b64b922a,004211110002428c,TIFF,TIFF-LE,1024,1024,RGB,3,8,True,94.70470428466797,13.884751635062186,0.0005636215209960938,6.866455078125e-05,5.61667240476898,,False,False,False,False,False,False,PASS,True,
Case-48-P5-C18-15651-15050,Case-48-P5-C18-15651-15050,Case 48 - P5 C18-15651-15050,http://pathdb.cancerimagingarchive.net/system/files/wsi/ross/Osteosarcoma-UT/converted/Osteosarcoma-UT/Training-Set-2/set8/Case-48-P5-C18-15651-15050.tiff,Case-48,Viable,VIABLE_TUMOR,TRUE,False,RETRIEVED,200,C:\Users\enkso\.kiro\crew\scratch\runtime-0a306834\osteopatch_full_ingestion\tiffs\Case-48-P5-C18-15651-15050.tiff,261292,5a2202fbf77941fa2da9aa40913060a7d806d430bd69aef319edefec63b3ecf0,9e9af4816fef412ed99edb5bbe465a6caacf01a5ac0d1c02de8c05dd67c8560b,b97346cc13f60ba1,68211b189b33265a,TIFF,TIFF-LE,1024,1024,RGB,3,8,True,170.72567749023438,59.481436050785526,0.3065195083618164,4.76837158203125e-06,6.806201806804943,,False,False,False,False,False,False,PASS,True,
Case-48-P5-C18-17610-25605,Case-48-P5-C18-17610-25605,Case 48 - P5 C18-17610-25605,http://pathdb.cancerimagingarchive.net/system/files/wsi/ross/Osteosarcoma-UT/converted/Osteosarcoma-UT/Training-Set-2/set8/Case-48-P5-C18-17610-25605.tiff,Case-48,Non-Tumor,NON_TUMOR,TRUE,False,RETRIEVED,200,C:\Users\enkso\.kiro\crew\scratch\runtime-0a306834\osteopatch_full_ingestion\tiffs\Case-48-P5-C18-17610-25605.tiff,132036,1bbc21b1ea92bd38f667429b73ab05d2412cd262fd214fbcc33299a61f2932c0,aa09bd282c042232a5fbe8612b1016967e828c5461917a400b4dad1f4c0e657e,fd528d53b80cf223,b08685b41a327333,TIFF,TIFF-LE,1024,1024,RGB,3,8,True,86.93763065338135,17.541159648813455,0.0015344619750976562,6.4849853515625e-05,5.784358975398434,,False,False,False,False,False,False,PASS,True,
Case-48-P5-C18-19933-18958,Case-48-P5-C18-19933-18958,Case 48 - P5 C18-19933-18958,http://pathdb.cancerimagingarchive.net/system/files/wsi/ross/Osteosarcoma-UT/converted/Osteosarcoma-UT/Training-Set-2/set8/Case-48-P5-C18-19933-18958.tiff,Case-48,Viable,VIABLE_TUMOR,TRUE,False,RETRIEVED,200,C:\Users\enkso\.kiro\crew\scratch\runtime-0a306834\osteopatch_full_ingestion\tiffs\Case-48-P5-C18-19933-18958.tiff,317414,61fd7c5a1115d1547609e1e85fef59f1dd26012ad0338391af801fe684b89f5a,78b841395c385337471d4affb9b81bfe9aafb88838268cdfd9604952acc29f39,d550afbc3c2ae254,2c9ac8aa144c7616,TIFF,TIFF-LE,1024,1024,RGB,3,8,True,172.02116680145264,53.39723515374056,0.1537027359008789,0.0,7.480956935261754,,False,False,False,False,False,False,PASS,True,
Case-48-P5-C18-20516-10701,Case-48-P5-C18-20516-10701,Case 48 - P5 C18-20516-10701,http://pathdb.cancerimagingarchive.net/system/files/wsi/ross/Osteosarcoma-UT/converted/Osteosarcoma-UT/Training-Set-2/set8/Case-48-P5-C18-20516-10701.tiff,Case-48,Viable,VIABLE_TUMOR,TRUE,False,RETRIEVED,200,C:\Users\enkso\.kiro\crew\scratch\runtime-0a306834\osteopatch_full_ingestion\tiffs\Case-48-P5-C18-20516-10701.tiff,322220,42b0af164097b7298edba8cb3a5f914ddd46ee86745050656284e5a392872b59,788966920315cc3fc50b98d7db5fa2cd18fecaef1feb97f01cdb377377004578,ca4e9efe588600e7,2169d1a020264d89,TIFF,TIFF-LE,1024,1024,RGB,3,8,True,171.60001468658447,47.9556094101579,0.18166255950927734,1.049041748046875e-05,7.0683527264456965,,False,False,False,False,False,False,PASS,True,
Case-48-P5-C18-22374-30391,Case-48-P5-C18-22374-30391,Case 48 - P5 C18-22374-30391,http://pathdb.cancerimagingarchive.net/system/files/wsi/ross/Osteosarcoma-UT/converted/Osteosarcoma-UT/Training-Set-2/set8/Case-48-P5-C18-22374-30391.tiff,Case-48,Non-Tumor,NON_TUMOR,TRUE,False,RETRIEVED,200,C:\Users\enkso\.kiro\crew\scratch\runtime-0a306834\osteopatch_full_ingestion\tiffs\Case-48-P5-C18-22374-30391.tiff,149328,fea1de1fac830a6177a9e25a6b1f89dfb399ac6ea571772c5a52fa19bbea0b8e,a15031ca01f13d5cdcbe1452ffadb39f2ca795c888652189c79a216ee3b224c3,d609c47f9f60b10e,c1c080c0710cc520,TIFF,TIFF-LE,1024,1024,RGB,3,8,True,171.01023292541504,38.692673199565505,0.19537639617919922,0.0,5.315552734620006,,False,False,False,False,False,False,PASS,True,
Case-48-P5-C18-23684-14239,Case-48-P5-C18-23684-14239,Case 48 - P5 C18-23684-14239,http://pathdb.cancerimagingarchive.net/system/files/wsi/ross/Osteosarcoma-UT/converted/Osteosarcoma-UT/Training-Set-2/set8/Case-48-P5-C18-23684-14239.tiff,Case-48,viable: non-viable,,FALSE,True,RETRIEVED,200,C:\Users\enkso\.kiro\crew\scratch\runtime-0a306834\osteopatch_full_ingestion\tiffs\Case-48-P5-C18-23684-14239.tiff,277322,3e0fd9b44bfa49a65506322e12e211f9690bc565d1023edc41b228df948bbb75,6dd3b8a30e678e55f83228aa527cfded36248810adf0bc7f30f8047b060b135d,97a537a41c749c3a,4ece5c541b500918,TIFF,TIFF-LE,1024,1024,RGB,3,8,True,174.76625728607178,53.262779183201445,0.2136678695678711,7.62939453125e-06,7.270616277539817,,False,False,False,False,False,False,PASS,False,MIXED_VIABLE_NECROTIC (policy: never eligible)
Case-48-P5-C18-23858-23029,Case-48-P5-C18-23858-23029,Case 48 - P5 C18-23858-23029,http://pathdb.cancerimagingarchive.net/system/files/wsi/ross/Osteosarcoma-UT/converted/Osteosarcoma-UT/Training-Set-2/set8/Case-48-P5-C18-23858-23029.tiff,Case-48,viable: non-viable,,FALSE,True,RETRIEVED,200,C:\Users\enkso\.kiro\crew\scratch\runtime-0a306834\osteopatch_full_ingestion\tiffs\Case-48-P5-C18-23858-23029.tiff,194268,951885574580650d6dd39c98860e42b498b504183f21e668e29c57422d414814,2fc2b33e927381a753f06f260b0890fccd214a6f102b250a2a8bb1fa1871edcb,e3bc8da8ab21fe02,926c4c4c450cc849,TIFF,TIFF-LE,1024,1024,RGB,3,8,True,206.71373081207275,53.329442918781204,0.5846328735351562,1.049041748046875e-05,5.453202966659383,,False,False,False,False,False,False,PASS,False,MIXED_VIABLE_NECROTIC (policy: never eligible)
Case-48-P5-C18-24383-21699,Case-48-P5-C18-24383-21699,Case 48 - P5 C18-24383-21699,http://pathdb.cancerimagingarchive.net/system/files/wsi/ross/Osteosarcoma-UT/converted/Osteosarcoma-UT/Training-Set-2/set8/Case-48-P5-C18-24383-21699.tiff,Case-48,Viable,VIABLE_TUMOR,TRUE,False,RETRIEVED,200,C:\Users\enkso\.kiro\crew\scratch\runtime-0a306834\osteopatch_full_ingestion\tiffs\Case-48-P5-C18-24383-21699.tiff,304784,86073afe7cb4b5b30a1d5c42be43acf470c146b47bf834e911d20513db2dd28b,b0cfe4f13e0971bf8ca2ec681baaf4bec941e06ac8d960e1867a4ea1b3b8684b,8d7f3cf3c3031a12,3b3278c6dcd7f7ef,TIFF,TIFF-LE,1024,1024,RGB,3,8,True,173.46495628356934,56.89967314289048,0.2567329406738281,7.62939453125e-06,7.135519641790104,,False,False,False,False,False,False,PASS,True,
Case-48-P5-C18-28794-15036,Case-48-P5-C18-28794-15036,Case 48 - P5 C18-28794-15036,http://pathdb.cancerimagingarchive.net/system/files/wsi/ross/Osteosarcoma-UT/converted/Osteosarcoma-UT/Training-Set-2/set8/Case-48-P5-C18-28794-15036.tiff,Case-48,viable: non-viable,,FALSE,True,RETRIEVED,200,C:\Users\enkso\.kiro\crew\scratch\runtime-0a306834\osteopatch_full_ingestion\tiffs\Case-48-P5-C18-28794-15036.tiff,268064,be24922991e1407bb7563c27e22182d878da36beb5db7e98c11e0f25d4209696,7d3e40a19e7e7bd38a35e2ef7675b1dc0f1bae95c118f54b87aee774a183f665,8ec131fe1f9d1990,60c1f26165203d38,TIFF,TIFF-LE,1024,1024,RGB,3,8,True,204.67535877227783,38.23105814980623,0.32952022552490234,0.0,6.434179782065068,,False,False,False,False,False,False,PASS,False,MIXED_VIABLE_NECROTIC (policy: never eligible)
Case-48-P5-C18-29043-24256,Case-48-P5-C18-29043-24256,Case 48 - P5 C18-29043-24256,http://pathdb.cancerimagingarchive.net/system/files/wsi/ross/Osteosarcoma-UT/converted/Osteosarcoma-UT/Training-Set-2/set8/Case-48-P5-C18-29043-24256.tiff,Case-48,Viable,VIABLE_TUMOR,TRUE,False,RETRIEVED,200,C:\Users\enkso\.kiro\crew\scratch\runtime-0a306834\osteopatch_full_ingestion\tiffs\Case-48-P5-C18-29043-24256.tiff,321242,21a77c5265be1879ed0d380d47ce27f966f0ea97c51ff183a9034ed9428a7597,be09d739447fbe798d11e1e32230b55d38d8c8e898ea192e82ea6178f49eea0f,a5a21957aa554e37,fedeeececeeadade,TIFF,TIFF-LE,1024,1024,RGB,3,8,True,189.15041542053223,51.652754079089796,0.3309764862060547,4.76837158203125e-06,6.786425609604602,,False,False,False,False,False,False,PASS,True,
Case-48-P5-C18-29063-22986,Case-48-P5-C18-29063-22986,Case 48 - P5 C18-29063-22986,http://pathdb.cancerimagingarchive.net/system/files/wsi/ross/Osteosarcoma-UT/converted/Osteosarcoma-UT/Training-Set-2/set8/Case-48-P5-C18-29063-22986.tiff,Case-48,Viable,VIABLE_TUMOR,TRUE,False,RETRIEVED,200,C:\Users\enkso\.kiro\crew\scratch\runtime-0a306834\osteopatch_full_ingestion\tiffs\Case-48-P5-C18-29063-22986.tiff,166736,05ccdd07d60dc42318348e8668dd5b7eafe5fd2d163b36e50f32de916bea2c83,798ef629d9943196d6601d38f1f8ae89e24262e8b03758cc0fa0388244214a15,93cc8c03c3735ed9,7d323c1cd97c5cfc,TIFF,TIFF-LE,1024,1024,RGB,3,8,True,183.05116271972656,61.88331885025737,0.4447317123413086,9.5367431640625e-07,5.670203130583985,,False,False,False,False,False,False,PASS,True,
Case-48-P5-C18-30468-34044,Case-48-P5-C18-30468-34044,Case 48 - P5 C18-30468-34044,http://pathdb.cancerimagingarchive.net/system/files/wsi/ross/Osteosarcoma-UT/converted/Osteosarcoma-UT/Training-Set-2/set8/Case-48-P5-C18-30468-34044.tiff,Case-48,Non-Tumor,NON_TUMOR,TRUE,False,RETRIEVED,200,C:\Users\enkso\.kiro\crew\scratch\runtime-0a306834\osteopatch_full_ingestion\tiffs\Case-48-P5-C18-30468-34044.tiff,63688,4c35ec495aa308cb0884e727e83661c2c25870b640c7b8bacfa02fcfafc66370,a902ed4f1f2a0e0e837b93ba961323aed3ba0ff8394edd76eb856f2eba5e801d,f97979392d242626,1311ea1000808141,TIFF,TIFF-LE,1024,1024,RGB,3,8,True,234.72908973693848,28.50084906738076,0.8793954849243164,0.0,3.2274315381821914,,False,False,False,False,False,False,PASS,True,
Case-48-P5-C18-32596-23573,Case-48-P5-C18-32596-23573,Case 48 - P5 C18-32596-23573,http://pathdb.cancerimagingarchive.net/system/files/wsi/ross/Osteosarcoma-UT/converted/Osteosarcoma-UT/Training-Set-2/set8/Case-48-P5-C18-32596-23573.tiff,Case-48,Viable,VIABLE_TUMOR,TRUE,False,RETRIEVED,200,C:\Users\enkso\.kiro\crew\scratch\runtime-0a306834\osteopatch_full_ingestion\tiffs\Case-48-P5-C18-32596-23573.tiff,259458,10738aacc68a6958f83f05e46f4a80741397adbd817b5f98640bd89eb63ab4d6,9c0dec437bfec9cfad5b7089531a180bb77850bafed22c1c95fc5cd087e5c21e,9ac4e3d884b38ced,4c19283c3439193d,TIFF,TIFF-LE,1024,1024,RGB,3,8,True,173.6691436767578,48.66711115100389,0.21115779876708984,0.0,7.049122682741382,,False,False,False,False,False,False,PASS,True,
Case-48-P5-C18-32717-16452,Case-48-P5-C18-32717-16452,Case 48 - P5 C18-32717-16452,http://pathdb.cancerimagingarchive.net/system/files/wsi/ross/Osteosarcoma-UT/converted/Osteosarcoma-UT/Training-Set-1/set7/Case-48-P5-C18-32717-16452.tiff,Case-48,Viable,VIABLE_TUMOR,TRUE,False,RETRIEVED,200,C:\Users\enkso\.kiro\crew\scratch\runtime-0a306834\osteopatch_full_ingestion\tiffs\Case-48-P5-C18-32717-16452.tiff,245696,7a66e9047610233a5a10093bdf0641c18887897671247cee4436aaf654c480a6,3bb1e5b0235df945c3ef20f80e7856f8ebcdf6017e36d418fd9ac3938a29b193,bca32855fc16a559,6e5b3f2d226eb033,TIFF,TIFF-LE,1024,1024,RGB,3,8,True,197.5400037765503,35.17132131325047,0.22204208374023438,0.0,6.666060033916185,,False,False,False,False,False,False,PASS,True,
Case-48-P5-C18-33022-7038,Case-48-P5-C18-33022-7038,Case 48 - P5 C18-33022-7038,http://pathdb.cancerimagingarchive.net/system/files/wsi/ross/Osteosarcoma-UT/converted/Osteosarcoma-UT/Training-Set-1/set7/Case-48-P5-C18-33022-7038.tiff,Case-48,Viable,VIABLE_TUMOR,TRUE,False,RETRIEVED,200,C:\Users\enkso\.kiro\crew\scratch\runtime-0a306834\osteopatch_full_ingestion\tiffs\Case-48-P5-C18-33022-7038.tiff,402584,d36a5230915990437322cb5a72e28cd8badd2681fd8225f3df16f702c408c735,00905e764af9b947047325fc671f0adfe21ca436b77daa5b0a7db4976f184861,e49a4db1da0ccec5,ad5664a70e8646e7,TIFF,TIFF-LE,1024,1024,RGB,3,8,True,178.26114749908447,52.853499730251876,0.22623538970947266,9.5367431640625e-07,7.3250908570840405,,False,False,False,False,False,False,PASS,True,
Case-48-P5-C18-33916-33907,Case-48-P5-C18-33916-33907,Case 48 - P5 C18-33916-33907,http://pathdb.cancerimagingarchive.net/system/files/wsi/ross/Osteosarcoma-UT/converted/Osteosarcoma-UT/Training-Set-1/set7/Case-48-P5-C18-33916-33907.tiff,Case-48,Non-Tumor,NON_TUMOR,TRUE,False,RETRIEVED,200,C:\Users\enkso\.kiro\crew\scratch\runtime-0a306834\osteopatch_full_ingestion\tiffs\Case-48-P5-C18-33916-33907.tiff,147928,e7c2781025a4ccf533962c844877175cac9bedddd15024de653f2564c8dc30c2,efa3fa133cb4c15744c58e1c27149920448a6d8bdf533d45fb42f88ef5fc91ac,bd4e91e14c33cc39,a7667329024a9a76,TIFF,TIFF-LE,1024,1024,RGB,3,8,True,191.51582717895508,40.11886496695609,0.32695770263671875,0.0,5.386757578436952,,False,False,False,False,False,False,PASS,True,
Case-48-P5-C18-36407-15875,Case-48-P5-C18-36407-15875,Case 48 - P5 C18-36407-15875,http://pathdb.cancerimagingarchive.net/system/files/wsi/ross/Osteosarcoma-UT/converted/Osteosarcoma-UT/Training-Set-1/set7/Case-48-P5-C18-36407-15875.tiff,Case-48,Viable,VIABLE_TUMOR,TRUE,False,RETRIEVED,200,C:\Users\enkso\.kiro\crew\scratch\runtime-0a306834\osteopatch_full_ingestion\tiffs\Case-48-P5-C18-36407-15875.tiff,297216,e7bd11a3246949cc93f90d2d4ffa8360fc2b184b0ae9db626f9899c6942a66de,619a57e831ab6fa899297663d3284588eb5676b2263b8c123456ddae84b39991,f2e352a727a62626,cd9807074b333838,TIFF,TIFF-LE,1024,1024,RGB,3,8,True,193.01752758026123,42.41028733580249,0.27611732482910156,9.5367431640625e-07,6.634686131841954,,False,False,False,False,False,False,PASS,True,
Case-48-P5-C18-37200-16213,Case-48-P5-C18-37200-16213,Case 48 - P5 C18-37200-16213,http://pathdb.cancerimagingarchive.net/system/files/wsi/ross/Osteosarcoma-UT/converted/Osteosarcoma-UT/Training-Set-1/set8/Case-48-P5-C18-37200-16213.tiff,Case-48,Viable,VIABLE_TUMOR,TRUE,False,RETRIEVED,200,C:\Users\enkso\.kiro\crew\scratch\runtime-0a306834\osteopatch_full_ingestion\tiffs\Case-48-P5-C18-37200-16213.tiff,237012,48017cdec604665fed81853f6cfaf422453fe5172a74c7155c38a609813cc9bd,5c4389b4efb24ea3c0dcb7cd12e2b3fb4806a017661725c22fd1040c334c0a29,8eec600ff9c9d912,a7a7e46365e1c38b,TIFF,TIFF-LE,1024,1024,RGB,3,8,True,195.81052207946777,48.53567983939112,0.3717842102050781,1.9073486328125e-06,6.332377174408126,,False,False,False,False,False,False,PASS,True,
Case-48-P5-C18-37612-15623,Case-48-P5-C18-37612-15623,Case 48 - P5 C18-37612-15623,http://pathdb.cancerimagingarchive.net/system/files/wsi/ross/Osteosarcoma-UT/converted/Osteosarcoma-UT/Training-Set-1/set8/Case-48-P5-C18-37612-15623.tiff,Case-48,Viable,VIABLE_TUMOR,TRUE,False,RETRIEVED,200,C:\Users\enkso\.kiro\crew\scratch\runtime-0a306834\osteopatch_full_ingestion\tiffs\Case-48-P5-C18-37612-15623.tiff,225220,94b58abd9cabbc1fe7a2c86dc62f79c643830c8feb6dd8c4221b3cdf26bfa758,f36311814564588c6c0417918c837c8c27e2d8fe8306ae622650b562316ad634,9e80631b782f62e7,b1a4ecbc38717120,TIFF,TIFF-LE,1024,1024,RGB,3,8,True,201.15209197998047,48.53062306282048,0.4483785629272461,9.5367431640625e-07,5.89755464236257,,False,False,False,False,False,False,PASS,True,
Case-48-P5-C18-40902-9870,Case-48-P5-C18-40902-9870,Case 48 - P5 C18-40902-9870,http://pathdb.cancerimagingarchive.net/system/files/wsi/ross/Osteosarcoma-UT/converted/Osteosarcoma-UT/Training-Set-1/set8/Case-48-P5-C18-40902-9870.tiff,Case-48,Viable,VIABLE_TUMOR,TRUE,False,RETRIEVED,200,C:\Users\enkso\.kiro\crew\scratch\runtime-0a306834\osteopatch_full_ingestion\tiffs\Case-48-P5-C18-40902-9870.tiff,268892,e4c6d54875f4743ba85ef9252d98907bc41cc3c37fa3e636daf54f2d1b33449b,5b8dd0d6fcc461995fab70bca34e8d62c6110cb98fa28e27a21dc0af44c66219,ab636a7c58d3c344,8903ce59b6293278,TIFF,TIFF-LE,1024,1024,RGB,3,8,True,159.42648315429688,56.0476667731283,0.19251632690429688,3.814697265625e-06,7.125326608505352,,False,False,False,False,False,False,PASS,True,
Case-48-P5-C18-42373-6994,Case-48-P5-C18-42373-6994,Case 48 - P5 C18-42373-6994,http://pathdb.cancerimagingarchive.net/system/files/wsi/ross/Osteosarcoma-UT/converted/Osteosarcoma-UT/Training-Set-1/set8/Case-48-P5-C18-42373-6994.tiff,Case-48,Viable,VIABLE_TUMOR,TRUE,False,RETRIEVED,200,C:\Users\enkso\.kiro\crew\scratch\runtime-0a306834\osteopatch_full_ingestion\tiffs\Case-48-P5-C18-42373-6994.tiff,307398,ecdb5b6da6536571cc7dddfe412634da5a85da0a7ec8e4c15aef2cf3a4322709,7b59f837f0af71584fff119e5b7e375661f51e9555174c5976d5bf67aff3a18f,f0cf3e86219c6399,a11d968692ad359e,TIFF,TIFF-LE,1024,1024,RGB,3,8,True,185.37055206298828,57.49112572609106,0.35257434844970703,0.0,6.90917388657912,,False,False,False,False,False,False,PASS,True,
Case-48-P5-C18-42513-34016,Case-48-P5-C18-42513-34016,Case 48 - P5 C18-42513-34016,http://pathdb.cancerimagingarchive.net/system/files/wsi/ross/Osteosarcoma-UT/converted/Osteosarcoma-UT/Training-Set-1/set8/Case-48-P5-C18-42513-34016.tiff,Case-48,Non-Tumor,NON_TUMOR,TRUE,False,RETRIEVED,200,C:\Users\enkso\.kiro\crew\scratch\runtime-0a306834\osteopatch_full_ingestion\tiffs\Case-48-P5-C18-42513-34016.tiff,76332,b1e9cfc9da7c25c8d7ff38a1f23d841c736039872d3036d6e8f1e14071631528,6ef23d1a60f97da9f96d3e517cf48cedcb5c06b990fa2b39bbf9affe72ddbbb2,c64e6e6d2daa5252,2320180202020100,TIFF,TIFF-LE,1024,1024,RGB,3,8,True,232.55621337890625,33.950266037835355,0.8842287063598633,9.5367431640625e-07,1.8407547272848859,LOW_INFORMATION,False,False,False,False,False,True,REVIEW,False,image QC status REVIEW
Case-48-P5-C18-43324-24367,Case-48-P5-C18-43324-24367,Case 48 - P5 C18-43324-24367,http://pathdb.cancerimagingarchive.net/system/files/wsi/ross/Osteosarcoma-UT/converted/Osteosarcoma-UT/Training-Set-1/set8/Case-48-P5-C18-43324-24367.tiff,Case-48,Viable,VIABLE_TUMOR,TRUE,False,RETRIEVED,200,C:\Users\enkso\.kiro\crew\scratch\runtime-0a306834\osteopatch_full_ingestion\tiffs\Case-48-P5-C18-43324-24367.tiff,243592,80a13988a23a8f21e5c360a797ca6119b231ccb67ebf1fee31a6f128014c3b30,c48c576861b73126332fb8dcac9b150c5a4b74959b6da0c497f572687f63c8e0,e330c5039f739c3c,ce8f0c1c09c9ca62,TIFF,TIFF-LE,1024,1024,RGB,3,8,True,186.39763641357422,48.687379523015224,0.32393360137939453,0.0,6.331387008013438,,False,False,False,False,False,False,PASS,True,
Case-48-P5-C18-46136-24608,Case-48-P5-C18-46136-24608,Case 48 - P5 C18-46136-24608,http://pathdb.cancerimagingarchive.net/system/files/wsi/ross/Osteosarcoma-UT/converted/Osteosarcoma-UT/Training-Set-1/set8/Case-48-P5-C18-46136-24608.tiff,Case-48,Viable,VIABLE_TUMOR,TRUE,False,RETRIEVED,200,C:\Users\enkso\.kiro\crew\scratch\runtime-0a306834\osteopatch_full_ingestion\tiffs\Case-48-P5-C18-46136-24608.tiff,273782,402a484648dcfd64472a540e61f3b49f683230bccbef466443250e7376a6802f,e9dc08e27950652877c6db2ab506112fa9beda9a835320eb9bf9c3098067c63d,e81772e8ad156aaa,b3a16c66b383870b,TIFF,TIFF-LE,1024,1024,RGB,3,8,True,170.96018600463867,45.622855272915196,0.2083148956298828,1.9073486328125e-06,6.735063546074917,,False,False,False,False,False,False,PASS,True,
Case-48-P5-C18-47653-31606,Case-48-P5-C18-47653-31606,Case 48 - P5 C18-47653-31606,http://pathdb.cancerimagingarchive.net/system/files/wsi/ross/Osteosarcoma-UT/converted/Osteosarcoma-UT/Training-Set-1/set8/Case-48-P5-C18-47653-31606.tiff,Case-48,Viable,VIABLE_TUMOR,TRUE,False,RETRIEVED,200,C:\Users\enkso\.kiro\crew\scratch\runtime-0a306834\osteopatch_full_ingestion\tiffs\Case-48-P5-C18-47653-31606.tiff,127806,e492de23a9cfce439065efe48888607e40c0af9f965d900651c97bcf6cd91060,dfff98e0e4ca59f1ce211bdb8516d946af20f04b5204d43f187c79b4e83a2383,bf68c1879cc88b9c,4b9d93366d48da24,TIFF,TIFF-LE,1024,1024,RGB,3,8,True,216.21257209777832,47.38456164677999,0.7091064453125,0.0,3.41903761279145,,False,False,False,False,False,False,PASS,True,
Case-48-P5-C18-51237-22363,Case-48-P5-C18-51237-22363,Case 48 - P5 C18-51237-22363,http://pathdb.cancerimagingarchive.net/system/files/wsi/ross/Osteosarcoma-UT/converted/Osteosarcoma-UT/Training-Set-1/set8/Case-48-P5-C18-51237-22363.tiff,Case-48,Viable,VIABLE_TUMOR,TRUE,False,RETRIEVED,200,C:\Users\enkso\.kiro\crew\scratch\runtime-0a306834\osteopatch_full_ingestion\tiffs\Case-48-P5-C18-51237-22363.tiff,305082,dd8c6fbe037a74dba4e9d64ce81b4487b8fbec1bdd702beef4bd8555f6c18411,8db83f68dfd94421b4d91de29f2ae305eb02d1fac11522f214859fff0060f832,9003c0f8ebe5b1d7,9299de5a3c3c36f6,TIFF,TIFF-LE,1024,1024,RGB,3,8,True,177.00879669189453,44.964168915511166,0.18671798706054688,9.5367431640625e-07,7.068980034591429,,False,False,False,False,False,False,PASS,True,
Case-48-P5-C18-51418-18002,Case-48-P5-C18-51418-18002,Case 48 - P5 C18-51418-18002,http://pathdb.cancerimagingarchive.net/system/files/wsi/ross/Osteosarcoma-UT/converted/Osteosarcoma-UT/Training-Set-1/set8/Case-48-P5-C18-51418-18002.tiff,Case-48,Viable,VIABLE_TUMOR,TRUE,False,RETRIEVED,200,C:\Users\enkso\.kiro\crew\scratch\runtime-0a306834\osteopatch_full_ingestion\tiffs\Case-48-P5-C18-51418-18002.tiff,284398,ec498fbe180b7f3e51a4fbc4d2329cc434c8ca55b110705fa11015ae1924eb15,fca6c762a6b27a0c1ca40814839576075364f10ab5602d41339b2f7f65eba472,ccb32c09788ef12f,b0e84c74c1f1e336,TIFF,TIFF-LE,1024,1024,RGB,3,8,True,186.21413612365723,43.403799629701226,0.23322391510009766,0.0,6.913737382222395,,False,False,False,False,False,False,PASS,True,
Case-48-P5-C18-9652-19230,Case-48-P5-C18-9652-19230,Case 48 - P5 C18-9652-19230,http://pathdb.cancerimagingarchive.net/system/files/wsi/ross/Osteosarcoma-UT/converted/Osteosarcoma-UT/Training-Set-2/set8/Case-48-P5-C18-9652-19230.tiff,Case-48,Non-Tumor,NON_TUMOR,TRUE,False,RETRIEVED,200,C:\Users\enkso\.kiro\crew\scratch\runtime-0a306834\osteopatch_full_ingestion\tiffs\Case-48-P5-C18-9652-19230.tiff,136128,d0094feec5ec8a4cd12531b702f97a2ed4660e04752c81f4e72dd7c498d164a4,f4a4b64b8843c1a8dfce61c660ed266bc242aaa88f46e9d62ef8b9b2f4f965c3,9a9cd40ad4e1f78a,3c393c3929c9a182,TIFF,TIFF-LE,1024,1024,RGB,3,8,True,81.74637794494629,15.797717070836134,0.0009059906005859375,6.4849853515625e-05,5.659122671006371,,False,False,False,False,False,False,PASS,True,
Case-48-P5-C19-11220-21709,Case-48-P5-C19-11220-21709,Case 48 - P5 C19-11220-21709,http://pathdb.cancerimagingarchive.net/system/files/wsi/ross/Osteosarcoma-UT/converted/Osteosarcoma-UT/Training-Set-2/set8/Case-48-P5-C19-11220-21709.tiff,Case-48,Non-Tumor,NON_TUMOR,TRUE,False,RETRIEVED,200,C:\Users\enkso\.kiro\crew\scratch\runtime-0a306834\osteopatch_full_ingestion\tiffs\Case-48-P5-C19-11220-21709.tiff,144324,eeef90cb6049a8340c53928f127bc6d5bf1fdb3ad2e1baeb0b2a1d643f033941,528510941f35f6e1a7d36d3eef978fee8f3b7d1664cb1d118dbdd3c34954b4b0,c56722a35c3cdbc4,4646666640426060,TIFF,TIFF-LE,1024,1024,RGB,3,8,True,111.25748062133789,21.074630760361334,0.0016336441040039062,5.340576171875e-05,6.322568254857219,,False,False,False,False,False,False,PASS,True,
Case-48-P5-C19-13067-24621,Case-48-P5-C19-13067-24621,Case 48 - P5 C19-13067-24621,http://pathdb.cancerimagingarchive.net/system/files/wsi/ross/Osteosarcoma-UT/converted/Osteosarcoma-UT/Training-Set-2/set8/Case-48-P5-C19-13067-24621.tiff,Case-48,Non-Tumor,NON_TUMOR,TRUE,False,RETRIEVED,200,C:\Users\enkso\.kiro\crew\scratch\runtime-0a306834\osteopatch_full_ingestion\tiffs\Case-48-P5-C19-13067-24621.tiff,122550,8bf3b10b8621b7964ed4a95b05feb5ae28a1b442b6e2a01a6377da37f325b996,0720356eccc21aedc81f1593e246af663f654be5ac075aa5eb7bfa7b1da33eea,e637c2729e419867,dc4e1f1e0e04c1e1,TIFF,TIFF-LE,1024,1024,RGB,3,8,True,103.64690780639648,19.526682760276195,0.0014324188232421875,0.0001163482666015625,5.865495403015451,,False,False,False,False,False,False,PASS,True,
Case-48-P5-C19-14308-25500,Case-48-P5-C19-14308-25500,Case 48 - P5 C19-14308-25500,http://pathdb.cancerimagingarchive.net/system/files/wsi/ross/Osteosarcoma-UT/converted/Osteosarcoma-UT/Training-Set-2/set8/Case-48-P5-C19-14308-25500.tiff,Case-48,Non-Tumor,NON_TUMOR,TRUE,False,RETRIEVED,200,C:\Users\enkso\.kiro\crew\scratch\runtime-0a306834\osteopatch_full_ingestion\tiffs\Case-48-P5-C19-14308-25500.tiff,141192,fef709ff3172fee7498f6b241c949403d3a18cbcf5146e1c352f9d5136f2b674,afbd472f9466aadcf0ca8e8eedb3b49a8b98fba19623fd265ac631453feb0a2e,ea33150d46d69b39,c509050583432281,TIFF,TIFF-LE,1024,1024,RGB,3,8,True,134.09463596343994,20.019180208179865,0.0020847320556640625,1.811981201171875e-05,6.005979219406701,,False,False,False,False,False,False,PASS,True,
Case-48-P5-C19-14441-14866,Case-48-P5-C19-14441-14866,Case 48 - P5 C19-14441-14866,http://pathdb.cancerimagingarchive.net/system/files/wsi/ross/Osteosarcoma-UT/converted/Osteosarcoma-UT/Training-Set-2/set8/Case-48-P5-C19-14441-14866.tiff,Case-48,Viable,VIABLE_TUMOR,TRUE,False,RETRIEVED,200,C:\Users\enkso\.kiro\crew\scratch\runtime-0a306834\osteopatch_full_ingestion\tiffs\Case-48-P5-C19-14441-14866.tiff,312272,5ff3471af57e6abc026fec54ab0ca54ee26cfe1f5776f6fa235a9eeb439b682a,ce8e0bc18bb4335b3537a5a2f94ea6a21aad663bde902ade73df1c9b4adb3a0a,b36c9a04f4ddac4a,b6399b1e8cce48d9,TIFF,TIFF-LE,1024,1024,RGB,3,8,True,174.36504077911377,58.42039003647046,0.3094930648803711,1.049041748046875e-05,6.8787952357189255,,False,False,False,False,False,False,PASS,True,
Case-48-P5-C19-15367-19854,Case-48-P5-C19-15367-19854,Case 48 - P5 C19-15367-19854,http://pathdb.cancerimagingarchive.net/system/files/wsi/ross/Osteosarcoma-UT/converted/Osteosarcoma-UT/Training-Set-2/set8/Case-48-P5-C19-15367-19854.tiff,Case-48,Viable,VIABLE_TUMOR,TRUE,False,RETRIEVED,200,C:\Users\enkso\.kiro\crew\scratch\runtime-0a306834\osteopatch_full_ingestion\tiffs\Case-48-P5-C19-15367-19854.tiff,358936,4221e62a863f35c8ea53181bd46c72cc0bc001b5a28e77add5201de1c85bbcf5,bd7c3dd838609e48baa5802371e03cb758c9b19dcc357e95e090cee5a5cf8db7,ca9da45a746b34ac,3a514189e189938f,TIFF,TIFF-LE,1024,1024,RGB,3,8,True,155.546781539917,55.5452919536484,0.12940025329589844,4.76837158203125e-05,7.5264511016878,,False,False,False,False,False,False,PASS,True,
Case-48-P5-C19-19015-27466,Case-48-P5-C19-19015-27466,Case 48 - P5 C19-19015-27466,http://pathdb.cancerimagingarchive.net/system/files/wsi/ross/Osteosarcoma-UT/converted/Osteosarcoma-UT/Training-Set-2/set8/Case-48-P5-C19-19015-27466.tiff,Case-48,Non-Tumor,NON_TUMOR,TRUE,False,RETRIEVED,200,C:\Users\enkso\.kiro\crew\scratch\runtime-0a306834\osteopatch_full_ingestion\tiffs\Case-48-P5-C19-19015-27466.tiff,155916,104fed2ee4e795c10df08e22c8a0eb6dcbfbee151fb859b9b4958fc550520cbd,18dc02b706970e27e0758b8159356bff44f01fca1c3d56874471493c161f38e0,9f1f51511f1c1457,7c7c3c3a2c3c3c3a,TIFF,TIFF-LE,1024,1024,RGB,3,8,True,128.58574390411377,17.608221112098207,0.0014934539794921875,0.0,5.981644475511338,,False,False,False,False,False,False,PASS,True,
Case-48-P5-C19-26094-27297,Case-48-P5-C19-26094-27297,Case 48 - P5 C19-26094-27297,http://pathdb.cancerimagingarchive.net/system/files/wsi/ross/Osteosarcoma-UT/converted/Osteosarcoma-UT/Training-Set-2/set8/Case-48-P5-C19-26094-27297.tiff,Case-48,Non-Tumor,NON_TUMOR,TRUE,False,RETRIEVED,200,C:\Users\enkso\.kiro\crew\scratch\runtime-0a306834\osteopatch_full_ingestion\tiffs\Case-48-P5-C19-26094-27297.tiff,147708,219d44f747cd225b06db98575463646412f695281911f2b34a570104133cad88,9b126f35167af22433acf6884148ea68be023c7b5875f2dfd3d8397b82163a95,c0a79b69dad84d61,c2c6c6e4c6c2d2f0,TIFF,TIFF-LE,1024,1024,RGB,3,8,True,103.4443883895874,20.24275334806276,0.000667572021484375,0.00016021728515625,6.263645768066854,,False,False,False,False,False,False,PASS,True,
Case-48-P5-C19-26506-10723,Case-48-P5-C19-26506-10723,Case 48 - P5 C19-26506-10723,http://pathdb.cancerimagingarchive.net/system/files/wsi/ross/Osteosarcoma-UT/converted/Osteosarcoma-UT/Training-Set-2/set8/Case-48-P5-C19-26506-10723.tiff,Case-48,Viable,VIABLE_TUMOR,TRUE,False,RETRIEVED,200,C:\Users\enkso\.kiro\crew\scratch\runtime-0a306834\osteopatch_full_ingestion\tiffs\Case-48-P5-C19-26506-10723.tiff,254972,8c39bd4bef29e90d53741480e68df129f73ea7159b5dabf1b80850db2af376c6,0ce680b8c8eb2339aa39ce0e55f2a0b053d6c5008a2f63f87f7f7679480f8c17,f34eb4715cbd02c8,1f4b272a89cb8e9d,TIFF,TIFF-LE,1024,1024,RGB,3,8,True,178.0484094619751,62.69744045508379,0.3846168518066406,4.100799560546875e-05,6.483534662287596,,False,False,False,False,False,False,PASS,True,
Case-48-P5-C19-26657-32338,Case-48-P5-C19-26657-32338,Case 48 - P5 C19-26657-32338,http://pathdb.cancerimagingarchive.net/system/files/wsi/ross/Osteosarcoma-UT/converted/Osteosarcoma-UT/Training-Set-2/set8/Case-48-P5-C19-26657-32338.tiff,Case-48,Non-Tumor,NON_TUMOR,TRUE,False,RETRIEVED,200,C:\Users\enkso\.kiro\crew\scratch\runtime-0a306834\osteopatch_full_ingestion\tiffs\Case-48-P5-C19-26657-32338.tiff,119818,24ff9aca4f95535c3f9dfeda144d5af3cf19b8aada607bc4c3eea577f1113dd3,a8f65305424b3d215b4169824f9a2db28122e55847ed6d62b8e730b0e022eb36,d120bcdd43259cde,809034c4c0308200,TIFF,TIFF-LE,1024,1024,RGB,3,8,True,197.23077583312988,45.843713465007056,0.45571041107177734,2.86102294921875e-06,4.427012242229492,,False,False,False,False,False,False,PASS,True,
Case-48-P5-C19-26719-18659,Case-48-P5-C19-26719-18659,Case 48 - P5 C19-26719-18659,http://pathdb.cancerimagingarchive.net/system/files/wsi/ross/Osteosarcoma-UT/converted/Osteosarcoma-UT/Training-Set-2/set8/Case-48-P5-C19-26719-18659.tiff,Case-48,Viable,VIABLE_TUMOR,TRUE,False,RETRIEVED,200,C:\Users\enkso\.kiro\crew\scratch\runtime-0a306834\osteopatch_full_ingestion\tiffs\Case-48-P5-C19-26719-18659.tiff,230144,e0d9b826939622b045a34fbf591105f1299995c277b54feda913a84b27cb0295,60179f7652928291d94a7369aa59237d58f2ec7e5a861b2005f2cb86027b3b8d,8a6b7a4e39b6a449,2579db9eb2ada919,TIFF,TIFF-LE,1024,1024,RGB,3,8,True,136.9332628250122,49.50702568055475,0.1136636734008789,9.72747802734375e-05,6.880330454363886,,False,False,False,False,False,False,PASS,True,
Case-48-P5-C19-27056-17848,Case-48-P5-C19-27056-17848,Case 48 - P5 C19-27056-17848,http://pathdb.cancerimagingarchive.net/system/files/wsi/ross/Osteosarcoma-UT/converted/Osteosarcoma-UT/Training-Set-2/set8/Case-48-P5-C19-27056-17848.tiff,Case-48,Viable,VIABLE_TUMOR,TRUE,False,RETRIEVED,200,C:\Users\enkso\.kiro\crew\scratch\runtime-0a306834\osteopatch_full_ingestion\tiffs\Case-48-P5-C19-27056-17848.tiff,301156,529b0259ba07b2d370ffb263252d5d7bbed2b259e32fd462e98f7a302d3f0675,d3dc9f4cfb589d01329aff120a9a1c95129a9b2389d8dc8b89c82e20a41a2245,b1e83201dc3fc73c,9b9a5b1396ca4d8c,TIFF,TIFF-LE,1024,1024,RGB,3,8,True,167.51619052886963,58.45176288642801,0.2439870834350586,1.621246337890625e-05,7.165098211460554,,False,False,False,False,False,False,PASS,True,
Case-48-P5-C19-27826-27316,Case-48-P5-C19-27826-27316,Case 48 - P5 C19-27826-27316,http://pathdb.cancerimagingarchive.net/system/files/wsi/ross/Osteosarcoma-UT/converted/Osteosarcoma-UT/Training-Set-2/set8/Case-48-P5-C19-27826-27316.tiff,Case-48,Non-Tumor,NON_TUMOR,TRUE,False,RETRIEVED,200,C:\Users\enkso\.kiro\crew\scratch\runtime-0a306834\osteopatch_full_ingestion\tiffs\Case-48-P5-C19-27826-27316.tiff,120924,3a10886f8aaf1c70ca18b458c4de7a7e9a2820f657d4948a69eaad11641f905a,a4a558df37a398dd5b64991cdf4b42b7b972d67645b01ac29746f71daec606b4,b4a0c95bbfeb4405,139c862f3c34de4e,TIFF,TIFF-LE,1024,1024,RGB,3,8,True,86.92839622497559,15.624570240835542,0.0005388259887695312,0.0004978179931640625,5.8133378215574805,,False,False,False,False,False,False,PASS,True,
Case-48-P5-C19-28560-27834,Case-48-P5-C19-28560-27834,Case 48 - P5 C19-28560-27834,http://pathdb.cancerimagingarchive.net/system/files/wsi/ross/Osteosarcoma-UT/converted/Osteosarcoma-UT/Training-Set-2/set8/Case-48-P5-C19-28560-27834.tiff,Case-48,Non-Tumor,NON_TUMOR,TRUE,False,RETRIEVED,200,C:\Users\enkso\.kiro\crew\scratch\runtime-0a306834\osteopatch_full_ingestion\tiffs\Case-48-P5-C19-28560-27834.tiff,121758,e3cd81a62a52765cf0c9a041beb695e999d06f55ea317f0c9354d12738207a93,0024a2143173850a860e2914be0f57e8f64871bddac7ed08768a59e3c7483734,be949aa5e5a0cea2,2678ac2606058123,TIFF,TIFF-LE,1024,1024,RGB,3,8,True,83.94304466247559,15.121293315616729,0.0010166168212890625,0.00037479400634765625,5.666940763973357,,False,False,False,False,False,False,PASS,True,
Case-48-P5-C19-28887-22427,Case-48-P5-C19-28887-22427,Case 48 - P5 C19-28887-22427,http://pathdb.cancerimagingarchive.net/system/files/wsi/ross/Osteosarcoma-UT/converted/Osteosarcoma-UT/Training-Set-2/set8/Case-48-P5-C19-28887-22427.tiff,Case-48,Viable,VIABLE_TUMOR,TRUE,False,RETRIEVED,200,C:\Users\enkso\.kiro\crew\scratch\runtime-0a306834\osteopatch_full_ingestion\tiffs\Case-48-P5-C19-28887-22427.tiff,183112,e1828700bd32f38038a76a036cba0cba50b9599c8b91cd0fadeefa0da3303fc9,a1097ec305f50dc323f61d5f3b07d64d806233ab27460ad261a088326d25559b,b41de7b343d22a61,7e3636383c3d0e0f,TIFF,TIFF-LE,1024,1024,RGB,3,8,True,180.25647449493408,61.41213160135609,0.4080524444580078,9.5367431640625e-07,6.134418658731118,,False,False,False,False,False,False,PASS,True,
Case-48-P5-C19-30501-31832,Case-48-P5-C19-30501-31832,Case 48 - P5 C19-30501-31832,http://pathdb.cancerimagingarchive.net/system/files/wsi/ross/Osteosarcoma-UT/converted/Osteosarcoma-UT/Training-Set-2/set8/Case-48-P5-C19-30501-31832.tiff,Case-48,Non-Tumor,NON_TUMOR,TRUE,False,RETRIEVED,200,C:\Users\enkso\.kiro\crew\scratch\runtime-0a306834\osteopatch_full_ingestion\tiffs\Case-48-P5-C19-30501-31832.tiff,176268,55654b24010f578230d477cdfc90c69ca13dbc7828942598a496bb521f130af2,596d3eecb6f94a9a79841bbce663c098cb897c88033935013bf017a989e7aa42,bf590d674352d446,521235994f0c2ca6,TIFF,TIFF-LE,1024,1024,RGB,3,8,True,160.6062889099121,11.186290308519721,0.0019807815551757812,9.5367431640625e-07,5.311763576395834,,False,False,False,False,False,False,PASS,True,
Case-48-P5-C19-30892-14643,Case-48-P5-C19-30892-14643,Case 48 - P5 C19-30892-14643,http://pathdb.cancerimagingarchive.net/system/files/wsi/ross/Osteosarcoma-UT/converted/Osteosarcoma-UT/Training-Set-2/set8/Case-48-P5-C19-30892-14643.tiff,Case-48,Viable,VIABLE_TUMOR,TRUE,False,RETRIEVED,200,C:\Users\enkso\.kiro\crew\scratch\runtime-0a306834\osteopatch_full_ingestion\tiffs\Case-48-P5-C19-30892-14643.tiff,297070,d77f1f2605f8e8bad2eabf87d58c92a0d0a24d82df3026850947c05acf44271e,2676cd92423957f94ce5452b6e1eb333e02b1116455cef52e14280399dcb9509,c992a44bd56fda44,c9d4e1239193a327,TIFF,TIFF-LE,1024,1024,RGB,3,8,True,186.69845962524414,44.483979422597386,0.20902252197265625,9.5367431640625e-07,7.08468158246162,,False,False,False,False,False,False,PASS,True,
Case-48-P5-C19-31003-6587,Case-48-P5-C19-31003-6587,Case 48 - P5 C19-31003-6587,http://pathdb.cancerimagingarchive.net/system/files/wsi/ross/Osteosarcoma-UT/converted/Osteosarcoma-UT/Training-Set-1/set8/Case-48-P5-C19-31003-6587.tiff,Case-48,Viable,VIABLE_TUMOR,TRUE,False,RETRIEVED,200,C:\Users\enkso\.kiro\crew\scratch\runtime-0a306834\osteopatch_full_ingestion\tiffs\Case-48-P5-C19-31003-6587.tiff,337888,8f4b580585dc5a1e02fc682530eaff4b1900ef154feffb6daa13d89ddd993e51,3b8d570cb2178ab575b3f13db0ef5d479ee2c53b6dfb70818ec3c75bf1f6bf9b,f32466e7c54c4cc9,c59c3b3ada4818cc,TIFF,TIFF-LE,1024,1024,RGB,3,8,True,187.9577341079712,38.32371043118991,0.16901683807373047,0.0,7.02750336570599,,False,False,False,False,False,False,PASS,True,
Case-48-P5-C19-31868-8754,Case-48-P5-C19-31868-8754,Case 48 - P5 C19-31868-8754,http://pathdb.cancerimagingarchive.net/system/files/wsi/ross/Osteosarcoma-UT/converted/Osteosarcoma-UT/Training-Set-1/set8/Case-48-P5-C19-31868-8754.tiff,Case-48,Viable,VIABLE_TUMOR,TRUE,False,RETRIEVED,200,C:\Users\enkso\.kiro\crew\scratch\runtime-0a306834\osteopatch_full_ingestion\tiffs\Case-48-P5-C19-31868-8754.tiff,325426,189149ad9c73c61def68d485aeb8222121c9fe14bbc39a1cf231c8090289ccde,bb09047ec731afa152a76b8334c4b40af47666b25c1754f3d7d94da1fd087ccd,d8f6ac274a4b8d86,232a3859ccde9b33,TIFF,TIFF-LE,1024,1024,RGB,3,8,True,191.81900596618652,46.426535644218426,0.2909221649169922,0.0,6.888812737591625,,False,False,False,False,False,False,PASS,True,
Case-48-P5-C19-36599-9672,Case-48-P5-C19-36599-9672,Case 48 - P5 C19-36599-9672,http://pathdb.cancerimagingarchive.net/system/files/wsi/ross/Osteosarcoma-UT/converted/Osteosarcoma-UT/Training-Set-1/set8/Case-48-P5-C19-36599-9672.tiff,Case-48,Viable,VIABLE_TUMOR,TRUE,False,RETRIEVED,200,C:\Users\enkso\.kiro\crew\scratch\runtime-0a306834\osteopatch_full_ingestion\tiffs\Case-48-P5-C19-36599-9672.tiff,414568,df387b40f58a4868ba08e0af57178ac9d52144339112d63436fbc64a0ed658ae,fc499e70a573cfa7bec912d0268e76431819c666e173e9ce6f3fc061a8678b4b,babaf020000dff6f,1d195555952b6224,TIFF,TIFF-LE,1024,1024,RGB,3,8,True,181.54997634887695,48.84308012226009,0.2066183090209961,0.0,7.327715485770112,,False,False,False,False,False,False,PASS,True,
Case-48-P5-C19-36772-18960,Case-48-P5-C19-36772-18960,Case 48 - P5 C19-36772-18960,http://pathdb.cancerimagingarchive.net/system/files/wsi/ross/Osteosarcoma-UT/converted/Osteosarcoma-UT/Training-Set-1/set8/Case-48-P5-C19-36772-18960.tiff,Case-48,Viable,VIABLE_TUMOR,TRUE,False,RETRIEVED,200,C:\Users\enkso\.kiro\crew\scratch\runtime-0a306834\osteopatch_full_ingestion\tiffs\Case-48-P5-C19-36772-18960.tiff,211240,e54ab2b39611b8a843a85147505eabfc6e80b099f833d61bda88f7a2a6a1234d,4668f38b24cdc1fab3668db7249916962bc67cb971cf0cbf2c83d1cad709d4d0,99e6c638733c8d86,edccf21b593236d2,TIFF,TIFF-LE,1024,1024,RGB,3,8,True,194.12160873413086,46.714970902819594,0.3357982635498047,0.0,6.4429597191726256,,False,False,False,False,False,False,PASS,True,
Case-48-P5-C19-37421-11802,Case-48-P5-C19-37421-11802,Case 48 - P5 C19-37421-11802,http://pathdb.cancerimagingarchive.net/system/files/wsi/ross/Osteosarcoma-UT/converted/Osteosarcoma-UT/Training-Set-1/set8/Case-48-P5-C19-37421-11802.tiff,Case-48,Viable,VIABLE_TUMOR,TRUE,False,RETRIEVED,200,C:\Users\enkso\.kiro\crew\scratch\runtime-0a306834\osteopatch_full_ingestion\tiffs\Case-48-P5-C19-37421-11802.tiff,365520,502fe57254f9bb02c736a0efc474cb7acfe5313c98d8ef96eaffb27cf192a2c7,bf685075cc5f30cda85f82e8e4bbe6541f3486bcd9be73087a4559eced461b6f,ea4b969038ef1476,286923339b844d2c,TIFF,TIFF-LE,1024,1024,RGB,3,8,True,185.02294826507568,55.28460352648871,0.33678627014160156,9.5367431640625e-07,7.026120980469871,,False,False,False,False,False,False,PASS,True,
Case-48-P5-C19-40049-22382,Case-48-P5-C19-40049-22382,Case 48 - P5 C19-40049-22382,http://pathdb.cancerimagingarchive.net/system/files/wsi/ross/Osteosarcoma-UT/converted/Osteosarcoma-UT/Training-Set-1/set8/Case-48-P5-C19-40049-22382.tiff,Case-48,Viable,VIABLE_TUMOR,TRUE,False,RETRIEVED,200,C:\Users\enkso\.kiro\crew\scratch\runtime-0a306834\osteopatch_full_ingestion\tiffs\Case-48-P5-C19-40049-22382.tiff,287930,84b2e80c835be0e5a0fb82984dba000969f801721ebd09225d3683249c427009,555cfd49000f159c945efde403f31e39bfa165843627640dad88745fe10a6c72,b9afe015ee710f80,571b533377929687,TIFF,TIFF-LE,1024,1024,RGB,3,8,True,198.73959255218506,41.59586087464073,0.3165435791015625,0.0,6.580313455044497,,False,False,False,False,False,False,PASS,True,
Case-48-P5-C19-40702-20386,Case-48-P5-C19-40702-20386,Case 48 - P5 C19-40702-20386,http://pathdb.cancerimagingarchive.net/system/files/wsi/ross/Osteosarcoma-UT/converted/Osteosarcoma-UT/Training-Set-1/set8/Case-48-P5-C19-40702-20386.tiff,Case-48,Viable,VIABLE_TUMOR,TRUE,False,RETRIEVED,200,C:\Users\enkso\.kiro\crew\scratch\runtime-0a306834\osteopatch_full_ingestion\tiffs\Case-48-P5-C19-40702-20386.tiff,238270,1063c31010f863c417042b38a5afc788be75742c9aa8af0b681c5f6d6a8a7adf,fae487a2d7fdb44bb239bd74fda9d88296e10eff139ea63533b5b58c5cec7c7f,95b237c9c2ca58e6,9f1e9c71f2f26646,TIFF,TIFF-LE,1024,1024,RGB,3,8,True,192.77579307556152,45.55578464789521,0.3431863784790039,9.5367431640625e-07,6.260914856776026,,False,False,False,False,False,False,PASS,True,
Case-48-P5-C19-41884-18067,Case-48-P5-C19-41884-18067,Case 48 - P5 C19-41884-18067,http://pathdb.cancerimagingarchive.net/system/files/wsi/ross/Osteosarcoma-UT/converted/Osteosarcoma-UT/Training-Set-1/set8/Case-48-P5-C19-41884-18067.tiff,Case-48,Viable,VIABLE_TUMOR,TRUE,False,RETRIEVED,200,C:\Users\enkso\.kiro\crew\scratch\runtime-0a306834\osteopatch_full_ingestion\tiffs\Case-48-P5-C19-41884-18067.tiff,209254,2c4f88402c5a2411e6b353ad04f3896de1159298390dc178bc5faa32bc3ed95e,6f1fa21706d7c6acf450dca9a0ce2f8627e435c8a176d69f1a4900c76405c8b8,dce7f81e23e1809c,c626a6436a313135,TIFF,TIFF-LE,1024,1024,RGB,3,8,True,206.34457302093506,42.52532654240772,0.47309017181396484,9.5367431640625e-07,5.476384248911846,,False,False,False,False,False,False,PASS,True,
Case-48-P5-C19-43378-18456,Case-48-P5-C19-43378-18456,Case 48 - P5 C19-43378-18456,http://pathdb.cancerimagingarchive.net/system/files/wsi/ross/Osteosarcoma-UT/converted/Osteosarcoma-UT/Training-Set-1/set8/Case-48-P5-C19-43378-18456.tiff,Case-48,Viable,VIABLE_TUMOR,TRUE,False,RETRIEVED,200,C:\Users\enkso\.kiro\crew\scratch\runtime-0a306834\osteopatch_full_ingestion\tiffs\Case-48-P5-C19-43378-18456.tiff,271158,314773570dbbf463a2a2af2592a0aedf941225294cf3469497c67fb8b5ee8569,f3e9aced3f9ad38584297a56593efcba4a1ebe44ac52042a373173b559332c5a,b4912d7be6cb210e,6cbcacccac142446,TIFF,TIFF-LE,1024,1024,RGB,3,8,True,194.0400857925415,46.5780323115825,0.32999229431152344,0.0,6.608576834346362,,False,False,False,False,False,False,PASS,True,
Case-48-P5-C19-43954-23941,Case-48-P5-C19-43954-23941,Case 48 - P5 C19-43954-23941,http://pathdb.cancerimagingarchive.net/system/files/wsi/ross/Osteosarcoma-UT/converted/Osteosarcoma-UT/Training-Set-1/set8/Case-48-P5-C19-43954-23941.tiff,Case-48,Viable,VIABLE_TUMOR,TRUE,False,RETRIEVED,200,C:\Users\enkso\.kiro\crew\scratch\runtime-0a306834\osteopatch_full_ingestion\tiffs\Case-48-P5-C19-43954-23941.tiff,316404,34c07386f2e211bfbd93ab39d72ce5cd20fe62187f08b40bd11f90dadd896b2e,8b27845f8c8b69c7d9be3fac8950c23bdfcb7cbe58d00957f942a17571010c66,efa7bfe724400219,462b51b5d1e03231,TIFF,TIFF-LE,1024,1024,RGB,3,8,True,165.2381477355957,43.7975657250404,0.13306713104248047,0.0,7.078499914400104,,False,False,False,False,False,False,PASS,True,
Case-48-P5-C19-47082-29959,Case-48-P5-C19-47082-29959,Case 48 - P5 C19-47082-29959,http://pathdb.cancerimagingarchive.net/system/files/wsi/ross/Osteosarcoma-UT/converted/Osteosarcoma-UT/Training-Set-1/set8/Case-48-P5-C19-47082-29959.tiff,Case-48,Non-Tumor,NON_TUMOR,TRUE,False,RETRIEVED,200,C:\Users\enkso\.kiro\crew\scratch\runtime-0a306834\osteopatch_full_ingestion\tiffs\Case-48-P5-C19-47082-29959.tiff,258550,155e7d56cd78cd7d181dcfb607cb19a373aa355452a31c0725f64ffeabc0aa88,5d57ac6c5f753f242271db48f5f1396d32b66ff2891a72e51e57e2e58ec28500,d40536a6dfd3a485,64a39408c084091c,TIFF,TIFF-LE,1024,1024,RGB,3,8,True,190.28142738342285,56.17892614124946,0.452362060546875,7.62939453125e-06,5.884767649413394,,False,False,False,False,False,False,PASS,True,
Case-48-P5-C19-48632-11190,Case-48-P5-C19-48632-11190,Case 48 - P5 C19-48632-11190,http://pathdb.cancerimagingarchive.net/system/files/wsi/ross/Osteosarcoma-UT/converted/Osteosarcoma-UT/Training-Set-1/set8/Case-48-P5-C19-48632-11190.tiff,Case-48,Viable,VIABLE_TUMOR,TRUE,False,RETRIEVED,200,C:\Users\enkso\.kiro\crew\scratch\runtime-0a306834\osteopatch_full_ingestion\tiffs\Case-48-P5-C19-48632-11190.tiff,359108,907dc5b34dab626e4543fff97638a4dfbad517e89f6a05d87a50473bc44bf0fc,0115855a5e745053ffec67d471e96b2d824bcde5042bb358a47be29c2f7b3ac0,ba71872e5df14382,4b2ac9912529336b,TIFF,TIFF-LE,1024,1024,RGB,3,8,True,198.63512897491455,40.7425911746943,0.28664684295654297,0.0,6.864265121798763,,False,False,False,False,False,False,PASS,True,
Case-48-P5-C19-51505-17925,Case-48-P5-C19-51505-17925,Case 48 - P5 C19-51505-17925,http://pathdb.cancerimagingarchive.net/system/files/wsi/ross/Osteosarcoma-UT/converted/Osteosarcoma-UT/Training-Set-1/set8/Case-48-P5-C19-51505-17925.tiff,Case-48,Viable,VIABLE_TUMOR,TRUE,False,RETRIEVED,200,C:\Users\enkso\.kiro\crew\scratch\runtime-0a306834\osteopatch_full_ingestion\tiffs\Case-48-P5-C19-51505-17925.tiff,284366,093cdde3dffcc962421883d114a6d09d003153001c0ba74a6c7e2b92992be7a4,091e1a8c6dc31efe08ad2d069ea073827680a4871932b4fade75b04fcdc57c86,caba267c77827c41,a161d1e9e1b1e1e4,TIFF,TIFF-LE,1024,1024,RGB,3,8,True,185.5398473739624,43.02938106312001,0.2252178192138672,0.0,6.903508428736304,,False,False,False,False,False,False,PASS,True,
Case-48-P5-C19-51520-22044,Case-48-P5-C19-51520-22044,Case 48 - P5 C19-51520-22044,http://pathdb.cancerimagingarchive.net/system/files/wsi/ross/Osteosarcoma-UT/converted/Osteosarcoma-UT/Training-Set-1/set8/Case-48-P5-C19-51520-22044.tiff,Case-48,Viable,VIABLE_TUMOR,TRUE,False,RETRIEVED,200,C:\Users\enkso\.kiro\crew\scratch\runtime-0a306834\osteopatch_full_ingestion\tiffs\Case-48-P5-C19-51520-22044.tiff,315238,63384e9c13dcfd609e9cf6994b732235f730a2f002ab74fde3e378547bbcf35f,0fd10cf61ecf38ed957244385db5d520f33e3a48737900a5fea3a4ddedd4bbe7,8571a12b4a63cf75,9a96d6c8f070c0e5,TIFF,TIFF-LE,1024,1024,RGB,3,8,True,177.5872926712036,41.47756926136083,0.14833450317382812,9.5367431640625e-07,7.099510859792092,,False,False,False,False,False,False,PASS,True,
Case-48-P5-C19-53087-27856,Case-48-P5-C19-53087-27856,Case 48 - P5 C19-53087-27856,http://pathdb.cancerimagingarchive.net/system/files/wsi/ross/Osteosarcoma-UT/converted/Osteosarcoma-UT/Training-Set-1/set8/Case-48-P5-C19-53087-27856.tiff,Case-48,Non-Tumor,NON_TUMOR,TRUE,False,RETRIEVED,200,C:\Users\enkso\.kiro\crew\scratch\runtime-0a306834\osteopatch_full_ingestion\tiffs\Case-48-P5-C19-53087-27856.tiff,73198,3bed37789ec672e93b5f07d7631e7d9ad7c786e3df09b7fa87347d100632c4fc,44dd0ce222b632b65aa031339c1224d9d6aae0457d8ae4a584c529ee54823483,88283c343f3f1797,b7b3492b24210000,TIFF,TIFF-LE,1024,1024,RGB,3,8,True,234.10300159454346,31.483405424390305,0.9052295684814453,9.5367431640625e-07,2.4839386880421936,NEAR_BLANK;LOW_INFORMATION,False,False,False,False,False,True,REVIEW,False,image QC status REVIEW
Case-48-P5-C20-11443-19302,Case-48-P5-C20-11443-19302,Case 48 - P5 C20-11443-19302,http://pathdb.cancerimagingarchive.net/system/files/wsi/ross/Osteosarcoma-UT/converted/Osteosarcoma-UT/Training-Set-2/set8/Case-48-P5-C20-11443-19302.tiff,Case-48,Non-Tumor,NON_TUMOR,TRUE,False,RETRIEVED,200,C:\Users\enkso\.kiro\crew\scratch\runtime-0a306834\osteopatch_full_ingestion\tiffs\Case-48-P5-C20-11443-19302.tiff,135334,d1f12e0f7c610045dfd73c5e0dd4dcdd46328b933ce9d520583c83031eb9742c,c87d8bd8d62adb70eed2e0dc8f6b000793cf2256fd95b2b27382b3fff2da2993,c9ec729aa14d07cb,03014383d1408089,TIFF,TIFF-LE,1024,1024,RGB,3,8,True,92.70470428466797,16.913253507856616,0.000396728515625,5.245208740234375e-05,6.015642032382816,,False,False,False,False,False,False,PASS,True,
Case-48-P5-C20-12605-20018,Case-48-P5-C20-12605-20018,Case 48 - P5 C20-12605-20018,http://pathdb.cancerimagingarchive.net/system/files/wsi/ross/Osteosarcoma-UT/converted/Osteosarcoma-UT/Training-Set-2/set8/Case-48-P5-C20-12605-20018.tiff,Case-48,Non-Tumor,NON_TUMOR,TRUE,False,RETRIEVED,200,C:\Users\enkso\.kiro\crew\scratch\runtime-0a306834\osteopatch_full_ingestion\tiffs\Case-48-P5-C20-12605-20018.tiff,133134,65255aa97ee4301c05fab254e556b6c2acbd5857682235e77898fd8b14aad1d2,3163a1f9f6fd3cb11317c710cac24b5fc3051eaf40ec8414ac86eb7e95ddf158,cc3a864a196f2de5,a56c061212e3c2e0,TIFF,TIFF-LE,1024,1024,RGB,3,8,True,87.72594261169434,13.340910924565183,0.0004215240478515625,7.152557373046875e-05,5.619698405409892,,False,False,False,False,False,False,PASS,True,
Case-48-P5-C20-15162-19423,Case-48-P5-C20-15162-19423,Case 48 - P5 C20-15162-19423,http://pathdb.cancerimagingarchive.net/system/files/wsi/ross/Osteosarcoma-UT/converted/Osteosarcoma-UT/Training-Set-2/set8/Case-48-P5-C20-15162-19423.tiff,Case-48,Viable,VIABLE_TUMOR,TRUE,False,RETRIEVED,200,C:\Users\enkso\.kiro\crew\scratch\runtime-0a306834\osteopatch_full_ingestion\tiffs\Case-48-P5-C20-15162-19423.tiff,326488,7fdbae6c02bfb0e66fd661debc8404191539c0a3994e412cf9f0f7cf93109965,e0c38c1ab0ffd736478328d5dd5529a63e8b86ca9794db5feb890a2c7a4a35fb,fdbc9c9e10293871,302a13435c55a2a0,TIFF,TIFF-LE,1024,1024,RGB,3,8,True,176.14333534240723,61.750212580084856,0.31880760192871094,3.910064697265625e-05,6.859251291188958,,False,False,False,False,False,False,PASS,True,
Case-48-P5-C20-20964-23796,Case-48-P5-C20-20964-23796,Case 48 - P5 C20-20964-23796,http://pathdb.cancerimagingarchive.net/system/files/wsi/ross/Osteosarcoma-UT/converted/Osteosarcoma-UT/Training-Set-2/set8/Case-48-P5-C20-20964-23796.tiff,Case-48,Viable,VIABLE_TUMOR,TRUE,False,RETRIEVED,200,C:\Users\enkso\.kiro\crew\scratch\runtime-0a306834\osteopatch_full_ingestion\tiffs\Case-48-P5-C20-20964-23796.tiff,245940,ff8d8de78ea075913508343005a5960e73af4c85fb15f11b7b3eb34e4a3512f5,dd058eb8a7b691ff7d684b428d46bdafcb53db5e71d039f38b1985152c201661,accbdb2d95c0524e,4b0be1a626a6a6b4,TIFF,TIFF-LE,1024,1024,RGB,3,8,True,150.8263702392578,64.09285436212777,0.23571014404296875,5.7220458984375e-05,7.000215021630423,,False,False,False,False,False,False,PASS,True,
Case-48-P5-C20-23452-15492,Case-48-P5-C20-23452-15492,Case 48 - P5 C20-23452-15492,http://pathdb.cancerimagingarchive.net/system/files/wsi/ross/Osteosarcoma-UT/converted/Osteosarcoma-UT/Training-Set-2/set8/Case-48-P5-C20-23452-15492.tiff,Case-48,Viable,VIABLE_TUMOR,TRUE,False,RETRIEVED,200,C:\Users\enkso\.kiro\crew\scratch\runtime-0a306834\osteopatch_full_ingestion\tiffs\Case-48-P5-C20-23452-15492.tiff,322468,a01bf4ac675cbea8e057800c971ebc1e2c9e4172f24908cfe43868f39ed46538,02d195ccf30ce3bf86f44927c95d3f5a211ff290916aa5b79e30171594d1861a,f507a8471ce3a81f,a62a0964348c1933,TIFF,TIFF-LE,1024,1024,RGB,3,8,True,190.76030445098877,48.348390798214545,0.2616300582885742,2.86102294921875e-06,7.045752584497999,,False,False,False,False,False,False,PASS,True,
Case-48-P5-C20-23915-20256,Case-48-P5-C20-23915-20256,Case 48 - P5 C20-23915-20256,http://pathdb.cancerimagingarchive.net/system/files/wsi/ross/Osteosarcoma-UT/converted/Osteosarcoma-UT/Training-Set-2/set8/Case-48-P5-C20-23915-20256.tiff,Case-48,Viable,VIABLE_TUMOR,TRUE,False,RETRIEVED,200,C:\Users\enkso\.kiro\crew\scratch\runtime-0a306834\osteopatch_full_ingestion\tiffs\Case-48-P5-C20-23915-20256.tiff,312680,96855a6ddfbbb4f8bf1caf979b0f2d1bc26a71ddc850bb90fe187f9b6798a5f6,eebba503262e6a0346a7bc6ca4eb56b67b16c7edb4624779c5a76a11fedcd8e8,995f7871437f6c00,1930266adbb51c94,TIFF,TIFF-LE,1024,1024,RGB,3,8,True,165.46428680419922,56.02393681499351,0.1920795440673828,3.814697265625e-06,7.351139368769346,,False,False,False,False,False,False,PASS,True,
Case-48-P5-C20-28430-29841,Case-48-P5-C20-28430-29841,Case 48 - P5 C20-28430-29841,http://pathdb.cancerimagingarchive.net/system/files/wsi/ross/Osteosarcoma-UT/converted/Osteosarcoma-UT/Training-Set-2/set9/Case-48-P5-C20-28430-29841.tiff,Case-48,Non-Tumor,NON_TUMOR,TRUE,False,RETRIEVED,200,C:\Users\enkso\.kiro\crew\scratch\runtime-0a306834\osteopatch_full_ingestion\tiffs\Case-48-P5-C20-28430-29841.tiff,150796,47c3ed9e7e6e322b452ee6c26cdc8c0ec0495081f68f031c7840d931c9d196f9,b7834320e4da8f6963976d8445ef0a3abbbc221ec50debd7753b2fb37520e0fe,e061b5c8e7d74b22,928c890482312446,TIFF,TIFF-LE,1024,1024,RGB,3,8,True,106.76206302642822,18.35059128816313,0.0017518997192382812,1.71661376953125e-05,5.979150340748913,,False,False,False,False,False,False,PASS,True,
Case-48-P5-C20-30894-20232,Case-48-P5-C20-30894-20232,Case 48 - P5 C20-30894-20232,http://pathdb.cancerimagingarchive.net/system/files/wsi/ross/Osteosarcoma-UT/converted/Osteosarcoma-UT/Training-Set-2/set9/Case-48-P5-C20-30894-20232.tiff,Case-48,viable: non-viable,,FALSE,True,RETRIEVED,200,C:\Users\enkso\.kiro\crew\scratch\runtime-0a306834\osteopatch_full_ingestion\tiffs\Case-48-P5-C20-30894-20232.tiff,252382,e4f3fcd0ff1bd430c11383a3a350f27f66e017c2b165d58cd894ab72aefcff12,e45121dd9b61ef2f19878b83e19e271a0926626455d5c37e9f4328d20758a3da,9187913c3a9fc3e1,7edecc54151c9c98,TIFF,TIFF-LE,1024,1024,RGB,3,8,True,178.98377132415771,54.13143804056692,0.3112649917602539,2.86102294921875e-06,6.6901717407519605,,False,False,False,False,False,False,PASS,False,MIXED_VIABLE_NECROTIC (policy: never eligible)
Case-48-P5-C20-32019-11742,Case-48-P5-C20-32019-11742,Case 48 - P5 C20-32019-11742,http://pathdb.cancerimagingarchive.net/system/files/wsi/ross/Osteosarcoma-UT/converted/Osteosarcoma-UT/Training-Set-2/set9/Case-48-P5-C20-32019-11742.tiff,Case-48,viable: non-viable,,FALSE,True,RETRIEVED,200,C:\Users\enkso\.kiro\crew\scratch\runtime-0a306834\osteopatch_full_ingestion\tiffs\Case-48-P5-C20-32019-11742.tiff,356530,342fb714ff1ae9e73d67bb5c7640a0e6ac95fad3a3d875d551850804ecaecea2,b5aa275b6f072c50bede7b0d6fca0b3f0433c0d068d0ff6d0c57937f706edc03,d4e3d2a58307171f,cc1c6cc5f4e0b0b8,TIFF,TIFF-LE,1024,1024,RGB,3,8,True,191.37114429473877,56.893224505708304,0.40831851959228516,1.9073486328125e-06,6.741646664479957,,False,False,False,False,False,False,PASS,False,MIXED_VIABLE_NECROTIC (policy: never eligible)
Case-48-P5-C20-33672-6381,Case-48-P5-C20-33672-6381,Case 48 - P5 C20-33672-6381,http://pathdb.cancerimagingarchive.net/system/files/wsi/ross/Osteosarcoma-UT/converted/Osteosarcoma-UT/Training-Set-2/set9/Case-48-P5-C20-33672-6381.tiff,Case-48,Viable,VIABLE_TUMOR,TRUE,False,RETRIEVED,200,C:\Users\enkso\.kiro\crew\scratch\runtime-0a306834\osteopatch_full_ingestion\tiffs\Case-48-P5-C20-33672-6381.tiff,388444,7f45b22fa8e130c1dfbd8e785c0dbf5d3c5979f7004a908cd53ad490605fc938,a3643ea1d1e582eb66293129dcea08884a1a36d16fba3305cf1d2a5ea0f53d7c,bdda52ada9443ec0,33191d171636b61a,TIFF,TIFF-LE,1024,1024,RGB,3,8,True,193.20647430419922,47.44780746361993,0.3024110794067383,0.0,7.033787032687687,,False,False,False,False,False,False,PASS,True,
Case-48-P5-C20-34597-27525,Case-48-P5-C20-34597-27525,Case 48 - P5 C20-34597-27525,http://pathdb.cancerimagingarchive.net/system/files/wsi/ross/Osteosarcoma-UT/converted/Osteosarcoma-UT/Training-Set-1/set8/Case-48-P5-C20-34597-27525.tiff,Case-48,Viable,VIABLE_TUMOR,TRUE,False,RETRIEVED,200,C:\Users\enkso\.kiro\crew\scratch\runtime-0a306834\osteopatch_full_ingestion\tiffs\Case-48-P5-C20-34597-27525.tiff,288428,5fdf6c8069b5e6d50cec77555b739bf37d3d03742ae16740a849dd54bebbd0be,d418f887bdf5155edd843ac47e4c49a2fd1b2caa6382fa8c8b466f1f58b7ac80,955c9194bda76329,b4704366b4d4ccde,TIFF,TIFF-LE,1024,1024,RGB,3,8,True,186.2534885406494,47.618400379172854,0.3083467483520508,0.0,6.6246291737684055,,False,False,False,False,False,False,PASS,True,
Case-48-P5-C20-36537-9437,Case-48-P5-C20-36537-9437,Case 48 - P5 C20-36537-9437,http://pathdb.cancerimagingarchive.net/system/files/wsi/ross/Osteosarcoma-UT/converted/Osteosarcoma-UT/Training-Set-1/set8/Case-48-P5-C20-36537-9437.tiff,Case-48,Viable,VIABLE_TUMOR,TRUE,False,RETRIEVED,200,C:\Users\enkso\.kiro\crew\scratch\runtime-0a306834\osteopatch_full_ingestion\tiffs\Case-48-P5-C20-36537-9437.tiff,399776,1c92f720b9ff3b8a1d82d842de1229c72db6ab2616150511546e8fb58232332a,da8d8789ab265c3146f3da7842b1b8cf1ae91f920a5bfca594c80640fdb9ed54,ffa0001ffc610bf8,0f2d8d0c33525221,TIFF,TIFF-LE,1024,1024,RGB,3,8,True,182.28491687774658,47.32583899873553,0.19757938385009766,0.0,7.2933403389325475,,False,False,False,False,False,False,PASS,True,
Case-48-P5-C20-37287-24574,Case-48-P5-C20-37287-24574,Case 48 - P5 C20-37287-24574,http://pathdb.cancerimagingarchive.net/system/files/wsi/ross/Osteosarcoma-UT/converted/Osteosarcoma-UT/Training-Set-1/set8/Case-48-P5-C20-37287-24574.tiff,Case-48,Viable,VIABLE_TUMOR,TRUE,False,RETRIEVED,200,C:\Users\enkso\.kiro\crew\scratch\runtime-0a306834\osteopatch_full_ingestion\tiffs\Case-48-P5-C20-37287-24574.tiff,273738,f15b56c62baf5fd9be11a21c07a5d85e3cab6dd340726de35ab25386912672e4,6b8dea2040c8d8d274267f6016e941247a50de1db1a1d6fcda17c9f1c86a49d8,e3c993abb470266a,8bd282864b4b89d8,TIFF,TIFF-LE,1024,1024,RGB,3,8,True,187.1921682357788,47.21337440458667,0.3196554183959961,1.9073486328125e-06,6.462298984672493,,False,False,False,False,False,False,PASS,True,
Case-48-P5-C20-39704-11268,Case-48-P5-C20-39704-11268,Case 48 - P5 C20-39704-11268,http://pathdb.cancerimagingarchive.net/system/files/wsi/ross/Osteosarcoma-UT/converted/Osteosarcoma-UT/Training-Set-1/set8/Case-48-P5-C20-39704-11268.tiff,Case-48,Viable,VIABLE_TUMOR,TRUE,False,RETRIEVED,200,C:\Users\enkso\.kiro\crew\scratch\runtime-0a306834\osteopatch_full_ingestion\tiffs\Case-48-P5-C20-39704-11268.tiff,238560,acfe5dc2d02a8a7f05f514f72bbb65a0856396765a8d6aa71c275943060d1512,0bce024467303a7e1601cec69a9e103b3a511596c683c4cc17ed3ab4092f20a5,f48187347561afaa,c4d8e38808260a21,TIFF,TIFF-LE,1024,1024,RGB,3,8,True,208.40755653381348,42.05907764183787,0.4870615005493164,0.0,5.5755865649615535,,False,False,False,False,False,False,PASS,True,
Case-48-P5-C20-44108-28521,Case-48-P5-C20-44108-28521,Case 48 - P5 C20-44108-28521,http://pathdb.cancerimagingarchive.net/system/files/wsi/ross/Osteosarcoma-UT/converted/Osteosarcoma-UT/Training-Set-1/set8/Case-48-P5-C20-44108-28521.tiff,Case-48,Non-Tumor,NON_TUMOR,TRUE,False,RETRIEVED,200,C:\Users\enkso\.kiro\crew\scratch\runtime-0a306834\osteopatch_full_ingestion\tiffs\Case-48-P5-C20-44108-28521.tiff,178758,8fd734cd8bde1627c7be5d24d556100d79cce37b558e267e42f2ec7a1b1c6f43,987b36c9ee8a1d9d7c90f8ebc385481aaaa5552a5c54f6be5756971af52a75b7,ab8b090a6f2555f6,d3d90a4a2dbc4b4a,TIFF,TIFF-LE,1024,1024,RGB,3,8,True,143.54104614257812,16.077818379169614,0.0048675537109375,9.5367431640625e-07,5.732690481569047,,False,False,False,False,False,False,PASS,True,
Case-48-P5-C20-45622-14695,Case-48-P5-C20-45622-14695,Case 48 - P5 C20-45622-14695,http://pathdb.cancerimagingarchive.net/system/files/wsi/ross/Osteosarcoma-UT/converted/Osteosarcoma-UT/Training-Set-1/set8/Case-48-P5-C20-45622-14695.tiff,Case-48,Viable,VIABLE_TUMOR,TRUE,False,RETRIEVED,200,C:\Users\enkso\.kiro\crew\scratch\runtime-0a306834\osteopatch_full_ingestion\tiffs\Case-48-P5-C20-45622-14695.tiff,244432,94f853f16e81c1fd9c8f0c827e60a0e9da4ecfe68a84183e4a1252eff825c25f,9f078ae331ff6d1ab4907990b122e12adfb437163d5d211e35faa44baa924b70,9ab556a9d64ba492,7478dbb13c335b6c,TIFF,TIFF-LE,1024,1024,RGB,3,8,True,203.0904359817505,45.03030018644649,0.43660640716552734,0.0,5.889587292303066,,False,False,False,False,False,False,PASS,True,
Case-48-P5-C20-46837-16405,Case-48-P5-C20-46837-16405,Case 48 - P5 C20-46837-16405,http://pathdb.cancerimagingarchive.net/system/files/wsi/ross/Osteosarcoma-UT/converted/Osteosarcoma-UT/Training-Set-1/set8/Case-48-P5-C20-46837-16405.tiff,Case-48,Viable,VIABLE_TUMOR,TRUE,False,RETRIEVED,200,C:\Users\enkso\.kiro\crew\scratch\runtime-0a306834\osteopatch_full_ingestion\tiffs\Case-48-P5-C20-46837-16405.tiff,206776,43bda89d0affe42be8c1c56246591fee87ebce8c21befc4835e3a27f08275ebe,ddfdfee7bbcb01abc0e9aab23591b6e14c7ca5ad4f3fe8abc2bf34685a65d951,e564524b48caeeb6,81c646c6c2cbcac8,TIFF,TIFF-LE,1024,1024,RGB,3,8,True,194.55567455291748,52.68594030219108,0.44968318939208984,0.0,6.022997619103674,,False,False,False,False,False,False,PASS,True,
Case-48-P5-C20-47763-12780,Case-48-P5-C20-47763-12780,Case 48 - P5 C20-47763-12780,http://pathdb.cancerimagingarchive.net/system/files/wsi/ross/Osteosarcoma-UT/converted/Osteosarcoma-UT/Training-Set-1/set8/Case-48-P5-C20-47763-12780.tiff,Case-48,Viable,VIABLE_TUMOR,TRUE,False,RETRIEVED,200,C:\Users\enkso\.kiro\crew\scratch\runtime-0a306834\osteopatch_full_ingestion\tiffs\Case-48-P5-C20-47763-12780.tiff,192698,676ed63b240a83d95467e43ad63f4ff811da8f06c62533e6d3cfa43ad703f975,59aacd5fb47fd1bf6c3c41f4d9e6733ad769ecf930a04b7033220bde4782f87a,c860b63fe52c25e5,c6c9b2b1d3712960,TIFF,TIFF-LE,1024,1024,RGB,3,8,True,210.6702070236206,45.429687440187216,0.5912904739379883,0.0,5.009973085555473,,False,False,False,False,False,False,PASS,True,
Case-48-P5-C20-51201-13842,Case-48-P5-C20-51201-13842,Case 48 - P5 C20-51201-13842,http://pathdb.cancerimagingarchive.net/system/files/wsi/ross/Osteosarcoma-UT/converted/Osteosarcoma-UT/Training-Set-1/set8/Case-48-P5-C20-51201-13842.tiff,Case-48,Viable,VIABLE_TUMOR,TRUE,False,RETRIEVED,200,C:\Users\enkso\.kiro\crew\scratch\runtime-0a306834\osteopatch_full_ingestion\tiffs\Case-48-P5-C20-51201-13842.tiff,220242,3609efe06e7cdf4ebaac9a8426125fdea10bb650dde3fb8960ca8c4393dd093e,c0bd7ab8a279573b330f747e0b9fc412e5a9214e8136a79f31817af7720c3d2c,bfadd0456d665092,763e5d4b5e564cd9,TIFF,TIFF-LE,1024,1024,RGB,3,8,True,168.55463886260986,42.3561177629852,0.1785573959350586,0.0,6.503596159650003,,False,False,False,False,False,False,PASS,True,
Case-48-P5-C20-51615-14123,Case-48-P5-C20-51615-14123,Case 48 - P5 C20-51615-14123,http://pathdb.cancerimagingarchive.net/system/files/wsi/ross/Osteosarcoma-UT/converted/Osteosarcoma-UT/Training-Set-1/set8/Case-48-P5-C20-51615-14123.tiff,Case-48,Viable,VIABLE_TUMOR,TRUE,False,RETRIEVED,200,C:\Users\enkso\.kiro\crew\scratch\runtime-0a306834\osteopatch_full_ingestion\tiffs\Case-48-P5-C20-51615-14123.tiff,204598,6aa13a687c3d3bf148ce97852c9d0fd1bc3228086b5f9b8217fa5049455f1336,40cc542c7e084189aa1720bb961a3f3d0c1cb12525ab0407ab1468a33f4c2019,a09db1f34762c1ce,da38b725cc8e8d8e,TIFF,TIFF-LE,1024,1024,RGB,3,8,True,171.67186069488525,47.14068630980528,0.22171306610107422,0.0,6.669541345629289,,False,False,False,False,False,False,PASS,True,
Case-48-P5-C20-52344-15596,Case-48-P5-C20-52344-15596,Case 48 - P5 C20-52344-15596,http://pathdb.cancerimagingarchive.net/system/files/wsi/ross/Osteosarcoma-UT/converted/Osteosarcoma-UT/Training-Set-1/set8/Case-48-P5-C20-52344-15596.tiff,Case-48,Viable,VIABLE_TUMOR,TRUE,False,RETRIEVED,200,C:\Users\enkso\.kiro\crew\scratch\runtime-0a306834\osteopatch_full_ingestion\tiffs\Case-48-P5-C20-52344-15596.tiff,259766,61a85a29e05929c27eb3417afc1e02ad9d19228b388f399ed0c132d7c4609a05,5f71b01bf941a04e422c91d63d18c55a6aca37cf306c8d4e7443a6f1d7b2f466,bead2ce39436c612,6713355c380c0c31,TIFF,TIFF-LE,1024,1024,RGB,3,8,True,186.10153675079346,39.45244469366855,0.17865657806396484,0.0,6.91957385832016,,False,False,False,False,False,False,PASS,True,
Case-48-P5-C20-52983-12499,Case-48-P5-C20-52983-12499,Case 48 - P5 C20-52983-12499,http://pathdb.cancerimagingarchive.net/system/files/wsi/ross/Osteosarcoma-UT/converted/Osteosarcoma-UT/Training-Set-1/set8/Case-48-P5-C20-52983-12499.tiff,Case-48,Viable,VIABLE_TUMOR,TRUE,False,RETRIEVED,200,C:\Users\enkso\.kiro\crew\scratch\runtime-0a306834\osteopatch_full_ingestion\tiffs\Case-48-P5-C20-52983-12499.tiff,112602,39b383cb515a7836a24cb604bc53410419988a2881511bbf71847e7f1ef3c9ae,89db73b98df09e7fe478fb85e17d014c9248990ca408f362a51190c6f8367f23,81ccf3f01ef01ee1,60e0e8a8b0b4da5a,TIFF,TIFF-LE,1024,1024,RGB,3,8,True,231.3564043045044,31.123533599696472,0.8260202407836914,0.0,3.2723441473714643,,False,False,False,False,False,False,PASS,True,
Case-48-P5-C20-53379-18032,Case-48-P5-C20-53379-18032,Case 48 - P5 C20-53379-18032,http://pathdb.cancerimagingarchive.net/system/files/wsi/ross/Osteosarcoma-UT/converted/Osteosarcoma-UT/Training-Set-1/set8/Case-48-P5-C20-53379-18032.tiff,Case-48,Viable,VIABLE_TUMOR,TRUE,False,RETRIEVED,200,C:\Users\enkso\.kiro\crew\scratch\runtime-0a306834\osteopatch_full_ingestion\tiffs\Case-48-P5-C20-53379-18032.tiff,282378,99408fd4c6db638665747520ddcfa274bb7a41e9984a93b82c9ed73b968fec49,7e98a29bd3f26a81c821db830f8b2438b4db0fb24bd8d179206a82a9683d980f,e1351b966b53b528,0c0c86cba5a44051,TIFF,TIFF-LE,1024,1024,RGB,3,8,True,177.08769989013672,40.24900118990147,0.1590404510498047,0.0,6.928906010953908,,False,False,False,False,False,False,PASS,True,
Case-48-P5-C20-54244-17885,Case-48-P5-C20-54244-17885,Case 48 - P5 C20-54244-17885,http://pathdb.cancerimagingarchive.net/system/files/wsi/ross/Osteosarcoma-UT/converted/Osteosarcoma-UT/Training-Set-1/set8/Case-48-P5-C20-54244-17885.tiff,Case-48,Viable,VIABLE_TUMOR,TRUE,False,RETRIEVED,200,C:\Users\enkso\.kiro\crew\scratch\runtime-0a306834\osteopatch_full_ingestion\tiffs\Case-48-P5-C20-54244-17885.tiff,172354,b4630d5f21c4d17886c182f170b4e7bcce60f4b1c19b2ef9b1628ceb1899dfcd,c9d95a18761e8c0c0662f176cf8ae94719b05818a11e5cf35716c5f462949f9d,98dd0ce61bc4f08f,f5b5303a7d9de6fa,TIFF,TIFF-LE,1024,1024,RGB,3,8,True,213.41825675964355,40.67050574783251,0.5910806655883789,1.239776611328125e-05,4.756179125377511,,False,False,False,False,False,False,PASS,True,
Case-48-P5-C20-7234-13196,Case-48-P5-C20-7234-13196,Case 48 - P5 C20-7234-13196,http://pathdb.cancerimagingarchive.net/system/files/wsi/ross/Osteosarcoma-UT/converted/Osteosarcoma-UT/Training-Set-2/set9/Case-48-P5-C20-7234-13196.tiff,Case-48,Non-Tumor,NON_TUMOR,TRUE,False,RETRIEVED,200,C:\Users\enkso\.kiro\crew\scratch\runtime-0a306834\osteopatch_full_ingestion\tiffs\Case-48-P5-C20-7234-13196.tiff,175136,f488b108069a8fcc92f2461e285031c53a178c80e2dbd1cc55fd869792260f92,ebecb83f9a4dede466eb0a47b070512ea33beedeaaa583f66212aaf3961e71fb,92d26dcdca89a553,b0b8ccf9e9c6f3c5,TIFF,TIFF-LE,1024,1024,RGB,3,8,True,151.79822635650635,56.66211998470525,0.2153148651123047,0.00040721893310546875,6.4793950943706555,,False,False,False,False,False,False,PASS,True,
Case-48-P5-C20-7949-14990,Case-48-P5-C20-7949-14990,Case 48 - P5 C20-7949-14990,http://pathdb.cancerimagingarchive.net/system/files/wsi/ross/Osteosarcoma-UT/converted/Osteosarcoma-UT/Training-Set-2/set9/Case-48-P5-C20-7949-14990.tiff,Case-48,Non-Tumor,NON_TUMOR,TRUE,False,RETRIEVED,200,C:\Users\enkso\.kiro\crew\scratch\runtime-0a306834\osteopatch_full_ingestion\tiffs\Case-48-P5-C20-7949-14990.tiff,164252,05b587094a7f40b6b05b2c172c99f939604bf66d30571dc439bd42e9d5460803,0e6ca671e3362582fac51dc6f46997d7fe022fde2bcce3e96133848fd9ff2237,9999ac3796998ccc,7272b2d170733030,TIFF,TIFF-LE,1024,1024,RGB,3,8,True,108.91901206970215,21.323941967756742,0.0008115768432617188,0.00030612945556640625,6.230447218007383,,False,False,False,False,False,False,PASS,True,
Case-48-P5-C20-8427-20401,Case-48-P5-C20-8427-20401,Case 48 - P5 C20-8427-20401,http://pathdb.cancerimagingarchive.net/system/files/wsi/ross/Osteosarcoma-UT/converted/Osteosarcoma-UT/Training-Set-2/set9/Case-48-P5-C20-8427-20401.tiff,Case-48,Non-Tumor,NON_TUMOR,TRUE,False,RETRIEVED,200,C:\Users\enkso\.kiro\crew\scratch\runtime-0a306834\osteopatch_full_ingestion\tiffs\Case-48-P5-C20-8427-20401.tiff,136666,b433803fab55c3ee2624d05b54c0f29c9e2fb464328e0fc10e6f8ef20408e229,e1c6b3d4963d373d9af26585315612f4c450a27f01c2a56de60cee616a6d770a,e61d4a3a983ab666,0122060907070787,TIFF,TIFF-LE,1024,1024,RGB,3,8,True,130.40851211547852,13.116801921701152,0.000598907470703125,2.288818359375e-05,5.543197600273668,,False,False,False,False,False,False,PASS,True,
Case-48-P5-C20-8674-13881,Case-48-P5-C20-8674-13881,Case 48 - P5 C20-8674-13881,http://pathdb.cancerimagingarchive.net/system/files/wsi/ross/Osteosarcoma-UT/converted/Osteosarcoma-UT/Training-Set-2/set9/Case-48-P5-C20-8674-13881.tiff,Case-48,Viable,VIABLE_TUMOR,TRUE,False,RETRIEVED,200,C:\Users\enkso\.kiro\crew\scratch\runtime-0a306834\osteopatch_full_ingestion\tiffs\Case-48-P5-C20-8674-13881.tiff,306132,03dff32ed6e762e5bb48689da549d4edeec0b7b1b07a30c8848a0f2e166428ea,7ababd7374940f9788b7ff786c08df6fe9c1f6567fbcaaccc96271eba184af1d,92cf3398063ebbe0,49dc6d65b5991c5d,TIFF,TIFF-LE,1024,1024,RGB,3,8,True,160.6057300567627,59.02915670688155,0.21996402740478516,1.430511474609375e-05,7.127540414079439,,False,False,False,False,False,False,PASS,True,
Case-48-P5-C20-9712-22991,Case-48-P5-C20-9712-22991,Case 48 - P5 C20-9712-22991,http://pathdb.cancerimagingarchive.net/system/files/wsi/ross/Osteosarcoma-UT/converted/Osteosarcoma-UT/Training-Set-2/set9/Case-48-P5-C20-9712-22991.tiff,Case-48,Non-Tumor,NON_TUMOR,TRUE,False,RETRIEVED,200,C:\Users\enkso\.kiro\crew\scratch\runtime-0a306834\osteopatch_full_ingestion\tiffs\Case-48-P5-C20-9712-22991.tiff,102084,60f07603dea41e6b0670e4e4644f2328925962f5515b567b54335f7e16b48ddd,2e6a5e8e51abab74af5bbfe129b40d4e64ebe552024ca59c771d865c9c956f23,d53a9d4aa452b85e,b85a308864100804,TIFF,TIFF-LE,1024,1024,RGB,3,8,True,191.20939826965332,49.44395974051158,0.4297599792480469,7.62939453125e-06,4.603600469637875,,False,False,False,False,False,False,PASS,True,
Case-48-P5-C21-10548-16103,Case-48-P5-C21-10548-16103,Case 48 - P5 C21-10548-16103,http://pathdb.cancerimagingarchive.net/system/files/wsi/ross/Osteosarcoma-UT/converted/Osteosarcoma-UT/Training-Set-2/set9/Case-48-P5-C21-10548-16103.tiff,Case-48,Viable,VIABLE_TUMOR,TRUE,False,RETRIEVED,200,C:\Users\enkso\.kiro\crew\scratch\runtime-0a306834\osteopatch_full_ingestion\tiffs\Case-48-P5-C21-10548-16103.tiff,328882,cdb2d17bb9783c2cc334559a17adbf8ad7c4cd58c3d169ee0b3c2108ed5ebad6,4e8c8b20449adfe4fee2e92f655fc83dc34b20fa80e093f6286b01df786e6604,92ce3ef10d0eea85,b454e9f0da99adbf,TIFF,TIFF-LE,1024,1024,RGB,3,8,True,156.39570808410645,57.7036243097494,0.18950748443603516,1.811981201171875e-05,7.2295913502088585,,False,False,False,False,False,False,PASS,True,
Case-48-P5-C21-12077-14707,Case-48-P5-C21-12077-14707,Case 48 - P5 C21-12077-14707,http://pathdb.cancerimagingarchive.net/system/files/wsi/ross/Osteosarcoma-UT/converted/Osteosarcoma-UT/Training-Set-2/set9/Case-48-P5-C21-12077-14707.tiff,Case-48,Viable,VIABLE_TUMOR,TRUE,False,RETRIEVED,200,C:\Users\enkso\.kiro\crew\scratch\runtime-0a306834\osteopatch_full_ingestion\tiffs\Case-48-P5-C21-12077-14707.tiff,310158,c92df6d0d8946610a5aa11eb551bbf3742e30f1d357a7f5fd78127f4c30c1c8a,3b006fab1a860ee1be51883d7041412f3a23055a2c8f3940c9b9bd845a25a11d,9b0fd1fd5cb0640a,7868eba82913199d,TIFF,TIFF-LE,1024,1024,RGB,3,8,True,176.3486967086792,63.91314150694339,0.3692970275878906,3.814697265625e-06,6.6784737281170194,,False,False,False,False,False,False,PASS,True,
Case-48-P5-C21-16402-14274,Case-48-P5-C21-16402-14274,Case 48 - P5 C21-16402-14274,http://pathdb.cancerimagingarchive.net/system/files/wsi/ross/Osteosarcoma-UT/converted/Osteosarcoma-UT/Training-Set-2/set9/Case-48-P5-C21-16402-14274.tiff,Case-48,Viable,VIABLE_TUMOR,TRUE,False,RETRIEVED,200,C:\Users\enkso\.kiro\crew\scratch\runtime-0a306834\osteopatch_full_ingestion\tiffs\Case-48-P5-C21-16402-14274.tiff,214288,9814cf2798205de1e87ef75ff67129462024de797c29aa942d7d7eb036c97bb4,2d401a005bfa4ce180e83fa45d2fd6887026d64df6dde5e61c20ae27791c5934,9a68ce9ae794e30c,f1a992c668183868,TIFF,TIFF-LE,1024,1024,RGB,3,8,True,140.85978412628174,47.882524576123906,0.1367654800415039,1.9073486328125e-05,6.460532387955252,,False,False,False,False,False,False,PASS,True,
Case-48-P5-C21-17366-10237,Case-48-P5-C21-17366-10237,Case 48 - P5 C21-17366-10237,http://pathdb.cancerimagingarchive.net/system/files/wsi/ross/Osteosarcoma-UT/converted/Osteosarcoma-UT/Training-Set-2/set9/Case-48-P5-C21-17366-10237.tiff,Case-48,Viable,VIABLE_TUMOR,TRUE,False,RETRIEVED,200,C:\Users\enkso\.kiro\crew\scratch\runtime-0a306834\osteopatch_full_ingestion\tiffs\Case-48-P5-C21-17366-10237.tiff,212272,d912ff1084eb9c94ff9e2d7aca37506016d2bec6e27431d14b78eccc0395e382,9ea3fb61b35cd04eec5a982342a247070ad2ec2f6a2f1a4d3fe82cc55e9b15f7,8cf33197d1c5d740,9a33a1f2307476b7,TIFF,TIFF-LE,1024,1024,RGB,3,8,True,195.6358995437622,54.96763206485079,0.4757394790649414,2.765655517578125e-05,5.540989859639686,,False,False,False,False,False,False,PASS,True,
Case-48-P5-C21-19402-23915,Case-48-P5-C21-19402-23915,Case 48 - P5 C21-19402-23915,http://pathdb.cancerimagingarchive.net/system/files/wsi/ross/Osteosarcoma-UT/converted/Osteosarcoma-UT/Training-Set-2/set9/Case-48-P5-C21-19402-23915.tiff,Case-48,Non-Tumor,NON_TUMOR,TRUE,False,RETRIEVED,200,C:\Users\enkso\.kiro\crew\scratch\runtime-0a306834\osteopatch_full_ingestion\tiffs\Case-48-P5-C21-19402-23915.tiff,113336,501feebd5038361ece8f685f6f1402b8b9284f96d8658ba50344e87c2d95a230,ec43e65272fc5de77cad6f010f35a7fd246546b3911956a33f25701c752e7197,c23b9c5c55d0e0e7,2b6fcfc7c2c3e7e5,TIFF,TIFF-LE,1024,1024,RGB,3,8,True,124.55446243286133,70.38725088593591,0.22579288482666016,0.0002079010009765625,6.347407656423014,,False,False,False,False,False,False,PASS,True,
Case-48-P5-C21-19527-27711,Case-48-P5-C21-19527-27711,Case 48 - P5 C21-19527-27711,http://pathdb.cancerimagingarchive.net/system/files/wsi/ross/Osteosarcoma-UT/converted/Osteosarcoma-UT/Training-Set-2/set9/Case-48-P5-C21-19527-27711.tiff,Case-48,Non-Tumor,NON_TUMOR,TRUE,False,RETRIEVED,200,C:\Users\enkso\.kiro\crew\scratch\runtime-0a306834\osteopatch_full_ingestion\tiffs\Case-48-P5-C21-19527-27711.tiff,151920,e129e1510cbf771cfbc4280fa770eba010913dc84b0f813f7f8375abcce7b60b,640a5698aca001271d2f7458b034464c713c5ff845770d136cffdcd9db6701d7,e666665a53421775,a5a7c6c98b4181c4,TIFF,TIFF-LE,1024,1024,RGB,3,8,True,131.05707836151123,17.861439737975907,0.0016832351684570312,0.0,5.98020861281319,,False,False,False,False,False,False,PASS,True,
Case-48-P5-C21-22691-12407,Case-48-P5-C21-22691-12407,Case 48 - P5 C21-22691-12407,http://pathdb.cancerimagingarchive.net/system/files/wsi/ross/Osteosarcoma-UT/converted/Osteosarcoma-UT/Training-Set-2/set9/Case-48-P5-C21-22691-12407.tiff,Case-48,Viable,VIABLE_TUMOR,TRUE,False,RETRIEVED,200,C:\Users\enkso\.kiro\crew\scratch\runtime-0a306834\osteopatch_full_ingestion\tiffs\Case-48-P5-C21-22691-12407.tiff,334740,fc8d921d5f67e66ffa190c5123b9bfc7cf78e20436f70568940028e8efd68f58,d4e6bcdae06b5d1e68eb6c222d8f242cf16984ae3ff0983f5dd8ac6468596ccc,e5c6c42dc1b19b72,46e64cd6073386c4,TIFF,TIFF-LE,1024,1024,RGB,3,8,True,181.64484214782715,46.90549554963263,0.2227764129638672,0.0,7.0489162811428345,,False,False,False,False,False,False,PASS,True,
Case-48-P5-C21-23229-19992,Case-48-P5-C21-23229-19992,Case 48 - P5 C21-23229-19992,http://pathdb.cancerimagingarchive.net/system/files/wsi/ross/Osteosarcoma-UT/converted/Osteosarcoma-UT/Training-Set-2/set9/Case-48-P5-C21-23229-19992.tiff,Case-48,Viable,VIABLE_TUMOR,TRUE,False,RETRIEVED,200,C:\Users\enkso\.kiro\crew\scratch\runtime-0a306834\osteopatch_full_ingestion\tiffs\Case-48-P5-C21-23229-19992.tiff,289004,1444c638ad4a8e2257bcdae6ad7221a487e66fe27fb95c9967de66a83f690016,399153df5cbd93a8f612f65b234b9d1ceba1f4882a4b77d2e241f12fe693a030,9d10ed43d5ebc20d,1cb4b9b8f2616336,TIFF,TIFF-LE,1024,1024,RGB,3,8,True,157.62411308288574,59.96048496873436,0.21191692352294922,6.67572021484375e-06,7.245425955449813,,False,False,False,False,False,False,PASS,True,
Case-48-P5-C21-25947-25506,Case-48-P5-C21-25947-25506,Case 48 - P5 C21-25947-25506,http://pathdb.cancerimagingarchive.net/system/files/wsi/ross/Osteosarcoma-UT/converted/Osteosarcoma-UT/Training-Set-2/set9/Case-48-P5-C21-25947-25506.tiff,Case-48,Viable,VIABLE_TUMOR,TRUE,False,RETRIEVED,200,C:\Users\enkso\.kiro\crew\scratch\runtime-0a306834\osteopatch_full_ingestion\tiffs\Case-48-P5-C21-25947-25506.tiff,307796,96714e33c3fed0fca890144f3bb8e72c7a661d94c95ef98092ada5b53feccc49,4968b6b3971b25bf116daefdb0ad73fac0d1771b390f03c6fc9bec74fc32601f,8fbf71b0c7228469,6c78766ee6f7c3c2,TIFF,TIFF-LE,1024,1024,RGB,3,8,True,157.38728427886963,46.181587656585165,0.10202598571777344,0.0,7.245940811810518,,False,False,False,False,False,False,PASS,True,
Case-48-P5-C21-28107-32141,Case-48-P5-C21-28107-32141,Case 48 - P5 C21-28107-32141,http://pathdb.cancerimagingarchive.net/system/files/wsi/ross/Osteosarcoma-UT/converted/Osteosarcoma-UT/Training-Set-2/set9/Case-48-P5-C21-28107-32141.tiff,Case-48,Non-Tumor,NON_TUMOR,TRUE,False,RETRIEVED,200,C:\Users\enkso\.kiro\crew\scratch\runtime-0a306834\osteopatch_full_ingestion\tiffs\Case-48-P5-C21-28107-32141.tiff,164976,7da563126ca44c4d4798c3160878ee6e6ef8af55435a604c6f6028e54bd0453d,f26b47df4f2b2e74688dcd9ca8c4141a5955dbfa99740ed4295213b59fe6f9bd,867107f89a703d79,d9e86a65a1eae06c,TIFF,TIFF-LE,1024,1024,RGB,3,8,True,153.82791137695312,10.07458949576295,0.00096893310546875,0.0,5.175799427561963,,False,False,False,False,False,False,PASS,True,
Case-48-P5-C21-28225-10553,Case-48-P5-C21-28225-10553,Case 48 - P5 C21-28225-10553,http://pathdb.cancerimagingarchive.net/system/files/wsi/ross/Osteosarcoma-UT/converted/Osteosarcoma-UT/Training-Set-2/set9/Case-48-P5-C21-28225-10553.tiff,Case-48,viable: non-viable,,FALSE,True,RETRIEVED,200,C:\Users\enkso\.kiro\crew\scratch\runtime-0a306834\osteopatch_full_ingestion\tiffs\Case-48-P5-C21-28225-10553.tiff,309552,6db94e41d9bbd6af72680bd4e63f1d9e589f168ce0c637fe1b0dfa76c406667d,a5411a44484518827c8e6d266b243e2e28d1fb4ce94779d5a6a48d206439470b,84c0acfcda133ff0,b5e6ebc9b56efe7f,TIFF,TIFF-LE,1024,1024,RGB,3,8,True,166.6506633758545,57.00397231581142,0.2213916778564453,1.430511474609375e-05,7.243319761413046,,False,False,False,False,False,False,PASS,False,MIXED_VIABLE_NECROTIC (policy: never eligible)
Case-48-P5-C21-35299-19753,Case-48-P5-C21-35299-19753,Case 48 - P5 C21-35299-19753,http://pathdb.cancerimagingarchive.net/system/files/wsi/ross/Osteosarcoma-UT/converted/Osteosarcoma-UT/Training-Set-2/set9/Case-48-P5-C21-35299-19753.tiff,Case-48,Viable,VIABLE_TUMOR,TRUE,False,RETRIEVED,200,C:\Users\enkso\.kiro\crew\scratch\runtime-0a306834\osteopatch_full_ingestion\tiffs\Case-48-P5-C21-35299-19753.tiff,221954,38397b8fe92b97809df720b7ac9c9e6258b759f76ba622449d4ebd35edc36333,69925635d605df88c43243629f5dde8f95fec68191c4411e15434af5de2b292f,e3b1f1a0d5429d36,9f5f4be3cbebebea,TIFF,TIFF-LE,1024,1024,RGB,3,8,True,207.93928337097168,39.89127692586889,0.3945274353027344,0.0,6.156132389379918,,False,False,False,False,False,False,PASS,True,
Case-48-P5-C21-35903-16346,Case-48-P5-C21-35903-16346,Case 48 - P5 C21-35903-16346,http://pathdb.cancerimagingarchive.net/system/files/wsi/ross/Osteosarcoma-UT/converted/Osteosarcoma-UT/Training-Set-2/set9/Case-48-P5-C21-35903-16346.tiff,Case-48,Viable,VIABLE_TUMOR,TRUE,False,RETRIEVED,200,C:\Users\enkso\.kiro\crew\scratch\runtime-0a306834\osteopatch_full_ingestion\tiffs\Case-48-P5-C21-35903-16346.tiff,299522,92b5b4816662b9c2eb91b57722c672ac42fadf15a5dd1d4bda8cf4713e2e6c71,1c56db93f4db34e3e0f1bae517368034b494f0e3190c29942453a2ed701185c7,edc8cd841f1df811,a243030323870643,TIFF,TIFF-LE,1024,1024,RGB,3,8,True,201.9617691040039,35.15039031841463,0.2877626419067383,0.0,6.445632114002313,,False,False,False,False,False,False,PASS,True,
Case-48-P5-C21-36006-23109,Case-48-P5-C21-36006-23109,Case 48 - P5 C21-36006-23109,http://pathdb.cancerimagingarchive.net/system/files/wsi/ross/Osteosarcoma-UT/converted/Osteosarcoma-UT/Training-Set-2/set9/Case-48-P5-C21-36006-23109.tiff,Case-48,Viable,VIABLE_TUMOR,TRUE,False,RETRIEVED,200,C:\Users\enkso\.kiro\crew\scratch\runtime-0a306834\osteopatch_full_ingestion\tiffs\Case-48-P5-C21-36006-23109.tiff,306166,ea48eef177a795d093762b1b187a2eb94c667b90269230d63dac10c6d6ebad12,cbb2cd2398a175846d12b5d3d9c9dd5e52668187beca35173bf151c3918eae1c,fc343c31cbc91935,1e34940194923438,TIFF,TIFF-LE,1024,1024,RGB,3,8,True,198.14271545410156,52.57744808508548,0.4422597885131836,9.5367431640625e-06,6.194077471103439,,False,False,False,False,False,False,PASS,True,
Case-48-P5-C21-38065-16064,Case-48-P5-C21-38065-16064,Case 48 - P5 C21-38065-16064,http://pathdb.cancerimagingarchive.net/system/files/wsi/ross/Osteosarcoma-UT/converted/Osteosarcoma-UT/Training-Set-2/set9/Case-48-P5-C21-38065-16064.tiff,Case-48,Viable,VIABLE_TUMOR,TRUE,False,RETRIEVED,200,C:\Users\enkso\.kiro\crew\scratch\runtime-0a306834\osteopatch_full_ingestion\tiffs\Case-48-P5-C21-38065-16064.tiff,261250,3b9d92cfd9674536d95f34ae5d116399045d83824e3386bd3ccd2aa566738f1f,3a6b808de8b4591b7ed2145a48565a85e5253339b41ab1e3b12afc65aecffb08,a5e6c5c2550bd5cc,c68f1616069bb312,TIFF,TIFF-LE,1024,1024,RGB,3,8,True,204.91889762878418,39.261450572013565,0.397430419921875,1.9073486328125e-06,5.968927240208297,,False,False,False,False,False,False,PASS,True,
Case-48-P5-C21-40591-33043,Case-48-P5-C21-40591-33043,Case 48 - P5 C21-40591-33043,http://pathdb.cancerimagingarchive.net/system/files/wsi/ross/Osteosarcoma-UT/converted/Osteosarcoma-UT/Training-Set-1/set8/Case-48-P5-C21-40591-33043.tiff,Case-48,Non-Tumor,NON_TUMOR,TRUE,False,RETRIEVED,200,C:\Users\enkso\.kiro\crew\scratch\runtime-0a306834\osteopatch_full_ingestion\tiffs\Case-48-P5-C21-40591-33043.tiff,136478,6d7935cd483311ad7854f1cf5ad3259cbcec628cfbf18b242a0ac71fe9571ca4,8770f7ef54b6e6862d354252106d72ff4d6454a961b3cc58760355573e5fc419,817b2ff4b4b43415,77d1d9b0a4a4d3e8,TIFF,TIFF-LE,1024,1024,RGB,3,8,True,207.39321994781494,54.066414118361045,0.6484107971191406,6.866455078125e-05,4.421572752873631,,False,False,False,False,False,False,PASS,True,
Case-48-P5-C21-40791-19023,Case-48-P5-C21-40791-19023,Case 48 - P5 C21-40791-19023,http://pathdb.cancerimagingarchive.net/system/files/wsi/ross/Osteosarcoma-UT/converted/Osteosarcoma-UT/Training-Set-1/set8/Case-48-P5-C21-40791-19023.tiff,Case-48,Viable,VIABLE_TUMOR,TRUE,False,RETRIEVED,200,C:\Users\enkso\.kiro\crew\scratch\runtime-0a306834\osteopatch_full_ingestion\tiffs\Case-48-P5-C21-40791-19023.tiff,299336,cc37c9e8095c2943a03dfaca488b79725c9d7c25d249464208f0de76e7311457,ef33fd270eff8a925f5e47b8c51417948d1a8919d816cd9e489a06ffc64d9c4f,afa69512ae50aa5d,6e6f2b2f17191a36,TIFF,TIFF-LE,1024,1024,RGB,3,8,True,200.2025842666626,34.74427955578174,0.24338912963867188,3.814697265625e-06,6.600264737809103,,False,False,False,False,False,False,PASS,True,
Case-48-P5-C21-41788-27797,Case-48-P5-C21-41788-27797,Case 48 - P5 C21-41788-27797,http://pathdb.cancerimagingarchive.net/system/files/wsi/ross/Osteosarcoma-UT/converted/Osteosarcoma-UT/Training-Set-1/set8/Case-48-P5-C21-41788-27797.tiff,Case-48,Viable,VIABLE_TUMOR,TRUE,False,RETRIEVED,200,C:\Users\enkso\.kiro\crew\scratch\runtime-0a306834\osteopatch_full_ingestion\tiffs\Case-48-P5-C21-41788-27797.tiff,298984,88c261852efc7c59a12dd90e9fa28ef31979941a0cc1c0c6e0a0422becff04e5,f8435f759010bfcc3f0cfb5a9ee4a46e5169292b152310ed06ced76599ae5be9,d0a52d93c569d2e5,dada86308899b9a5,TIFF,TIFF-LE,1024,1024,RGB,3,8,True,159.37598609924316,46.96976348007249,0.1309661865234375,2.288818359375e-05,7.170718210018327,,False,False,False,False,False,False,PASS,True,
Case-48-P5-C21-43325-2248,Case-48-P5-C21-43325-2248,Case 48 - P5 C21-43325-2248,http://pathdb.cancerimagingarchive.net/system/files/wsi/ross/Osteosarcoma-UT/converted/Osteosarcoma-UT/Training-Set-1/set8/Case-48-P5-C21-43325-2248.tiff,Case-48,Viable,VIABLE_TUMOR,TRUE,False,RETRIEVED,200,C:\Users\enkso\.kiro\crew\scratch\runtime-0a306834\osteopatch_full_ingestion\tiffs\Case-48-P5-C21-43325-2248.tiff,258766,ba8f44370a89b87e7fc89e53de994c75d9d592de592760896201b5f2749abac9,88f9ff28c6fe4c826dacced0841dfc1d8c12e4261b91f94d205cba92294c1449,d6d2ea939a998c8c,c94c34182c2c0626,TIFF,TIFF-LE,1024,1024,RGB,3,8,True,163.02387714385986,56.71604608811445,0.2203655242919922,0.0003986358642578125,6.841105237097035,,False,False,False,False,False,False,PASS,True,
Case-48-P5-C21-45322-31087,Case-48-P5-C21-45322-31087,Case 48 - P5 C21-45322-31087,http://pathdb.cancerimagingarchive.net/system/files/wsi/ross/Osteosarcoma-UT/converted/Osteosarcoma-UT/Training-Set-1/set8/Case-48-P5-C21-45322-31087.tiff,Case-48,Non-Tumor,NON_TUMOR,TRUE,False,RETRIEVED,200,C:\Users\enkso\.kiro\crew\scratch\runtime-0a306834\osteopatch_full_ingestion\tiffs\Case-48-P5-C21-45322-31087.tiff,127598,d3241ebbcaa2d859e6bf719ce186c0ae4f307a1055feb467ef977da355c47200,8c7ccb57943debfa3e20d16b07a0c2b9e82852933e337cd537d389d2d3c5eea5,9d18cec60e3b38c7,74f49a7ac0907068,TIFF,TIFF-LE,1024,1024,RGB,3,8,True,222.03178596496582,45.39311613852065,0.7826499938964844,9.5367431640625e-07,3.433488017772288,,False,False,False,False,False,False,PASS,True,
Case-48-P5-C21-45348-15985,Case-48-P5-C21-45348-15985,Case 48 - P5 C21-45348-15985,http://pathdb.cancerimagingarchive.net/system/files/wsi/ross/Osteosarcoma-UT/converted/Osteosarcoma-UT/Training-Set-1/set8/Case-48-P5-C21-45348-15985.tiff,Case-48,Viable,VIABLE_TUMOR,TRUE,False,RETRIEVED,200,C:\Users\enkso\.kiro\crew\scratch\runtime-0a306834\osteopatch_full_ingestion\tiffs\Case-48-P5-C21-45348-15985.tiff,264886,a8e5e9ed82a547713dfae7be4698e6c6c0d596a9096a2f6007db8b1b88a00748,26880b1ff8bfad3ca06937b7455424d38e92539a4e436cdd0b22ce15c4e4c1a2,f13898377acd070d,189c92162646c298,TIFF,TIFF-LE,1024,1024,RGB,3,8,True,206.5708589553833,41.46950565513494,0.4385251998901367,0.0,6.058095843658754,,False,False,False,False,False,False,PASS,True,
Case-48-P5-C21-45909-8019,Case-48-P5-C21-45909-8019,Case 48 - P5 C21-45909-8019,http://pathdb.cancerimagingarchive.net/system/files/wsi/ross/Osteosarcoma-UT/converted/Osteosarcoma-UT/Training-Set-1/set8/Case-48-P5-C21-45909-8019.tiff,Case-48,Viable,VIABLE_TUMOR,TRUE,False,RETRIEVED,200,C:\Users\enkso\.kiro\crew\scratch\runtime-0a306834\osteopatch_full_ingestion\tiffs\Case-48-P5-C21-45909-8019.tiff,333766,c4f72ee8c5274bb9633ca5fbc6eb58d7af1041a223767d5ae9fe97ac4bb0a90b,8d4802506e7b9ccfd5d17def15b1d23fcd09f182e90acad61077f5a454276afb,de0120dfca356f83,b29666f9f1241e41,TIFF,TIFF-LE,1024,1024,RGB,3,8,True,184.9091386795044,48.25658960940725,0.2666959762573242,0.0,7.009539556230213,,False,False,False,False,False,False,PASS,True,
Case-48-P5-C21-46100-29884,Case-48-P5-C21-46100-29884,Case 48 - P5 C21-46100-29884,http://pathdb.cancerimagingarchive.net/system/files/wsi/ross/Osteosarcoma-UT/converted/Osteosarcoma-UT/Training-Set-1/set8/Case-48-P5-C21-46100-29884.tiff,Case-48,Non-Tumor,NON_TUMOR,TRUE,False,RETRIEVED,200,C:\Users\enkso\.kiro\crew\scratch\runtime-0a306834\osteopatch_full_ingestion\tiffs\Case-48-P5-C21-46100-29884.tiff,149770,2791c7788df2d4b1b6599d3eb4b87b3f344c1f31e27d8686f11413a34f2c2f3c,5b5d0984cd9a56bc86143f9f30af36863f59c77fe4fb457d8353f332060453ba,ca2d12d2ad2b72f4,b9bc89e394094902,TIFF,TIFF-LE,1024,1024,RGB,3,8,True,202.24565887451172,47.896958658741255,0.525456428527832,9.5367431640625e-07,5.0641990423918655,,False,False,False,False,False,False,PASS,True,
Case-48-P5-C21-46692-23838,Case-48-P5-C21-46692-23838,Case 48 - P5 C21-46692-23838,http://pathdb.cancerimagingarchive.net/system/files/wsi/ross/Osteosarcoma-UT/converted/Osteosarcoma-UT/Training-Set-1/set8/Case-48-P5-C21-46692-23838.tiff,Case-48,Viable,VIABLE_TUMOR,TRUE,False,RETRIEVED,200,C:\Users\enkso\.kiro\crew\scratch\runtime-0a306834\osteopatch_full_ingestion\tiffs\Case-48-P5-C21-46692-23838.tiff,251812,7caebac165f7bc903b224139e351839b752ae952bb40c3d32854e3e53a9646bb,c294e4a08a8158ff0ce39e1cc8370ba475b8518867d7e9882d8f69f139c5bfb9,99d2e629119d6b47,90c0d818dad37632,TIFF,TIFF-LE,1024,1024,RGB,3,8,True,173.9231662750244,48.62021003228709,0.25364208221435547,0.0,6.567633059903584,,False,False,False,False,False,False,PASS,True,
Case-48-P5-C21-48446-3802,Case-48-P5-C21-48446-3802,Case 48 - P5 C21-48446-3802,http://pathdb.cancerimagingarchive.net/system/files/wsi/ross/Osteosarcoma-UT/converted/Osteosarcoma-UT/Training-Set-1/set8/Case-48-P5-C21-48446-3802.tiff,Case-48,Viable,VIABLE_TUMOR,TRUE,False,RETRIEVED,200,C:\Users\enkso\.kiro\crew\scratch\runtime-0a306834\osteopatch_full_ingestion\tiffs\Case-48-P5-C21-48446-3802.tiff,196968,2454a27ff74b72fe1bc3514db0b7c1a8b1352086b9e0ebd4ecae232e601fe7da,8ad53844a0a631d36725cffcf9ac841e071c09f1db17bce298d2f7f23d73913e,9c9cefa2c30542f6,643236fb9d9f1e1b,TIFF,TIFF-LE,1024,1024,RGB,3,8,True,204.73694229125977,45.919793768374085,0.4985227584838867,0.0,5.350697293713427,,False,False,False,False,False,False,PASS,True,
Case-48-P5-C21-50643-22090,Case-48-P5-C21-50643-22090,Case 48 - P5 C21-50643-22090,http://pathdb.cancerimagingarchive.net/system/files/wsi/ross/Osteosarcoma-UT/converted/Osteosarcoma-UT/Training-Set-1/set8/Case-48-P5-C21-50643-22090.tiff,Case-48,Viable,VIABLE_TUMOR,TRUE,False,RETRIEVED,200,C:\Users\enkso\.kiro\crew\scratch\runtime-0a306834\osteopatch_full_ingestion\tiffs\Case-48-P5-C21-50643-22090.tiff,303594,204e78938b81ca2438faf02d79e5988baf1170e74e33a66e665aa324ba4915af,f80b3888d8caad501b0459451bdad0a6e3b6e0b551b22a18dc7adaa21de273db,e6a49b794aca38d2,0a4ee666061b5929,TIFF,TIFF-LE,1024,1024,RGB,3,8,True,171.12775993347168,47.53410290176563,0.1841745376586914,2.86102294921875e-06,7.039240297815723,,False,False,False,False,False,False,PASS,True,
Case-48-P5-C21-51030-28827,Case-48-P5-C21-51030-28827,Case 48 - P5 C21-51030-28827,http://pathdb.cancerimagingarchive.net/system/files/wsi/ross/Osteosarcoma-UT/converted/Osteosarcoma-UT/Training-Set-1/set9/Case-48-P5-C21-51030-28827.tiff,Case-48,Non-Tumor,NON_TUMOR,TRUE,False,RETRIEVED,200,C:\Users\enkso\.kiro\crew\scratch\runtime-0a306834\osteopatch_full_ingestion\tiffs\Case-48-P5-C21-51030-28827.tiff,239836,ce8b76cb21cbbb1f0dc469f551ef6e104994f46095974b1b354a68222942fe8c,55aac99523bdac0bea7731ff9044507b365c676a2bdd80a704e6455b1f16309f,80e0eb61e4e696dd,c9d9b9c5d7dddbdd,TIFF,TIFF-LE,1024,1024,RGB,3,8,True,162.2581090927124,49.56818187561093,0.1268138885498047,0.000255584716796875,6.938128225787233,,False,False,False,False,False,False,PASS,True,
Case-48-P5-C21-52961-18393,Case-48-P5-C21-52961-18393,Case 48 - P5 C21-52961-18393,http://pathdb.cancerimagingarchive.net/system/files/wsi/ross/Osteosarcoma-UT/converted/Osteosarcoma-UT/Training-Set-1/set9/Case-48-P5-C21-52961-18393.tiff,Case-48,Viable,VIABLE_TUMOR,TRUE,False,RETRIEVED,200,C:\Users\enkso\.kiro\crew\scratch\runtime-0a306834\osteopatch_full_ingestion\tiffs\Case-48-P5-C21-52961-18393.tiff,300126,b825258e77f681958131044b11c4ea55cfacbac91db7cfa59b95fe0a99508b56,f3cd5337b157e0b60ba96b5ae1b138b90c4b646f2364647c94bcd13b23cfd39c,9f5bf1fa7a0c0a01,28586a2c2d68f6dc,TIFF,TIFF-LE,1024,1024,RGB,3,8,True,183.7882251739502,42.68004757415728,0.19260311126708984,9.5367431640625e-07,7.0389110613690615,,False,False,False,False,False,False,PASS,True,
Case-48-P5-C21-8898-15670,Case-48-P5-C21-8898-15670,Case 48 - P5 C21-8898-15670,http://pathdb.cancerimagingarchive.net/system/files/wsi/ross/Osteosarcoma-UT/converted/Osteosarcoma-UT/Training-Set-2/set9/Case-48-P5-C21-8898-15670.tiff,Case-48,Non-Tumor,NON_TUMOR,TRUE,False,RETRIEVED,200,C:\Users\enkso\.kiro\crew\scratch\runtime-0a306834\osteopatch_full_ingestion\tiffs\Case-48-P5-C21-8898-15670.tiff,165560,a2eac44cbed123e27cd4cf56bd0a32ef19a471189d35e65e595a3c6952f94010,c3989742e79bebf9baedf5dd8e79e02cb9f34d1c188275720f48e9690a89ec20,9a98d999d99a8b49,3931371dd7ed3d37,TIFF,TIFF-LE,1024,1024,RGB,3,8,True,109.2251205444336,34.07284798805652,0.037079811096191406,0.00043582916259765625,6.325632590247101,,False,False,False,False,False,False,PASS,True,
Case-48-P5-C22-10542-19412,Case-48-P5-C22-10542-19412,Case 48 - P5 C22-10542-19412,http://pathdb.cancerimagingarchive.net/system/files/wsi/ross/Osteosarcoma-UT/converted/Osteosarcoma-UT/Training-Set-2/set9/Case-48-P5-C22-10542-19412.tiff,Case-48,Non-Tumor,NON_TUMOR,TRUE,False,RETRIEVED,200,C:\Users\enkso\.kiro\crew\scratch\runtime-0a306834\osteopatch_full_ingestion\tiffs\Case-48-P5-C22-10542-19412.tiff,138892,968c50d4fe3cc7785584444d6610e5b21e84f43288755bb6a846061de352fc0a,c6dce25f109e1af95c1021b4e37ca43294c631a91cb143776c4fd27ff60f1c2f,a882e3a667ee50f2,cb9bbbf3bff767d7,TIFF,TIFF-LE,1024,1024,RGB,3,8,True,86.99676036834717,14.941555222748809,0.0011138916015625,5.626678466796875e-05,5.5907103956609685,,False,False,False,False,False,False,PASS,True,
Case-48-P5-C22-13977-20055,Case-48-P5-C22-13977-20055,Case 48 - P5 C22-13977-20055,http://pathdb.cancerimagingarchive.net/system/files/wsi/ross/Osteosarcoma-UT/converted/Osteosarcoma-UT/Training-Set-2/set9/Case-48-P5-C22-13977-20055.tiff,Case-48,Non-Tumor,NON_TUMOR,TRUE,False,RETRIEVED,200,C:\Users\enkso\.kiro\crew\scratch\runtime-0a306834\osteopatch_full_ingestion\tiffs\Case-48-P5-C22-13977-20055.tiff,141714,84dd4df26610da0d4b40d954b9991dc46cbeed6c57244774412dacef29a55c5c,7aa30702cd274841da1a223ffcb61b1fa8b10a0e6a244d879e650740a9877045,9696d2ca6a6b49a9,fdfceeedf9b1c7c3,TIFF,TIFF-LE,1024,1024,RGB,3,8,True,104.47719383239746,32.10902697317752,0.026284217834472656,0.0001697540283203125,6.363422457145119,,False,False,False,False,False,False,PASS,True,
Case-48-P5-C22-14392-22302,Case-48-P5-C22-14392-22302,Case 48 - P5 C22-14392-22302,http://pathdb.cancerimagingarchive.net/system/files/wsi/ross/Osteosarcoma-UT/converted/Osteosarcoma-UT/Training-Set-2/set9/Case-48-P5-C22-14392-22302.tiff,Case-48,Non-Tumor,NON_TUMOR,TRUE,False,RETRIEVED,200,C:\Users\enkso\.kiro\crew\scratch\runtime-0a306834\osteopatch_full_ingestion\tiffs\Case-48-P5-C22-14392-22302.tiff,143156,ed64be73c65c7345da2f769fc905f07ce27ad58fd95b1fa54c443da06822a746,5776d801e9a53c8ab036532d45492034232645fab119fd870eb5498a9a8519ec,ad8bf8be2419c2e4,b73b9b5626341207,TIFF,TIFF-LE,1024,1024,RGB,3,8,True,81.13275527954102,14.612934708931075,0.000659942626953125,3.4332275390625e-05,5.68304809663423,,False,False,False,False,False,False,PASS,True,
Case-48-P5-C22-14726-13837,Case-48-P5-C22-14726-13837,Case 48 - P5 C22-14726-13837,http://pathdb.cancerimagingarchive.net/system/files/wsi/ross/Osteosarcoma-UT/converted/Osteosarcoma-UT/Training-Set-2/set9/Case-48-P5-C22-14726-13837.tiff,Case-48,Viable,VIABLE_TUMOR,TRUE,False,RETRIEVED,200,C:\Users\enkso\.kiro\crew\scratch\runtime-0a306834\osteopatch_full_ingestion\tiffs\Case-48-P5-C22-14726-13837.tiff,393962,0ad83561eac3df8b7a7e6f818aa669b2fda658a07fcb66739b6c112fa78640d1,76abb45f7165d3b9f3b76214a126e9a3543e9abe8dbc7dcbbde473fb8317c320,c42f7dba25b41529,a66b22e4d1b995d2,TIFF,TIFF-LE,1024,1024,RGB,3,8,True,174.54841899871826,57.10150066914879,0.25592803955078125,7.62939453125e-06,7.170696645438204,,False,False,False,False,False,False,PASS,True,
Case-48-P5-C22-17464-9867,Case-48-P5-C22-17464-9867,Case 48 - P5 C22-17464-9867,http://pathdb.cancerimagingarchive.net/system/files/wsi/ross/Osteosarcoma-UT/converted/Osteosarcoma-UT/Training-Set-2/set9/Case-48-P5-C22-17464-9867.tiff,Case-48,Viable,VIABLE_TUMOR,TRUE,False,RETRIEVED,200,C:\Users\enkso\.kiro\crew\scratch\runtime-0a306834\osteopatch_full_ingestion\tiffs\Case-48-P5-C22-17464-9867.tiff,141820,be5fa4678833f51b792d2bfc9e1d4d059f6d915d97a50fa9398cb15316669d4c,333d1a6a76ab98c6b299782062306558464b7ce951a2e6a3617bc2b690abec74,c7b08a6e1dd06b2d,0003c4346261e461,TIFF,TIFF-LE,1024,1024,RGB,3,8,True,221.75346755981445,44.712467260265576,0.7299747467041016,2.574920654296875e-05,3.6772510531098326,,False,False,False,False,False,False,PASS,True,
Case-48-P5-C22-21419-13624,Case-48-P5-C22-21419-13624,Case 48 - P5 C22-21419-13624,http://pathdb.cancerimagingarchive.net/system/files/wsi/ross/Osteosarcoma-UT/converted/Osteosarcoma-UT/Training-Set-2/set9/Case-48-P5-C22-21419-13624.tiff,Case-48,viable: non-viable,,FALSE,True,RETRIEVED,200,C:\Users\enkso\.kiro\crew\scratch\runtime-0a306834\osteopatch_full_ingestion\tiffs\Case-48-P5-C22-21419-13624.tiff,237070,2a40073dd92ba5f23b87963f3dfa2e1d70913040ba3069481a9f8c07d6a73fc7,0ead2e22954b8a27345c589d853dd54574361f62fdda966e61e18f74553992b7,88d4e167f4dcca25,90d8b9b4a7e3d3f3,TIFF,TIFF-LE,1024,1024,RGB,3,8,True,176.5860366821289,53.14168643863529,0.29168128967285156,9.5367431640625e-07,6.731709165164046,,False,False,False,False,False,False,PASS,False,MIXED_VIABLE_NECROTIC (policy: never eligible)
Case-48-P5-C22-25507-14943,Case-48-P5-C22-25507-14943,Case 48 - P5 C22-25507-14943,http://pathdb.cancerimagingarchive.net/system/files/wsi/ross/Osteosarcoma-UT/converted/Osteosarcoma-UT/Training-Set-2/set9/Case-48-P5-C22-25507-14943.tiff,Case-48,Viable,VIABLE_TUMOR,TRUE,False,RETRIEVED,200,C:\Users\enkso\.kiro\crew\scratch\runtime-0a306834\osteopatch_full_ingestion\tiffs\Case-48-P5-C22-25507-14943.tiff,247382,05b786514397c1ed9043c7653862e0151c35b4ddba16a18b52ac1400568dbfa0,6954d25c576b64cf81ca6f80f84a118b93d6ae0f5da981bbef8fd2afb9b56982,cec45c6929a595ba,8221a4c0d1d80831,TIFF,TIFF-LE,1024,1024,RGB,3,8,True,194.40031242370605,49.97458011721452,0.34900379180908203,1.9073486328125e-06,6.5503076576525245,,False,False,False,False,False,False,PASS,True,
Case-48-P5-C22-26068-19668,Case-48-P5-C22-26068-19668,Case 48 - P5 C22-26068-19668,http://pathdb.cancerimagingarchive.net/system/files/wsi/ross/Osteosarcoma-UT/converted/Osteosarcoma-UT/Training-Set-2/set9/Case-48-P5-C22-26068-19668.tiff,Case-48,Viable,VIABLE_TUMOR,TRUE,False,RETRIEVED,200,C:\Users\enkso\.kiro\crew\scratch\runtime-0a306834\osteopatch_full_ingestion\tiffs\Case-48-P5-C22-26068-19668.tiff,297264,ce87d78e91997bafd1405fb0725d350137d7e61370a37cfb76197696069e832d,f07cd3ce9ef0636f030c021520b1f96b94fc0a5ee056590a89fcbedb45a0b377,e5a556525baa8b4a,84869683c9898d6d,TIFF,TIFF-LE,1024,1024,RGB,3,8,True,169.79720878601074,54.35217014664004,0.1994953155517578,5.7220458984375e-06,7.236557970218698,,False,False,False,False,False,False,PASS,True,
Case-48-P5-C22-29420-12082,Case-48-P5-C22-29420-12082,Case 48 - P5 C22-29420-12082,http://pathdb.cancerimagingarchive.net/system/files/wsi/ross/Osteosarcoma-UT/converted/Osteosarcoma-UT/Training-Set-2/set9/Case-48-P5-C22-29420-12082.tiff,Case-48,viable: non-viable,,FALSE,True,RETRIEVED,200,C:\Users\enkso\.kiro\crew\scratch\runtime-0a306834\osteopatch_full_ingestion\tiffs\Case-48-P5-C22-29420-12082.tiff,271644,d67ac7f49bf98eccefd97410c74830a741b154c3a6079b349871fbd07a3fa712,88cfb6c2db8368b7d382bc461feb29e94f2d62823d7fb03acb1b6624cf6e8404,94e28e78af43f90c,952c32cc3e18fc66,TIFF,TIFF-LE,1024,1024,RGB,3,8,True,188.09055995941162,53.950238077566546,0.37225914001464844,3.814697265625e-06,6.757308043503322,,False,False,False,False,False,False,PASS,False,MIXED_VIABLE_NECROTIC (policy: never eligible)
Case-48-P5-C22-29810-28152,Case-48-P5-C22-29810-28152,Case 48 - P5 C22-29810-28152,http://pathdb.cancerimagingarchive.net/system/files/wsi/ross/Osteosarcoma-UT/converted/Osteosarcoma-UT/Training-Set-2/set9/Case-48-P5-C22-29810-28152.tiff,Case-48,Non-Tumor,NON_TUMOR,TRUE,False,RETRIEVED,200,C:\Users\enkso\.kiro\crew\scratch\runtime-0a306834\osteopatch_full_ingestion\tiffs\Case-48-P5-C22-29810-28152.tiff,148732,d88f151f7f8fe6febed6dad3d50b84ef0a29faf6c5c87ff293e81de542760d0e,3907e822f04f2f8f1077a3689dfff662f20db08683512e0d6a70980c717c6b24,cea3b299391838e7,e3e1e172626361e1,TIFF,TIFF-LE,1024,1024,RGB,3,8,True,141.35237503051758,52.39036566133622,0.16274547576904297,5.626678466796875e-05,6.641078614366352,,False,False,False,False,False,False,PASS,True,
Case-48-P5-C22-33153-19473,Case-48-P5-C22-33153-19473,Case 48 - P5 C22-33153-19473,http://pathdb.cancerimagingarchive.net/system/files/wsi/ross/Osteosarcoma-UT/converted/Osteosarcoma-UT/Training-Set-2/set9/Case-48-P5-C22-33153-19473.tiff,Case-48,Viable,VIABLE_TUMOR,TRUE,False,RETRIEVED,200,C:\Users\enkso\.kiro\crew\scratch\runtime-0a306834\osteopatch_full_ingestion\tiffs\Case-48-P5-C22-33153-19473.tiff,248046,486409b78a4ce85c6d203b7948fc5581fe60547a7d33b08b17046c59ac0bfb12,94ee4f1efb452b256a65cdcc4453d453b103037bafc7bc75e841737716422cf1,e0829fbc958191fb,f347c7860787870a,TIFF,TIFF-LE,1024,1024,RGB,3,8,True,209.04869842529297,40.51854734714158,0.4560413360595703,9.5367431640625e-07,5.907376796395548,,False,False,False,False,False,False,PASS,True,
Case-48-P5-C22-33543-8004,Case-48-P5-C22-33543-8004,Case 48 - P5 C22-33543-8004,http://pathdb.cancerimagingarchive.net/system/files/wsi/ross/Osteosarcoma-UT/converted/Osteosarcoma-UT/Training-Set-2/set9/Case-48-P5-C22-33543-8004.tiff,Case-48,Viable,VIABLE_TUMOR,TRUE,False,RETRIEVED,200,C:\Users\enkso\.kiro\crew\scratch\runtime-0a306834\osteopatch_full_ingestion\tiffs\Case-48-P5-C22-33543-8004.tiff,244482,3a67631c04ac7d3263e006b470dff7e574dddf9e44c7c1af4d007b0dcb48dce7,c29d952f08f0c4a6d7b7954e879db89042bc0a01da4604017ba26a3dfcad4411,97072f7a783819c9,ee6cf8bcfcd9d87d,TIFF,TIFF-LE,1024,1024,RGB,3,8,True,201.2692699432373,46.779629234023886,0.43726444244384766,9.5367431640625e-07,5.969540273465307,,False,False,False,False,False,False,PASS,True,
Case-48-P5-C22-33640-5373,Case-48-P5-C22-33640-5373,Case 48 - P5 C22-33640-5373,http://pathdb.cancerimagingarchive.net/system/files/wsi/ross/Osteosarcoma-UT/converted/Osteosarcoma-UT/Training-Set-2/set9/Case-48-P5-C22-33640-5373.tiff,Case-48,Viable,VIABLE_TUMOR,TRUE,False,RETRIEVED,200,C:\Users\enkso\.kiro\crew\scratch\runtime-0a306834\osteopatch_full_ingestion\tiffs\Case-48-P5-C22-33640-5373.tiff,343218,ab8dcec4e4e658c5d9c78cdb542ed39d975439713782626dd6fe7229822425b6,f830c265e2e44808eb4710d4ceab265cee60a5a04b2a900e889971059e0b1093,e8a1e033f1f8e0f8,47caa7b60ac833b1,TIFF,TIFF-LE,1024,1024,RGB,3,8,True,192.54896640777588,35.766573869707074,0.15597057342529297,0.0,6.971540846865245,,False,False,False,False,False,False,PASS,True,
Case-48-P5-C22-34058-4542,Case-48-P5-C22-34058-4542,Case 48 - P5 C22-34058-4542,http://pathdb.cancerimagingarchive.net/system/files/wsi/ross/Osteosarcoma-UT/converted/Osteosarcoma-UT/Training-Set-2/set9/Case-48-P5-C22-34058-4542.tiff,Case-48,Viable,VIABLE_TUMOR,TRUE,False,RETRIEVED,200,C:\Users\enkso\.kiro\crew\scratch\runtime-0a306834\osteopatch_full_ingestion\tiffs\Case-48-P5-C22-34058-4542.tiff,215634,ac297677007c63be435ff6e3dc950ff13ca741e16f54e69bcc368e0b9c534b0c,d3cad6ade9b6911a1fb44f1180a669cb262fe28ed13e921ca576ab9aebaaa37e,d9918c64b2a9cf87,0620529984031370,TIFF,TIFF-LE,1024,1024,RGB,3,8,True,211.79928874969482,45.43502012838975,0.556736946105957,0.0,5.361110405394482,,False,False,False,False,False,False,PASS,True,
Case-48-P5-C22-35024-20347,Case-48-P5-C22-35024-20347,Case 48 - P5 C22-35024-20347,http://pathdb.cancerimagingarchive.net/system/files/wsi/ross/Osteosarcoma-UT/converted/Osteosarcoma-UT/Training-Set-2/set9/Case-48-P5-C22-35024-20347.tiff,Case-48,viable: non-viable,,FALSE,True,RETRIEVED,200,C:\Users\enkso\.kiro\crew\scratch\runtime-0a306834\osteopatch_full_ingestion\tiffs\Case-48-P5-C22-35024-20347.tiff,221192,e2fb7241ba634634c45b65d8f461a98b5ea7d4e75e6981c18acf45f6fcc77def,b3000efa49272cc0387c06b1ac209c8ebb6a97b4d11b29c50c55c8d21d053b5c,b2ca36a59125dbd8,a9b93998904e0e3c,TIFF,TIFF-LE,1024,1024,RGB,3,8,True,203.51504135131836,47.04630793080218,0.45710182189941406,0.0,6.049864993668766,,False,False,False,False,False,False,PASS,False,MIXED_VIABLE_NECROTIC (policy: never eligible)
Case-48-P5-C22-41496-16304,Case-48-P5-C22-41496-16304,Case 48 - P5 C22-41496-16304,http://pathdb.cancerimagingarchive.net/system/files/wsi/ross/Osteosarcoma-UT/converted/Osteosarcoma-UT/Training-Set-1/set9/Case-48-P5-C22-41496-16304.tiff,Case-48,Viable,VIABLE_TUMOR,TRUE,False,RETRIEVED,200,C:\Users\enkso\.kiro\crew\scratch\runtime-0a306834\osteopatch_full_ingestion\tiffs\Case-48-P5-C22-41496-16304.tiff,181804,964e1a4f238e1ad70591ddbb19e31047cc3b8e7b2885209125c043c391df77b1,db07f725b1ad75a98662b53e0477946638853f52a5142c25502e559c996e824f,b712d07bc7c4c4cc,fc38fe4e4f573e3c,TIFF,TIFF-LE,1024,1024,RGB,3,8,True,205.03569507598877,46.57106333560991,0.5018424987792969,0.0,5.575327557739536,,False,False,False,False,False,False,PASS,True,
Case-48-P5-C22-45202-17053,Case-48-P5-C22-45202-17053,Case 48 - P5 C22-45202-17053,http://pathdb.cancerimagingarchive.net/system/files/wsi/ross/Osteosarcoma-UT/converted/Osteosarcoma-UT/Training-Set-1/set9/Case-48-P5-C22-45202-17053.tiff,Case-48,Viable,VIABLE_TUMOR,TRUE,False,RETRIEVED,200,C:\Users\enkso\.kiro\crew\scratch\runtime-0a306834\osteopatch_full_ingestion\tiffs\Case-48-P5-C22-45202-17053.tiff,182434,8ee475e64263656ba35ab1f33e80b2cfde683110c0b14c7f1b5138c6097065c6,0315c8646744b96798a01354a23860ad1c536772216b09dae78ef1e366d2c8a7,dc854dc2b696d2b4,62723a2e94093131,TIFF,TIFF-LE,1024,1024,RGB,3,8,True,201.5502986907959,49.26948875470973,0.4905548095703125,2.47955322265625e-05,5.663712578731629,,False,False,False,False,False,False,PASS,True,
Case-48-P5-C22-45260-4742,Case-48-P5-C22-45260-4742,Case 48 - P5 C22-45260-4742,http://pathdb.cancerimagingarchive.net/system/files/wsi/ross/Osteosarcoma-UT/converted/Osteosarcoma-UT/Training-Set-1/set9/Case-48-P5-C22-45260-4742.tiff,Case-48,Viable,VIABLE_TUMOR,TRUE,False,RETRIEVED,200,C:\Users\enkso\.kiro\crew\scratch\runtime-0a306834\osteopatch_full_ingestion\tiffs\Case-48-P5-C22-45260-4742.tiff,350922,c81ce3f77c6ac32548a9ca1e8418638fbd2eff07f3df4bfaad276f648ffcb1ca,f13361fc3591b70c8a35a901d13beec6d334278855fffee4a56cc4d99bd2a900,b93d3c81151d4757,3a373632ded31b2f,TIFF,TIFF-LE,1024,1024,RGB,3,8,True,182.3464231491089,43.048165297591495,0.14682865142822266,0.0,7.24065268877524,,False,False,False,False,False,False,PASS,True,
Case-48-P5-C22-45517-9307,Case-48-P5-C22-45517-9307,Case 48 - P5 C22-45517-9307,http://pathdb.cancerimagingarchive.net/system/files/wsi/ross/Osteosarcoma-UT/converted/Osteosarcoma-UT/Training-Set-1/set9/Case-48-P5-C22-45517-9307.tiff,Case-48,Viable,VIABLE_TUMOR,TRUE,False,RETRIEVED,200,C:\Users\enkso\.kiro\crew\scratch\runtime-0a306834\osteopatch_full_ingestion\tiffs\Case-48-P5-C22-45517-9307.tiff,302882,bc0f68d57b072eaea1e46c76ad8f9a4de9b7e92348be034b83ee1a30de47e0aa,4ccab8bda85f805cfed6a5a186355cc27bb8aeb48fc9b4fdcc401271dc06e13b,d55aeaa6062a6ba3,ad101276c646d9e9,TIFF,TIFF-LE,1024,1024,RGB,3,8,True,172.03445434570312,47.28897428211885,0.1685657501220703,0.0,7.226422190082648,,False,False,False,False,False,False,PASS,True,
Case-48-P5-C22-45776-7378,Case-48-P5-C22-45776-7378,Case 48 - P5 C22-45776-7378,http://pathdb.cancerimagingarchive.net/system/files/wsi/ross/Osteosarcoma-UT/converted/Osteosarcoma-UT/Training-Set-1/set9/Case-48-P5-C22-45776-7378.tiff,Case-48,Viable,VIABLE_TUMOR,TRUE,False,RETRIEVED,200,C:\Users\enkso\.kiro\crew\scratch\runtime-0a306834\osteopatch_full_ingestion\tiffs\Case-48-P5-C22-45776-7378.tiff,296970,ed83ffc55f3a7c38b4f60a66ab1e666d834176af387e28d798014027f995d4d3,ef4d5e71f0c29fc43091301778df1951ed0963d4201f7f6ab0716d4a9e6d4120,bf31c047d8ff018c,5bdc5a3b7649693a,TIFF,TIFF-LE,1024,1024,RGB,3,8,True,174.90526962280273,41.866528172096295,0.15227127075195312,0.0,7.050990052970557,,False,False,False,False,False,False,PASS,True,
Case-48-P5-C22-45824-16584,Case-48-P5-C22-45824-16584,Case 48 - P5 C22-45824-16584,http://pathdb.cancerimagingarchive.net/system/files/wsi/ross/Osteosarcoma-UT/converted/Osteosarcoma-UT/Training-Set-1/set9/Case-48-P5-C22-45824-16584.tiff,Case-48,Viable,VIABLE_TUMOR,TRUE,False,RETRIEVED,200,C:\Users\enkso\.kiro\crew\scratch\runtime-0a306834\osteopatch_full_ingestion\tiffs\Case-48-P5-C22-45824-16584.tiff,300248,e843edb96c88bcac6ce18c4dc73dc137b9f091a7bc43f61836ccb592d50465e5,a09fe44d68c41fc9d5d5036dfbba70afa53d005317b06281ac3f82d6bcef182a,e13ee60788f803eb,e36202b2d0d283c5,TIFF,TIFF-LE,1024,1024,RGB,3,8,True,197.7590742111206,41.88613850682842,0.32139015197753906,2.384185791015625e-05,6.645008506572628,,False,False,False,False,False,False,PASS,True,
Case-48-P5-C22-46134-22320,Case-48-P5-C22-46134-22320,Case 48 - P5 C22-46134-22320,http://pathdb.cancerimagingarchive.net/system/files/wsi/ross/Osteosarcoma-UT/converted/Osteosarcoma-UT/Training-Set-1/set9/Case-48-P5-C22-46134-22320.tiff,Case-48,Viable,VIABLE_TUMOR,TRUE,False,RETRIEVED,200,C:\Users\enkso\.kiro\crew\scratch\runtime-0a306834\osteopatch_full_ingestion\tiffs\Case-48-P5-C22-46134-22320.tiff,156118,8bb8670bddb2d4e54f4d5b6e64070de30f45370b462b3573b5221f85b756be88,4db0ef9155dae688a744353747cf875432f214be3a6e0213ed26356364dd04d8,f1ce68e68c27f211,2611582ea64cdc94,TIFF,TIFF-LE,1024,1024,RGB,3,8,True,220.42945003509521,37.58989333572291,0.6623668670654297,2.86102294921875e-06,4.395019125261004,,False,False,False,False,False,False,PASS,True,
Case-48-P5-C22-46689-25261,Case-48-P5-C22-46689-25261,Case 48 - P5 C22-46689-25261,http://pathdb.cancerimagingarchive.net/system/files/wsi/ross/Osteosarcoma-UT/converted/Osteosarcoma-UT/Training-Set-1/set9/Case-48-P5-C22-46689-25261.tiff,Case-48,Viable,VIABLE_TUMOR,TRUE,False,RETRIEVED,200,C:\Users\enkso\.kiro\crew\scratch\runtime-0a306834\osteopatch_full_ingestion\tiffs\Case-48-P5-C22-46689-25261.tiff,283168,0e9b2d29d3978f901f01d9707fd717238710aeb3aa4dca633c1db0d25c8acf70,0e7b9e38a1519338fae3fc2b2107c6f2b8078c90de1b12fac976a33a27bf0020,9e96963a919acc93,6c7464b0392374f0,TIFF,TIFF-LE,1024,1024,RGB,3,8,True,159.76430130004883,38.75049585256135,0.10115528106689453,4.76837158203125e-06,6.750117666010784,,False,False,False,False,False,False,PASS,True,
Case-48-P5-C22-47843-3919,Case-48-P5-C22-47843-3919,Case 48 - P5 C22-47843-3919,http://pathdb.cancerimagingarchive.net/system/files/wsi/ross/Osteosarcoma-UT/converted/Osteosarcoma-UT/Training-Set-1/set9/Case-48-P5-C22-47843-3919.tiff,Case-48,Viable,VIABLE_TUMOR,TRUE,False,RETRIEVED,200,C:\Users\enkso\.kiro\crew\scratch\runtime-0a306834\osteopatch_full_ingestion\tiffs\Case-48-P5-C22-47843-3919.tiff,339380,6f0ae425ddfc565e40f22d2ac92d46dac74ae1f387e79642525f6ebdeee8e568,244dee3d97de58763ab9262225bb30b7c244018a1e7a01ee20e8003fe39148b6,ca2a8afaf4b83c2c,b9e167064440e9e8,TIFF,TIFF-LE,1024,1024,RGB,3,8,True,174.32558250427246,39.60533068815413,0.07100296020507812,3.814697265625e-06,7.265677264095384,,False,False,False,False,False,False,PASS,True,
Case-48-P5-C22-4801-12473,Case-48-P5-C22-4801-12473,Case 48 - P5 C22-4801-12473,http://pathdb.cancerimagingarchive.net/system/files/wsi/ross/Osteosarcoma-UT/converted/Osteosarcoma-UT/Training-Set-2/set9/Case-48-P5-C22-4801-12473.tiff,Case-48,Non-Tumor,NON_TUMOR,TRUE,False,RETRIEVED,200,C:\Users\enkso\.kiro\crew\scratch\runtime-0a306834\osteopatch_full_ingestion\tiffs\Case-48-P5-C22-4801-12473.tiff,54462,2ffffcca2912d07bd3b115c13dfd71086f8af812f9fc70e775211cd52c88eacf,1ddf2454a3bbacaca385055bed20e295a406f4c0a5004020fd3f86d6c7b73d3e,dfa02fd0856ac0b7,000000037c80096c,TIFF,TIFF-LE,1024,1024,RGB,3,8,True,219.80463123321533,44.29608917830849,0.7278947830200195,0.0,2.6698224846299112,LOW_INFORMATION,False,False,False,False,False,True,REVIEW,False,image QC status REVIEW
Case-48-P5-C22-48383-3948,Case-48-P5-C22-48383-3948,Case 48 - P5 C22-48383-3948,http://pathdb.cancerimagingarchive.net/system/files/wsi/ross/Osteosarcoma-UT/converted/Osteosarcoma-UT/Training-Set-1/set9/Case-48-P5-C22-48383-3948.tiff,Case-48,Viable,VIABLE_TUMOR,TRUE,False,RETRIEVED,200,C:\Users\enkso\.kiro\crew\scratch\runtime-0a306834\osteopatch_full_ingestion\tiffs\Case-48-P5-C22-48383-3948.tiff,245044,89ac6a74f69b033f41d92147fd0927d4a81b151fcaecfbf4cb066b6fe2408433,d79609d0e189b2003b31500adbeb45e1e725a2fea56af1f03124b152e5312531,b99dd8ece4e2050b,363bf9dddf1f2b9d,TIFF,TIFF-LE,1024,1024,RGB,3,8,True,195.49759101867676,46.220587124940614,0.36292076110839844,9.5367431640625e-07,6.162487477455567,,False,False,False,False,False,False,PASS,True,
Case-48-P5-C22-50594-23644,Case-48-P5-C22-50594-23644,Case 48 - P5 C22-50594-23644,http://pathdb.cancerimagingarchive.net/system/files/wsi/ross/Osteosarcoma-UT/converted/Osteosarcoma-UT/Training-Set-1/set9/Case-48-P5-C22-50594-23644.tiff,Case-48,Non-Tumor,NON_TUMOR,TRUE,False,RETRIEVED,200,C:\Users\enkso\.kiro\crew\scratch\runtime-0a306834\osteopatch_full_ingestion\tiffs\Case-48-P5-C22-50594-23644.tiff,246688,d91de6e726bb10a6d3cbf8d2ba3ed804a383bde01438b49c1c9ef2faf3e5ca8f,cad65068e2b1717bc276b3dc748e3a5b6f8d41f77bcc1306f82a02b96d443fbe,804897031f9f4f9f,c99ee8addcc6cdcc,TIFF,TIFF-LE,1024,1024,RGB,3,8,True,140.63872718811035,40.57343183615304,0.07401371002197266,9.5367431640625e-07,6.8397876564213576,,False,False,False,False,False,False,PASS,True,
Case-48-P5-C22-51881-12030,Case-48-P5-C22-51881-12030,Case 48 - P5 C22-51881-12030,http://pathdb.cancerimagingarchive.net/system/files/wsi/ross/Osteosarcoma-UT/converted/Osteosarcoma-UT/Training-Set-1/set9/Case-48-P5-C22-51881-12030.tiff,Case-48,Viable,VIABLE_TUMOR,TRUE,False,RETRIEVED,200,C:\Users\enkso\.kiro\crew\scratch\runtime-0a306834\osteopatch_full_ingestion\tiffs\Case-48-P5-C22-51881-12030.tiff,266926,2764117f047d4f90739a87d81f1fb7f6880e63acbc11826e54a835114ae7b83b,b9dfada51e19e142c459a5a13a9a1fa8f3050798c7d26b78df89697af6d1ed7c,a92d8cc4cdebe41c,63270b03b08969aa,TIFF,TIFF-LE,1024,1024,RGB,3,8,True,190.68255996704102,41.27137169085891,0.25768470764160156,0.0,6.716964227656995,,False,False,False,False,False,False,PASS,True,
Case-48-P5-C23-10747-20258,Case-48-P5-C23-10747-20258,Case 48 - P5 C23-10747-20258,http://pathdb.cancerimagingarchive.net/system/files/wsi/ross/Osteosarcoma-UT/converted/Osteosarcoma-UT/Training-Set-2/set9/Case-48-P5-C23-10747-20258.tiff,Case-48,Non-Tumor,NON_TUMOR,TRUE,False,RETRIEVED,200,C:\Users\enkso\.kiro\crew\scratch\runtime-0a306834\osteopatch_full_ingestion\tiffs\Case-48-P5-C23-10747-20258.tiff,138244,6a191d987f386353aa2b9ca3663bfae0b6baa439f512f2356065663d7bd9e211,4bdc35a10e8fa2b3aaa23d9494b1431d3e38887d759b0c227ec78f4bf2d19b67,eb3697a7b88e80c1,4f4e8b3599022111,TIFF,TIFF-LE,1024,1024,RGB,3,8,True,82.94257545471191,12.881659488691074,0.000652313232421875,0.00010395050048828125,5.395131695002594,,False,False,False,False,False,False,PASS,True,
Case-48-P5-C23-13674-18318,Case-48-P5-C23-13674-18318,Case 48 - P5 C23-13674-18318,http://pathdb.cancerimagingarchive.net/system/files/wsi/ross/Osteosarcoma-UT/converted/Osteosarcoma-UT/Training-Set-2/set9/Case-48-P5-C23-13674-18318.tiff,Case-48,Non-Tumor,NON_TUMOR,TRUE,False,RETRIEVED,200,C:\Users\enkso\.kiro\crew\scratch\runtime-0a306834\osteopatch_full_ingestion\tiffs\Case-48-P5-C23-13674-18318.tiff,257886,873c4129a549a707a768b238fd5e13bb0aae6f089fc40b1ff3bfb972f5889292,c54e6a976c9bf3063dc7a6c2a57110d65eb2c532645f0a762ab23f35faa7f1e1,d6cb91872eac8fa0,c9c8d4254cdc9c3c,TIFF,TIFF-LE,1024,1024,RGB,3,8,True,163.02019882202148,62.4464508162037,0.2910280227661133,6.67572021484375e-06,6.835220004955265,,False,False,False,False,False,False,PASS,True,
Case-48-P5-C23-15409-20333,Case-48-P5-C23-15409-20333,Case 48 - P5 C23-15409-20333,http://pathdb.cancerimagingarchive.net/system/files/wsi/ross/Osteosarcoma-UT/converted/Osteosarcoma-UT/Training-Set-2/set9/Case-48-P5-C23-15409-20333.tiff,Case-48,Viable,VIABLE_TUMOR,TRUE,False,RETRIEVED,200,C:\Users\enkso\.kiro\crew\scratch\runtime-0a306834\osteopatch_full_ingestion\tiffs\Case-48-P5-C23-15409-20333.tiff,266954,754b30f62386528e90d596a6e74c0ae50293b2e86c60b5b4f4263becd289add3,7a9d6c976dd912ecd59ddf7267fd5526bb2741852dd79ec37a5f35162063162d,abc95c1754ecab18,a0c9138fcc6f6b30,TIFF,TIFF-LE,1024,1024,RGB,3,8,True,131.48923015594482,55.679157975548165,0.09885025024414062,6.008148193359375e-05,7.301103210631643,,False,False,False,False,False,False,PASS,True,
Case-48-P5-C23-18472-17481,Case-48-P5-C23-18472-17481,Case 48 - P5 C23-18472-17481,http://pathdb.cancerimagingarchive.net/system/files/wsi/ross/Osteosarcoma-UT/converted/Osteosarcoma-UT/Training-Set-2/set9/Case-48-P5-C23-18472-17481.tiff,Case-48,Viable,VIABLE_TUMOR,TRUE,False,RETRIEVED,200,C:\Users\enkso\.kiro\crew\scratch\runtime-0a306834\osteopatch_full_ingestion\tiffs\Case-48-P5-C23-18472-17481.tiff,286952,c1d891a1f8e838f4b414b8d509b1b44ed1a675a071b58759bf3b6299522d7452,c72ed26ef8d17cba49d20abba822a58c90feffe618eb05b8ea4b93d9d5044252,9686c91d32ce98f3,636adced0d77669e,TIFF,TIFF-LE,1024,1024,RGB,3,8,True,160.1788206100464,53.30232235431274,0.16147994995117188,0.0,7.304749931492735,,False,False,False,False,False,False,PASS,True,
Case-48-P5-C23-19579-22034,Case-48-P5-C23-19579-22034,Case 48 - P5 C23-19579-22034,http://pathdb.cancerimagingarchive.net/system/files/wsi/ross/Osteosarcoma-UT/converted/Osteosarcoma-UT/Training-Set-2/set9/Case-48-P5-C23-19579-22034.tiff,Case-48,Viable,VIABLE_TUMOR,TRUE,False,RETRIEVED,200,C:\Users\enkso\.kiro\crew\scratch\runtime-0a306834\osteopatch_full_ingestion\tiffs\Case-48-P5-C23-19579-22034.tiff,309714,aea2f77e3bbfa8b3f43550e5618977563207193cb82bcc764257aaf011d6d9bb,188bd9b673bf413380219add2b8a3edf759adb3dcd05866573189c94c911b11e,f22f8e1d630ec196,49abab0f9c9124cd,TIFF,TIFF-LE,1024,1024,RGB,3,8,True,161.5038242340088,54.52415227449491,0.16691017150878906,1.1444091796875e-05,7.376676219242043,,False,False,False,False,False,False,PASS,True,
Case-48-P5-C23-23240-21386,Case-48-P5-C23-23240-21386,Case 48 - P5 C23-23240-21386,http://pathdb.cancerimagingarchive.net/system/files/wsi/ross/Osteosarcoma-UT/converted/Osteosarcoma-UT/Training-Set-2/set9/Case-48-P5-C23-23240-21386.tiff,Case-48,Viable,VIABLE_TUMOR,TRUE,False,RETRIEVED,200,C:\Users\enkso\.kiro\crew\scratch\runtime-0a306834\osteopatch_full_ingestion\tiffs\Case-48-P5-C23-23240-21386.tiff,257366,cca6c8a8a68f90f0e7e607fe18bfc34932d0c005eda79bdb84dcd53d0b62657e,edd21636d9e021d36a532523da506516b5b275102f604210415a88b030239bb6,dea0385acd531e47,2726646460604929,TIFF,TIFF-LE,1024,1024,RGB,3,8,True,185.2530574798584,56.990622997270044,0.3927001953125,9.5367431640625e-07,6.4554405772517836,,False,False,False,False,False,False,PASS,True,
Case-48-P5-C23-27501-16553,Case-48-P5-C23-27501-16553,Case 48 - P5 C23-27501-16553,http://pathdb.cancerimagingarchive.net/system/files/wsi/ross/Osteosarcoma-UT/converted/Osteosarcoma-UT/Training-Set-2/set9/Case-48-P5-C23-27501-16553.tiff,Case-48,Viable,VIABLE_TUMOR,TRUE,False,RETRIEVED,200,C:\Users\enkso\.kiro\crew\scratch\runtime-0a306834\osteopatch_full_ingestion\tiffs\Case-48-P5-C23-27501-16553.tiff,288832,95986e8809e90082bd5d878b2c5866d804321cf47c35a25769576bbbe6fea716,9cc1fbe45b2ca10e65011f21a8c649c79b69bffbc7e61c4d74c08dc11713628e,b23646cdd913d6c4,a94d4c98b26d89da,TIFF,TIFF-LE,1024,1024,RGB,3,8,True,156.7994899749756,54.89632679794583,0.15928936004638672,1.049041748046875e-05,7.27901158243401,,False,False,False,False,False,False,PASS,True,
Case-48-P5-C23-28780-10637,Case-48-P5-C23-28780-10637,Case 48 - P5 C23-28780-10637,http://pathdb.cancerimagingarchive.net/system/files/wsi/ross/Osteosarcoma-UT/converted/Osteosarcoma-UT/Training-Set-2/set9/Case-48-P5-C23-28780-10637.tiff,Case-48,Viable,VIABLE_TUMOR,TRUE,False,RETRIEVED,200,C:\Users\enkso\.kiro\crew\scratch\runtime-0a306834\osteopatch_full_ingestion\tiffs\Case-48-P5-C23-28780-10637.tiff,365788,b952ed034a9293d4ece0622b271959dad406e8ccdb3a4c48f28a0433c6b05168,1dcbc987df0dba60d99ba3c423180a3f406c37e486fa1d4b3a8cd2509a0ab928,816cd101bdf0b9de,d2ca3db4fccec8d8,TIFF,TIFF-LE,1024,1024,RGB,3,8,True,189.74573612213135,45.3019833738582,0.25142383575439453,2.86102294921875e-06,7.075246295376871,,False,False,False,False,False,False,PASS,True,
Case-48-P5-C23-29641-13214,Case-48-P5-C23-29641-13214,Case 48 - P5 C23-29641-13214,http://pathdb.cancerimagingarchive.net/system/files/wsi/ross/Osteosarcoma-UT/converted/Osteosarcoma-UT/Training-Set-2/set9/Case-48-P5-C23-29641-13214.tiff,Case-48,Viable,VIABLE_TUMOR,TRUE,False,RETRIEVED,200,C:\Users\enkso\.kiro\crew\scratch\runtime-0a306834\osteopatch_full_ingestion\tiffs\Case-48-P5-C23-29641-13214.tiff,272428,3248c43929e8759ab244e6a62dbfe6ed12bd6f3fd215c60b846d210d84454b84,9e5e527c3c50424b6b724ff4833e803e761b8f8a4a9365de6b49ae1bf363fff8,ec36db781e8a209b,3197872636963359,TIFF,TIFF-LE,1024,1024,RGB,3,8,True,206.7493667602539,40.32770985450802,0.3773078918457031,0.0,6.2990317953029376,,False,False,False,False,False,False,PASS,True,
Case-48-P5-C23-29743-6511,Case-48-P5-C23-29743-6511,Case 48 - P5 C23-29743-6511,http://pathdb.cancerimagingarchive.net/system/files/wsi/ross/Osteosarcoma-UT/converted/Osteosarcoma-UT/Training-Set-2/set10/Case-48-P5-C23-29743-6511.tiff,Case-48,Viable,VIABLE_TUMOR,TRUE,False,RETRIEVED,200,C:\Users\enkso\.kiro\crew\scratch\runtime-0a306834\osteopatch_full_ingestion\tiffs\Case-48-P5-C23-29743-6511.tiff,310680,8daf38ca5fc441c19cd5a269c3999999eca7a2f1f48ab8bbe2f78e0266408e78,b825ae38ea8f8b94eca2039de256dfb2a820fe2b304fbef0a4465a3c4368f883,cdb6ca45a78ad449,2404b43e46621363,TIFF,TIFF-LE,1024,1024,RGB,3,8,True,185.83474159240723,43.72987590659201,0.22758960723876953,2.86102294921875e-06,6.989400709163869,,False,False,False,False,False,False,PASS,True,
Case-48-P5-C23-30981-19966,Case-48-P5-C23-30981-19966,Case 48 - P5 C23-30981-19966,http://pathdb.cancerimagingarchive.net/system/files/wsi/ross/Osteosarcoma-UT/converted/Osteosarcoma-UT/Training-Set-2/set10/Case-48-P5-C23-30981-19966.tiff,Case-48,viable: non-viable,,FALSE,True,RETRIEVED,200,C:\Users\enkso\.kiro\crew\scratch\runtime-0a306834\osteopatch_full_ingestion\tiffs\Case-48-P5-C23-30981-19966.tiff,217348,6df0a38b03038e9383f789132bd0001bc8fd5c07324e1d6f0aabf269e6a734ae,fd110ba2cfc5c924af0273163f623dbd49fa0ef7a8e214a06e30455f8c7f77dd,90857fccd41cdde0,e8d8d8bc9cf9393d,TIFF,TIFF-LE,1024,1024,RGB,3,8,True,190.83187580108643,53.69868376037666,0.4136829376220703,3.814697265625e-06,6.152605339040391,,False,False,False,False,False,False,PASS,False,MIXED_VIABLE_NECROTIC (policy: never eligible)
Case-48-P5-C23-32821-29229,Case-48-P5-C23-32821-29229,Case 48 - P5 C23-32821-29229,http://pathdb.cancerimagingarchive.net/system/files/wsi/ross/Osteosarcoma-UT/converted/Osteosarcoma-UT/Training-Set-2/set10/Case-48-P5-C23-32821-29229.tiff,Case-48,Non-Tumor,NON_TUMOR,TRUE,False,RETRIEVED,200,C:\Users\enkso\.kiro\crew\scratch\runtime-0a306834\osteopatch_full_ingestion\tiffs\Case-48-P5-C23-32821-29229.tiff,130524,860a9664f98e68bcf52c605922b3efffa328842bc4a41ebe26e165e2dedcbf87,6f2a4185d5ea85625a72465ba1c382ffb938408e54e881a18b934cb57e47cda2,fec087b234346ccd,0c50800c28080844,TIFF,TIFF-LE,1024,1024,RGB,3,8,True,185.212815284729,44.83677725070654,0.3375577926635742,2.86102294921875e-06,5.338484229233746,,False,False,False,False,False,False,PASS,True,
Case-48-P5-C23-33786-5204,Case-48-P5-C23-33786-5204,Case 48 - P5 C23-33786-5204,http://pathdb.cancerimagingarchive.net/system/files/wsi/ross/Osteosarcoma-UT/converted/Osteosarcoma-UT/Training-Set-2/set10/Case-48-P5-C23-33786-5204.tiff,Case-48,Viable,VIABLE_TUMOR,TRUE,False,RETRIEVED,200,C:\Users\enkso\.kiro\crew\scratch\runtime-0a306834\osteopatch_full_ingestion\tiffs\Case-48-P5-C23-33786-5204.tiff,319906,b94469a4727256205f0e41d0dd12b12e901e33f0abc8d61811ead17aff1b34db,1483d84eef27b7582d97c2595f7b6c88c5a209908397e08d4a7097cf66f1a360,d4d4d4d6c7ca0a8b,04049d4e4c2415a6,TIFF,TIFF-LE,1024,1024,RGB,3,8,True,195.80091285705566,36.51448311239191,0.1991100311279297,0.0,6.750912775836781,,False,False,False,False,False,False,PASS,True,
Case-48-P5-C23-34632-9865,Case-48-P5-C23-34632-9865,Case 48 - P5 C23-34632-9865,http://pathdb.cancerimagingarchive.net/system/files/wsi/ross/Osteosarcoma-UT/converted/Osteosarcoma-UT/Training-Set-2/set10/Case-48-P5-C23-34632-9865.tiff,Case-48,viable: non-viable,,FALSE,True,RETRIEVED,200,C:\Users\enkso\.kiro\crew\scratch\runtime-0a306834\osteopatch_full_ingestion\tiffs\Case-48-P5-C23-34632-9865.tiff,405760,9373466574b41d3231409743cf6d1fe8f8d8191693be54a1dc50afff0e39d74c,2b2c0b1177a81d63d8e03e673fe2eee410a7c3e1caf47cfccdb966e46e1a90cd,d416ea49a98d54de,972c240e69f05206,TIFF,TIFF-LE,1024,1024,RGB,3,8,True,188.33963871002197,55.70817051352149,0.34549522399902344,9.5367431640625e-07,7.07306013954884,,False,False,False,False,False,False,PASS,False,MIXED_VIABLE_NECROTIC (policy: never eligible)
Case-48-P5-C23-34741-19829,Case-48-P5-C23-34741-19829,Case 48 - P5 C23-34741-19829,http://pathdb.cancerimagingarchive.net/system/files/wsi/ross/Osteosarcoma-UT/converted/Osteosarcoma-UT/Training-Set-2/set10/Case-48-P5-C23-34741-19829.tiff,Case-48,Viable,VIABLE_TUMOR,TRUE,False,RETRIEVED,200,C:\Users\enkso\.kiro\crew\scratch\runtime-0a306834\osteopatch_full_ingestion\tiffs\Case-48-P5-C23-34741-19829.tiff,212008,7e31c8b1795f67431ae379e07c0c38e3585e86c6926b5e808471a257c0dcd550,4e92611bbc37e9dfcdd75164acd2d12ebd611b78d71c1f911431ee81cf806b2b,8fd7f0143ca21e78,7452676e666fc717,TIFF,TIFF-LE,1024,1024,RGB,3,8,True,204.33831787109375,46.658922869379666,0.4469757080078125,0.0,6.064035886011726,,False,False,False,False,False,False,PASS,True,
Case-48-P5-C23-36139-19852,Case-48-P5-C23-36139-19852,Case 48 - P5 C23-36139-19852,http://pathdb.cancerimagingarchive.net/system/files/wsi/ross/Osteosarcoma-UT/converted/Osteosarcoma-UT/Training-Set-1/set9/Case-48-P5-C23-36139-19852.tiff,Case-48,Viable,VIABLE_TUMOR,TRUE,False,RETRIEVED,200,C:\Users\enkso\.kiro\crew\scratch\runtime-0a306834\osteopatch_full_ingestion\tiffs\Case-48-P5-C23-36139-19852.tiff,270904,c9816b986ed092cbeeb49de0154522b3c2150143c05bca1aafc6b90219ca32d8,08dfa92777f8b895c845921b47129a738e3a26e854c034f3a885ca345b086cd0,eec05e7c600791de,27a3c38f2733335f,TIFF,TIFF-LE,1024,1024,RGB,3,8,True,206.96300315856934,48.94915177488568,0.5230684280395508,3.147125244140625e-05,5.884162718577176,,False,False,False,False,False,False,PASS,True,
Case-48-P5-C23-36214-9904,Case-48-P5-C23-36214-9904,Case 48 - P5 C23-36214-9904,http://pathdb.cancerimagingarchive.net/system/files/wsi/ross/Osteosarcoma-UT/converted/Osteosarcoma-UT/Training-Set-1/set9/Case-48-P5-C23-36214-9904.tiff,Case-48,Viable,VIABLE_TUMOR,TRUE,False,RETRIEVED,200,C:\Users\enkso\.kiro\crew\scratch\runtime-0a306834\osteopatch_full_ingestion\tiffs\Case-48-P5-C23-36214-9904.tiff,369598,f7ed71adc0eaa6918afcc1efd109b6914b602a0eea95fd1a84321cc8a365cfa2,51d6d6a176a2d5c42f1380edd08c67972ae582da4b5953995c72374a088be1e0,cf07be9cfcdc1800,654a4a6045762649,TIFF,TIFF-LE,1024,1024,RGB,3,8,True,182.86961364746094,51.19199124874654,0.26301002502441406,0.0,7.171460538690852,,False,False,False,False,False,False,PASS,True,
Case-48-P5-C23-37489-18137,Case-48-P5-C23-37489-18137,Case 48 - P5 C23-37489-18137,http://pathdb.cancerimagingarchive.net/system/files/wsi/ross/Osteosarcoma-UT/converted/Osteosarcoma-UT/Training-Set-1/set9/Case-48-P5-C23-37489-18137.tiff,Case-48,Viable,VIABLE_TUMOR,TRUE,False,RETRIEVED,200,C:\Users\enkso\.kiro\crew\scratch\runtime-0a306834\osteopatch_full_ingestion\tiffs\Case-48-P5-C23-37489-18137.tiff,215706,cfe8d4346e417f1e72519d4d428793c8a71c978c0fbe2368bf6b4e7c02cc133c,8bdcad35d7c447a6460b3523fc404b9dacf2af5b8170c98b4e01e2d44c327f0e,da536d0f64c524ad,50d9b8fc746971a7,TIFF,TIFF-LE,1024,1024,RGB,3,8,True,206.8496913909912,39.69034507177765,0.4144287109375,0.0,5.98600143753024,,False,False,False,False,False,False,PASS,True,
Case-48-P5-C23-37654-23879,Case-48-P5-C23-37654-23879,Case 48 - P5 C23-37654-23879,http://pathdb.cancerimagingarchive.net/system/files/wsi/ross/Osteosarcoma-UT/converted/Osteosarcoma-UT/Training-Set-1/set9/Case-48-P5-C23-37654-23879.tiff,Case-48,Viable,VIABLE_TUMOR,TRUE,False,RETRIEVED,200,C:\Users\enkso\.kiro\crew\scratch\runtime-0a306834\osteopatch_full_ingestion\tiffs\Case-48-P5-C23-37654-23879.tiff,266488,3b33697a016439f87df206b85c445a19381f95f1a0feebd5d050deb72216ac46,48837ac65b69e43ea5b50f386d196f3562e10b2d0f4afb5bfe0e731923b75e5c,b1af68935aa46a65,b35e96bc58dc9617,TIFF,TIFF-LE,1024,1024,RGB,3,8,True,201.1678981781006,47.64089893530452,0.4509000778198242,0.0,6.086036069374546,,False,False,False,False,False,False,PASS,True,
Case-48-P5-C23-40661-11039,Case-48-P5-C23-40661-11039,Case 48 - P5 C23-40661-11039,http://pathdb.cancerimagingarchive.net/system/files/wsi/ross/Osteosarcoma-UT/converted/Osteosarcoma-UT/Training-Set-1/set9/Case-48-P5-C23-40661-11039.tiff,Case-48,Non-Tumor,NON_TUMOR,TRUE,False,RETRIEVED,200,C:\Users\enkso\.kiro\crew\scratch\runtime-0a306834\osteopatch_full_ingestion\tiffs\Case-48-P5-C23-40661-11039.tiff,271354,b4d0e2f3f5d879baaa5d5266536712214106a0bf0fc50fcffae3e7a850b65440,1415ee00fb71132dd4b947ab515555729972bf75683a267c0fe50e359daabdd5,975ada2eb2c8238e,31786ccc66e6f271,TIFF,TIFF-LE,1024,1024,RGB,3,8,True,183.20504188537598,54.308925862983486,0.29401683807373047,1.71661376953125e-05,6.841447179473764,,False,False,False,False,False,False,PASS,True,
Case-48-P5-C23-45260-15418,Case-48-P5-C23-45260-15418,Case 48 - P5 C23-45260-15418,http://pathdb.cancerimagingarchive.net/system/files/wsi/ross/Osteosarcoma-UT/converted/Osteosarcoma-UT/Training-Set-1/set9/Case-48-P5-C23-45260-15418.tiff,Case-48,Viable,VIABLE_TUMOR,TRUE,False,RETRIEVED,200,C:\Users\enkso\.kiro\crew\scratch\runtime-0a306834\osteopatch_full_ingestion\tiffs\Case-48-P5-C23-45260-15418.tiff,279536,f59e5b28cb05d872acf5ed49622f529667dccee39f99131c015e5c415fe8bf30,3849bb1fb706dbb596bade975e60f5f0547b128f95501a7656be62dfeb108af1,f30cc0f1bd8de550,8f4c641d0c8cd9c9,TIFF,TIFF-LE,1024,1024,RGB,3,8,True,196.4561824798584,42.41944729102993,0.32221031188964844,0.0,6.53854309857902,,False,False,False,False,False,False,PASS,True,
Case-48-P5-C23-46530-30085,Case-48-P5-C23-46530-30085,Case 48 - P5 C23-46530-30085,http://pathdb.cancerimagingarchive.net/system/files/wsi/ross/Osteosarcoma-UT/converted/Osteosarcoma-UT/Training-Set-1/set9/Case-48-P5-C23-46530-30085.tiff,Case-48,Non-Tumor,NON_TUMOR,TRUE,False,RETRIEVED,200,C:\Users\enkso\.kiro\crew\scratch\runtime-0a306834\osteopatch_full_ingestion\tiffs\Case-48-P5-C23-46530-30085.tiff,166996,406d05c908c2251da23ff38e9f50843d70f124d0dc8c8c782939e0f5e6499f59,f94ae0d24d86fa46b7276d15a643a56dec51419c3adcce19eda8c07fa99da51a,d32c4c4323cb9e5b,cd3438ce5c112008,TIFF,TIFF-LE,1024,1024,RGB,3,8,True,213.1654920578003,47.457197932079126,0.6571626663208008,3.814697265625e-06,4.513547086112994,,False,False,False,False,False,False,PASS,True,
Case-48-P5-C23-46857-10945,Case-48-P5-C23-46857-10945,Case 48 - P5 C23-46857-10945,http://pathdb.cancerimagingarchive.net/system/files/wsi/ross/Osteosarcoma-UT/converted/Osteosarcoma-UT/Training-Set-1/set9/Case-48-P5-C23-46857-10945.tiff,Case-48,Non-Tumor,NON_TUMOR,TRUE,False,RETRIEVED,200,C:\Users\enkso\.kiro\crew\scratch\runtime-0a306834\osteopatch_full_ingestion\tiffs\Case-48-P5-C23-46857-10945.tiff,155490,0122cb7f1619d9b07e1d3fb01bc279057c9cc7a4b78b8af094d71c2e79280439,a81dade80715f6a52be99d5f435850c70e416e8a5d0ca2bde132c2d9995c30cd,b13d0ec963613bd8,33333d9e9c94e4ec,TIFF,TIFF-LE,1024,1024,RGB,3,8,True,203.66796970367432,53.60326410631745,0.601715087890625,0.0,4.65916999029273,,False,False,False,False,False,False,PASS,True,
Case-48-P5-C23-47339-30578,Case-48-P5-C23-47339-30578,Case 48 - P5 C23-47339-30578,http://pathdb.cancerimagingarchive.net/system/files/wsi/ross/Osteosarcoma-UT/converted/Osteosarcoma-UT/Training-Set-1/set9/Case-48-P5-C23-47339-30578.tiff,Case-48,Non-Tumor,NON_TUMOR,TRUE,False,RETRIEVED,200,C:\Users\enkso\.kiro\crew\scratch\runtime-0a306834\osteopatch_full_ingestion\tiffs\Case-48-P5-C23-47339-30578.tiff,174288,eded6ffa41bd833bbc3cb63562dd15d3f133c4715ecb135f3a5f5d976956262a,a15b3bb6a975d261dc95f34e88405295a26a41792300242f07551ef962e25deb,dd54b2f0d95992c2,94a474322a940200,TIFF,TIFF-LE,1024,1024,RGB,3,8,True,210.35121536254883,51.34440966034263,0.6576766967773438,1.9073486328125e-06,4.333917350257844,,False,False,False,False,False,False,PASS,True,
Case-48-P5-C23-47543-18036,Case-48-P5-C23-47543-18036,Case 48 - P5 C23-47543-18036,http://pathdb.cancerimagingarchive.net/system/files/wsi/ross/Osteosarcoma-UT/converted/Osteosarcoma-UT/Training-Set-1/set9/Case-48-P5-C23-47543-18036.tiff,Case-48,Viable,VIABLE_TUMOR,TRUE,False,RETRIEVED,200,C:\Users\enkso\.kiro\crew\scratch\runtime-0a306834\osteopatch_full_ingestion\tiffs\Case-48-P5-C23-47543-18036.tiff,272434,b1eb885bcfe8a08e316a49b104a931337b04e8817d435b9184e2db0dc1e4f2ef,4ef36f0660a845ed67edeebc873813c893bdb56419aa107e22096944bc2aa73d,fe245aa891522b7d,981661cc16130d1c,TIFF,TIFF-LE,1024,1024,RGB,3,8,True,180.9275541305542,48.61833278232805,0.27658843994140625,2.86102294921875e-06,6.742641407574679,,False,False,False,False,False,False,PASS,True,
Case-48-P5-C23-49586-9920,Case-48-P5-C23-49586-9920,Case 48 - P5 C23-49586-9920,http://pathdb.cancerimagingarchive.net/system/files/wsi/ross/Osteosarcoma-UT/converted/Osteosarcoma-UT/Training-Set-1/set9/Case-48-P5-C23-49586-9920.tiff,Case-48,Viable,VIABLE_TUMOR,TRUE,False,RETRIEVED,200,C:\Users\enkso\.kiro\crew\scratch\runtime-0a306834\osteopatch_full_ingestion\tiffs\Case-48-P5-C23-49586-9920.tiff,282380,d4f2716878c8e72aabdd69cf020f227098ecf98da6858150c49bf12cfba34cb6,28a8bc2516d6b04371038be16d46e5b0a9cace9f27ce5c05b39a7666019d0d97,c17d2416123bbdce,0cc6d209a48ae9c5,TIFF,TIFF-LE,1024,1024,RGB,3,8,True,178.7265338897705,42.28106093486788,0.16562938690185547,0.0,7.074524985544171,,False,False,False,False,False,False,PASS,True,
Case-48-P5-C23-54011-19464,Case-48-P5-C23-54011-19464,Case 48 - P5 C23-54011-19464,http://pathdb.cancerimagingarchive.net/system/files/wsi/ross/Osteosarcoma-UT/converted/Osteosarcoma-UT/Training-Set-1/set9/Case-48-P5-C23-54011-19464.tiff,Case-48,Viable,VIABLE_TUMOR,TRUE,False,RETRIEVED,200,C:\Users\enkso\.kiro\crew\scratch\runtime-0a306834\osteopatch_full_ingestion\tiffs\Case-48-P5-C23-54011-19464.tiff,295882,0a012d433fa61a3aa18afce5afbcbd265e68423ed1eee0f48db140791719f0ed,96e59f1a20d477c9be5ae8f35f7f3ea0cc54a2b84e4dd5a5d03568c2325ff9b2,d269ae2aa351b51d,4b2590082d448cac,TIFF,TIFF-LE,1024,1024,RGB,3,8,True,179.73880577087402,33.97379464996056,0.11156749725341797,0.0,6.858367333086516,,False,False,False,False,False,False,PASS,True,
Case-48-P5-C24-12193-15641,Case-48-P5-C24-12193-15641,Case 48 - P5 C24-12193-15641,http://pathdb.cancerimagingarchive.net/system/files/wsi/ross/Osteosarcoma-UT/converted/Osteosarcoma-UT/Training-Set-2/set10/Case-48-P5-C24-12193-15641.tiff,Case-48,Non-Tumor,NON_TUMOR,TRUE,False,RETRIEVED,200,C:\Users\enkso\.kiro\crew\scratch\runtime-0a306834\osteopatch_full_ingestion\tiffs\Case-48-P5-C24-12193-15641.tiff,127462,bd4a07fc44cd3aface582ecb72484a48eb4e50f8f940ac196251712235ae19fb,d5320e7fce6298b82926dd7a6b7fe4b642b58ba8d925260494372da367f4cb62,d79d2a4a136559a3,55859a4cd823478f,TIFF,TIFF-LE,1024,1024,RGB,3,8,True,216.4507474899292,45.887788225546565,0.6986474990844727,9.5367431640625e-07,4.16620041100132,,False,False,False,False,False,False,PASS,True,
Case-48-P5-C24-15473-17927,Case-48-P5-C24-15473-17927,Case 48 - P5 C24-15473-17927,http://pathdb.cancerimagingarchive.net/system/files/wsi/ross/Osteosarcoma-UT/converted/Osteosarcoma-UT/Training-Set-2/set10/Case-48-P5-C24-15473-17927.tiff,Case-48,Non-Tumor,NON_TUMOR,TRUE,False,RETRIEVED,200,C:\Users\enkso\.kiro\crew\scratch\runtime-0a306834\osteopatch_full_ingestion\tiffs\Case-48-P5-C24-15473-17927.tiff,252390,24aed7600741fa72ddedbda8abf028c53d1f49aaf82b4ddc98cc67f3eff3bc7b,f44d3e1897d61b1bebe9e9531cdb74accbf2b87f98505d9778b59535ac39e039,8f784f90a7d8538c,53c60c1be6d83364,TIFF,TIFF-LE,1024,1024,RGB,3,8,True,165.51297569274902,33.13526753709054,0.1113748550415039,0.0,6.289693803660458,,False,False,False,False,False,False,PASS,True,
Case-48-P5-C24-17000-3955,Case-48-P5-C24-17000-3955,Case 48 - P5 C24-17000-3955,http://pathdb.cancerimagingarchive.net/system/files/wsi/ross/Osteosarcoma-UT/converted/Osteosarcoma-UT/Training-Set-2/set10/Case-48-P5-C24-17000-3955.tiff,Case-48,Non-Tumor,NON_TUMOR,TRUE,False,RETRIEVED,200,C:\Users\enkso\.kiro\crew\scratch\runtime-0a306834\osteopatch_full_ingestion\tiffs\Case-48-P5-C24-17000-3955.tiff,199720,65fa8fa0a75c93f1a1f8eae420bb7f614b60a59f717e82d292d87fb1a8e86bb0,afa9394f4595f653f03bf3657de9abe53b86b6dce3dbae4e29dad53a295b0d0f,bb76f0c680cfc00f,9e1e2b5955cb7396,TIFF,TIFF-LE,1024,1024,RGB,3,8,True,209.3762903213501,63.790181175307396,0.7149085998535156,0.0005788803100585938,4.16190687883402,,False,False,False,False,False,False,PASS,True,
Case-48-P5-C24-21560-34143,Case-48-P5-C24-21560-34143,Case 48 - P5 C24-21560-34143,http://pathdb.cancerimagingarchive.net/system/files/wsi/ross/Osteosarcoma-UT/converted/Osteosarcoma-UT/Training-Set-2/set10/Case-48-P5-C24-21560-34143.tiff,Case-48,Non-Tumor,NON_TUMOR,TRUE,False,RETRIEVED,200,C:\Users\enkso\.kiro\crew\scratch\runtime-0a306834\osteopatch_full_ingestion\tiffs\Case-48-P5-C24-21560-34143.tiff,154778,35a41e6ac224f438571b05d583a7697d536703379740842e12eed1ce7f5e8b10,e55e789bd631a588b35fdd4056faf2f7713dd18fbaf23814794e037ccb177874,cba6dc92b4cd9815,082942c38dd9f310,TIFF,TIFF-LE,1024,1024,RGB,3,8,True,212.42321014404297,55.263148757388095,0.7092342376708984,0.00020122528076171875,4.393442428198883,,False,False,False,False,False,False,PASS,True,
Case-48-P5-C24-21763-16611,Case-48-P5-C24-21763-16611,Case 48 - P5 C24-21763-16611,http://pathdb.cancerimagingarchive.net/system/files/wsi/ross/Osteosarcoma-UT/converted/Osteosarcoma-UT/Training-Set-2/set10/Case-48-P5-C24-21763-16611.tiff,Case-48,Non-Tumor,NON_TUMOR,TRUE,False,RETRIEVED,200,C:\Users\enkso\.kiro\crew\scratch\runtime-0a306834\osteopatch_full_ingestion\tiffs\Case-48-P5-C24-21763-16611.tiff,250406,b45fd985e2fc7869a31f837e03e836d76237065c356a318565842684405983d9,e1bd024670ad20a5a23c5909d7450d8ebc3c2925a38a34dac9adcdf7dc5568bb,f40cfd033ff020f8,2a65b71d66cc8d28,TIFF,TIFF-LE,1024,1024,RGB,3,8,True,169.64605045318604,40.63022933289829,0.17864322662353516,1.9073486328125e-06,6.341548492786486,,False,False,False,False,False,False,PASS,True,
Case-48-P5-C24-21815-17299,Case-48-P5-C24-21815-17299,Case 48 - P5 C24-21815-17299,http://pathdb.cancerimagingarchive.net/system/files/wsi/ross/Osteosarcoma-UT/converted/Osteosarcoma-UT/Training-Set-2/set10/Case-48-P5-C24-21815-17299.tiff,Case-48,Non-Tumor,NON_TUMOR,TRUE,False,RETRIEVED,200,C:\Users\enkso\.kiro\crew\scratch\runtime-0a306834\osteopatch_full_ingestion\tiffs\Case-48-P5-C24-21815-17299.tiff,258344,59bd7a12b262efc1afda9a77e5a7e1f8bf2cbde8d5a5d232218693d06489b833,759b0f21e3d3357a994e2c42284cd3b57eb84c0bf887caa7098d93a0ea633829,fbfbf1e1a3020107,9d08112d58d0c100,TIFF,TIFF-LE,1024,1024,RGB,3,8,True,164.66107559204102,27.125926486818337,0.06724262237548828,9.5367431640625e-07,6.153336157681687,,False,False,False,False,False,False,PASS,True,
Case-48-P5-C24-24437-18106,Case-48-P5-C24-24437-18106,Case 48 - P5 C24-24437-18106,http://pathdb.cancerimagingarchive.net/system/files/wsi/ross/Osteosarcoma-UT/converted/Osteosarcoma-UT/Training-Set-1/set9/Case-48-P5-C24-24437-18106.tiff,Case-48,Non-Tumor,NON_TUMOR,TRUE,False,RETRIEVED,200,C:\Users\enkso\.kiro\crew\scratch\runtime-0a306834\osteopatch_full_ingestion\tiffs\Case-48-P5-C24-24437-18106.tiff,243156,c8cf8f63ae044d348a5f1f75f592e105f73318bb5a9ea540bf62ce9e09fc86f9,1139e6f1a522f31bc7859e0b74fbecdcc642b6107eacc6bced8e3e54a84c8e98,f0af3867e08fc80b,071d73e400811abc,TIFF,TIFF-LE,1024,1024,RGB,3,8,True,152.4457139968872,15.76637040606781,0.0048980712890625,0.0,5.86064086142565,,False,False,False,False,False,False,PASS,True,
Case-48-P5-C24-26818-12582,Case-48-P5-C24-26818-12582,Case 48 - P5 C24-26818-12582,http://pathdb.cancerimagingarchive.net/system/files/wsi/ross/Osteosarcoma-UT/converted/Osteosarcoma-UT/Training-Set-1/set9/Case-48-P5-C24-26818-12582.tiff,Case-48,Non-Tumor,NON_TUMOR,TRUE,False,RETRIEVED,200,C:\Users\enkso\.kiro\crew\scratch\runtime-0a306834\osteopatch_full_ingestion\tiffs\Case-48-P5-C24-26818-12582.tiff,303608,45c39370759e614f0e120bf7154f57e6df82302cee9b4b6d61744f43c1af2a28,c85a8117500fb24f4d19e5e3b97a476502dd9acd475adcceb3b3c8aedde36f6b,df26948c7ccd4ea0,6449693230e0c0b0,TIFF,TIFF-LE,1024,1024,RGB,3,8,True,151.5792531967163,20.086900028690273,0.0046443939208984375,0.0,6.296004654942222,,False,False,False,False,False,False,PASS,True,
Case-48-P5-C24-27048-31771,Case-48-P5-C24-27048-31771,Case 48 - P5 C24-27048-31771,http://pathdb.cancerimagingarchive.net/system/files/wsi/ross/Osteosarcoma-UT/converted/Osteosarcoma-UT/Training-Set-1/set9/Case-48-P5-C24-27048-31771.tiff,Case-48,Non-Tumor,NON_TUMOR,TRUE,False,RETRIEVED,200,C:\Users\enkso\.kiro\crew\scratch\runtime-0a306834\osteopatch_full_ingestion\tiffs\Case-48-P5-C24-27048-31771.tiff,161432,ac5ea8fd29f52d0d6e0c49205c5ebf5eb807bba710d1ef06ee0a26dc38350527,0c55feecdc64dd43eb6572ded67ba4f56bcf659ed83ad314fec6a66dfe02645b,e6e0b9235e9097b8,939616a4a56c2960,TIFF,TIFF-LE,1024,1024,RGB,3,8,True,223.19284915924072,51.07965398919915,0.7946987152099609,0.000152587890625,3.776503113222868,,False,False,False,False,False,False,PASS,True,
Case-48-P5-C24-27657-16224,Case-48-P5-C24-27657-16224,Case 48 - P5 C24-27657-16224,http://pathdb.cancerimagingarchive.net/system/files/wsi/ross/Osteosarcoma-UT/converted/Osteosarcoma-UT/Training-Set-1/set9/Case-48-P5-C24-27657-16224.tiff,Case-48,Non-Tumor,NON_TUMOR,TRUE,False,RETRIEVED,200,C:\Users\enkso\.kiro\crew\scratch\runtime-0a306834\osteopatch_full_ingestion\tiffs\Case-48-P5-C24-27657-16224.tiff,216262,6f00492a06887869d102f04166579e3a3c9521bfdd355c3be164d205ce5f31c4,ca636f59fbc1cef3c0cf5ac9b6d87ce7525f5cd93aa206d48416b2e6379ab74a,b34e98a1cf1831e7,8cd3ce71c79c3bda,TIFF,TIFF-LE,1024,1024,RGB,3,8,True,169.55777549743652,52.26733320693034,0.2921171188354492,0.00011348724365234375,5.948857989261915,,False,False,False,False,False,False,PASS,True,
Case-48-P5-C24-29276-10680,Case-48-P5-C24-29276-10680,Case 48 - P5 C24-29276-10680,http://pathdb.cancerimagingarchive.net/system/files/wsi/ross/Osteosarcoma-UT/converted/Osteosarcoma-UT/Training-Set-1/set9/Case-48-P5-C24-29276-10680.tiff,Case-48,Non-Tumor,NON_TUMOR,TRUE,False,RETRIEVED,200,C:\Users\enkso\.kiro\crew\scratch\runtime-0a306834\osteopatch_full_ingestion\tiffs\Case-48-P5-C24-29276-10680.tiff,291552,40c98023237fb5fd89c34327d057ce291da9c6f59fecf7305413438b206d20e7,586bfc47d2df95b01b8bd6dd10dc3b026e1430b50dd024662658f37cf08288d5,ff00ff081cf001f7,a966df9367cf373a,TIFF,TIFF-LE,1024,1024,RGB,3,8,True,147.61851596832275,33.36130013429016,0.06462764739990234,3.814697265625e-06,6.56754942971691,,False,False,False,False,False,False,PASS,True,
Case-48-P5-C24-30259-11826,Case-48-P5-C24-30259-11826,Case 48 - P5 C24-30259-11826,http://pathdb.cancerimagingarchive.net/system/files/wsi/ross/Osteosarcoma-UT/converted/Osteosarcoma-UT/Training-Set-1/set9/Case-48-P5-C24-30259-11826.tiff,Case-48,Non-Tumor,NON_TUMOR,TRUE,False,RETRIEVED,200,C:\Users\enkso\.kiro\crew\scratch\runtime-0a306834\osteopatch_full_ingestion\tiffs\Case-48-P5-C24-30259-11826.tiff,293862,33a836948a5e470cd8ba01e350fcee825240f60ef62c8fc6a961216492e2ee57,8432a31d4d7c5b385510784523105e631a758278c50a80d6e22ddee5c8d5ce94,b8fe6c9102041fdf,9536649c3958b6be,TIFF,TIFF-LE,1024,1024,RGB,3,8,True,147.75654411315918,29.351100079819684,0.0393829345703125,4.76837158203125e-06,6.555232998028594,,False,False,False,False,False,False,PASS,True,
Case-48-P5-C24-37333-35425,Case-48-P5-C24-37333-35425,Case 48 - P5 C24-37333-35425,http://pathdb.cancerimagingarchive.net/system/files/wsi/ross/Osteosarcoma-UT/converted/Osteosarcoma-UT/Training-Set-1/set9/Case-48-P5-C24-37333-35425.tiff,Case-48,Non-Tumor,NON_TUMOR,TRUE,False,RETRIEVED,200,C:\Users\enkso\.kiro\crew\scratch\runtime-0a306834\osteopatch_full_ingestion\tiffs\Case-48-P5-C24-37333-35425.tiff,218522,d3fea7f941bc7cdb547fb3eb5aa96c912d9505bbb353b52c2d87c3c5540b8446,2ff851333a9507565b9befbbc50f99d26b5ea5d4ee17a86c9a029fb554b79fe8,e855a847a943bf0b,94b44c99b3668593,TIFF,TIFF-LE,1024,1024,RGB,3,8,True,153.461820602417,26.389723397518594,0.05401134490966797,0.0,6.017494105126376,,False,False,False,False,False,False,PASS,True,
Case-48-P5-C24-38091-32786,Case-48-P5-C24-38091-32786,Case 48 - P5 C24-38091-32786,http://pathdb.cancerimagingarchive.net/system/files/wsi/ross/Osteosarcoma-UT/converted/Osteosarcoma-UT/Training-Set-1/set9/Case-48-P5-C24-38091-32786.tiff,Case-48,Non-Tumor,NON_TUMOR,TRUE,False,RETRIEVED,200,C:\Users\enkso\.kiro\crew\scratch\runtime-0a306834\osteopatch_full_ingestion\tiffs\Case-48-P5-C24-38091-32786.tiff,230386,7df9fbdea6265ad379352b4e62400a27d7104ef84be48f71d6f200254de0749b,3c75c9822f3eb05ff7cb446f25be672c640060466b0c8236b6f5ac864e9e190b,b5851dbde1073ce0,36f4a3ca9333bd1a,TIFF,TIFF-LE,1024,1024,RGB,3,8,True,161.86932849884033,29.077229407973668,0.07802677154541016,0.0,6.182020554922316,,False,False,False,False,False,False,PASS,True,
Case-48-P5-C24-39421-35791,Case-48-P5-C24-39421-35791,Case 48 - P5 C24-39421-35791,http://pathdb.cancerimagingarchive.net/system/files/wsi/ross/Osteosarcoma-UT/converted/Osteosarcoma-UT/Training-Set-1/set9/Case-48-P5-C24-39421-35791.tiff,Case-48,Non-Tumor,NON_TUMOR,TRUE,False,RETRIEVED,200,C:\Users\enkso\.kiro\crew\scratch\runtime-0a306834\osteopatch_full_ingestion\tiffs\Case-48-P5-C24-39421-35791.tiff,152132,20053873a5683e6e813bcc542f58aa7c32c9aee27a8c5795889ca591d7e20964,297442cf687720bdf4397688b2dc84ee4141af671591ba9d22e018d4a183ddd2,86131e7c3121e6bf,7d7beedd38667670,TIFF,TIFF-LE,1024,1024,RGB,3,8,True,224.57190608978271,37.84956536128812,0.727351188659668,3.147125244140625e-05,3.695444414886567,,False,False,False,False,False,False,PASS,True,
Case-48-P5-C24-39614-21477,Case-48-P5-C24-39614-21477,Case 48 - P5 C24-39614-21477,http://pathdb.cancerimagingarchive.net/system/files/wsi/ross/Osteosarcoma-UT/converted/Osteosarcoma-UT/Training-Set-1/set9/Case-48-P5-C24-39614-21477.tiff,Case-48,Non-Tumor,NON_TUMOR,TRUE,False,RETRIEVED,200,C:\Users\enkso\.kiro\crew\scratch\runtime-0a306834\osteopatch_full_ingestion\tiffs\Case-48-P5-C24-39614-21477.tiff,128076,4cd5bb8c8775a8dbdb88b8da9a630478fe584527bdbdf3adab8c80b25378ff14,3bf0f68bcbe7824e4efba2ee3fb4d4d54b1114eb7d0c2c2cb39bb812a3a429bd,f3b233608e644cbd,4d9c5ab433c30b33,TIFF,TIFF-LE,1024,1024,RGB,3,8,True,207.5903081893921,49.38679719110594,0.6155710220336914,9.5367431640625e-07,4.7228175743244725,,False,False,False,False,False,False,PASS,True,
Case-48-P5-C24-40142-14331,Case-48-P5-C24-40142-14331,Case 48 - P5 C24-40142-14331,http://pathdb.cancerimagingarchive.net/system/files/wsi/ross/Osteosarcoma-UT/converted/Osteosarcoma-UT/Training-Set-1/set9/Case-48-P5-C24-40142-14331.tiff,Case-48,Non-Tumor,NON_TUMOR,TRUE,False,RETRIEVED,200,C:\Users\enkso\.kiro\crew\scratch\runtime-0a306834\osteopatch_full_ingestion\tiffs\Case-48-P5-C24-40142-14331.tiff,66890,43d9bb29fcb47a0e0f224914675c4b7893a70b1cdbc0288d1d0b3a445e741ffe,5dd7933ad7847a36edb8e5e6b8b63475ebdaeb781f16ef91c41b9844fc58e946,cdad5929ac54a956,12121607160a4804,TIFF,TIFF-LE,1024,1024,RGB,3,8,True,237.66946125030518,28.82789577687919,0.9397754669189453,6.4849853515625e-05,1.58015285878345,NEAR_BLANK;LOW_INFORMATION,False,False,False,False,False,True,REVIEW,False,image QC status REVIEW
Case-48-P5-C24-44425-22814,Case-48-P5-C24-44425-22814,Case 48 - P5 C24-44425-22814,http://pathdb.cancerimagingarchive.net/system/files/wsi/ross/Osteosarcoma-UT/converted/Osteosarcoma-UT/Training-Set-1/set9/Case-48-P5-C24-44425-22814.tiff,Case-48,Non-Tumor,NON_TUMOR,TRUE,False,RETRIEVED,200,C:\Users\enkso\.kiro\crew\scratch\runtime-0a306834\osteopatch_full_ingestion\tiffs\Case-48-P5-C24-44425-22814.tiff,257454,2c5b3a89d77348d9d538d83be49de28808bb1f325ea6873939ef44478cbd4dab,941afeec4fd01a4b5c39de678b9cf8a0acac773393a5e376f5e2e1445e80159c,b3a7286a5ad294e5,8947ce8c13508581,TIFF,TIFF-LE,1024,1024,RGB,3,8,True,161.46670532226562,35.11916074193477,0.11427593231201172,9.5367431640625e-07,6.397482697327781,,False,False,False,False,False,False,PASS,True,
Case-48-P5-C24-45358-16505,Case-48-P5-C24-45358-16505,Case 48 - P5 C24-45358-16505,http://pathdb.cancerimagingarchive.net/system/files/wsi/ross/Osteosarcoma-UT/converted/Osteosarcoma-UT/Training-Set-1/set9/Case-48-P5-C24-45358-16505.tiff,Case-48,Non-Tumor,NON_TUMOR,TRUE,False,RETRIEVED,200,C:\Users\enkso\.kiro\crew\scratch\runtime-0a306834\osteopatch_full_ingestion\tiffs\Case-48-P5-C24-45358-16505.tiff,102358,b2fb03f75733bd50360b9aa16e5df006c723ae14ccc1ecc08e3cd228931280f3,13fc37d30691662280407f45f395927ea43e795c817571d8f5d82758ce835662,b7c8d026191fcc76,908874584d4d4c18,TIFF,TIFF-LE,1024,1024,RGB,3,8,True,208.39474487304688,55.609328243536275,0.6988935470581055,1.9073486328125e-06,3.9499487230086867,,False,False,False,False,False,False,PASS,True,
Case-48-P5-C24-5204-12840,Case-48-P5-C24-5204-12840,Case 48 - P5 C24-5204-12840,http://pathdb.cancerimagingarchive.net/system/files/wsi/ross/Osteosarcoma-UT/converted/Osteosarcoma-UT/Training-Set-2/set10/Case-48-P5-C24-5204-12840.tiff,Case-48,Non-Tumor,NON_TUMOR,TRUE,False,RETRIEVED,200,C:\Users\enkso\.kiro\crew\scratch\runtime-0a306834\osteopatch_full_ingestion\tiffs\Case-48-P5-C24-5204-12840.tiff,46042,3ce11af8e55702a1d31dd562a3ee066b54c8ac730636a9137b58c378e135ebbd,80c5bc4b5f57b8bd1c0531be13fc6032f219e2ea89e0cca4b9b2ce4351824545,d255a5aa5a54b52b,01020404090b0202,TIFF,TIFF-LE,1024,1024,RGB,3,8,True,239.80196285247803,26.28750875475701,0.9461030960083008,2.86102294921875e-06,1.9882411295350015,NEAR_BLANK;LOW_INFORMATION,False,False,False,False,False,True,REVIEW,False,image QC status REVIEW
Case-48-P5-C24-5972-23007,Case-48-P5-C24-5972-23007,Case 48 - P5 C24-5972-23007,http://pathdb.cancerimagingarchive.net/system/files/wsi/ross/Osteosarcoma-UT/converted/Osteosarcoma-UT/Training-Set-2/set10/Case-48-P5-C24-5972-23007.tiff,Case-48,Non-Tumor,NON_TUMOR,TRUE,False,RETRIEVED,200,C:\Users\enkso\.kiro\crew\scratch\runtime-0a306834\osteopatch_full_ingestion\tiffs\Case-48-P5-C24-5972-23007.tiff,241328,f6f984a91bbc1f9d330651d75a55d35cb58050d8ba645f70ea0b693c7cf12184,82076be534003bc87fb68840dbdea0fcd19ca279ab4fd162b599548a16126124,df9f77ede0400103,247c78686a134306,TIFF,TIFF-LE,1024,1024,RGB,3,8,True,152.7349967956543,16.031361955979442,0.005045890808105469,0.0,5.898835007042328,,False,False,False,False,False,False,PASS,True,
Case-48-P5-C24-7958-14175,Case-48-P5-C24-7958-14175,Case 48 - P5 C24-7958-14175,http://pathdb.cancerimagingarchive.net/system/files/wsi/ross/Osteosarcoma-UT/converted/Osteosarcoma-UT/Training-Set-2/set10/Case-48-P5-C24-7958-14175.tiff,Case-48,Non-Tumor,NON_TUMOR,TRUE,False,RETRIEVED,200,C:\Users\enkso\.kiro\crew\scratch\runtime-0a306834\osteopatch_full_ingestion\tiffs\Case-48-P5-C24-7958-14175.tiff,81646,9b2985989498f4eb9cd794f8719c7359f67951199c4712b83c921ea825c3c37c,f7465b9ed7a5f004ee39fd007f586680f670d92b3d1fe77c16a9e564dde491b2,af939d6317950d0a,4a88134ca9433665,TIFF,TIFF-LE,1024,1024,RGB,3,8,True,233.96745491027832,36.804199414597164,0.8950958251953125,7.62939453125e-06,2.7071617837686452,LOW_INFORMATION,False,False,False,False,False,True,REVIEW,False,image QC status REVIEW
Case-48-P5-C24-8126-17022,Case-48-P5-C24-8126-17022,Case 48 - P5 C24-8126-17022,http://pathdb.cancerimagingarchive.net/system/files/wsi/ross/Osteosarcoma-UT/converted/Osteosarcoma-UT/Training-Set-2/set10/Case-48-P5-C24-8126-17022.tiff,Case-48,Non-Tumor,NON_TUMOR,TRUE,False,RETRIEVED,200,C:\Users\enkso\.kiro\crew\scratch\runtime-0a306834\osteopatch_full_ingestion\tiffs\Case-48-P5-C24-8126-17022.tiff,130754,ca14ef2032e41919a6d65069c5762d0aefa5006db178f1fee38f68f5c15d8a8a,092f2eb4beaf7d9dfb694c065dc2d40c076e88f02cb1703107d5e8de58ef1bb0,c24a6b4b5f7f4901,49898161c8d36a4c,TIFF,TIFF-LE,1024,1024,RGB,3,8,True,231.36712551116943,34.30776081438817,0.8189888000488281,9.5367431640625e-07,3.7836825316882634,,False,False,False,False,False,False,PASS,True,
Case-48-P5-C24-9713-21393,Case-48-P5-C24-9713-21393,Case 48 - P5 C24-9713-21393,http://pathdb.cancerimagingarchive.net/system/files/wsi/ross/Osteosarcoma-UT/converted/Osteosarcoma-UT/Training-Set-2/set10/Case-48-P5-C24-9713-21393.tiff,Case-48,Non-Tumor,NON_TUMOR,TRUE,False,RETRIEVED,200,C:\Users\enkso\.kiro\crew\scratch\runtime-0a306834\osteopatch_full_ingestion\tiffs\Case-48-P5-C24-9713-21393.tiff,249488,dfd15ebd91f19a9c919a404f481b0fefed01fc04aa685a3a6f921f7ea90b3e33,3553ba481f9c52deae4e689f93ad501bce25f21fbcbe40fc05368a299a01ae22,8a5457a9b255adaa,f9a923bc293361c1,TIFF,TIFF-LE,1024,1024,RGB,3,8,True,155.23138523101807,24.218932812564585,0.03713226318359375,9.5367431640625e-07,6.183211352926825,,False,False,False,False,False,False,PASS,True,
Case-48-P5-C25-12809-12456,Case-48-P5-C25-12809-12456,Case 48 - P5 C25-12809-12456,http://pathdb.cancerimagingarchive.net/system/files/wsi/ross/Osteosarcoma-UT/converted/Osteosarcoma-UT/Training-Set-2/set10/Case-48-P5-C25-12809-12456.tiff,Case-48,Non-Tumor,NON_TUMOR,TRUE,False,RETRIEVED,200,C:\Users\enkso\.kiro\crew\scratch\runtime-0a306834\osteopatch_full_ingestion\tiffs\Case-48-P5-C25-12809-12456.tiff,136114,d0d8be66c3f5dc34926400babfb4eac4ef9b98c6c4c7934fe468e17b5313c5ae,d5e616efaff008bc11fedaca1e21d9635a5eb95eec66f4d25630c4ab460bb68f,e3986eb18c738f14,65d451d96ecfcf65,TIFF,TIFF-LE,1024,1024,RGB,3,8,True,220.45294666290283,45.34723141972025,0.7367086410522461,2.6702880859375e-05,4.28605403857228,,False,False,False,False,False,False,PASS,True,
Case-48-P5-C25-12843-22806,Case-48-P5-C25-12843-22806,Case 48 - P5 C25-12843-22806,http://pathdb.cancerimagingarchive.net/system/files/wsi/ross/Osteosarcoma-UT/converted/Osteosarcoma-UT/Training-Set-2/set10/Case-48-P5-C25-12843-22806.tiff,Case-48,Non-Tumor,NON_TUMOR,TRUE,False,RETRIEVED,200,C:\Users\enkso\.kiro\crew\scratch\runtime-0a306834\osteopatch_full_ingestion\tiffs\Case-48-P5-C25-12843-22806.tiff,268514,308c66755c4c65b184738691d16c38e3f0e918da40669f19f686da7ff7bdb1a0,a054a52ce0d415b15c398b993fc7f5a88c184463c3629ba677bf103244d4fb43,f8bc040f5bdaf604,3572ac19520c91e3,TIFF,TIFF-LE,1024,1024,RGB,3,8,True,158.51632595062256,28.466824756700863,0.05954265594482422,0.0,6.321567073107737,,False,False,False,False,False,False,PASS,True,
Case-48-P5-C25-14114-21655,Case-48-P5-C25-14114-21655,Case 48 - P5 C25-14114-21655,http://pathdb.cancerimagingarchive.net/system/files/wsi/ross/Osteosarcoma-UT/converted/Osteosarcoma-UT/Training-Set-2/set10/Case-48-P5-C25-14114-21655.tiff,Case-48,Non-Tumor,NON_TUMOR,TRUE,False,RETRIEVED,200,C:\Users\enkso\.kiro\crew\scratch\runtime-0a306834\osteopatch_full_ingestion\tiffs\Case-48-P5-C25-14114-21655.tiff,265136,1c2f61018064561bd46a2e9ea6b3697a8ed70493b8ce07b3523868e65bd931db,82a7e111767ca2400d0b181a06eec3fdf48dacc9d4004987b6fc8fd396304e47,cc61de8c718e3963,470983868cb06418,TIFF,TIFF-LE,1024,1024,RGB,3,8,True,156.914870262146,25.09250060839709,0.041497230529785156,9.5367431640625e-07,6.226591965242078,,False,False,False,False,False,False,PASS,True,
Case-48-P5-C25-17864-19558,Case-48-P5-C25-17864-19558,Case 48 - P5 C25-17864-19558,http://pathdb.cancerimagingarchive.net/system/files/wsi/ross/Osteosarcoma-UT/converted/Osteosarcoma-UT/Training-Set-2/set10/Case-48-P5-C25-17864-19558.tiff,Case-48,Non-Tumor,NON_TUMOR,TRUE,False,RETRIEVED,200,C:\Users\enkso\.kiro\crew\scratch\runtime-0a306834\osteopatch_full_ingestion\tiffs\Case-48-P5-C25-17864-19558.tiff,271462,a2fcb89f954202a7ec931c147a4449d70dea26c1d0286626f8ec7d3e2670667d,8c7dd2c65266efbd9cd77b7dc5de0f83c4a6b40725e3c18a9c5058dde1d39ce5,f8e842c3c91aa7c7,89a3cf31628e38d4,TIFF,TIFF-LE,1024,1024,RGB,3,8,True,157.94892692565918,16.812139537948333,0.005725860595703125,0.0,6.00301671411276,,False,False,False,False,False,False,PASS,True,
Case-48-P5-C25-18486-7532,Case-48-P5-C25-18486-7532,Case 48 - P5 C25-18486-7532,http://pathdb.cancerimagingarchive.net/system/files/wsi/ross/Osteosarcoma-UT/converted/Osteosarcoma-UT/Training-Set-2/set10/Case-48-P5-C25-18486-7532.tiff,Case-48,Non-Tumor,NON_TUMOR,TRUE,False,RETRIEVED,200,C:\Users\enkso\.kiro\crew\scratch\runtime-0a306834\osteopatch_full_ingestion\tiffs\Case-48-P5-C25-18486-7532.tiff,218322,7968ddcf760f0c9aac2ef85d05e693ac4abd7dff6544eaf8764bad09c49ec549,99c3534dfe586d431490b91f243af07b7d55f36672192e81877e505108f09df4,86685bd9d80efcd0,2b4fa6edd65a496c,TIFF,TIFF-LE,1024,1024,RGB,3,8,True,210.33484363555908,60.89504022043607,0.6876821517944336,0.00014781951904296875,4.689354149212418,,False,False,False,False,False,False,PASS,True,
Case-48-P5-C25-20304-11543,Case-48-P5-C25-20304-11543,Case 48 - P5 C25-20304-11543,http://pathdb.cancerimagingarchive.net/system/files/wsi/ross/Osteosarcoma-UT/converted/Osteosarcoma-UT/Training-Set-2/set10/Case-48-P5-C25-20304-11543.tiff,Case-48,Non-Tumor,NON_TUMOR,TRUE,False,RETRIEVED,200,C:\Users\enkso\.kiro\crew\scratch\runtime-0a306834\osteopatch_full_ingestion\tiffs\Case-48-P5-C25-20304-11543.tiff,151496,ab53c1050596df3134681118caa5c9612278347f303d324edf9ce931498cb6e6,7a11fef5d4309ab9826db6ca609c99239463759573b683dfb61907b01ab1a3b0,fe803e624b52a5ad,84192481030c1977,TIFF,TIFF-LE,1024,1024,RGB,3,8,True,203.6683931350708,47.22873692021332,0.5506410598754883,0.0,4.590398885533132,,False,False,False,False,False,False,PASS,True,
Case-48-P5-C25-20418-21432,Case-48-P5-C25-20418-21432,Case 48 - P5 C25-20418-21432,http://pathdb.cancerimagingarchive.net/system/files/wsi/ross/Osteosarcoma-UT/converted/Osteosarcoma-UT/Training-Set-2/set10/Case-48-P5-C25-20418-21432.tiff,Case-48,Non-Tumor,NON_TUMOR,TRUE,False,RETRIEVED,200,C:\Users\enkso\.kiro\crew\scratch\runtime-0a306834\osteopatch_full_ingestion\tiffs\Case-48-P5-C25-20418-21432.tiff,249036,4850e3c587ded6e20eb84b54dd58079b89aca29f4ec85f3c08df629149334d98,fe216ec6202649fcb4627d5572886218ce4833cd4a03413b8e3369949c56f94b,ba4b9833d813a5ab,1920c2950b0e7cb2,TIFF,TIFF-LE,1024,1024,RGB,3,8,True,168.0466547012329,46.38372431335471,0.2300090789794922,8.58306884765625e-05,6.105931330592738,,False,False,False,False,False,False,PASS,True,
Case-48-P5-C25-20536-9499,Case-48-P5-C25-20536-9499,Case 48 - P5 C25-20536-9499,http://pathdb.cancerimagingarchive.net/system/files/wsi/ross/Osteosarcoma-UT/converted/Osteosarcoma-UT/Training-Set-2/set10/Case-48-P5-C25-20536-9499.tiff,Case-48,Non-Tumor,NON_TUMOR,TRUE,False,RETRIEVED,200,C:\Users\enkso\.kiro\crew\scratch\runtime-0a306834\osteopatch_full_ingestion\tiffs\Case-48-P5-C25-20536-9499.tiff,212006,2dba594479a214da5bac670950d837e2c75acf38b2e7c795984446735005a5cc,bb51d310a0c551db165ec507a7d980c4b7d02742cf8bece5c48184b40022f648,943f38f8f002b7a5,39726ecc8220d7d7,TIFF,TIFF-LE,1024,1024,RGB,3,8,True,208.0737476348877,54.72410757780436,0.621943473815918,6.103515625e-05,5.132002431416692,,False,False,False,False,False,False,PASS,True,
Case-48-P5-C25-26246-2368,Case-48-P5-C25-26246-2368,Case 48 - P5 C25-26246-2368,http://pathdb.cancerimagingarchive.net/system/files/wsi/ross/Osteosarcoma-UT/converted/Osteosarcoma-UT/Training-Set-2/set10/Case-48-P5-C25-26246-2368.tiff,Case-48,Non-Tumor,NON_TUMOR,TRUE,False,RETRIEVED,200,C:\Users\enkso\.kiro\crew\scratch\runtime-0a306834\osteopatch_full_ingestion\tiffs\Case-48-P5-C25-26246-2368.tiff,244270,14767c71ce3be33cd1b24f878ebf586f2e98e49cfa1369803650baf7f709aff1,c2d8f497332abc4c02a2b4addeba47fa8189486076b4aa9a3ae723cae3f363c5,b4d3a9713c88f946,1a5aa8254c0ce737,TIFF,TIFF-LE,1024,1024,RGB,3,8,True,202.25924968719482,63.60015190414728,0.6151342391967773,0.0001373291015625,5.233261531334497,,False,False,False,False,False,False,PASS,True,
Case-48-P5-C25-26937-1708,Case-48-P5-C25-26937-1708,Case 48 - P5 C25-26937-1708,http://pathdb.cancerimagingarchive.net/system/files/wsi/ross/Osteosarcoma-UT/converted/Osteosarcoma-UT/Training-Set-2/set10/Case-48-P5-C25-26937-1708.tiff,Case-48,Non-Tumor,NON_TUMOR,TRUE,False,RETRIEVED,200,C:\Users\enkso\.kiro\crew\scratch\runtime-0a306834\osteopatch_full_ingestion\tiffs\Case-48-P5-C25-26937-1708.tiff,205560,c060d80ec84f5771d76085da41dcc787a7cb30c4a7180354124cec7594b4e8bc,0c3acb18c27dc135247ff76ec3e1034ea9ee57083b9dbca5137dfe532d659131,bc3c3641ea74b463,96363637d3aa8429,TIFF,TIFF-LE,1024,1024,RGB,3,8,True,213.72241401672363,56.93208413729342,0.702570915222168,0.0001544952392578125,4.735222387832762,,False,False,False,False,False,False,PASS,True,
Case-48-P5-C25-29486-14939,Case-48-P5-C25-29486-14939,Case 48 - P5 C25-29486-14939,http://pathdb.cancerimagingarchive.net/system/files/wsi/ross/Osteosarcoma-UT/converted/Osteosarcoma-UT/Training-Set-2/set10/Case-48-P5-C25-29486-14939.tiff,Case-48,Non-Tumor,NON_TUMOR,TRUE,False,RETRIEVED,200,C:\Users\enkso\.kiro\crew\scratch\runtime-0a306834\osteopatch_full_ingestion\tiffs\Case-48-P5-C25-29486-14939.tiff,221118,629449fba7e8566fa8df570d8cea9a73f7d69e6e66d6f4c0d987a74d5139a3a1,ef1185dae78f9211058b19da1585c91a08c025c2a5d7f8e95582bb4c6b05364b,bb4ed812b62663c6,1871670e1d1b3efd,TIFF,TIFF-LE,1024,1024,RGB,3,8,True,173.0878620147705,55.30878687985167,0.3391408920288086,6.67572021484375e-06,5.933645640645603,,False,False,False,False,False,False,PASS,True,
Case-48-P5-C25-29797-38536,Case-48-P5-C25-29797-38536,Case 48 - P5 C25-29797-38536,http://pathdb.cancerimagingarchive.net/system/files/wsi/ross/Osteosarcoma-UT/converted/Osteosarcoma-UT/Training-Set-1/set9/Case-48-P5-C25-29797-38536.tiff,Case-48,Non-Tumor,NON_TUMOR,TRUE,False,RETRIEVED,200,C:\Users\enkso\.kiro\crew\scratch\runtime-0a306834\osteopatch_full_ingestion\tiffs\Case-48-P5-C25-29797-38536.tiff,231014,b8575a311dac1560d1c6eaab35bdb5e2129cba8b7ae11e3a99db58ef7ea1ccfa,890735d44bff928094c7ad2f12162d0b2e73c3b701f1fa7c1651a90c15a71df8,f64996499649b24f,438609126c9b628c,TIFF,TIFF-LE,1024,1024,RGB,3,8,True,148.26029109954834,19.83586058566782,0.018164634704589844,1.9073486328125e-06,5.914428404087364,,False,False,False,False,False,False,PASS,True,
Case-48-P5-C25-30163-25906,Case-48-P5-C25-30163-25906,Case 48 - P5 C25-30163-25906,http://pathdb.cancerimagingarchive.net/system/files/wsi/ross/Osteosarcoma-UT/converted/Osteosarcoma-UT/Training-Set-1/set9/Case-48-P5-C25-30163-25906.tiff,Case-48,Non-Tumor,NON_TUMOR,TRUE,False,RETRIEVED,200,C:\Users\enkso\.kiro\crew\scratch\runtime-0a306834\osteopatch_full_ingestion\tiffs\Case-48-P5-C25-30163-25906.tiff,118486,162907d7358142baafff8c8ae8c971d04166d80e3855528861b39c464b314216,a6bc9267d5da84da6bc25a38073884bcb5bb1ae7f209470032e778644b6d44ca,d540aade558baad2,2186d8f220645556,TIFF,TIFF-LE,1024,1024,RGB,3,8,True,231.56586742401123,35.53387952396062,0.8384132385253906,1.239776611328125e-05,2.819050669169901,LOW_INFORMATION,False,False,False,False,False,True,REVIEW,False,image QC status REVIEW
Case-48-P5-C25-31139-13405,Case-48-P5-C25-31139-13405,Case 48 - P5 C25-31139-13405,http://pathdb.cancerimagingarchive.net/system/files/wsi/ross/Osteosarcoma-UT/converted/Osteosarcoma-UT/Training-Set-1/set9/Case-48-P5-C25-31139-13405.tiff,Case-48,Non-Tumor,NON_TUMOR,TRUE,False,RETRIEVED,200,C:\Users\enkso\.kiro\crew\scratch\runtime-0a306834\osteopatch_full_ingestion\tiffs\Case-48-P5-C25-31139-13405.tiff,183336,266a82da1bcc1faee2fc1b592c528a91b4361e6c70dd75a62dd691c9312337f4,249d2c1389e3c766d44a2cc322a463aaa911c16a1075fca06ad36dd7a7e057e2,e21961d6b5aa724e,8181073ff4c4a34f,TIFF,TIFF-LE,1024,1024,RGB,3,8,True,174.573224067688,60.454161703630014,0.3961668014526367,0.0,5.743582952999164,,False,False,False,False,False,False,PASS,True,
Case-48-P5-C25-31766-30946,Case-48-P5-C25-31766-30946,Case 48 - P5 C25-31766-30946,http://pathdb.cancerimagingarchive.net/system/files/wsi/ross/Osteosarcoma-UT/converted/Osteosarcoma-UT/Training-Set-1/set9/Case-48-P5-C25-31766-30946.tiff,Case-48,Non-Tumor,NON_TUMOR,TRUE,False,RETRIEVED,200,C:\Users\enkso\.kiro\crew\scratch\runtime-0a306834\osteopatch_full_ingestion\tiffs\Case-48-P5-C25-31766-30946.tiff,187806,c992962b80cd559d0f2d936d8a95fcfce627ed54cf520a9418d46979172f8049,6957e878ed13d1631e1da788c11e0e9695f2bd6228118c7c7c26ac4fd826e472,a56cd3e5c98a5685,852a2773a6a6ded8,TIFF,TIFF-LE,1024,1024,RGB,3,8,True,166.65699672698975,54.32447718635837,0.2943553924560547,0.0,6.099967886909572,,False,False,False,False,False,False,PASS,True,
Case-48-P5-C25-32201-30326,Case-48-P5-C25-32201-30326,Case 48 - P5 C25-32201-30326,http://pathdb.cancerimagingarchive.net/system/files/wsi/ross/Osteosarcoma-UT/converted/Osteosarcoma-UT/Training-Set-1/set9/Case-48-P5-C25-32201-30326.tiff,Case-48,Non-Tumor,NON_TUMOR,TRUE,False,RETRIEVED,200,C:\Users\enkso\.kiro\crew\scratch\runtime-0a306834\osteopatch_full_ingestion\tiffs\Case-48-P5-C25-32201-30326.tiff,188500,9261f846b7c427dcf5926c1948d6d2da7f968a4b404db4aba3a113f8942b34c5,e8cb3572d9fc98b914c3c479a2be4117c379fad41d116f131710b0b846613854,eec9d58d997021a3,92658b1f6b57a57a,TIFF,TIFF-LE,1024,1024,RGB,3,8,True,176.4894666671753,56.61303073838393,0.37616443634033203,3.814697265625e-06,5.918488477398389,,False,False,False,False,False,False,PASS,True,
Case-48-P5-C25-32661-30441,Case-48-P5-C25-32661-30441,Case 48 - P5 C25-32661-30441,http://pathdb.cancerimagingarchive.net/system/files/wsi/ross/Osteosarcoma-UT/converted/Osteosarcoma-UT/Training-Set-1/set9/Case-48-P5-C25-32661-30441.tiff,Case-48,Non-Tumor,NON_TUMOR,TRUE,False,RETRIEVED,200,C:\Users\enkso\.kiro\crew\scratch\runtime-0a306834\osteopatch_full_ingestion\tiffs\Case-48-P5-C25-32661-30441.tiff,173790,2e7253eda86026c1caced5f02dc49351a0d22468d46fac830d477da883e7c1fd,f4ea684afbc5e3d35343b36bd92611c1e5e13fb5e2efcb3a3c50e1920f3f1b18,89356aab9ae0ab56,5fb6feb67bdba421,TIFF,TIFF-LE,1024,1024,RGB,3,8,True,188.97862815856934,56.30234788380293,0.48295116424560547,6.67572021484375e-06,5.215242030944787,,False,False,False,False,False,False,PASS,True,
Case-48-P5-C25-35044-30800,Case-48-P5-C25-35044-30800,Case 48 - P5 C25-35044-30800,http://pathdb.cancerimagingarchive.net/system/files/wsi/ross/Osteosarcoma-UT/converted/Osteosarcoma-UT/Training-Set-1/set9/Case-48-P5-C25-35044-30800.tiff,Case-48,Non-Tumor,NON_TUMOR,TRUE,False,RETRIEVED,200,C:\Users\enkso\.kiro\crew\scratch\runtime-0a306834\osteopatch_full_ingestion\tiffs\Case-48-P5-C25-35044-30800.tiff,205812,51dc45fbdd2f9212ca6f8f4ab5f5c56c39462dd20895b7bf763c176f2849d4a6,e3cba200c682f343879c20a18c652270ad4285c7e31659cbcc4a54618cbbc155,9ca44ebca42923ef,3464cb972e183162,TIFF,TIFF-LE,1024,1024,RGB,3,8,True,176.91962146759033,55.0599463404869,0.3640775680541992,0.0,5.998511464264812,,False,False,False,False,False,False,PASS,True,
Case-48-P5-C25-35701-21325,Case-48-P5-C25-35701-21325,Case 48 - P5 C25-35701-21325,http://pathdb.cancerimagingarchive.net/system/files/wsi/ross/Osteosarcoma-UT/converted/Osteosarcoma-UT/Training-Set-1/set9/Case-48-P5-C25-35701-21325.tiff,Case-48,Non-Tumor,NON_TUMOR,TRUE,False,RETRIEVED,200,C:\Users\enkso\.kiro\crew\scratch\runtime-0a306834\osteopatch_full_ingestion\tiffs\Case-48-P5-C25-35701-21325.tiff,269908,07d842b855bc311049c0d5e8dfd00113d5faa15e940a22b9c27600ba66ae431f,0e16cc8ebe601651880bcef8dffb1b71b49d5b6846323618c09c4013a7c46b1d,f7c894535b02e94e,38248719494cee36,TIFF,TIFF-LE,1024,1024,RGB,3,8,True,182.28292846679688,65.70911898163497,0.4700002670288086,9.632110595703125e-05,5.958665128869322,,False,False,False,False,False,False,PASS,True,
Case-48-P5-C25-37421-34911,Case-48-P5-C25-37421-34911,Case 48 - P5 C25-37421-34911,http://pathdb.cancerimagingarchive.net/system/files/wsi/ross/Osteosarcoma-UT/converted/Osteosarcoma-UT/Training-Set-1/set9/Case-48-P5-C25-37421-34911.tiff,Case-48,Non-Tumor,NON_TUMOR,TRUE,False,RETRIEVED,200,C:\Users\enkso\.kiro\crew\scratch\runtime-0a306834\osteopatch_full_ingestion\tiffs\Case-48-P5-C25-37421-34911.tiff,237888,b1d99c0eb567cf16b5400f1fec0085a19ca47cd3b1ad3f147fad7ece3884407b,b6339ac36701541157b2df3675d1dc72060c9ba7aa39a9000238460c0b3de188,d4a54ff68003fee0,0a14b8d8a864d831,TIFF,TIFF-LE,1024,1024,RGB,3,8,True,151.50035285949707,19.555716557100315,0.01841259002685547,0.0,5.963972956328307,,False,False,False,False,False,False,PASS,True,
Case-48-P5-C25-37498-35824,Case-48-P5-C25-37498-35824,Case 48 - P5 C25-37498-35824,http://pathdb.cancerimagingarchive.net/system/files/wsi/ross/Osteosarcoma-UT/converted/Osteosarcoma-UT/Training-Set-1/set9/Case-48-P5-C25-37498-35824.tiff,Case-48,Non-Tumor,NON_TUMOR,TRUE,False,RETRIEVED,200,C:\Users\enkso\.kiro\crew\scratch\runtime-0a306834\osteopatch_full_ingestion\tiffs\Case-48-P5-C25-37498-35824.tiff,220796,8c2fe587f709a744c8958ec4563e4085bcee5033fbe49ee9eacd41bc09bcf2fe,e9fb2baeb1565e34703c899157b25d44fe6525c504ef0a952f91c8083bbae360,8f614e13e5a9a29e,62c58b166c993265,TIFF,TIFF-LE,1024,1024,RGB,3,8,True,162.16277503967285,38.57517716905027,0.1442737579345703,0.0,6.248138400786214,,False,False,False,False,False,False,PASS,True,
Case-48-P5-C25-39181-21965,Case-48-P5-C25-39181-21965,Case 48 - P5 C25-39181-21965,http://pathdb.cancerimagingarchive.net/system/files/wsi/ross/Osteosarcoma-UT/converted/Osteosarcoma-UT/Training-Set-1/set9/Case-48-P5-C25-39181-21965.tiff,Case-48,Non-Tumor,NON_TUMOR,TRUE,False,RETRIEVED,200,C:\Users\enkso\.kiro\crew\scratch\runtime-0a306834\osteopatch_full_ingestion\tiffs\Case-48-P5-C25-39181-21965.tiff,146598,18aabc1bfc1a099e71d380ad172d970991ad9fecdb11524877676ef5f1755db0,2c16d0a294e87fa008e179781b1e5c0b0bf97d51f2c4e202533a2d22850551b8,f3c49b600b6ec953,4b4c10634f970d19,TIFF,TIFF-LE,1024,1024,RGB,3,8,True,199.66706085205078,56.58368631676385,0.5884904861450195,1.049041748046875e-05,4.906505952991781,,False,False,False,False,False,False,PASS,True,
Case-48-P5-C25-41901-28675,Case-48-P5-C25-41901-28675,Case 48 - P5 C25-41901-28675,http://pathdb.cancerimagingarchive.net/system/files/wsi/ross/Osteosarcoma-UT/converted/Osteosarcoma-UT/Training-Set-1/set10/Case-48-P5-C25-41901-28675.tiff,Case-48,Non-Tumor,NON_TUMOR,TRUE,False,RETRIEVED,200,C:\Users\enkso\.kiro\crew\scratch\runtime-0a306834\osteopatch_full_ingestion\tiffs\Case-48-P5-C25-41901-28675.tiff,248760,297e1fc9c3ff17b1eb5d94b36d8a82dc02f781d05aae4a16827bb8831966c93d,74da49b80758060ceeb1d247f42613b0ae3beee503693bad6e1ff492234858da,a45aad5ab56ad429,34699327ce9c272f,TIFF,TIFF-LE,1024,1024,RGB,3,8,True,157.6424322128296,25.71645843951289,0.052379608154296875,0.0,6.125975899929129,,False,False,False,False,False,False,PASS,True,
Case-48-P5-C25-44980-18952,Case-48-P5-C25-44980-18952,Case 48 - P5 C25-44980-18952,http://pathdb.cancerimagingarchive.net/system/files/wsi/ross/Osteosarcoma-UT/converted/Osteosarcoma-UT/Training-Set-1/set10/Case-48-P5-C25-44980-18952.tiff,Case-48,Non-Tumor,NON_TUMOR,TRUE,False,RETRIEVED,200,C:\Users\enkso\.kiro\crew\scratch\runtime-0a306834\osteopatch_full_ingestion\tiffs\Case-48-P5-C25-44980-18952.tiff,235314,40d28f63c972ac6645302b4797b2c238d143c8bf377a2258bec9ce114287aba6,681fe13eed462b0d077f4ac30cd0c5b9e4ab1d2c87c54213315fc572a2611fb1,fefafcf8f0909000,2841ad891a1c3961,TIFF,TIFF-LE,1024,1024,RGB,3,8,True,140.99702548980713,20.03951355359221,0.018678665161132812,0.0,5.856706585913841,,False,False,True,True,False,True,REVIEW,False,image QC status REVIEW
Case-48-P5-C25-51442-22185,Case-48-P5-C25-51442-22185,Case 48 - P5 C25-51442-22185,http://pathdb.cancerimagingarchive.net/system/files/wsi/ross/Osteosarcoma-UT/converted/Osteosarcoma-UT/Training-Set-1/set10/Case-48-P5-C25-51442-22185.tiff,Case-48,Non-Tumor,NON_TUMOR,TRUE,False,RETRIEVED,200,C:\Users\enkso\.kiro\crew\scratch\runtime-0a306834\osteopatch_full_ingestion\tiffs\Case-48-P5-C25-51442-22185.tiff,93658,4ea7dc68d150c46a4de7dba2ed4c356ff79ca609abaeb2bf83e099d3ee9b08f0,caf135cf67249d44ad9450954c998da824a0a4b19baf2b82036d8f37663ae3b4,92c5729d07116cfb,082884d469b49aad,TIFF,TIFF-LE,1024,1024,RGB,3,8,True,220.7975091934204,40.25771993130242,0.7530231475830078,0.0,3.2700042744505637,,False,False,False,False,False,False,PASS,True,
Case-48-P5-C25-5819-20106,Case-48-P5-C25-5819-20106,Case 48 - P5 C25-5819-20106,http://pathdb.cancerimagingarchive.net/system/files/wsi/ross/Osteosarcoma-UT/converted/Osteosarcoma-UT/Training-Set-2/set10/Case-48-P5-C25-5819-20106.tiff,Case-48,Non-Tumor,NON_TUMOR,TRUE,False,RETRIEVED,200,C:\Users\enkso\.kiro\crew\scratch\runtime-0a306834\osteopatch_full_ingestion\tiffs\Case-48-P5-C25-5819-20106.tiff,177820,0f9607a138c2f1e5f60f21de74eeaedfe02595cdeca0074924d60d37b286d7c6,faea4d761bff2532a8147474788fd2e28d4969411430f8ed9ce6de51a252ce6a,957ad5bef14ad800,395cd9375e79e692,TIFF,TIFF-LE,1024,1024,RGB,3,8,True,183.2783966064453,47.06952664896312,0.34195899963378906,0.0,5.603421014716365,,False,False,False,False,False,False,PASS,True,
Case-48-P5-C25-7779-23788,Case-48-P5-C25-7779-23788,Case 48 - P5 C25-7779-23788,http://pathdb.cancerimagingarchive.net/system/files/wsi/ross/Osteosarcoma-UT/converted/Osteosarcoma-UT/Training-Set-2/set10/Case-48-P5-C25-7779-23788.tiff,Case-48,Non-Tumor,NON_TUMOR,TRUE,False,RETRIEVED,200,C:\Users\enkso\.kiro\crew\scratch\runtime-0a306834\osteopatch_full_ingestion\tiffs\Case-48-P5-C25-7779-23788.tiff,240980,ca0d13f91c8bea3b4b6a1d3d1604244bb9b7ea68c888d185edaaa7cbbf9cafa8,1fb0d7687a9d6af07d08696851a548342923a6ebca345c8f91e04e609f5f55bb,c6332fe1873ee109,e8e0976cd1863465,TIFF,TIFF-LE,1024,1024,RGB,3,8,True,164.34818363189697,40.40248712542354,0.16228771209716797,0.0,6.3726294350156785,,False,False,False,False,False,False,PASS,True,
Case-48-P5-C25-8387-24405,Case-48-P5-C25-8387-24405,Case 48 - P5 C25-8387-24405,http://pathdb.cancerimagingarchive.net/system/files/wsi/ross/Osteosarcoma-UT/converted/Osteosarcoma-UT/Training-Set-2/set10/Case-48-P5-C25-8387-24405.tiff,Case-48,Non-Tumor,NON_TUMOR,TRUE,False,RETRIEVED,200,C:\Users\enkso\.kiro\crew\scratch\runtime-0a306834\osteopatch_full_ingestion\tiffs\Case-48-P5-C25-8387-24405.tiff,169254,8638cd1bfa417ee2aaa6c684bfeb363c918cefc04b9088b022c1ff6a6a8462a6,64c08de502f8c7072b9c0de221c12bbc0fd364f3bf6320c233de595f3a983704,aa6ac29fb1255f50,599163cfbc72ccb0,TIFF,TIFF-LE,1024,1024,RGB,3,8,True,188.9552125930786,51.38826465050784,0.43944835662841797,0.0,5.086863388024808,,False,False,False,False,False,False,PASS,True,
P9-B11-10159-22267,P9-B11-10159-22267,P9 B11-10159-22267,http://pathdb.cancerimagingarchive.net/system/files/wsi/ross/Osteosarcoma-UT/converted/Osteosarcoma-UT/Training-Set-2/set10/P9-B11-10159-22267.tiff,P9,Non-Tumor,NON_TUMOR,TRUE,False,RETRIEVED,200,C:\Users\enkso\.kiro\crew\scratch\runtime-0a306834\osteopatch_full_ingestion\tiffs\P9-B11-10159-22267.tiff,210802,f056a9a85620c22a437e7f39b76554b7fc5c212de1848193e0c5cb1dda98b945,445341804f393e211dcf4c024215fe0d9884925e3df13d4d8ffb64ce269c2508,f536b02f5a8438e3,1c1ece204b1fd690,TIFF,TIFF-LE,1024,1024,RGB,3,8,True,199.5173635482788,60.25350533463754,0.5821332931518555,2.002716064453125e-05,5.50583953128641,,False,False,False,False,False,False,PASS,True,
P9-B11-10954-27548,P9-B11-10954-27548,P9 B11-10954-27548,http://pathdb.cancerimagingarchive.net/system/files/wsi/ross/Osteosarcoma-UT/converted/Osteosarcoma-UT/Training-Set-2/set10/P9-B11-10954-27548.tiff,P9,Non-Tumor,NON_TUMOR,TRUE,False,RETRIEVED,200,C:\Users\enkso\.kiro\crew\scratch\runtime-0a306834\osteopatch_full_ingestion\tiffs\P9-B11-10954-27548.tiff,146628,8c31cc014d9d409464cafc20bedf6bd82c3fdcf0e542fadaf82ba386f6cb1aa8,75759571acd3e3c8ee1e9ce8970714b572a5b42621da69e4814c62ba3dfe7cfa,c9be5e850e1368da,601c99f7e39a5821,TIFF,TIFF-LE,1024,1024,RGB,3,8,True,214.1561794281006,51.437182504221255,0.7135276794433594,0.0,3.9451279959662235,,False,False,False,False,False,False,PASS,True,
P9-B11-11002-19483,P9-B11-11002-19483,P9 B11-11002-19483,http://pathdb.cancerimagingarchive.net/system/files/wsi/ross/Osteosarcoma-UT/converted/Osteosarcoma-UT/Training-Set-2/set10/P9-B11-11002-19483.tiff,P9,Non-Tumor,NON_TUMOR,TRUE,False,RETRIEVED,200,C:\Users\enkso\.kiro\crew\scratch\runtime-0a306834\osteopatch_full_ingestion\tiffs\P9-B11-11002-19483.tiff,172986,0cadcd04548037afe49ff2d9f5f435c0922ad9dfb160d016966311cde07ec250,c356a049cd3a7375e9318e392a7b794ddee59d83b4e3d94231c430295474c158,dbc6b90ee05e83c4,694a4829c659399c,TIFF,TIFF-LE,1024,1024,RGB,3,8,True,221.1367654800415,46.515836968026015,0.7380075454711914,3.337860107421875e-05,4.2694464817085285,,False,False,False,False,False,False,PASS,True,
P9-B11-14643-10873,P9-B11-14643-10873,P9 B11-14643-10873,http://pathdb.cancerimagingarchive.net/system/files/wsi/ross/Osteosarcoma-UT/converted/Osteosarcoma-UT/Training-Set-2/set10/P9-B11-14643-10873.tiff,P9,Non-Tumor,NON_TUMOR,TRUE,False,RETRIEVED,200,C:\Users\enkso\.kiro\crew\scratch\runtime-0a306834\osteopatch_full_ingestion\tiffs\P9-B11-14643-10873.tiff,158930,cf0205a91bbcb93823e3d22a1c9f6a2b2dcf98ffeb47c7f27105d502d8bbd7ac,9d93ddd407ce999f5f7184d67bfc73243e14c26b26de92999acbc15c0df9df34,b568c2e6d545eb82,90192b16363e4c5c,TIFF,TIFF-LE,1024,1024,RGB,3,8,True,182.45623016357422,46.55563917512986,0.3314847946166992,0.0,5.575031941155712,,False,False,False,False,False,False,PASS,True,
P9-B11-16073-4565,P9-B11-16073-4565,P9 B11-16073-4565,http://pathdb.cancerimagingarchive.net/system/files/wsi/ross/Osteosarcoma-UT/converted/Osteosarcoma-UT/Training-Set-2/set10/P9-B11-16073-4565.tiff,P9,Non-Tumor,NON_TUMOR,TRUE,False,RETRIEVED,200,C:\Users\enkso\.kiro\crew\scratch\runtime-0a306834\osteopatch_full_ingestion\tiffs\P9-B11-16073-4565.tiff,276146,0b8d6d398d057f950d1a5e9ab6e1ceec6db6c42d811b41d484a730b4195b61c7,315cf11ba82a6e981440d529893d4ba70187273d2ae080fb9ace8b13c1b96b1c,8d1c126aba67dc53,3d70e2369ba3cbd5,TIFF,TIFF-LE,1024,1024,RGB,3,8,True,198.4220314025879,52.12324990826201,0.4337348937988281,8.7738037109375e-05,6.534354634027533,,False,False,False,False,False,False,PASS,True,
P9-B11-16083-27658,P9-B11-16083-27658,P9 B11-16083-27658,http://pathdb.cancerimagingarchive.net/system/files/wsi/ross/Osteosarcoma-UT/converted/Osteosarcoma-UT/Training-Set-2/set10/P9-B11-16083-27658.tiff,P9,Non-Tumor,NON_TUMOR,TRUE,False,RETRIEVED,200,C:\Users\enkso\.kiro\crew\scratch\runtime-0a306834\osteopatch_full_ingestion\tiffs\P9-B11-16083-27658.tiff,91724,f1907cb4bdd787d2a826ddc648944850638b5bd472fecbef3d559cf02fdccaa9,8f91e7166076b862b56af1f4e44c4a9adc942eaeeca77f2f2a33f4389612a7d7,83092b3536ae7575,7ffbabe5c482c949,TIFF,TIFF-LE,1024,1024,RGB,3,8,True,227.47458839416504,40.709898810142015,0.8385763168334961,0.0,3.243983692833461,,False,False,False,False,False,False,PASS,True,
P9-B11-16430-12424,P9-B11-16430-12424,P9 B11-16430-12424,http://pathdb.cancerimagingarchive.net/system/files/wsi/ross/Osteosarcoma-UT/converted/Osteosarcoma-UT/Training-Set-2/set10/P9-B11-16430-12424.tiff,P9,Non-Tumor,NON_TUMOR,TRUE,False,RETRIEVED,200,C:\Users\enkso\.kiro\crew\scratch\runtime-0a306834\osteopatch_full_ingestion\tiffs\P9-B11-16430-12424.tiff,87334,d2f15f98c2f98b6dd33cadcaa0573d0ccfc61da1bb6bfa3b80734dc433f8a09c,aa5c7bbd34ff8578da9fdded92134611353697d6a44954b7a89262ad7059a621,ec9b664cb3886ad4,345c2d3e20272747,TIFF,TIFF-LE,1024,1024,RGB,3,8,True,220.50545024871826,44.37837099893269,0.7611618041992188,0.0,3.579260164959786,,False,False,False,False,False,False,PASS,True,
P9-B11-16749-7610,P9-B11-16749-7610,P9 B11-16749-7610,http://pathdb.cancerimagingarchive.net/system/files/wsi/ross/Osteosarcoma-UT/converted/Osteosarcoma-UT/Training-Set-2/set10/P9-B11-16749-7610.tiff,P9,Non-Tumor,NON_TUMOR,TRUE,False,RETRIEVED,200,C:\Users\enkso\.kiro\crew\scratch\runtime-0a306834\osteopatch_full_ingestion\tiffs\P9-B11-16749-7610.tiff,204778,757e05bc607bb24ede273604edabeca15ea11fb64adad9322cfd3daf1663032a,123ce4f505bcff73661b69ed85bee3301e72722a4de1c0956ec55387bba35147,f9c10cfac65813ae,116392982b183366,TIFF,TIFF-LE,1024,1024,RGB,3,8,True,212.44904899597168,49.601422759112666,0.6345252990722656,1.52587890625e-05,5.042560525058869,,False,False,False,False,False,False,PASS,True,
P9-B11-16810-24014,P9-B11-16810-24014,P9 B11-16810-24014,http://pathdb.cancerimagingarchive.net/system/files/wsi/ross/Osteosarcoma-UT/converted/Osteosarcoma-UT/Training-Set-2/set10/P9-B11-16810-24014.tiff,P9,Non-Tumor,NON_TUMOR,TRUE,False,RETRIEVED,200,C:\Users\enkso\.kiro\crew\scratch\runtime-0a306834\osteopatch_full_ingestion\tiffs\P9-B11-16810-24014.tiff,180336,27ee586f73915af2f40fdd7d415f62fd101eb7341ffcc88bf463472d74925c9f,6a974dd5841df1e435400d7b790e25d58e857175dab420f824fbe51f8ce45298,a4c89694bbb8a2e7,38e0871b1696274f,TIFF,TIFF-LE,1024,1024,RGB,3,8,True,183.4796438217163,60.13516444059796,0.4517660140991211,1.33514404296875e-05,5.673914817817211,,False,False,False,False,False,False,PASS,True,
P9-B11-18148-24277,P9-B11-18148-24277,P9 B11-18148-24277,http://pathdb.cancerimagingarchive.net/system/files/wsi/ross/Osteosarcoma-UT/converted/Osteosarcoma-UT/Training-Set-2/set10/P9-B11-18148-24277.tiff,P9,Non-Tumor,NON_TUMOR,TRUE,False,RETRIEVED,200,C:\Users\enkso\.kiro\crew\scratch\runtime-0a306834\osteopatch_full_ingestion\tiffs\P9-B11-18148-24277.tiff,107252,fa4162d556810f97eb7de4aa83ab7f452961fb8265e81e1a3a605ccf3f80c8f1,c37130f0804cf52aaa1f8cceec43941fd8aeef61f6ea0cb339e8293db832f4ae,994bf8c10d1ff03a,d3c3297ad180393a,TIFF,TIFF-LE,1024,1024,RGB,3,8,True,229.13675498962402,40.99698555271451,0.8701114654541016,9.5367431640625e-06,3.0602866284089805,,False,False,False,False,False,False,PASS,True,
P9-B11-19719-21996,P9-B11-19719-21996,P9 B11-19719-21996,http://pathdb.cancerimagingarchive.net/system/files/wsi/ross/Osteosarcoma-UT/converted/Osteosarcoma-UT/Training-Set-2/set10/P9-B11-19719-21996.tiff,P9,Non-Tumor,NON_TUMOR,TRUE,False,RETRIEVED,200,C:\Users\enkso\.kiro\crew\scratch\runtime-0a306834\osteopatch_full_ingestion\tiffs\P9-B11-19719-21996.tiff,161362,ecef72fd69ec845bb5df26b22b4738137266dc350f5b0e2f6e2155e39a1170f7,1934aba8c5182f3d5c2c0dad2be18b728da0aeabc7a2fe38503427fc44ec0916,99295836c7cf55c2,559373c2cd3638c8,TIFF,TIFF-LE,1024,1024,RGB,3,8,True,221.49460220336914,51.308798350480885,0.7883071899414062,0.0004634857177734375,4.16369991274639,,False,False,False,False,False,False,PASS,True,
P9-B11-20225-12843,P9-B11-20225-12843,P9 B11-20225-12843,http://pathdb.cancerimagingarchive.net/system/files/wsi/ross/Osteosarcoma-UT/converted/Osteosarcoma-UT/Training-Set-2/set10/P9-B11-20225-12843.tiff,P9,Non-Tumor,NON_TUMOR,TRUE,False,RETRIEVED,200,C:\Users\enkso\.kiro\crew\scratch\runtime-0a306834\osteopatch_full_ingestion\tiffs\P9-B11-20225-12843.tiff,195404,6f71a005d911f948308ee5d72089e3abd4ab5ca470b075893eaf73d9459b90a6,d4b7d8903b6685d3532104cd7f8d849c6bf905f3ea9d0cf3eb2a7764af197ac8,ba8d30c437853ae7,d6a91f5a6ce58c1c,TIFF,TIFF-LE,1024,1024,RGB,3,8,True,221.3481731414795,43.7245673765159,0.6954078674316406,1.33514404296875e-05,4.853584955653295,,False,False,False,False,False,False,PASS,True,
P9-B11-21061-24042,P9-B11-21061-24042,P9 B11-21061-24042,http://pathdb.cancerimagingarchive.net/system/files/wsi/ross/Osteosarcoma-UT/converted/Osteosarcoma-UT/Training-Set-2/set10/P9-B11-21061-24042.tiff,P9,Non-Tumor,NON_TUMOR,TRUE,False,RETRIEVED,200,C:\Users\enkso\.kiro\crew\scratch\runtime-0a306834\osteopatch_full_ingestion\tiffs\P9-B11-21061-24042.tiff,53142,032cc51f749e04cbc720302369d4f50ec763a824f0ea9392a57b926a47218c69,25e4899e22592e0c7c392d75a5e0cb8d0c7959a23a57760b9854240b47712f51,9ee10ee1e01ce1fc,4a00005028747474,TIFF,TIFF-LE,1024,1024,RGB,3,8,True,231.48702144622803,36.94328166520724,0.8892736434936523,0.0,2.487289136079787,LOW_INFORMATION,False,False,False,False,False,True,REVIEW,False,image QC status REVIEW
P9-B11-21394-5645,P9-B11-21394-5645,P9 B11-21394-5645,http://pathdb.cancerimagingarchive.net/system/files/wsi/ross/Osteosarcoma-UT/converted/Osteosarcoma-UT/Training-Set-1/set10/P9-B11-21394-5645.tiff,P9,Non-Tumor,NON_TUMOR,TRUE,False,RETRIEVED,200,C:\Users\enkso\.kiro\crew\scratch\runtime-0a306834\osteopatch_full_ingestion\tiffs\P9-B11-21394-5645.tiff,226012,85410bb7aaf651daab13693d14d6f6aaa4704f9db31ccc45750bcccaae3a55cf,cfefc5b543e771805fe5397c5912c39a5ba0278ed2dc2fe4055114dc66d60c74,8bdde9cd2691a492,93735978ed4a988b,TIFF,TIFF-LE,1024,1024,RGB,3,8,True,203.36877155303955,55.86821525200895,0.5779571533203125,1.049041748046875e-05,5.466310716090113,,False,False,False,False,False,False,PASS,True,
P9-B11-25615-35242,P9-B11-25615-35242,P9 B11-25615-35242,http://pathdb.cancerimagingarchive.net/system/files/wsi/ross/Osteosarcoma-UT/converted/Osteosarcoma-UT/Training-Set-1/set10/P9-B11-25615-35242.tiff,P9,Non-Tumor,NON_TUMOR,TRUE,False,RETRIEVED,200,C:\Users\enkso\.kiro\crew\scratch\runtime-0a306834\osteopatch_full_ingestion\tiffs\P9-B11-25615-35242.tiff,29646,e510c00264ccec9aedce8fa5abcda2fa76a3a5c8365bc07017a0abe0e20a846e,18888593b3b13959b59fc92fa6019f1519dc8dd75d3b1ce7bbdf5769eb36ce2c,e699d92672996626,804000128c4c9001,TIFF,TIFF-LE,1024,1024,RGB,3,8,True,243.62313842773438,3.7501600061245393,0.9752321243286133,0.0,1.6356216866247637,NEAR_BLANK;LOW_VARIANCE;LOW_INFORMATION;VERY_BRIGHT,False,False,False,False,False,True,REVIEW,False,image QC status REVIEW
P9-B11-26303-28482,P9-B11-26303-28482,P9 B11-26303-28482,http://pathdb.cancerimagingarchive.net/system/files/wsi/ross/Osteosarcoma-UT/converted/Osteosarcoma-UT/Training-Set-1/set10/P9-B11-26303-28482.tiff,P9,Non-Tumor,NON_TUMOR,TRUE,False,RETRIEVED,200,C:\Users\enkso\.kiro\crew\scratch\runtime-0a306834\osteopatch_full_ingestion\tiffs\P9-B11-26303-28482.tiff,211822,50a588ad102a2c567cfafcc40ce4dc1ffbc08ed52469eb5bd3d7920cc17160bd,2f1301447133129dd87074610944cd940646877dc51796b46a06d5547eaa5217,bd6c5b94cdba2409,23478727728c395a,TIFF,TIFF-LE,1024,1024,RGB,3,8,True,153.88734340667725,19.5832215026032,0.014690399169921875,0.0,5.952750076585003,,False,False,False,False,False,False,PASS,True,
P9-B11-26308-7596,P9-B11-26308-7596,P9 B11-26308-7596,http://pathdb.cancerimagingarchive.net/system/files/wsi/ross/Osteosarcoma-UT/converted/Osteosarcoma-UT/Training-Set-1/set10/P9-B11-26308-7596.tiff,P9,Non-Tumor,NON_TUMOR,TRUE,False,RETRIEVED,200,C:\Users\enkso\.kiro\crew\scratch\runtime-0a306834\osteopatch_full_ingestion\tiffs\P9-B11-26308-7596.tiff,196896,58ebb5eb1343eaa4d1f434e9f57d4e015bd0d40c3361e3c47716dc9fd5ba99db,655dbf2b288f69003056f3457e3f4e16ba1af69d55d6a677c1fac680f5923cab,ccb25938013f3bea,1cb46eeca73337c2,TIFF,TIFF-LE,1024,1024,RGB,3,8,True,212.62001991271973,50.682164651000754,0.6527242660522461,9.5367431640625e-07,5.14012282825487,,False,False,False,False,False,False,PASS,True,
P9-B11-26343-18701,P9-B11-26343-18701,P9 B11-26343-18701,http://pathdb.cancerimagingarchive.net/system/files/wsi/ross/Osteosarcoma-UT/converted/Osteosarcoma-UT/Training-Set-1/set10/P9-B11-26343-18701.tiff,P9,Non-Tumor,NON_TUMOR,TRUE,False,RETRIEVED,200,C:\Users\enkso\.kiro\crew\scratch\runtime-0a306834\osteopatch_full_ingestion\tiffs\P9-B11-26343-18701.tiff,109106,0c5521db9f595c4154bb7ecc73eb68a7dcf7b7b5bc57fe66b8e327f040eeedc3,55b1a029b5403408fac05e6a558cdb60532d8a970bd4aa6358f0fd02c76fbe23,a17d6ccccec08717,811fdeb978d0d100,TIFF,TIFF-LE,1024,1024,RGB,3,8,True,218.64085578918457,46.93481900785097,0.7560815811157227,0.0,4.413107542794507,,False,False,False,False,False,False,PASS,True,
P9-B11-26402-13634,P9-B11-26402-13634,P9 B11-26402-13634,http://pathdb.cancerimagingarchive.net/system/files/wsi/ross/Osteosarcoma-UT/converted/Osteosarcoma-UT/Training-Set-1/set10/P9-B11-26402-13634.tiff,P9,Non-Tumor,NON_TUMOR,TRUE,False,RETRIEVED,200,C:\Users\enkso\.kiro\crew\scratch\runtime-0a306834\osteopatch_full_ingestion\tiffs\P9-B11-26402-13634.tiff,194714,2ab5edea64cd28e706d1250f9ecb4261d3047bbea0673e9ede456476b8a06a03,2c959da74b64f81027442a7ad1f3c03383246db14b330895ee8451b2bd9cd75c,87ff008be285c8e7,d97ca02d5153c6cd,TIFF,TIFF-LE,1024,1024,RGB,3,8,True,218.93848991394043,48.636295043506294,0.7094955444335938,1.52587890625e-05,4.889947343901715,,False,False,False,False,False,False,PASS,True,
P9-B11-29902-13822,P9-B11-29902-13822,P9 B11-29902-13822,http://pathdb.cancerimagingarchive.net/system/files/wsi/ross/Osteosarcoma-UT/converted/Osteosarcoma-UT/Training-Set-1/set10/P9-B11-29902-13822.tiff,P9,Non-Tumor,NON_TUMOR,TRUE,False,RETRIEVED,200,C:\Users\enkso\.kiro\crew\scratch\runtime-0a306834\osteopatch_full_ingestion\tiffs\P9-B11-29902-13822.tiff,180492,3c3069dc0630bc820ed7838cd99a51e65bca2649279647136b36443f7fab3b47,06ca66e4db30832d01173cde892713b9392c5dd00cedae753031f19fcf38d45f,ec6acc1df0857943,4025038e1d33f6c4,TIFF,TIFF-LE,1024,1024,RGB,3,8,True,196.3066062927246,52.19514113423927,0.4965181350708008,0.0,5.770398082934132,,False,False,False,False,False,False,PASS,True,
P9-B11-30287-7531,P9-B11-30287-7531,P9 B11-30287-7531,http://pathdb.cancerimagingarchive.net/system/files/wsi/ross/Osteosarcoma-UT/converted/Osteosarcoma-UT/Training-Set-1/set10/P9-B11-30287-7531.tiff,P9,Non-Tumor,NON_TUMOR,TRUE,False,RETRIEVED,200,C:\Users\enkso\.kiro\crew\scratch\runtime-0a306834\osteopatch_full_ingestion\tiffs\P9-B11-30287-7531.tiff,92036,6d4b293c3dc04eeb1d5247fab6fd9aa06bf677a5cf820c226674f1812609c31d,9cb8a32e39b923a98d43c67412252779ba20c31a6675dadca406dd16898cd6d6,b6f8c69d3d614292,1b24cd0f3cf3cccd,TIFF,TIFF-LE,1024,1024,RGB,3,8,True,221.1770315170288,45.36657071660761,0.7883243560791016,0.0,3.74525278276017,,False,False,False,False,False,False,PASS,True,
P9-B11-34379-16878,P9-B11-34379-16878,P9 B11-34379-16878,http://pathdb.cancerimagingarchive.net/system/files/wsi/ross/Osteosarcoma-UT/converted/Osteosarcoma-UT/Training-Set-1/set10/P9-B11-34379-16878.tiff,P9,Non-Tumor,NON_TUMOR,TRUE,False,RETRIEVED,200,C:\Users\enkso\.kiro\crew\scratch\runtime-0a306834\osteopatch_full_ingestion\tiffs\P9-B11-34379-16878.tiff,76180,3f487b9c89c4cd507e83eb47ca73a44d6046078a38cf2eb4d004ced2e70852bd,c78c4bdbdcd93d6db1bb1e26d5e18d7983b98da71200c010d4e5e12f92286dc1,9737f7c78e980106,680e1e3ae4d32082,TIFF,TIFF-LE,1024,1024,RGB,3,8,True,220.10698890686035,43.2520107986227,0.7646675109863281,0.0,3.4805468419153147,,False,False,False,False,False,False,PASS,True,
P9-B11-35165-17386,P9-B11-35165-17386,P9 B11-35165-17386,http://pathdb.cancerimagingarchive.net/system/files/wsi/ross/Osteosarcoma-UT/converted/Osteosarcoma-UT/Training-Set-1/set10/P9-B11-35165-17386.tiff,P9,Non-Tumor,NON_TUMOR,TRUE,False,RETRIEVED,200,C:\Users\enkso\.kiro\crew\scratch\runtime-0a306834\osteopatch_full_ingestion\tiffs\P9-B11-35165-17386.tiff,39434,7299c017fa6eb4bfbb7e1247d9a03e269d3ccf14337d75018eb445496b525b56,17537746218303cee9aad7b24e4286fa51852d00c70b1d4107685caeb2f08640,8ff01fe03c07f00f,2080a04080686868,TIFF,TIFF-LE,1024,1024,RGB,3,8,True,239.24621677398682,22.243276619477747,0.9617633819580078,0.0,1.7445588923381439,NEAR_BLANK;LOW_INFORMATION,False,False,False,False,False,True,REVIEW,False,image QC status REVIEW
P9-B11-35942-19663,P9-B11-35942-19663,P9 B11-35942-19663,http://pathdb.cancerimagingarchive.net/system/files/wsi/ross/Osteosarcoma-UT/converted/Osteosarcoma-UT/Training-Set-1/set10/P9-B11-35942-19663.tiff,P9,Non-Tumor,NON_TUMOR,TRUE,False,RETRIEVED,200,C:\Users\enkso\.kiro\crew\scratch\runtime-0a306834\osteopatch_full_ingestion\tiffs\P9-B11-35942-19663.tiff,71700,cb4c5a889f9df49259143fe8c00795be0e062a6f9e819bcb973b6f1acc8e2b3e,11d6b2575ad42707a8804b15d0f5cc9a3ad07ba949c4b5ddf573305b6493d934,9fe6711c07f9e009,8840d06860b43a5a,TIFF,TIFF-LE,1024,1024,RGB,3,8,True,222.07631587982178,39.26567721835092,0.7710494995117188,0.0,3.276355092576228,,False,False,False,False,False,False,PASS,True,
P9-B11-5522-26247,P9-B11-5522-26247,P9 B11-5522-26247,http://pathdb.cancerimagingarchive.net/system/files/wsi/ross/Osteosarcoma-UT/converted/Osteosarcoma-UT/Training-Set-2/set10/P9-B11-5522-26247.tiff,P9,Non-Tumor,NON_TUMOR,TRUE,False,RETRIEVED,200,C:\Users\enkso\.kiro\crew\scratch\runtime-0a306834\osteopatch_full_ingestion\tiffs\P9-B11-5522-26247.tiff,142088,d3c853fe0e70e9421441a755f3f295c46b5257d684ba1cd89038770a2f6a7ef4,33ab8345858500729750fda572a7aa5da07d66f53c735455004680c574bd8fa4,f10aabcc5695e427,e4990c98c4a6da1c,TIFF,TIFF-LE,1024,1024,RGB,3,8,True,218.3052797317505,48.96808484286372,0.7436456680297852,0.0,4.049807675521343,,False,False,False,False,False,False,PASS,True,
P9-B11-6871-31252,P9-B11-6871-31252,P9 B11-6871-31252,http://pathdb.cancerimagingarchive.net/system/files/wsi/ross/Osteosarcoma-UT/converted/Osteosarcoma-UT/Training-Set-2/set10/P9-B11-6871-31252.tiff,P9,Non-Tumor,NON_TUMOR,TRUE,False,RETRIEVED,200,C:\Users\enkso\.kiro\crew\scratch\runtime-0a306834\osteopatch_full_ingestion\tiffs\P9-B11-6871-31252.tiff,195088,8d8e081603d586a7e7727dd23effe111b4774138bb18a5045c686a938e5add0a,4f2ebbea62a3c00dd24edaab6c07bdd062bf82b22ea33dbaef73bbc43e898b37,e21ae5e1c86beaa4,031c3de9b5194626,TIFF,TIFF-LE,1024,1024,RGB,3,8,True,206.2864351272583,51.916980940910705,0.5837011337280273,3.814697265625e-06,5.2749499594947595,,False,False,False,False,False,False,PASS,True,
P9-B12-10654-27260,P9-B12-10654-27260,P9 B12-10654-27260,http://pathdb.cancerimagingarchive.net/system/files/wsi/ross/Osteosarcoma-UT/converted/Osteosarcoma-UT/Training-Set-2/set10/P9-B12-10654-27260.tiff,P9,Non-Tumor,NON_TUMOR,TRUE,False,RETRIEVED,200,C:\Users\enkso\.kiro\crew\scratch\runtime-0a306834\osteopatch_full_ingestion\tiffs\P9-B12-10654-27260.tiff,140436,a22f51612bfdceeb3ad90d1254a818adf8c8901ccf0d0d4f5c859613d520ec8d,617f877d7ad542f9ecf89f3f76d585561dd96d442b005340d668090f6e16a194,bfa39878cdb05c88,9a4a4d46633e3c32,TIFF,TIFF-LE,1024,1024,RGB,3,8,True,222.57372856140137,44.084602840539965,0.7676725387573242,1.9073486328125e-06,3.517413651007059,,False,False,False,False,False,False,PASS,True,
P9-B12-10806-33872,P9-B12-10806-33872,P9 B12-10806-33872,http://pathdb.cancerimagingarchive.net/system/files/wsi/ross/Osteosarcoma-UT/converted/Osteosarcoma-UT/Training-Set-2/set10/P9-B12-10806-33872.tiff,P9,Non-Tumor,NON_TUMOR,TRUE,False,RETRIEVED,200,C:\Users\enkso\.kiro\crew\scratch\runtime-0a306834\osteopatch_full_ingestion\tiffs\P9-B12-10806-33872.tiff,221676,5780f672cbe1d6776e1542afea27e8e058a3dd0a7dabc234a72e303b1c4fefdb,5f9d1d29bbdb3bbc4ab21d1919b188b3a0966879ed8bf77b25cfbd8e6259c6f2,bdc2d07f68cb4d02,273ef8333f363a30,TIFF,TIFF-LE,1024,1024,RGB,3,8,True,153.44029903411865,18.81191662513953,0.006931304931640625,0.0,6.113975270922329,,False,False,False,False,False,False,PASS,True,
P9-B12-13935-21508,P9-B12-13935-21508,P9 B12-13935-21508,http://pathdb.cancerimagingarchive.net/system/files/wsi/ross/Osteosarcoma-UT/converted/Osteosarcoma-UT/Training-Set-2/set10/P9-B12-13935-21508.tiff,P9,Non-Tumor,NON_TUMOR,TRUE,False,RETRIEVED,200,C:\Users\enkso\.kiro\crew\scratch\runtime-0a306834\osteopatch_full_ingestion\tiffs\P9-B12-13935-21508.tiff,146552,36c7bafcdc1906b14a0ba2caddee6ca2b3fb83b80a3ecf99c2558d2bac8102a0,1ce912518f55b3f00c462c0a42675f4d90a10673d3e72b13acb2f235972e578b,c800b0e10b87bfff,9bb230d09367cb19,TIFF,TIFF-LE,1024,1024,RGB,3,8,True,211.9963254928589,53.68202510928471,0.6996145248413086,1.33514404296875e-05,4.486861969224542,,False,False,False,False,False,False,PASS,True,
P9-B12-14125-15905,P9-B12-14125-15905,P9 B12-14125-15905,http://pathdb.cancerimagingarchive.net/system/files/wsi/ross/Osteosarcoma-UT/converted/Osteosarcoma-UT/Training-Set-2/set10/P9-B12-14125-15905.tiff,P9,Non-Tumor,NON_TUMOR,TRUE,False,RETRIEVED,200,C:\Users\enkso\.kiro\crew\scratch\runtime-0a306834\osteopatch_full_ingestion\tiffs\P9-B12-14125-15905.tiff,146330,70774c5999b3efd8e9165c3ba5847c537bc7409030bbe5104954b44302328bff,6c60b4d7fb240d32bed7fe9f76a3a72f0bf0febeca8df38610925c0fbc50d907,e9424c99f2a7ead0,c1c3874f9c3a7663,TIFF,TIFF-LE,1024,1024,RGB,3,8,True,192.94939804077148,62.00228047837625,0.5621318817138672,2.47955322265625e-05,5.234343084184649,,False,False,False,False,False,False,PASS,True,
P9-B12-1528-19097,P9-B12-1528-19097,P9 B12-1528-19097,http://pathdb.cancerimagingarchive.net/system/files/wsi/ross/Osteosarcoma-UT/converted/Osteosarcoma-UT/Training-Set-2/set11/P9-B12-1528-19097.tiff,P9,Non-Tumor,NON_TUMOR,TRUE,False,RETRIEVED,200,C:\Users\enkso\.kiro\crew\scratch\runtime-0a306834\osteopatch_full_ingestion\tiffs\P9-B12-1528-19097.tiff,128548,a588b8d7b37070ee2a9293986d9e28893ee9b495d51d4a5fd42613f3bb6e78d9,13e23ac72ba35dc5dd0c5c68742f8e1500bf41de6981c5a5caad4c7b6abee0d6,ca1a1e5ede6a4a52,b168d9ab24a78f04,TIFF,TIFF-LE,1024,1024,RGB,3,8,True,223.79796314239502,44.162724060579436,0.7637090682983398,0.00014495849609375,3.363974620519571,,False,False,False,False,False,False,PASS,True,
P9-B12-15791-34183,P9-B12-15791-34183,P9 B12-15791-34183,http://pathdb.cancerimagingarchive.net/system/files/wsi/ross/Osteosarcoma-UT/converted/Osteosarcoma-UT/Training-Set-2/set11/P9-B12-15791-34183.tiff,P9,Non-Tumor,NON_TUMOR,TRUE,False,RETRIEVED,200,C:\Users\enkso\.kiro\crew\scratch\runtime-0a306834\osteopatch_full_ingestion\tiffs\P9-B12-15791-34183.tiff,220694,168ed6fc89b516303c1c2a5e89953d525c51e791dfaaaf76675dbe59418df642,66e8067fd865f14e717b8298ad0ad5fbe86fd614f649e4f5c4904a450f4d991c,d52fca9ee10e7881,262edece9a34c888,TIFF,TIFF-LE,1024,1024,RGB,3,8,True,159.3737382888794,32.3088122033285,0.08327388763427734,0.0,6.445352226986855,,False,False,False,False,False,False,PASS,True,
P9-B12-16016-24828,P9-B12-16016-24828,P9 B12-16016-24828,http://pathdb.cancerimagingarchive.net/system/files/wsi/ross/Osteosarcoma-UT/converted/Osteosarcoma-UT/Training-Set-2/set11/P9-B12-16016-24828.tiff,P9,Non-Tumor,NON_TUMOR,TRUE,False,RETRIEVED,200,C:\Users\enkso\.kiro\crew\scratch\runtime-0a306834\osteopatch_full_ingestion\tiffs\P9-B12-16016-24828.tiff,188620,9bfe4aa4b5aabcf910f05b0ff23883096de5f88ad3ad98d0ba03ab54514e3692,f437b1d98fcfdc132a1468a58c9508077ad22bda3a5a39f11cfa503a654eda8e,d7cb9534c318b370,ca7058c1871ef4f0,TIFF,TIFF-LE,1024,1024,RGB,3,8,True,192.44478607177734,60.46749131686717,0.5339040756225586,6.389617919921875e-05,5.419990017210697,,False,False,False,False,False,False,PASS,True,
P9-B12-16205-18441,P9-B12-16205-18441,P9 B12-16205-18441,http://pathdb.cancerimagingarchive.net/system/files/wsi/ross/Osteosarcoma-UT/converted/Osteosarcoma-UT/Training-Set-2/set11/P9-B12-16205-18441.tiff,P9,Non-Tumor,NON_TUMOR,TRUE,False,RETRIEVED,200,C:\Users\enkso\.kiro\crew\scratch\runtime-0a306834\osteopatch_full_ingestion\tiffs\P9-B12-16205-18441.tiff,141290,916db47f31f24c811c90abc7be2be038092aaad636f6552c20cadd014b4cd9fe,60299d00b79aacfd2d1b0742248df9b383444f61250b7adcb62a95b8dda3a71c,85d8dfa0264bf836,024eb0c3dcdd625c,TIFF,TIFF-LE,1024,1024,RGB,3,8,True,220.38661193847656,47.087791127772896,0.7623872756958008,0.000202178955078125,4.127219092555637,,False,False,False,False,False,False,PASS,True,
P9-B12-16776-15675,P9-B12-16776-15675,P9 B12-16776-15675,http://pathdb.cancerimagingarchive.net/system/files/wsi/ross/Osteosarcoma-UT/converted/Osteosarcoma-UT/Training-Set-2/set11/P9-B12-16776-15675.tiff,P9,Non-Tumor,NON_TUMOR,TRUE,False,RETRIEVED,200,C:\Users\enkso\.kiro\crew\scratch\runtime-0a306834\osteopatch_full_ingestion\tiffs\P9-B12-16776-15675.tiff,125792,bba36435ee2a595c6350dc8631782f2235804f41da531c319ca82e16025f6623,7083b4f6fa219647ac95c5826f8d7a1c39b9a94fcf1648cbc886ff73934eba98,dcbb3872e16ed00c,3b3a74cb644067a2,TIFF,TIFF-LE,1024,1024,RGB,3,8,True,209.43668937683105,53.92544595183792,0.6822223663330078,3.814697265625e-06,4.248160237529717,,False,False,False,False,False,False,PASS,True,
P9-B12-16864-22190,P9-B12-16864-22190,P9 B12-16864-22190,http://pathdb.cancerimagingarchive.net/system/files/wsi/ross/Osteosarcoma-UT/converted/Osteosarcoma-UT/Training-Set-2/set11/P9-B12-16864-22190.tiff,P9,Non-Tumor,NON_TUMOR,TRUE,False,RETRIEVED,200,C:\Users\enkso\.kiro\crew\scratch\runtime-0a306834\osteopatch_full_ingestion\tiffs\P9-B12-16864-22190.tiff,222068,bc8617c56f8deff7f9494487d4dec2976f3bf9febb85363eb6a42d501397f26d,be4b884966ce077aafda315de923eb26b8160438f071d38c9c7a1e6f037c950e,e1df697a02645b2c,0b0a76648d1b9797,TIFF,TIFF-LE,1024,1024,RGB,3,8,True,204.44160079956055,62.07623378670999,0.6415061950683594,1.621246337890625e-05,5.178505962026133,,False,False,False,False,False,False,PASS,True,
P9-B12-17951-15665,P9-B12-17951-15665,P9 B12-17951-15665,http://pathdb.cancerimagingarchive.net/system/files/wsi/ross/Osteosarcoma-UT/converted/Osteosarcoma-UT/Training-Set-2/set11/P9-B12-17951-15665.tiff,P9,Non-Tumor,NON_TUMOR,TRUE,False,RETRIEVED,200,C:\Users\enkso\.kiro\crew\scratch\runtime-0a306834\osteopatch_full_ingestion\tiffs\P9-B12-17951-15665.tiff,130876,bc9956c1168add0d35e774bbd9b9af6960b0d15117482e1ecfd784fb380e547b,c2e25a7e0ee282b767ff114059875c40f9b198b274be12dcd610d959e04a7015,9f3fae441091cc6b,7464323880f4e2e3,TIFF,TIFF-LE,1024,1024,RGB,3,8,True,208.57491397857666,53.03634983447629,0.6552972793579102,1.811981201171875e-05,4.636473976507076,,False,False,False,False,False,False,PASS,True,
P9-B12-18729-28478,P9-B12-18729-28478,P9 B12-18729-28478,http://pathdb.cancerimagingarchive.net/system/files/wsi/ross/Osteosarcoma-UT/converted/Osteosarcoma-UT/Training-Set-2/set11/P9-B12-18729-28478.tiff,P9,Non-Tumor,NON_TUMOR,TRUE,False,RETRIEVED,200,C:\Users\enkso\.kiro\crew\scratch\runtime-0a306834\osteopatch_full_ingestion\tiffs\P9-B12-18729-28478.tiff,164882,ae9a565b0c80c99e4b05799270cba831f2f5a7bad0269e95f1be74857ff66c07,d24712376113bcc57dcac5cba5372207eaa91858a16f31a5372e747fad8249c6,e1efc0efcc819903,0306d7b2a7dedc9d,TIFF,TIFF-LE,1024,1024,RGB,3,8,True,150.50322246551514,37.98904297506225,0.11026382446289062,0.0,6.36127615501254,,False,False,False,False,False,False,PASS,True,
P9-B12-21385-26109,P9-B12-21385-26109,P9 B12-21385-26109,http://pathdb.cancerimagingarchive.net/system/files/wsi/ross/Osteosarcoma-UT/converted/Osteosarcoma-UT/Training-Set-1/set10/P9-B12-21385-26109.tiff,P9,Non-Tumor,NON_TUMOR,TRUE,False,RETRIEVED,200,C:\Users\enkso\.kiro\crew\scratch\runtime-0a306834\osteopatch_full_ingestion\tiffs\P9-B12-21385-26109.tiff,107494,ba47a84338b3d776acd0a14c2715e88f96f30f33c24bf1e8949d3e2a853ceeb6,e2956476f1e16d4949644da2b4c7bea9f1c9e24ee305133ed202db3d6a35fb1d,c46e5df3c0850fa9,800467e688e58a80,TIFF,TIFF-LE,1024,1024,RGB,3,8,True,212.00316333770752,47.996281306016265,0.6835346221923828,4.76837158203125e-06,4.518474932122694,,False,False,False,False,False,False,PASS,True,
P9-B12-22760-3440,P9-B12-22760-3440,P9 B12-22760-3440,http://pathdb.cancerimagingarchive.net/system/files/wsi/ross/Osteosarcoma-UT/converted/Osteosarcoma-UT/Training-Set-1/set10/P9-B12-22760-3440.tiff,P9,Non-Tumor,NON_TUMOR,TRUE,False,RETRIEVED,200,C:\Users\enkso\.kiro\crew\scratch\runtime-0a306834\osteopatch_full_ingestion\tiffs\P9-B12-22760-3440.tiff,256012,55f24cc59fee14a934acdba2be08e4374992bc362b0ca3c424d8863cf56309d5,1e6ee539d293c6621ee186b6564d7396bcc9e66c755c44be10bf92c84cd6e980,8c4e0debf11ca761,f061e4948c6bb2da,TIFF,TIFF-LE,1024,1024,RGB,3,8,True,196.42018222808838,48.922164245077695,0.41159915924072266,9.5367431640625e-07,6.356262438800642,,False,False,False,False,False,False,PASS,True,
P9-B12-22944-25112,P9-B12-22944-25112,P9 B12-22944-25112,http://pathdb.cancerimagingarchive.net/system/files/wsi/ross/Osteosarcoma-UT/converted/Osteosarcoma-UT/Training-Set-1/set10/P9-B12-22944-25112.tiff,P9,Non-Tumor,NON_TUMOR,TRUE,False,RETRIEVED,200,C:\Users\enkso\.kiro\crew\scratch\runtime-0a306834\osteopatch_full_ingestion\tiffs\P9-B12-22944-25112.tiff,87766,5f8d3b6a7c7fef377ce42ce201374d9ee41e7bb25b68376c95ffc620c2037ff6,313715de1b4496c126c279d6f4fdc543c120f564c077892032ee347d1e9063aa,bfc18b6ac230eeb0,21208e6000073ff8,TIFF,TIFF-LE,1024,1024,RGB,3,8,True,208.00039196014404,54.847051927237835,0.6949977874755859,0.0,4.242769861595342,,False,False,False,False,False,False,PASS,True,
P9-B12-23055-29024,P9-B12-23055-29024,P9 B12-23055-29024,http://pathdb.cancerimagingarchive.net/system/files/wsi/ross/Osteosarcoma-UT/converted/Osteosarcoma-UT/Training-Set-1/set10/P9-B12-23055-29024.tiff,P9,Non-Tumor,NON_TUMOR,TRUE,False,RETRIEVED,200,C:\Users\enkso\.kiro\crew\scratch\runtime-0a306834\osteopatch_full_ingestion\tiffs\P9-B12-23055-29024.tiff,222698,66de8f36073fcd7633c857f25cc8a50b9f4547a88db0c5c96c318317b7152884,b9200cd5e3112597303db165e82b87dbecb43879a6e0005d3e6531deb03faee3,d9d9d9830727262e,d892325870d030c4,TIFF,TIFF-LE,1024,1024,RGB,3,8,True,159.3925323486328,23.24547610181395,0.03348255157470703,0.0,6.129564333722426,,False,False,False,False,False,False,PASS,True,
P9-B12-23537-5923,P9-B12-23537-5923,P9 B12-23537-5923,http://pathdb.cancerimagingarchive.net/system/files/wsi/ross/Osteosarcoma-UT/converted/Osteosarcoma-UT/Training-Set-1/set10/P9-B12-23537-5923.tiff,P9,Non-Tumor,NON_TUMOR,TRUE,False,RETRIEVED,200,C:\Users\enkso\.kiro\crew\scratch\runtime-0a306834\osteopatch_full_ingestion\tiffs\P9-B12-23537-5923.tiff,134468,e32497f92481d181422ad802e7a7551a817879a1c92e90594b216db372c8ad69,d5ed44da7c54fd2ec94e7256cefb5db04831aa36eaea2e8422027d55dadad32d,861b0f2d035f0eaf,e5d924c8c63416ca,TIFF,TIFF-LE,1024,1024,RGB,3,8,True,229.53664875030518,36.07903427260469,0.7960662841796875,2.956390380859375e-05,3.87672568994211,,False,False,False,False,False,False,PASS,True,
P9-B12-25916-5462,P9-B12-25916-5462,P9 B12-25916-5462,http://pathdb.cancerimagingarchive.net/system/files/wsi/ross/Osteosarcoma-UT/converted/Osteosarcoma-UT/Training-Set-1/set10/P9-B12-25916-5462.tiff,P9,Non-Tumor,NON_TUMOR,TRUE,False,RETRIEVED,200,C:\Users\enkso\.kiro\crew\scratch\runtime-0a306834\osteopatch_full_ingestion\tiffs\P9-B12-25916-5462.tiff,133514,0b8596c380dd1583ca04413ca70c9173be14cc3d1458eab48566fb6480657c7a,0d00a4b7fb30fc18d0a5c6ae871d17eb77822ec7894de5d61af01b6c3ea4e925,d33d4e6771180d27,94687c988a489089,TIFF,TIFF-LE,1024,1024,RGB,3,8,True,202.47979927062988,54.83665743105655,0.6078729629516602,3.62396240234375e-05,4.709358710625721,,False,False,False,False,False,False,PASS,True,
P9-B12-27373-27674,P9-B12-27373-27674,P9 B12-27373-27674,http://pathdb.cancerimagingarchive.net/system/files/wsi/ross/Osteosarcoma-UT/converted/Osteosarcoma-UT/Training-Set-1/set10/P9-B12-27373-27674.tiff,P9,Non-Tumor,NON_TUMOR,TRUE,False,RETRIEVED,200,C:\Users\enkso\.kiro\crew\scratch\runtime-0a306834\osteopatch_full_ingestion\tiffs\P9-B12-27373-27674.tiff,216750,32ad95eeb30038fb3fbf7c5b3985ac87260a364dc6a0707fe07c69913d886d23,e0aa7115e2621d26968886aed7c2de92a5fb003c46af4babc771cdceb5aee8fb,b290921397b7f4e4,1899171cfbcb9abb,TIFF,TIFF-LE,1024,1024,RGB,3,8,True,160.98918628692627,27.14090126232227,0.0657339096069336,0.0,6.169433458696076,,False,False,False,False,False,False,PASS,True,
P9-B12-29086-24068,P9-B12-29086-24068,P9 B12-29086-24068,http://pathdb.cancerimagingarchive.net/system/files/wsi/ross/Osteosarcoma-UT/converted/Osteosarcoma-UT/Training-Set-1/set10/P9-B12-29086-24068.tiff,P9,Non-Tumor,NON_TUMOR,TRUE,False,RETRIEVED,200,C:\Users\enkso\.kiro\crew\scratch\runtime-0a306834\osteopatch_full_ingestion\tiffs\P9-B12-29086-24068.tiff,183264,0f7a4ccd54752848fc1d174771e4b76b9cb6e720dd39a9c537306d45c85fe4a8,d7fc4106250912f56789e0fdea7d901240ad865b8dd444fa33214106fb0fb353,f22d6df0c20d09be,830c7be58d080c0c,TIFF,TIFF-LE,1024,1024,RGB,3,8,True,142.82110691070557,16.702191281537612,0.010332107543945312,0.0,5.650657953633862,,False,False,False,False,False,False,PASS,True,
P9-B12-29972-10692,P9-B12-29972-10692,P9 B12-29972-10692,http://pathdb.cancerimagingarchive.net/system/files/wsi/ross/Osteosarcoma-UT/converted/Osteosarcoma-UT/Training-Set-1/set10/P9-B12-29972-10692.tiff,P9,Non-Tumor,NON_TUMOR,TRUE,False,RETRIEVED,200,C:\Users\enkso\.kiro\crew\scratch\runtime-0a306834\osteopatch_full_ingestion\tiffs\P9-B12-29972-10692.tiff,160696,ece6bf59fc3e363bc7d9d74932f1516880b806c98ffdbea02c6183d8a0622a85,52455c59dff50ee219325e74606e93908f3fe6d225b2cf66e734ab6e0bd7e03c,9de39635e40a5a17,2bbcf1830e1c78f4,TIFF,TIFF-LE,1024,1024,RGB,3,8,True,208.13840579986572,48.78841690410561,0.6038074493408203,3.814697265625e-06,5.558550314415742,,False,False,False,False,False,False,PASS,True,
P9-B12-30756-25977,P9-B12-30756-25977,P9 B12-30756-25977,http://pathdb.cancerimagingarchive.net/system/files/wsi/ross/Osteosarcoma-UT/converted/Osteosarcoma-UT/Training-Set-1/set10/P9-B12-30756-25977.tiff,P9,Non-Tumor,NON_TUMOR,TRUE,False,RETRIEVED,200,C:\Users\enkso\.kiro\crew\scratch\runtime-0a306834\osteopatch_full_ingestion\tiffs\P9-B12-30756-25977.tiff,222766,f6dd0a357630b86ca8971d1712e2a47b63c5f054a7c10d8dce93411820e7852d,d13171f30c2da675d7467ef17d8d880dfeff4b84867482bc7766c73c6caaca90,f4c84b52b52b5a56,b1c0010614192306,TIFF,TIFF-LE,1024,1024,RGB,3,8,True,151.199875831604,18.66337380490897,0.015032768249511719,0.0,5.895297124294649,,False,False,False,False,False,False,PASS,True,
P9-B12-30770-23009,P9-B12-30770-23009,P9 B12-30770-23009,http://pathdb.cancerimagingarchive.net/system/files/wsi/ross/Osteosarcoma-UT/converted/Osteosarcoma-UT/Training-Set-1/set10/P9-B12-30770-23009.tiff,P9,Non-Tumor,NON_TUMOR,TRUE,False,RETRIEVED,200,C:\Users\enkso\.kiro\crew\scratch\runtime-0a306834\osteopatch_full_ingestion\tiffs\P9-B12-30770-23009.tiff,225538,111895d226edc7b3cf002f0dc83070edb814d066ad9298ed1f89f091ca440197,0f8d3327ce20e4b3e0c85aafef8d6872bf923ec0aa6948d8641599b40c035cf8,cb2d71e54a1b7017,4b271c31c1924010,TIFF,TIFF-LE,1024,1024,RGB,3,8,True,149.61365032196045,15.189591257595582,0.0036363601684570312,9.5367431640625e-07,5.852548708739293,,False,False,False,False,False,False,PASS,True,
P9-B12-31177-18166,P9-B12-31177-18166,P9 B12-31177-18166,http://pathdb.cancerimagingarchive.net/system/files/wsi/ross/Osteosarcoma-UT/converted/Osteosarcoma-UT/Training-Set-1/set10/P9-B12-31177-18166.tiff,P9,Non-Tumor,NON_TUMOR,TRUE,False,RETRIEVED,200,C:\Users\enkso\.kiro\crew\scratch\runtime-0a306834\osteopatch_full_ingestion\tiffs\P9-B12-31177-18166.tiff,126818,34c2ba44b38bb66add080866f62e6b51d91eb23be5c3be2d32e992530ed7029d,78d096186ba8f14d58cb6d8775544899ad045e2afcea5d63f161ee14ffbcdb66,f9849b346ac59a78,21be30c10f1f1899,TIFF,TIFF-LE,1024,1024,RGB,3,8,True,216.34202480316162,45.73266670903821,0.7045831680297852,1.049041748046875e-05,4.166057895289365,,False,False,False,False,False,False,PASS,True,
P9-B12-33745-16087,P9-B12-33745-16087,P9 B12-33745-16087,http://pathdb.cancerimagingarchive.net/system/files/wsi/ross/Osteosarcoma-UT/converted/Osteosarcoma-UT/Training-Set-1/set10/P9-B12-33745-16087.tiff,P9,Non-Tumor,NON_TUMOR,TRUE,False,RETRIEVED,200,C:\Users\enkso\.kiro\crew\scratch\runtime-0a306834\osteopatch_full_ingestion\tiffs\P9-B12-33745-16087.tiff,108266,53a68c5adaa71827851441fe4e500c5107e71f421c39b5b93ccb38f3543d6820,268d6f06e32b21e30324945e6ba55a28150397dca92d9caa14b710b2b24c506c,eaa713e125ea14e9,494e230903b149b8,TIFF,TIFF-LE,1024,1024,RGB,3,8,True,222.01591110229492,45.071979161022085,0.7894287109375,0.0,3.580982111213297,,False,False,False,False,False,False,PASS,True,
P9-B12-3695-15824,P9-B12-3695-15824,P9 B12-3695-15824,http://pathdb.cancerimagingarchive.net/system/files/wsi/ross/Osteosarcoma-UT/converted/Osteosarcoma-UT/Training-Set-2/set11/P9-B12-3695-15824.tiff,P9,Non-Tumor,NON_TUMOR,TRUE,False,RETRIEVED,200,C:\Users\enkso\.kiro\crew\scratch\runtime-0a306834\osteopatch_full_ingestion\tiffs\P9-B12-3695-15824.tiff,80150,1787d520ea9a8ab54f228d3f961e25e6ddfa6435fdd2c8c37717debe94781964,2cde88e8229050e7242e4e64d02d8b6fadf78024fe04b4f550d461bfe5557145,aacbf0c0973e4a5a,6993296bcc870f3d,TIFF,TIFF-LE,1024,1024,RGB,3,8,True,223.49615669250488,41.27760868933922,0.7714157104492188,0.0,2.9972492425991657,LOW_INFORMATION,False,False,False,False,False,True,REVIEW,False,image QC status REVIEW
P9-B12-7286-14751,P9-B12-7286-14751,P9 B12-7286-14751,http://pathdb.cancerimagingarchive.net/system/files/wsi/ross/Osteosarcoma-UT/converted/Osteosarcoma-UT/Training-Set-2/set11/P9-B12-7286-14751.tiff,P9,Non-Tumor,NON_TUMOR,TRUE,False,RETRIEVED,200,C:\Users\enkso\.kiro\crew\scratch\runtime-0a306834\osteopatch_full_ingestion\tiffs\P9-B12-7286-14751.tiff,204078,2fcdf5a7edc0031c831a76a850fcba3d60717de75ceb7a4fd9cbb116d089147c,89ba99350bcd70f843c35337365adc43393b03ac274690ca35532b42a55b4690,9b01ea3715779694,cbd3b1183e3d2b41,TIFF,TIFF-LE,1024,1024,RGB,3,8,True,200.34614372253418,52.184930853432434,0.51116943359375,1.9073486328125e-06,5.643245386726251,,False,False,False,False,False,False,PASS,True,
P9-B12-7917-18432,P9-B12-7917-18432,P9 B12-7917-18432,http://pathdb.cancerimagingarchive.net/system/files/wsi/ross/Osteosarcoma-UT/converted/Osteosarcoma-UT/Training-Set-2/set11/P9-B12-7917-18432.tiff,P9,Non-Tumor,NON_TUMOR,TRUE,False,RETRIEVED,200,C:\Users\enkso\.kiro\crew\scratch\runtime-0a306834\osteopatch_full_ingestion\tiffs\P9-B12-7917-18432.tiff,160198,b1dbd57370de5f53d43d3affbade3e5a3cba123c45e183ae81de73e356edc22c,30c41662765281bf71e53363fdf2e06833b323c296d722b195abf12a56911757,bc0e9ad1ec273a8c,85286766a619d831,TIFF,TIFF-LE,1024,1024,RGB,3,8,True,223.13268375396729,45.18301927442366,0.7580099105834961,1.239776611328125e-05,4.287674783926342,,False,False,False,False,False,False,PASS,True,
P9-B27-12460-16377,P9-B27-12460-16377,P9 B27-12460-16377,http://pathdb.cancerimagingarchive.net/system/files/wsi/ross/Osteosarcoma-UT/converted/Osteosarcoma-UT/Training-Set-2/set11/P9-B27-12460-16377.tiff,P9,Non-Tumor,NON_TUMOR,TRUE,False,RETRIEVED,200,C:\Users\enkso\.kiro\crew\scratch\runtime-0a306834\osteopatch_full_ingestion\tiffs\P9-B27-12460-16377.tiff,135392,6394c1088d458f0faaa48ad5e497e1557646bb33846ce71116bcdcb6e4fe95da,4daf30e4be95d7c63593690e500029609284cce57dac4d0f99a7c0935a640870,da5252565455b5b5,b0d193a915c353b2,TIFF,TIFF-LE,1024,1024,RGB,3,8,True,228.6675729751587,42.06307066180091,0.8214826583862305,2.86102294921875e-06,3.5296587130135535,,False,False,False,False,False,False,PASS,True,
P9-B27-14462-34695,P9-B27-14462-34695,P9 B27-14462-34695,http://pathdb.cancerimagingarchive.net/system/files/wsi/ross/Osteosarcoma-UT/converted/Osteosarcoma-UT/Training-Set-2/set11/P9-B27-14462-34695.tiff,P9,Non-Tumor,NON_TUMOR,TRUE,False,RETRIEVED,200,C:\Users\enkso\.kiro\crew\scratch\runtime-0a306834\osteopatch_full_ingestion\tiffs\P9-B27-14462-34695.tiff,221170,0df4a23a67423815f9a76e70c58018bd0b10cfa61fbf353dc40e00ab4866102c,f91e708ec2a4980aa8d6a0d403d7950f4f7b9cb4d4304bc9f07d3e2829af3c51,e3ebd453524b96a0,5013d7cb0e4cc384,TIFF,TIFF-LE,1024,1024,RGB,3,8,True,163.82061862945557,26.68970007412944,0.049777984619140625,9.5367431640625e-07,6.37926815711538,,False,False,False,False,False,False,PASS,True,
P9-B27-16009-8612,P9-B27-16009-8612,P9 B27-16009-8612,http://pathdb.cancerimagingarchive.net/system/files/wsi/ross/Osteosarcoma-UT/converted/Osteosarcoma-UT/Training-Set-2/set11/P9-B27-16009-8612.tiff,P9,Non-Tumor,NON_TUMOR,TRUE,False,RETRIEVED,200,C:\Users\enkso\.kiro\crew\scratch\runtime-0a306834\osteopatch_full_ingestion\tiffs\P9-B27-16009-8612.tiff,140210,7fc5c128b3d6cc1392d8e0a1f068418183ef614dc5c58c4f53615316bd1c215d,6432a06c46619dca3b5cce52d63e6cbb1a006d2f0832e41c673bc334121509cf,a74bd89236d0f4f0,497363664ece9a1e,TIFF,TIFF-LE,1024,1024,RGB,3,8,True,213.0870418548584,49.38740128555711,0.6762151718139648,9.5367431640625e-07,4.285240481166955,,False,False,False,False,False,False,PASS,True,
P9-B27-17480-8356,P9-B27-17480-8356,P9 B27-17480-8356,http://pathdb.cancerimagingarchive.net/system/files/wsi/ross/Osteosarcoma-UT/converted/Osteosarcoma-UT/Training-Set-2/set11/P9-B27-17480-8356.tiff,P9,Non-Tumor,NON_TUMOR,TRUE,False,RETRIEVED,200,C:\Users\enkso\.kiro\crew\scratch\runtime-0a306834\osteopatch_full_ingestion\tiffs\P9-B27-17480-8356.tiff,171324,ecbd8262b92c0f1188b61a0f3b69670ba531190d83fcdb8beec04694cc2a1388,a5bddddc7982c94e0860b6169a5fbd5ba25297b7366396d5729be1c6faf173e3,bfa0679423070e9f,cf1e7cdb33356a4b,TIFF,TIFF-LE,1024,1024,RGB,3,8,True,222.9763946533203,43.67947224132744,0.7475376129150391,0.0,3.998905662690496,,False,False,False,False,False,False,PASS,True,
P9-B27-19851-11325,P9-B27-19851-11325,P9 B27-19851-11325,http://pathdb.cancerimagingarchive.net/system/files/wsi/ross/Osteosarcoma-UT/converted/Osteosarcoma-UT/Training-Set-2/set11/P9-B27-19851-11325.tiff,P9,Non-Tumor,NON_TUMOR,TRUE,False,RETRIEVED,200,C:\Users\enkso\.kiro\crew\scratch\runtime-0a306834\osteopatch_full_ingestion\tiffs\P9-B27-19851-11325.tiff,76282,0c7495458a419071544391cc8945111f03d1f5bc3a8c1ed0da0db4e4df601c7b,97b4c4edf47a6310b9e57e4d418f6e7d157b07a7a76ed08a22f0afa583a8f7df,8c94f31c1ce3f41e,006080ea35974b0d,TIFF,TIFF-LE,1024,1024,RGB,3,8,True,233.31422519683838,32.76802989560828,0.876739501953125,1.9073486328125e-06,2.4453775612739586,LOW_INFORMATION,False,False,False,False,False,True,REVIEW,False,image QC status REVIEW
P9-B27-19974-33573,P9-B27-19974-33573,P9 B27-19974-33573,http://pathdb.cancerimagingarchive.net/system/files/wsi/ross/Osteosarcoma-UT/converted/Osteosarcoma-UT/Training-Set-2/set11/P9-B27-19974-33573.tiff,P9,Non-Tumor,NON_TUMOR,TRUE,False,RETRIEVED,200,C:\Users\enkso\.kiro\crew\scratch\runtime-0a306834\osteopatch_full_ingestion\tiffs\P9-B27-19974-33573.tiff,37704,c6d95afd42d839f124b37ff983f278ce8c596927506128c990923f25046c93fe,fc02f237f5ac7764c4d106423fc8a470512af1e9cb5845918b6598c5cec4a5e2,80080d1f1f1f3f3f,f4c0208000040000,TIFF,TIFF-LE,1024,1024,RGB,3,8,True,240.01372814178467,20.620490150606162,0.9632949829101562,0.0,1.2805561438166682,NEAR_BLANK;LOW_INFORMATION;VERY_BRIGHT,False,False,False,False,False,True,REVIEW,False,image QC status REVIEW
P9-B27-20395-30971,P9-B27-20395-30971,P9 B27-20395-30971,http://pathdb.cancerimagingarchive.net/system/files/wsi/ross/Osteosarcoma-UT/converted/Osteosarcoma-UT/Training-Set-2/set11/P9-B27-20395-30971.tiff,P9,Non-Tumor,NON_TUMOR,TRUE,False,RETRIEVED,200,C:\Users\enkso\.kiro\crew\scratch\runtime-0a306834\osteopatch_full_ingestion\tiffs\P9-B27-20395-30971.tiff,217340,54fb2290cc92cd37a0c6eea5cdf8b4542b5e1f98625ec64c6bfa35b3bb7a8c7f,f2143b45ebbfdde890c3f10a13a6462d84aa50022a496afcb690bc3d167d3640,dcc8373707ccc8d8,822db2b0d8082e2d,TIFF,TIFF-LE,1024,1024,RGB,3,8,True,159.2020092010498,26.13704564329513,0.05320930480957031,0.0,6.192918555953869,,False,False,False,False,False,False,PASS,True,
P9-B27-20913-9107,P9-B27-20913-9107,P9 B27-20913-9107,http://pathdb.cancerimagingarchive.net/system/files/wsi/ross/Osteosarcoma-UT/converted/Osteosarcoma-UT/Training-Set-2/set11/P9-B27-20913-9107.tiff,P9,Non-Tumor,NON_TUMOR,TRUE,False,RETRIEVED,200,C:\Users\enkso\.kiro\crew\scratch\runtime-0a306834\osteopatch_full_ingestion\tiffs\P9-B27-20913-9107.tiff,147332,ebc397771dfd518f89df17ec3e63662a205e93ccbcadef2d7ce6e197aec7fea4,356073a81a1a77c539609c56a10a4858c32ecd02c4de5934d25f6923716a92d6,b6e0846cc8b77953,24048b6880275ff8,TIFF,TIFF-LE,1024,1024,RGB,3,8,True,199.2390604019165,59.46891481563619,0.5813751220703125,0.0,5.052436663432413,,False,False,False,False,False,False,PASS,True,
P9-B27-21147-30384,P9-B27-21147-30384,P9 B27-21147-30384,http://pathdb.cancerimagingarchive.net/system/files/wsi/ross/Osteosarcoma-UT/converted/Osteosarcoma-UT/Training-Set-1/set10/P9-B27-21147-30384.tiff,P9,Non-Tumor,NON_TUMOR,TRUE,False,RETRIEVED,200,C:\Users\enkso\.kiro\crew\scratch\runtime-0a306834\osteopatch_full_ingestion\tiffs\P9-B27-21147-30384.tiff,194560,cc9697ac53444f88ef552c15b74e38fd06a31a35fa826ea69750319ea87ea43e,cabc725900c1da60f89ac86b5c796f6d6a626652a294a4ad5c41a645e5422927,f8fefef8f840c000,074edb9f1cb8a336,TIFF,TIFF-LE,1024,1024,RGB,3,8,True,149.50802993774414,22.380644579390932,0.03255462646484375,9.5367431640625e-07,5.969868469707181,,False,False,True,True,False,True,REVIEW,False,image QC status REVIEW
P9-B27-22893-27985,P9-B27-22893-27985,P9 B27-22893-27985,http://pathdb.cancerimagingarchive.net/system/files/wsi/ross/Osteosarcoma-UT/converted/Osteosarcoma-UT/Training-Set-1/set10/P9-B27-22893-27985.tiff,P9,Non-Tumor,NON_TUMOR,TRUE,False,RETRIEVED,200,C:\Users\enkso\.kiro\crew\scratch\runtime-0a306834\osteopatch_full_ingestion\tiffs\P9-B27-22893-27985.tiff,198812,45f5d5da04214e19eceafc91efb71977b62c4566bd06153593fe5eebf6960c50,e28b4a78b5fcf1ad935b18b13aaa01473923b337f0e509c523630bddf93c33f3,842d3376243e727e,0ef232f6e68cd4ba,TIFF,TIFF-LE,1024,1024,RGB,3,8,True,151.52459239959717,13.785069767488363,0.0024709701538085938,0.0,5.692098742864188,,False,False,False,False,False,False,PASS,True,
P9-B27-23402-16368,P9-B27-23402-16368,P9 B27-23402-16368,http://pathdb.cancerimagingarchive.net/system/files/wsi/ross/Osteosarcoma-UT/converted/Osteosarcoma-UT/Training-Set-1/set10/P9-B27-23402-16368.tiff,P9,Non-Tumor,NON_TUMOR,TRUE,False,RETRIEVED,200,C:\Users\enkso\.kiro\crew\scratch\runtime-0a306834\osteopatch_full_ingestion\tiffs\P9-B27-23402-16368.tiff,149928,1e51081198ea6ece87b664a6a3fe56de45b1fababe080917fdb3e406042a67c7,05d30f336abc4ed796450959e8fbba4416ca28a3cf9a8e86babe8018d9eedf0d,c59224ddfaecd920,306ced6982928687,TIFF,TIFF-LE,1024,1024,RGB,3,8,True,222.5556993484497,47.22067102206264,0.7807998657226562,4.1961669921875e-05,4.004239823433219,,False,False,False,False,False,False,PASS,True,
P9-B27-24181-31257,P9-B27-24181-31257,P9 B27-24181-31257,http://pathdb.cancerimagingarchive.net/system/files/wsi/ross/Osteosarcoma-UT/converted/Osteosarcoma-UT/Training-Set-1/set10/P9-B27-24181-31257.tiff,P9,Non-Tumor,NON_TUMOR,TRUE,False,RETRIEVED,200,C:\Users\enkso\.kiro\crew\scratch\runtime-0a306834\osteopatch_full_ingestion\tiffs\P9-B27-24181-31257.tiff,81314,8fd4bcc30837fce797a36f84e4bb5a4d6999844be1294a85a4c553dd733bd10d,b547c441e964d48024e003f04ab1f1e40009a2f90db53de429a301804d3e2460,8a1a1f37b5e56183,3d71c3a659242000,TIFF,TIFF-LE,1024,1024,RGB,3,8,True,223.00400161743164,45.087722208468186,0.8159103393554688,3.814697265625e-06,3.28045223206762,,False,False,False,False,False,False,PASS,True,
P9-B27-24733-4169,P9-B27-24733-4169,P9 B27-24733-4169,http://pathdb.cancerimagingarchive.net/system/files/wsi/ross/Osteosarcoma-UT/converted/Osteosarcoma-UT/Training-Set-1/set10/P9-B27-24733-4169.tiff,P9,Non-Tumor,NON_TUMOR,TRUE,False,RETRIEVED,200,C:\Users\enkso\.kiro\crew\scratch\runtime-0a306834\osteopatch_full_ingestion\tiffs\P9-B27-24733-4169.tiff,212412,5087a67639c484d2bee65d7003fd12a012225a264c72828f0800d101eeab803e,9ecb7c2cab646570bce8427feeabd32af379d904261b4fd0891cc68f0b7abf7a,9f36e54ef4154a24,2c4c5cbc3161d2f2,TIFF,TIFF-LE,1024,1024,RGB,3,8,True,195.94072341918945,46.5335992367884,0.4169883728027344,0.0,5.992893289442062,,False,False,False,False,False,False,PASS,True,
P9-B27-25164-29040,P9-B27-25164-29040,P9 B27-25164-29040,http://pathdb.cancerimagingarchive.net/system/files/wsi/ross/Osteosarcoma-UT/converted/Osteosarcoma-UT/Training-Set-1/set10/P9-B27-25164-29040.tiff,P9,Non-Tumor,NON_TUMOR,TRUE,False,RETRIEVED,200,C:\Users\enkso\.kiro\crew\scratch\runtime-0a306834\osteopatch_full_ingestion\tiffs\P9-B27-25164-29040.tiff,221616,ff4f683f3a457087c31647ba72af8d97f2b84448dfc9132ed6808c600cc18955,85f9fb843e3fd6e5d3fe250481f3e7ba5a20d57190c07fea5cbf487aa6573191,8b76c3a327ac0bca,4f9833267d7bf1f1,TIFF,TIFF-LE,1024,1024,RGB,3,8,True,150.1850233078003,15.235064852013766,0.004742622375488281,0.0,5.8075171318677326,,False,False,False,False,False,False,PASS,True,
P9-B27-25739-23378,P9-B27-25739-23378,P9 B27-25739-23378,http://pathdb.cancerimagingarchive.net/system/files/wsi/ross/Osteosarcoma-UT/converted/Osteosarcoma-UT/Training-Set-1/set10/P9-B27-25739-23378.tiff,P9,Non-Tumor,NON_TUMOR,TRUE,False,RETRIEVED,200,C:\Users\enkso\.kiro\crew\scratch\runtime-0a306834\osteopatch_full_ingestion\tiffs\P9-B27-25739-23378.tiff,51596,2173f26133f60baf981df9fa906b676f2fc0a4ac5dcd47d9af8f3b4ea74ed852,2a6222863ec85baf234159a938b39c50a037c19affb03f3b8477d159edccb3af,d9b64936ac78f0a1,2c64c82106081113,TIFF,TIFF-LE,1024,1024,RGB,3,8,True,227.79760551452637,36.15855265371774,0.7921237945556641,0.0,3.862149751145449,,False,False,False,False,False,False,PASS,True,
P9-B27-26731-20410,P9-B27-26731-20410,P9 B27-26731-20410,http://pathdb.cancerimagingarchive.net/system/files/wsi/ross/Osteosarcoma-UT/converted/Osteosarcoma-UT/Training-Set-1/set10/P9-B27-26731-20410.tiff,P9,Non-Tumor,NON_TUMOR,TRUE,False,RETRIEVED,200,C:\Users\enkso\.kiro\crew\scratch\runtime-0a306834\osteopatch_full_ingestion\tiffs\P9-B27-26731-20410.tiff,190342,d56e76ae8807fa3de409c07e7d60d32161beebf2a93ca966465badc628266a97,5cd6436b2973dd73c3fa2fb1ba7a0f878a3262cc34e02c22238818f81f148d9b,f4c48f6dd8912ab2,5a068c9001075ef9,TIFF,TIFF-LE,1024,1024,RGB,3,8,True,192.41903114318848,58.83365828254074,0.500727653503418,5.7220458984375e-06,6.141824242271186,,False,False,False,False,False,False,PASS,True,
P9-B27-26824-12635,P9-B27-26824-12635,P9 B27-26824-12635,http://pathdb.cancerimagingarchive.net/system/files/wsi/ross/Osteosarcoma-UT/converted/Osteosarcoma-UT/Training-Set-1/set10/P9-B27-26824-12635.tiff,P9,Non-Tumor,NON_TUMOR,TRUE,False,RETRIEVED,200,C:\Users\enkso\.kiro\crew\scratch\runtime-0a306834\osteopatch_full_ingestion\tiffs\P9-B27-26824-12635.tiff,193218,719664fe1c2bee7dbcb1914a95f4ba755f2fe351d42716275f1f73a2692c8a0f,fe4a6f0fc729779476a104c4cd53c82f7ec71476ca6beb2f134896837caada56,b533b575f2e04183,9e3cd38d2b32649a,TIFF,TIFF-LE,1024,1024,RGB,3,8,True,214.3386745452881,54.38477118261558,0.7133388519287109,5.91278076171875e-05,4.7557998435387425,,False,False,False,False,False,False,PASS,True,
P9-B27-29220-27404,P9-B27-29220-27404,P9 B27-29220-27404,http://pathdb.cancerimagingarchive.net/system/files/wsi/ross/Osteosarcoma-UT/converted/Osteosarcoma-UT/Training-Set-1/set10/P9-B27-29220-27404.tiff,P9,Non-Tumor,NON_TUMOR,TRUE,False,RETRIEVED,200,C:\Users\enkso\.kiro\crew\scratch\runtime-0a306834\osteopatch_full_ingestion\tiffs\P9-B27-29220-27404.tiff,203532,fa2b7bfca6cc8db4766a66980705baadd1c10003c591e9050cea1e1f6c61857c,13f68df82eeee10ee990e32663c5e95e479b1f63f8a484bb318a9db0c87111a0,b533dacd954b1a84,0a1e0f9e9606060c,TIFF,TIFF-LE,1024,1024,RGB,3,8,True,139.07996654510498,18.701630770245497,0.006587028503417969,9.5367431640625e-07,5.998100137118977,,False,False,False,False,False,False,PASS,True,
P9-B27-3237-19787,P9-B27-3237-19787,P9 B27-3237-19787,http://pathdb.cancerimagingarchive.net/system/files/wsi/ross/Osteosarcoma-UT/converted/Osteosarcoma-UT/Training-Set-2/set11/P9-B27-3237-19787.tiff,P9,Non-Tumor,NON_TUMOR,TRUE,False,RETRIEVED,200,C:\Users\enkso\.kiro\crew\scratch\runtime-0a306834\osteopatch_full_ingestion\tiffs\P9-B27-3237-19787.tiff,123904,7f7ebc6474bce3f773881b13616ed86bac175c478aeaa6674b53f658ebe65eb1,9246f9583a5e5b6bd671d93a382cd8c3e6ab404f09a20a36835968514d42e963,cbe8162b45bd5552,d221c432517a3948,TIFF,TIFF-LE,1024,1024,RGB,3,8,True,226.30419254302979,44.32811246819995,0.819605827331543,8.58306884765625e-06,3.2885627072763848,,False,False,False,False,False,False,PASS,True,
P9-B27-32593-22757,P9-B27-32593-22757,P9 B27-32593-22757,http://pathdb.cancerimagingarchive.net/system/files/wsi/ross/Osteosarcoma-UT/converted/Osteosarcoma-UT/Training-Set-1/set10/P9-B27-32593-22757.tiff,P9,Non-Tumor,NON_TUMOR,TRUE,False,RETRIEVED,200,C:\Users\enkso\.kiro\crew\scratch\runtime-0a306834\osteopatch_full_ingestion\tiffs\P9-B27-32593-22757.tiff,208888,cb5d878fc3b4a42855c6777f8a773b761c82a64d381a2e3a63d13ac542d76a79,94186af823e3b2f4b481e716cb20ff56503954be371aef35456ee27ed2aa8a0d,cbcb9a183a32e1c7,3971c18971810d08,TIFF,TIFF-LE,1024,1024,RGB,3,8,True,165.4391107559204,28.54466195391334,0.09734630584716797,0.0,5.924080296675509,,False,False,False,False,False,False,PASS,True,
P9-B27-32861-24034,P9-B27-32861-24034,P9 B27-32861-24034,http://pathdb.cancerimagingarchive.net/system/files/wsi/ross/Osteosarcoma-UT/converted/Osteosarcoma-UT/Training-Set-1/set10/P9-B27-32861-24034.tiff,P9,Non-Tumor,NON_TUMOR,TRUE,False,RETRIEVED,200,C:\Users\enkso\.kiro\crew\scratch\runtime-0a306834\osteopatch_full_ingestion\tiffs\P9-B27-32861-24034.tiff,218884,87118efd133f0bf7a1c1daed542b058355a61bf0aca57d63f175cf88f40239a9,9774488311e8bb1c7b94d03d4de6d402eafa0913f7eb91f5a51c2c11688c6a60,a55ed02f5823da87,c62ec81367e7cf96,TIFF,TIFF-LE,1024,1024,RGB,3,8,True,156.98643684387207,18.761535684424647,0.011454582214355469,0.0,6.043282826963045,,False,False,False,False,False,False,PASS,True,
P9-B27-33859-19909,P9-B27-33859-19909,P9 B27-33859-19909,http://pathdb.cancerimagingarchive.net/system/files/wsi/ross/Osteosarcoma-UT/converted/Osteosarcoma-UT/Training-Set-1/set10/P9-B27-33859-19909.tiff,P9,Non-Tumor,NON_TUMOR,TRUE,False,RETRIEVED,200,C:\Users\enkso\.kiro\crew\scratch\runtime-0a306834\osteopatch_full_ingestion\tiffs\P9-B27-33859-19909.tiff,169610,63b8161e619162a556374698cf3720927bcb73cf862946b887bebb897c668cb3,086ee10e7c0bc0214db69ec36588d67cede73a8b0a90b260b6735ce0362342e1,9b8c9912356dd93a,7ae9d3470c59f3d8,TIFF,TIFF-LE,1024,1024,RGB,3,8,True,193.9790802001953,56.37328029050816,0.5229005813598633,6.67572021484375e-06,5.622431802913877,,False,False,False,False,False,False,PASS,True,
P9-B27-4044-15408,P9-B27-4044-15408,P9 B27-4044-15408,http://pathdb.cancerimagingarchive.net/system/files/wsi/ross/Osteosarcoma-UT/converted/Osteosarcoma-UT/Training-Set-2/set11/P9-B27-4044-15408.tiff,P9,Non-Tumor,NON_TUMOR,TRUE,False,RETRIEVED,200,C:\Users\enkso\.kiro\crew\scratch\runtime-0a306834\osteopatch_full_ingestion\tiffs\P9-B27-4044-15408.tiff,102812,1d940036eb62e8ffc36737893d84e56174fb31871d72a89f0ab64809ddaf6036,19995ed8ce7b3ee79414b12f903262c1582441e6c6384b508f88634f58641a1f,f32e9cd38c53318c,2c278f4b26484826,TIFF,TIFF-LE,1024,1024,RGB,3,8,True,223.45025444030762,44.13872430456634,0.7838544845581055,6.67572021484375e-06,3.455568950895693,,False,False,False,False,False,False,PASS,True,
P9-B27-7490-21036,P9-B27-7490-21036,P9 B27-7490-21036,http://pathdb.cancerimagingarchive.net/system/files/wsi/ross/Osteosarcoma-UT/converted/Osteosarcoma-UT/Training-Set-2/set11/P9-B27-7490-21036.tiff,P9,Non-Tumor,NON_TUMOR,TRUE,False,RETRIEVED,200,C:\Users\enkso\.kiro\crew\scratch\runtime-0a306834\osteopatch_full_ingestion\tiffs\P9-B27-7490-21036.tiff,178218,64bb62aa53b830aa7d6dd472850ec22240742a46cf4267fac9af5bf95f65326d,0e5547b89cc6bde5d6e953e9cd656cac3ea58ed552fbe45696dc9fddb951d93f,85ae70bb86fc8079,9972666455d49a92,TIFF,TIFF-LE,1024,1024,RGB,3,8,True,223.32686233520508,47.85093481734403,0.7640008926391602,1.71661376953125e-05,4.274209104139529,,False,False,False,False,False,False,PASS,True,
P9-B27-7514-15190,P9-B27-7514-15190,P9 B27-7514-15190,http://pathdb.cancerimagingarchive.net/system/files/wsi/ross/Osteosarcoma-UT/converted/Osteosarcoma-UT/Training-Set-2/set11/P9-B27-7514-15190.tiff,P9,Non-Tumor,NON_TUMOR,TRUE,False,RETRIEVED,200,C:\Users\enkso\.kiro\crew\scratch\runtime-0a306834\osteopatch_full_ingestion\tiffs\P9-B27-7514-15190.tiff,168456,e0aaa4a87751c41d45ba5477a40d12eda716c113a98db53bdf89d362c89eed8f,54524d45f597ba0eca978447a383cdca1014321965a0c034253ec6e53543115c,a50e1bc3f8237c3c,6bf3368e16565e1e,TIFF,TIFF-LE,1024,1024,RGB,3,8,True,212.42011547088623,49.51299516499516,0.6486377716064453,6.67572021484375e-06,4.777788471129473,,False,False,False,False,False,False,PASS,True,
P9-B27-7554-23732,P9-B27-7554-23732,P9 B27-7554-23732,http://pathdb.cancerimagingarchive.net/system/files/wsi/ross/Osteosarcoma-UT/converted/Osteosarcoma-UT/Training-Set-2/set11/P9-B27-7554-23732.tiff,P9,Non-Tumor,NON_TUMOR,TRUE,False,RETRIEVED,200,C:\Users\enkso\.kiro\crew\scratch\runtime-0a306834\osteopatch_full_ingestion\tiffs\P9-B27-7554-23732.tiff,99254,42e0ce4ebb88a365b5f7b883ce040f226c0fc9107c949a0682c99a936c5210b1,b9ddd3d5c7f9de81d66a8e2da7686255dadbbdd63985ace57b391f91210b795b,a36f079f84b42768,6e4bcbf6c969f5c8,TIFF,TIFF-LE,1024,1024,RGB,3,8,True,230.97529220581055,38.81913280320385,0.8701963424682617,9.5367431640625e-07,2.8833216970532263,LOW_INFORMATION,False,False,False,False,False,True,REVIEW,False,image QC status REVIEW
P9-B27-8203-28059,P9-B27-8203-28059,P9 B27-8203-28059,http://pathdb.cancerimagingarchive.net/system/files/wsi/ross/Osteosarcoma-UT/converted/Osteosarcoma-UT/Training-Set-2/set11/P9-B27-8203-28059.tiff,P9,Non-Tumor,NON_TUMOR,TRUE,False,RETRIEVED,200,C:\Users\enkso\.kiro\crew\scratch\runtime-0a306834\osteopatch_full_ingestion\tiffs\P9-B27-8203-28059.tiff,119106,1e1fc6f0a2d5cf9d2ca16c6c74fd4a35475eb2b21d303b42c5773c9616442caa,10d9cb347015816c3e1acd3050587badf0a92b7acd7853e4b20bf686ce825cab,8d122dfe38e19366,3977ceb13672a396,TIFF,TIFF-LE,1024,1024,RGB,3,8,True,221.7052173614502,44.00723324294056,0.7664384841918945,3.814697265625e-06,3.3725164610666383,,False,False,False,False,False,False,PASS,True,
P9-B27-9346-28187,P9-B27-9346-28187,P9 B27-9346-28187,http://pathdb.cancerimagingarchive.net/system/files/wsi/ross/Osteosarcoma-UT/converted/Osteosarcoma-UT/Training-Set-2/set11/P9-B27-9346-28187.tiff,P9,Non-Tumor,NON_TUMOR,TRUE,False,RETRIEVED,200,C:\Users\enkso\.kiro\crew\scratch\runtime-0a306834\osteopatch_full_ingestion\tiffs\P9-B27-9346-28187.tiff,155804,ac2755d829a83c70b0c12737caa22c4bb9c49049faaca2a0d92067b46fa2c8db,ab80fca21b34dd47e43a54edad87e7e06325f4814c1c384aaa0b91dce90b40ad,b58ae376389f2360,0cb2e8372644640e,TIFF,TIFF-LE,1024,1024,RGB,3,8,True,208.45475482940674,52.77591261798241,0.6510467529296875,1.9073486328125e-06,4.393302948708215,,False,False,False,False,False,False,PASS,True,
P9-B28-11013-9554,P9-B28-11013-9554,P9 B28-11013-9554,http://pathdb.cancerimagingarchive.net/system/files/wsi/ross/Osteosarcoma-UT/converted/Osteosarcoma-UT/Training-Set-2/set11/P9-B28-11013-9554.tiff,P9,Non-Tumor,NON_TUMOR,TRUE,False,RETRIEVED,200,C:\Users\enkso\.kiro\crew\scratch\runtime-0a306834\osteopatch_full_ingestion\tiffs\P9-B28-11013-9554.tiff,149818,3242659750948fea019b0789efd922f714657529e3479d0e2ec37c2cb7999d83,a167a95fbb4e471abb0fb2dff21fbcd0cb10e63f82516e4d9bf5dd0a9167c4bb,e2048f3bdc45b1da,e7e5a496998bcb31,TIFF,TIFF-LE,1024,1024,RGB,3,8,True,222.0682029724121,46.88313774573238,0.7710237503051758,0.0001201629638671875,3.956110366917871,,False,False,False,False,False,False,PASS,True,
P9-B28-11927-9548,P9-B28-11927-9548,P9 B28-11927-9548,http://pathdb.cancerimagingarchive.net/system/files/wsi/ross/Osteosarcoma-UT/converted/Osteosarcoma-UT/Training-Set-2/set11/P9-B28-11927-9548.tiff,P9,Non-Tumor,NON_TUMOR,TRUE,False,RETRIEVED,200,C:\Users\enkso\.kiro\crew\scratch\runtime-0a306834\osteopatch_full_ingestion\tiffs\P9-B28-11927-9548.tiff,148732,eb542b97100b8af83a62e25a5609e039ddaa3cbfdd5dc85da4bad332a7e8be10,a8c33b886b9620856581b1948571889ef88b921c8a234a4c1ebf0bb6edce193a,bb977ab5120c7238,285b13e38ece3719,TIFF,TIFF-LE,1024,1024,RGB,3,8,True,221.58749866485596,47.85164170199319,0.7720117568969727,7.82012939453125e-05,3.854811170215323,,False,False,False,False,False,False,PASS,True,
P9-B28-12856-10047,P9-B28-12856-10047,P9 B28-12856-10047,http://pathdb.cancerimagingarchive.net/system/files/wsi/ross/Osteosarcoma-UT/converted/Osteosarcoma-UT/Training-Set-2/set11/P9-B28-12856-10047.tiff,P9,Non-Tumor,NON_TUMOR,TRUE,False,RETRIEVED,200,C:\Users\enkso\.kiro\crew\scratch\runtime-0a306834\osteopatch_full_ingestion\tiffs\P9-B28-12856-10047.tiff,99142,f8e130cb000494d57ee1e5dd7b6c7dc0274aa5f14869f65c1d809430cdee1327,615998a77976487c425a77cecc811c87daa739323eb30ac9e11c20bdd9f29f20,b0c63d87cc39c43b,724c8cb549c51a3b,TIFF,TIFF-LE,1024,1024,RGB,3,8,True,233.95927619934082,34.261544683670095,0.8809690475463867,4.76837158203125e-06,2.8881195425445116,LOW_INFORMATION,False,False,False,False,False,True,REVIEW,False,image QC status REVIEW
P9-B28-12901-5993,P9-B28-12901-5993,P9 B28-12901-5993,http://pathdb.cancerimagingarchive.net/system/files/wsi/ross/Osteosarcoma-UT/converted/Osteosarcoma-UT/Training-Set-2/set11/P9-B28-12901-5993.tiff,P9,Non-Tumor,NON_TUMOR,TRUE,False,RETRIEVED,200,C:\Users\enkso\.kiro\crew\scratch\runtime-0a306834\osteopatch_full_ingestion\tiffs\P9-B28-12901-5993.tiff,179930,3d44c00967367dcd6f91b78c67bec28b176bb6ca9d596ea9c445d2ed074e4f87,e71651c309378c34c265206fb426a9bfc70b1f23df8d9836ba075f384e8653ae,eea443d6a978b40b,276723276b2c6971,TIFF,TIFF-LE,1024,1024,RGB,3,8,True,203.22684288024902,58.21561652128289,0.6061468124389648,0.0,5.107740338597242,,False,False,False,False,False,False,PASS,True,
P9-B28-14182-7718,P9-B28-14182-7718,P9 B28-14182-7718,http://pathdb.cancerimagingarchive.net/system/files/wsi/ross/Osteosarcoma-UT/converted/Osteosarcoma-UT/Training-Set-2/set11/P9-B28-14182-7718.tiff,P9,Non-Tumor,NON_TUMOR,TRUE,False,RETRIEVED,200,C:\Users\enkso\.kiro\crew\scratch\runtime-0a306834\osteopatch_full_ingestion\tiffs\P9-B28-14182-7718.tiff,219552,035f77d0be1a9722b0f0100074339ab2732ffdc80ccf12177425171e2e0b6a45,7e2d129d220420fb441a433ec68e98b645ae53b887bf0695b95980f503e2152a,d44be9f6c979f000,406aa8b2e82cb4b2,TIFF,TIFF-LE,1024,1024,RGB,3,8,True,198.38693618774414,55.62271749212508,0.526148796081543,1.1444091796875e-05,5.768815681529963,,False,False,False,False,False,False,PASS,True,
P9-B28-14508-11698,P9-B28-14508-11698,P9 B28-14508-11698,http://pathdb.cancerimagingarchive.net/system/files/wsi/ross/Osteosarcoma-UT/converted/Osteosarcoma-UT/Training-Set-2/set11/P9-B28-14508-11698.tiff,P9,Non-Tumor,NON_TUMOR,TRUE,False,RETRIEVED,200,C:\Users\enkso\.kiro\crew\scratch\runtime-0a306834\osteopatch_full_ingestion\tiffs\P9-B28-14508-11698.tiff,144824,be0a207d25110fd6ed20563fb9e37053837a4a0cf4de89e5b20593d702b3402c,6775703423bf7d248491efff8aaa0c93eaa044dcc4ae02d095493f585b255f1c,bc276c4c31af58c6,26ae0d1ab9b17332,TIFF,TIFF-LE,1024,1024,RGB,3,8,True,193.03127479553223,48.34291025996378,0.4467802047729492,0.0,5.2197034385421945,,False,False,False,False,False,False,PASS,True,
P9-B28-14987-29631,P9-B28-14987-29631,P9 B28-14987-29631,http://pathdb.cancerimagingarchive.net/system/files/wsi/ross/Osteosarcoma-UT/converted/Osteosarcoma-UT/Training-Set-2/set11/P9-B28-14987-29631.tiff,P9,Non-Tumor,NON_TUMOR,TRUE,False,RETRIEVED,200,C:\Users\enkso\.kiro\crew\scratch\runtime-0a306834\osteopatch_full_ingestion\tiffs\P9-B28-14987-29631.tiff,128926,127d8cf02f2f36555e0a4b579c8c06b0117c49be018bc7219cd673850f7def74,2538972d4830c35352a3db698c34df4f8491cf2c09361d3c5fb894fe052f326a,89247ad20d5ef593,99a71e76f28c6992,TIFF,TIFF-LE,1024,1024,RGB,3,8,True,188.85297775268555,56.86759838915179,0.5033245086669922,9.5367431640625e-07,4.817307250506646,,False,False,False,False,False,False,PASS,True,
P9-B28-15374-32337,P9-B28-15374-32337,P9 B28-15374-32337,http://pathdb.cancerimagingarchive.net/system/files/wsi/ross/Osteosarcoma-UT/converted/Osteosarcoma-UT/Training-Set-2/set11/P9-B28-15374-32337.tiff,P9,Non-Tumor,NON_TUMOR,TRUE,False,RETRIEVED,200,C:\Users\enkso\.kiro\crew\scratch\runtime-0a306834\osteopatch_full_ingestion\tiffs\P9-B28-15374-32337.tiff,213668,03847494fd628bb584c2743bf55b76af2bad1829c6da6593377c8fc647848615,ae18059f69055b0351ccf800606d85d0535861599046e6ac15f43aa68cae9d02,afd652a8a97a52a4,1b62cc13e70b2323,TIFF,TIFF-LE,1024,1024,RGB,3,8,True,146.5141725540161,35.63397060194828,0.08544349670410156,0.0,6.448055588444873,,False,False,False,False,False,False,PASS,True,
P9-B28-15856-19913,P9-B28-15856-19913,P9 B28-15856-19913,http://pathdb.cancerimagingarchive.net/system/files/wsi/ross/Osteosarcoma-UT/converted/Osteosarcoma-UT/Training-Set-2/set11/P9-B28-15856-19913.tiff,P9,Non-Tumor,NON_TUMOR,TRUE,False,RETRIEVED,200,C:\Users\enkso\.kiro\crew\scratch\runtime-0a306834\osteopatch_full_ingestion\tiffs\P9-B28-15856-19913.tiff,159040,e5bacd0a4935c319a88c3697ca16480f99b02040af4315cdcb95d2efd69e706a,3e4f3d2484e0fa5cc6b6e8950c2e0929658d172e98c241a36f516d406012ed1d,d72a576b98718994,c94dc498f0ca2834,TIFF,TIFF-LE,1024,1024,RGB,3,8,True,226.481219291687,45.38784541118674,0.8175888061523438,1.811981201171875e-05,3.8197783152127673,,False,False,False,False,False,False,PASS,True,
P9-B28-17157-16037,P9-B28-17157-16037,P9 B28-17157-16037,http://pathdb.cancerimagingarchive.net/system/files/wsi/ross/Osteosarcoma-UT/converted/Osteosarcoma-UT/Training-Set-2/set11/P9-B28-17157-16037.tiff,P9,Non-Tumor,NON_TUMOR,TRUE,False,RETRIEVED,200,C:\Users\enkso\.kiro\crew\scratch\runtime-0a306834\osteopatch_full_ingestion\tiffs\P9-B28-17157-16037.tiff,140244,923d686468641d5d5a24ccf4e32af321de210a7c63757e7138f19ec3b65c5926,5b7dc555bd1c98179c27f06382ad255ee2699d295927372d2383c063dc667fa3,ee5dc2789ca2a1c6,9823073f3f9bcd24,TIFF,TIFF-LE,1024,1024,RGB,3,8,True,199.91116523742676,56.68475373032397,0.5835199356079102,0.00018405914306640625,4.860067723686906,,False,False,False,False,False,False,PASS,True,
P9-B28-18049-26737,P9-B28-18049-26737,P9 B28-18049-26737,http://pathdb.cancerimagingarchive.net/system/files/wsi/ross/Osteosarcoma-UT/converted/Osteosarcoma-UT/Training-Set-2/set11/P9-B28-18049-26737.tiff,P9,Non-Tumor,NON_TUMOR,TRUE,False,RETRIEVED,200,C:\Users\enkso\.kiro\crew\scratch\runtime-0a306834\osteopatch_full_ingestion\tiffs\P9-B28-18049-26737.tiff,129410,326222f04121a948bea2a72a8f38e5274926fb40aaf6559f73644bf840d88ec6,4105cb959bf3b8cf4fa990805c91b30da51a3c5cb0448351de447780a46a1184,98e00e5ba33ac6be,f9b2ac9ad6f83074,TIFF,TIFF-LE,1024,1024,RGB,3,8,True,210.72654914855957,51.71984158052412,0.6686325073242188,1.1444091796875e-05,4.697891736136454,,False,False,False,False,False,False,PASS,True,
P9-B28-19864-33157,P9-B28-19864-33157,P9 B28-19864-33157,http://pathdb.cancerimagingarchive.net/system/files/wsi/ross/Osteosarcoma-UT/converted/Osteosarcoma-UT/Training-Set-1/set10/P9-B28-19864-33157.tiff,P9,Non-Tumor,NON_TUMOR,TRUE,False,RETRIEVED,200,C:\Users\enkso\.kiro\crew\scratch\runtime-0a306834\osteopatch_full_ingestion\tiffs\P9-B28-19864-33157.tiff,120156,45f4a2af9bf926d6ddced4fbc1d674b84aceb21cdafc452744b2c32bb9f2812f,c10a3c878fc0ce46cf36f39cf8de78d9eedd7f6ae31c92cfe8119c67360ab139,803f7cc097bfa0a5,38738f7cf3882080,TIFF,TIFF-LE,1024,1024,RGB,3,8,True,207.15832614898682,46.025763803468465,0.5903997421264648,9.5367431640625e-06,4.358830856043811,,False,False,False,False,False,False,PASS,True,
P9-B28-22141-15533,P9-B28-22141-15533,P9 B28-22141-15533,http://pathdb.cancerimagingarchive.net/system/files/wsi/ross/Osteosarcoma-UT/converted/Osteosarcoma-UT/Training-Set-1/set10/P9-B28-22141-15533.tiff,P9,Non-Tumor,NON_TUMOR,TRUE,False,RETRIEVED,200,C:\Users\enkso\.kiro\crew\scratch\runtime-0a306834\osteopatch_full_ingestion\tiffs\P9-B28-22141-15533.tiff,180842,74ba898bfc27b174b067cdd145c29c691e39a7338dbff0e7aa72f97688cd716b,aa0b33b61fbec79bad5f6b5a8d35720b28a058ef1fb886e3b60d8ed3962ff457,86af04747f70f261,a767d175562ca46c,TIFF,TIFF-LE,1024,1024,RGB,3,8,True,223.42384815216064,46.59779453132724,0.7737340927124023,3.910064697265625e-05,4.118032972686233,,False,False,False,False,False,False,PASS,True,
P9-B28-22294-32166,P9-B28-22294-32166,P9 B28-22294-32166,http://pathdb.cancerimagingarchive.net/system/files/wsi/ross/Osteosarcoma-UT/converted/Osteosarcoma-UT/Training-Set-1/set10/P9-B28-22294-32166.tiff,P9,Non-Tumor,NON_TUMOR,TRUE,False,RETRIEVED,200,C:\Users\enkso\.kiro\crew\scratch\runtime-0a306834\osteopatch_full_ingestion\tiffs\P9-B28-22294-32166.tiff,93192,90bcf01bf46d6b295d32767b20636f30ff28f13269856628a76814ca941bcb3a,4055c245e2f95e51361aaf9fa0e35785de88145f23941c9af75b106df2cd5e17,841b3e7b6266970e,6f3bf4c9b856a625,TIFF,TIFF-LE,1024,1024,RGB,3,8,True,219.8578224182129,45.5573314942653,0.7695178985595703,2.86102294921875e-05,3.376336955989234,,False,False,False,False,False,False,PASS,True,
P9-B28-23153-16435,P9-B28-23153-16435,P9 B28-23153-16435,http://pathdb.cancerimagingarchive.net/system/files/wsi/ross/Osteosarcoma-UT/converted/Osteosarcoma-UT/Training-Set-1/set10/P9-B28-23153-16435.tiff,P9,Non-Tumor,NON_TUMOR,TRUE,False,RETRIEVED,200,C:\Users\enkso\.kiro\crew\scratch\runtime-0a306834\osteopatch_full_ingestion\tiffs\P9-B28-23153-16435.tiff,155730,a272ef46b9825b7023311785d882ab978ef40aacddb452039957f20b884fb832,96891ee77c6dd3924e84b89d5da40e13d4019bbb8bfcb74cda9a6212b840eb89,9e217af6e5c2a087,4b7bfcd1662c2563,TIFF,TIFF-LE,1024,1024,RGB,3,8,True,216.85007858276367,51.88580632317199,0.7372045516967773,6.389617919921875e-05,4.35391722493217,,False,False,False,False,False,False,PASS,True,
P9-B28-23691-19742,P9-B28-23691-19742,P9 B28-23691-19742,http://pathdb.cancerimagingarchive.net/system/files/wsi/ross/Osteosarcoma-UT/converted/Osteosarcoma-UT/Training-Set-1/set10/P9-B28-23691-19742.tiff,P9,Non-Tumor,NON_TUMOR,TRUE,False,RETRIEVED,200,C:\Users\enkso\.kiro\crew\scratch\runtime-0a306834\osteopatch_full_ingestion\tiffs\P9-B28-23691-19742.tiff,223288,92459196fc5d633d1d2bf9d30148c8f4a692fd988b2ed612bcaf316667db48bd,fb3238496ada4e44d9772724e4e97e7ae9f6d9bfca3155ead544e5030bd461dd,fe7682b0a1285b97,8d2c39220e1969ce,TIFF,TIFF-LE,1024,1024,RGB,3,8,True,198.3685426712036,59.08675247090283,0.5559244155883789,1.33514404296875e-05,5.707807325814276,,False,False,False,False,False,False,PASS,True,
P9-B28-25314-10006,P9-B28-25314-10006,P9 B28-25314-10006,http://pathdb.cancerimagingarchive.net/system/files/wsi/ross/Osteosarcoma-UT/converted/Osteosarcoma-UT/Training-Set-1/set10/P9-B28-25314-10006.tiff,P9,Non-Tumor,NON_TUMOR,TRUE,False,RETRIEVED,200,C:\Users\enkso\.kiro\crew\scratch\runtime-0a306834\osteopatch_full_ingestion\tiffs\P9-B28-25314-10006.tiff,146626,11f7821a872a22460c4ccc52e70a2d44e35c4a0f2f93696996a375f6c1571fa5,568d5c1c31a41e6f5a69b3cb2b00faf7f1422332d9b1384d307018f13f533982,e4659999995c6764,52a62624262bb694,TIFF,TIFF-LE,1024,1024,RGB,3,8,True,230.01231575012207,33.25087302294295,0.7736902236938477,0.0,4.066696265989913,,False,False,False,False,False,False,PASS,True,
P9-B28-26096-29717,P9-B28-26096-29717,P9 B28-26096-29717,http://pathdb.cancerimagingarchive.net/system/files/wsi/ross/Osteosarcoma-UT/converted/Osteosarcoma-UT/Training-Set-1/set10/P9-B28-26096-29717.tiff,P9,Non-Tumor,NON_TUMOR,TRUE,False,RETRIEVED,200,C:\Users\enkso\.kiro\crew\scratch\runtime-0a306834\osteopatch_full_ingestion\tiffs\P9-B28-26096-29717.tiff,193452,248d6493b24b7afe0c1601be36d0d3c9d8f7927afe8e591aa8872f637573c0a2,7131b5cffda17c65173e1d0029648ee04dd33aceb7e568d32a2abd0091f9a4f4,a7489f35c91af40d,892664c1560efd62,TIFF,TIFF-LE,1024,1024,RGB,3,8,True,173.08677291870117,43.06721644275899,0.24290752410888672,2.002716064453125e-05,5.891584375140327,,False,False,False,False,False,False,PASS,True,
P9-B28-26855-15884,P9-B28-26855-15884,P9 B28-26855-15884,http://pathdb.cancerimagingarchive.net/system/files/wsi/ross/Osteosarcoma-UT/converted/Osteosarcoma-UT/Training-Set-1/set10/P9-B28-26855-15884.tiff,P9,Non-Tumor,NON_TUMOR,TRUE,False,RETRIEVED,200,C:\Users\enkso\.kiro\crew\scratch\runtime-0a306834\osteopatch_full_ingestion\tiffs\P9-B28-26855-15884.tiff,209752,4fd94ce2c95d8e13c981f4e9b8a16c377704ad9504d4f4880b0dadbfb5510e96,b7d47892717736c03c7468b506d83d3a6d2ae5b4649c68773659b654f3085f2d,a3873f4b0ccc4e3c,cb5d5ca2cdc5163e,TIFF,TIFF-LE,1024,1024,RGB,3,8,True,219.07094955444336,47.547467452886565,0.7024326324462891,7.62939453125e-06,5.20815644200532,,False,False,False,False,False,False,PASS,True,
P9-B28-27408-11967,P9-B28-27408-11967,P9 B28-27408-11967,http://pathdb.cancerimagingarchive.net/system/files/wsi/ross/Osteosarcoma-UT/converted/Osteosarcoma-UT/Training-Set-1/set10/P9-B28-27408-11967.tiff,P9,Non-Tumor,NON_TUMOR,TRUE,False,RETRIEVED,200,C:\Users\enkso\.kiro\crew\scratch\runtime-0a306834\osteopatch_full_ingestion\tiffs\P9-B28-27408-11967.tiff,175292,ef197a5cfd6aa413e10b3a5925367013013af9ed68b4eb97d6471914942abc00,c268f54cd45fd8f7fb507cba8515e66fcd053a9efe04e89d5c0391a4562113c6,f16dda811fb1aa90,90c10f3ffcdf9c71,TIFF,TIFF-LE,1024,1024,RGB,3,8,True,203.91695880889893,56.887778556444204,0.6248931884765625,4.9591064453125e-05,5.079287722041277,,False,False,False,False,False,False,PASS,True,
P9-B28-30940-15637,P9-B28-30940-15637,P9 B28-30940-15637,http://pathdb.cancerimagingarchive.net/system/files/wsi/ross/Osteosarcoma-UT/converted/Osteosarcoma-UT/Training-Set-1/set10/P9-B28-30940-15637.tiff,P9,Non-Tumor,NON_TUMOR,TRUE,False,RETRIEVED,200,C:\Users\enkso\.kiro\crew\scratch\runtime-0a306834\osteopatch_full_ingestion\tiffs\P9-B28-30940-15637.tiff,167464,a083629d91d5d0d4a3963282e0ad8f3d35d5c503bbe71e34b40811d14d0cd762,d76b2485d153613b8bcbb666a6c18622b26b028846ed88b48e2f193c33ac61e8,9f70c75c30735385,696dc8183b73666c,TIFF,TIFF-LE,1024,1024,RGB,3,8,True,206.14841651916504,56.01853582062519,0.6372413635253906,0.0,4.985491122490191,,False,False,False,False,False,False,PASS,True,
P9-B28-31159-9949,P9-B28-31159-9949,P9 B28-31159-9949,http://pathdb.cancerimagingarchive.net/system/files/wsi/ross/Osteosarcoma-UT/converted/Osteosarcoma-UT/Training-Set-1/set11/P9-B28-31159-9949.tiff,P9,Non-Tumor,NON_TUMOR,TRUE,False,RETRIEVED,200,C:\Users\enkso\.kiro\crew\scratch\runtime-0a306834\osteopatch_full_ingestion\tiffs\P9-B28-31159-9949.tiff,191664,1b9c8a6e82052020bb1cb58c20a96b87d269c7d8ff567d53b6c84d3187b9e8bd,9835b37ac474974ed890d521a8bda26d9a5a0a11b5bfe2f97f498cbf7bb3fa14,b6e9668c7c21417b,674f1b9a34f9ae2c,TIFF,TIFF-LE,1024,1024,RGB,3,8,True,207.74642276763916,53.08267718012519,0.6270666122436523,4.76837158203125e-06,5.504107782068255,,False,False,False,False,False,False,PASS,True,
P9-B28-31966-8742,P9-B28-31966-8742,P9 B28-31966-8742,http://pathdb.cancerimagingarchive.net/system/files/wsi/ross/Osteosarcoma-UT/converted/Osteosarcoma-UT/Training-Set-1/set11/P9-B28-31966-8742.tiff,P9,Non-Tumor,NON_TUMOR,TRUE,False,RETRIEVED,200,C:\Users\enkso\.kiro\crew\scratch\runtime-0a306834\osteopatch_full_ingestion\tiffs\P9-B28-31966-8742.tiff,44122,074146e39e7266be0818582ed1b49f27e2733eea60fe52ce55606d47480599a6,5878d98d77e6853faeac6f850cda5541839f8497588b597e7bc4cd7aad47539f,800001031ffffffe,d3c60ad8106102c5,TIFF,TIFF-LE,1024,1024,RGB,3,8,True,240.16865253448486,18.59630954705305,0.9650812149047852,0.0,2.8698213402456387,NEAR_BLANK;LOW_INFORMATION;VERY_BRIGHT,False,False,False,False,False,True,REVIEW,False,image QC status REVIEW
P9-B28-34690-20420,P9-B28-34690-20420,P9 B28-34690-20420,http://pathdb.cancerimagingarchive.net/system/files/wsi/ross/Osteosarcoma-UT/converted/Osteosarcoma-UT/Training-Set-1/set11/P9-B28-34690-20420.tiff,P9,Non-Tumor,NON_TUMOR,TRUE,False,RETRIEVED,200,C:\Users\enkso\.kiro\crew\scratch\runtime-0a306834\osteopatch_full_ingestion\tiffs\P9-B28-34690-20420.tiff,224892,76befc34e2687c1a9ceb6c57c83462c14b33eaf2e476a9764795cde70aa60954,632b8c4052098818931f07aa158718ab6f349cbfb9a0ad58124cb360a1f389f5,f3c3818193bcf8b4,d8c32c30c3234e3c,TIFF,TIFF-LE,1024,1024,RGB,3,8,True,159.85776138305664,36.91934108095974,0.11578559875488281,5.7220458984375e-06,6.373011189873547,,False,False,False,False,False,False,PASS,True,
P9-B28-4455-17128,P9-B28-4455-17128,P9 B28-4455-17128,http://pathdb.cancerimagingarchive.net/system/files/wsi/ross/Osteosarcoma-UT/converted/Osteosarcoma-UT/Training-Set-2/set11/P9-B28-4455-17128.tiff,P9,Non-Tumor,NON_TUMOR,TRUE,False,RETRIEVED,200,C:\Users\enkso\.kiro\crew\scratch\runtime-0a306834\osteopatch_full_ingestion\tiffs\P9-B28-4455-17128.tiff,92820,1de82cf54c169dad34fe69c66a6af9e25fca2c31b2d67ecf1c2dd200d9e3fa26,5d9c3694eec2fab6d6d11a49c0238ba8da5c72c4bfa3e9c601bd6705478e5c9a,b6d99874883d7c89,b2230c4d0d0c0ce3,TIFF,TIFF-LE,1024,1024,RGB,3,8,True,228.2642002105713,40.00239862830601,0.828242301940918,2.574920654296875e-05,3.0114371171255936,,False,False,False,False,False,False,PASS,True,
P9-B28-4816-22317,P9-B28-4816-22317,P9 B28-4816-22317,http://pathdb.cancerimagingarchive.net/system/files/wsi/ross/Osteosarcoma-UT/converted/Osteosarcoma-UT/Training-Set-2/set11/P9-B28-4816-22317.tiff,P9,Non-Tumor,NON_TUMOR,TRUE,False,RETRIEVED,200,C:\Users\enkso\.kiro\crew\scratch\runtime-0a306834\osteopatch_full_ingestion\tiffs\P9-B28-4816-22317.tiff,165140,00144cbc8fcbc4c8e3437c1fedcb005299265501c873f5b1c708c5403644887c,5b9203bdad72d49cc7bd66d874c7433bcc72a217034282fc5f9e09e6a658d97c,e8854e19b576cb26,76c38b9e1b1b1503,TIFF,TIFF-LE,1024,1024,RGB,3,8,True,200.39755058288574,53.479072740544645,0.5359649658203125,7.62939453125e-06,5.2906542501573774,,False,False,False,False,False,False,PASS,True,
P9-B28-6717-20778,P9-B28-6717-20778,P9 B28-6717-20778,http://pathdb.cancerimagingarchive.net/system/files/wsi/ross/Osteosarcoma-UT/converted/Osteosarcoma-UT/Training-Set-2/set11/P9-B28-6717-20778.tiff,P9,Non-Tumor,NON_TUMOR,TRUE,False,RETRIEVED,200,C:\Users\enkso\.kiro\crew\scratch\runtime-0a306834\osteopatch_full_ingestion\tiffs\P9-B28-6717-20778.tiff,196048,3fa5d5e0ae01f031b9e831bd02c41da7b0b0b07b35647dea257fd9de15552cef,e617c5cca9bd70d6199fb2e435d2eb1b2ce76a12a0d13db26a27718abe5d2a29,ba996614e614ceb6,cfdbd9d81df83c0d,TIFF,TIFF-LE,1024,1024,RGB,3,8,True,188.64413261413574,49.12544656663643,0.3769264221191406,3.4332275390625e-05,5.901083635947474,,False,False,False,False,False,False,PASS,True,
P9-B28-8403-19923,P9-B28-8403-19923,P9 B28-8403-19923,http://pathdb.cancerimagingarchive.net/system/files/wsi/ross/Osteosarcoma-UT/converted/Osteosarcoma-UT/Training-Set-2/set11/P9-B28-8403-19923.tiff,P9,Non-Tumor,NON_TUMOR,TRUE,False,RETRIEVED,200,C:\Users\enkso\.kiro\crew\scratch\runtime-0a306834\osteopatch_full_ingestion\tiffs\P9-B28-8403-19923.tiff,200726,a359458f1281a0fff78d8b66b5157eaef53be2485a99fbd1ffb0b05ddea5ad3a,da6cae7d395c6674280e8c9b22392f667ddcb9c79f7e77600982d157a0324299,9938fddac01436b9,3c3b7ee6d3695872,TIFF,TIFF-LE,1024,1024,RGB,3,8,True,192.94194412231445,63.41037630999133,0.5278043746948242,7.62939453125e-06,5.757035201352904,,False,False,False,False,False,False,PASS,True,
P9-B34-10040-27730,P9-B34-10040-27730,P9 B34-10040-27730,http://pathdb.cancerimagingarchive.net/system/files/wsi/ross/Osteosarcoma-UT/converted/Osteosarcoma-UT/Training-Set-2/set11/P9-B34-10040-27730.tiff,P9,Non-Tumor,NON_TUMOR,TRUE,False,RETRIEVED,200,C:\Users\enkso\.kiro\crew\scratch\runtime-0a306834\osteopatch_full_ingestion\tiffs\P9-B34-10040-27730.tiff,106752,aa0983e40bb788b5ee864aabae03ea26b12669dfd5f66d0fcc7bcec1f51abb05,356cb610dd11a1939bf78a09dc7c3a02d7d2fecb1befe53306664b845074be97,cad2a5ab92254bb5,c92928c419231695,TIFF,TIFF-LE,1024,1024,RGB,3,8,True,228.99316787719727,36.70414331750174,0.825413703918457,4.76837158203125e-06,2.8684644180645806,LOW_INFORMATION,False,False,False,False,False,True,REVIEW,False,image QC status REVIEW
P9-B34-10616-22327,P9-B34-10616-22327,P9 B34-10616-22327,http://pathdb.cancerimagingarchive.net/system/files/wsi/ross/Osteosarcoma-UT/converted/Osteosarcoma-UT/Training-Set-2/set11/P9-B34-10616-22327.tiff,P9,Non-Tumor,NON_TUMOR,TRUE,False,RETRIEVED,200,C:\Users\enkso\.kiro\crew\scratch\runtime-0a306834\osteopatch_full_ingestion\tiffs\P9-B34-10616-22327.tiff,187052,7ad5d9e4a3e762170bb2fc3bffee0932bf3c3aca540524d0f201f84795810b73,6c3a0daea33f66c350571f75a2dddb004f34d5e65e07bff77640ae46b284f43a,8b43479731f3a568,48e1478ff9644707,TIFF,TIFF-LE,1024,1024,RGB,3,8,True,198.03611087799072,59.29484491232291,0.5709323883056641,1.430511474609375e-05,5.372543291031654,,False,False,False,False,False,False,PASS,True,
P9-B34-11480-15755,P9-B34-11480-15755,P9 B34-11480-15755,http://pathdb.cancerimagingarchive.net/system/files/wsi/ross/Osteosarcoma-UT/converted/Osteosarcoma-UT/Training-Set-2/set11/P9-B34-11480-15755.tiff,P9,Non-Tumor,NON_TUMOR,TRUE,False,RETRIEVED,200,C:\Users\enkso\.kiro\crew\scratch\runtime-0a306834\osteopatch_full_ingestion\tiffs\P9-B34-11480-15755.tiff,138798,d2eda61ac123ebebb5ad792afd0b98a588d798b8d8dba4aac1b1bfae657fe43e,9ad8acdc2f5108449e5870a6d0603f29a8114a5aa4a060904887be7b3ca6c4f8,93290e3c662f7ce4,77dbdb4ad8106c0c,TIFF,TIFF-LE,1024,1024,RGB,3,8,True,224.45924758911133,43.78858114795557,0.7695598602294922,3.814697265625e-06,3.984767245482714,,False,False,False,False,False,False,PASS,True,
P9-B34-12550-21771,P9-B34-12550-21771,P9 B34-12550-21771,http://pathdb.cancerimagingarchive.net/system/files/wsi/ross/Osteosarcoma-UT/converted/Osteosarcoma-UT/Training-Set-2/set11/P9-B34-12550-21771.tiff,P9,Non-Tumor,NON_TUMOR,TRUE,False,RETRIEVED,200,C:\Users\enkso\.kiro\crew\scratch\runtime-0a306834\osteopatch_full_ingestion\tiffs\P9-B34-12550-21771.tiff,163520,b78e72a4ff6cd0c5bed22699030e241e63f933f9ef89d006ad0ae5dae023f6a6,be080cd8cfcc2a9467b66395206174ffc0255ee2f916378cd6025d80f7f72e00,f99e394158e58aa3,b238e99480c2873b,TIFF,TIFF-LE,1024,1024,RGB,3,8,True,210.90591526031494,57.28338821399444,0.7181215286254883,4.76837158203125e-06,4.347061048314933,,False,False,False,False,False,False,PASS,True,
P9-B34-17628-29682,P9-B34-17628-29682,P9 B34-17628-29682,http://pathdb.cancerimagingarchive.net/system/files/wsi/ross/Osteosarcoma-UT/converted/Osteosarcoma-UT/Training-Set-2/set11/P9-B34-17628-29682.tiff,P9,Non-Tumor,NON_TUMOR,TRUE,False,RETRIEVED,200,C:\Users\enkso\.kiro\crew\scratch\runtime-0a306834\osteopatch_full_ingestion\tiffs\P9-B34-17628-29682.tiff,180210,4c743937d0db8988ff8b4ec7a3a23e38b94dfb3b6cfa956c92cb6ac56841c113,162301795b4b5c670c80a11aacd087b0af8c5c5b758c2610b961b8c23ce3d9ff,c0e0c21fbffa9286,99c28d336cfcf1e8,TIFF,TIFF-LE,1024,1024,RGB,3,8,True,157.54300117492676,39.37269654668639,0.1477031707763672,0.0,6.20400728385662,,False,False,False,False,False,False,PASS,True,
P9-B34-18605-6878,P9-B34-18605-6878,P9 B34-18605-6878,http://pathdb.cancerimagingarchive.net/system/files/wsi/ross/Osteosarcoma-UT/converted/Osteosarcoma-UT/Training-Set-2/set11/P9-B34-18605-6878.tiff,P9,Non-Tumor,NON_TUMOR,TRUE,False,RETRIEVED,200,C:\Users\enkso\.kiro\crew\scratch\runtime-0a306834\osteopatch_full_ingestion\tiffs\P9-B34-18605-6878.tiff,111784,00cc0760cf1b05a26c61d7b3e85dd7c17c7f52584d2b9b32a843e6f6da56c0a5,4445e29b3fe05ca765b47b875dc327b859fea51bdd9cdc466cb49b7acb4050f1,88ff1807fc03fc49,540b3366e6c7d3b1,TIFF,TIFF-LE,1024,1024,RGB,3,8,True,230.98462867736816,31.86022852653778,0.8077077865600586,0.0,3.015235860179749,,False,False,False,False,False,False,PASS,True,
P9-B34-22138-14146,P9-B34-22138-14146,P9 B34-22138-14146,http://pathdb.cancerimagingarchive.net/system/files/wsi/ross/Osteosarcoma-UT/converted/Osteosarcoma-UT/Training-Set-2/set11/P9-B34-22138-14146.tiff,P9,Non-Tumor,NON_TUMOR,TRUE,False,RETRIEVED,200,C:\Users\enkso\.kiro\crew\scratch\runtime-0a306834\osteopatch_full_ingestion\tiffs\P9-B34-22138-14146.tiff,204198,f86df2b9950dd87e3cc7350154684a6d3ea6ba38cbcb27341b2d9215c2523c98,d2ab76f493493125ef287df5db3a546bd4d0aa26e2e847a755a48b2714b6c874,dc29aa597d38692a,33b59a3270e8bd6d,TIFF,TIFF-LE,1024,1024,RGB,3,8,True,211.9493465423584,56.21604779429018,0.6952152252197266,3.0517578125e-05,4.791029412284519,,False,False,False,False,False,False,PASS,True,
P9-B34-22505-3850,P9-B34-22505-3850,P9 B34-22505-3850,http://pathdb.cancerimagingarchive.net/system/files/wsi/ross/Osteosarcoma-UT/converted/Osteosarcoma-UT/Training-Set-2/set11/P9-B34-22505-3850.tiff,P9,Non-Tumor,NON_TUMOR,TRUE,False,RETRIEVED,200,C:\Users\enkso\.kiro\crew\scratch\runtime-0a306834\osteopatch_full_ingestion\tiffs\P9-B34-22505-3850.tiff,222054,9ef4e1724e3dade9cddea871a05e960efdc92e0567f8289b02a3f4ea4584b6d9,9804b6c7eff4f88c60603db738e03c96a9ed63f99568ac956f8b5e19665b7811,bce0ce08be34b2b3,9513082e37303079,TIFF,TIFF-LE,1024,1024,RGB,3,8,True,200.95820426940918,50.91963111037658,0.5026216506958008,9.5367431640625e-07,5.90261227705991,,False,False,False,False,False,False,PASS,True,
P9-B34-22773-28922,P9-B34-22773-28922,P9 B34-22773-28922,http://pathdb.cancerimagingarchive.net/system/files/wsi/ross/Osteosarcoma-UT/converted/Osteosarcoma-UT/Training-Set-2/set11/P9-B34-22773-28922.tiff,P9,Non-Tumor,NON_TUMOR,TRUE,False,RETRIEVED,200,C:\Users\enkso\.kiro\crew\scratch\runtime-0a306834\osteopatch_full_ingestion\tiffs\P9-B34-22773-28922.tiff,226386,5190294006855a2cb6fed4b478ebc8cb6588fe8ef2c22982361a5439db0d1807,ba4f3c3beca768b5eab4cd9f1f1d4649ae3b77825a9f4c6748869f466778a404,85a59b7a7262c6cc,ccf266ce96dcb66c,TIFF,TIFF-LE,1024,1024,RGB,3,8,True,158.48231315612793,24.153050416404447,0.03470802307128906,0.0,6.203834334541851,,False,False,False,False,False,False,PASS,True,
P9-B34-23472-28061,P9-B34-23472-28061,P9 B34-23472-28061,http://pathdb.cancerimagingarchive.net/system/files/wsi/ross/Osteosarcoma-UT/converted/Osteosarcoma-UT/Training-Set-1/set11/P9-B34-23472-28061.tiff,P9,Non-Tumor,NON_TUMOR,TRUE,False,RETRIEVED,200,C:\Users\enkso\.kiro\crew\scratch\runtime-0a306834\osteopatch_full_ingestion\tiffs\P9-B34-23472-28061.tiff,185238,28e4459a9171daefa5537bc6257657e57d34e5f90db4f1be7e00a6b9d7d127c1,c6356db76e6f33e8f6e7141c3fd036848c0e808237ff55f6733eee8b984eab4d,e30fe93f6017401f,c147c4cd999c1891,TIFF,TIFF-LE,1024,1024,RGB,3,8,True,152.25887870788574,14.527464747770303,0.004551887512207031,0.0,5.683874299432772,,False,False,False,False,False,False,PASS,True,
P9-B34-24112-27360,P9-B34-24112-27360,P9 B34-24112-27360,http://pathdb.cancerimagingarchive.net/system/files/wsi/ross/Osteosarcoma-UT/converted/Osteosarcoma-UT/Training-Set-1/set11/P9-B34-24112-27360.tiff,P9,Non-Tumor,NON_TUMOR,TRUE,False,RETRIEVED,200,C:\Users\enkso\.kiro\crew\scratch\runtime-0a306834\osteopatch_full_ingestion\tiffs\P9-B34-24112-27360.tiff,189394,51298ff30e40addafb74c36e2c1ba92bbdeca53a9632c2835685d5b7fc291deb,6d48225435e9af52e52709f688dbf48f36ff7b511876965f407d169e70c9acf1,aa6ac54d592c0bd7,b18dc99d1973e6d8,TIFF,TIFF-LE,1024,1024,RGB,3,8,True,143.18833541870117,15.953158738721337,0.004927635192871094,0.0,5.850520942156695,,False,False,False,False,False,False,PASS,True,
P9-B34-24786-29238,P9-B34-24786-29238,P9 B34-24786-29238,http://pathdb.cancerimagingarchive.net/system/files/wsi/ross/Osteosarcoma-UT/converted/Osteosarcoma-UT/Training-Set-1/set11/P9-B34-24786-29238.tiff,P9,Non-Tumor,NON_TUMOR,TRUE,False,RETRIEVED,200,C:\Users\enkso\.kiro\crew\scratch\runtime-0a306834\osteopatch_full_ingestion\tiffs\P9-B34-24786-29238.tiff,226272,3ce5cc6588fa389a16df0768a6dfc1383448747dd74e233838abacf6f101272b,1bcdd4735361291cd7b8dd98401d03279c105ef018b9bb96a6876dfaf72b94e1,be6fdeb50832c015,3266d43f7eff2cf1,TIFF,TIFF-LE,1024,1024,RGB,3,8,True,147.4527244567871,15.60630022549663,0.00372314453125,9.5367431640625e-07,5.876903233809479,,False,False,False,False,False,False,PASS,True,
P9-B34-24972-14320,P9-B34-24972-14320,P9 B34-24972-14320,http://pathdb.cancerimagingarchive.net/system/files/wsi/ross/Osteosarcoma-UT/converted/Osteosarcoma-UT/Training-Set-1/set11/P9-B34-24972-14320.tiff,P9,Non-Tumor,NON_TUMOR,TRUE,False,RETRIEVED,200,C:\Users\enkso\.kiro\crew\scratch\runtime-0a306834\osteopatch_full_ingestion\tiffs\P9-B34-24972-14320.tiff,171448,43818c9fd06c41a92adb7ac4079eea0261def4cff4285ae6640a81a3deaf6ee1,eadbd45762eef20c0f22a7854664f4a85593839fd350dc8e14a0313f25e2030e,b8089eb0fcf8e1f0,31759312141ab428,TIFF,TIFF-LE,1024,1024,RGB,3,8,True,214.86427783966064,54.966563878664765,0.728734016418457,9.441375732421875e-05,4.449654163985683,,False,False,False,False,False,False,PASS,True,
P9-B34-25704-20109,P9-B34-25704-20109,P9 B34-25704-20109,http://pathdb.cancerimagingarchive.net/system/files/wsi/ross/Osteosarcoma-UT/converted/Osteosarcoma-UT/Training-Set-1/set11/P9-B34-25704-20109.tiff,P9,Non-Tumor,NON_TUMOR,TRUE,False,RETRIEVED,200,C:\Users\enkso\.kiro\crew\scratch\runtime-0a306834\osteopatch_full_ingestion\tiffs\P9-B34-25704-20109.tiff,156902,b75af6a9d08c49fcd8e609060435c8090215cc78a1b99e588cf0526f9d014c4d,3962da9492d2e8715343d0554fa6fa11512a95329a0c5d009dc4d71795c78ff3,c99649b5282bba4f,921869b3361dd3d3,TIFF,TIFF-LE,1024,1024,RGB,3,8,True,225.62666130065918,40.200879560000956,0.7599105834960938,0.0,4.834817132110235,,False,False,False,False,False,False,PASS,True,
P9-B34-26276-21044,P9-B34-26276-21044,P9 B34-26276-21044,http://pathdb.cancerimagingarchive.net/system/files/wsi/ross/Osteosarcoma-UT/converted/Osteosarcoma-UT/Training-Set-1/set11/P9-B34-26276-21044.tiff,P9,Non-Tumor,NON_TUMOR,TRUE,False,RETRIEVED,200,C:\Users\enkso\.kiro\crew\scratch\runtime-0a306834\osteopatch_full_ingestion\tiffs\P9-B34-26276-21044.tiff,189006,d60c249240d1396a55bdfed17370dc51fc92516abe03fad8b8ba8e9d806a1737,fa28f2ba683e5564664c267981d20b666f961f6feaa7adde4602a304ccbdcda3,846bc38e9db9ac58,70c18f1e76e69c94,TIFF,TIFF-LE,1024,1024,RGB,3,8,True,187.31789684295654,59.63126926998963,0.4750633239746094,7.62939453125e-06,5.952462247967253,,False,False,False,False,False,False,PASS,True,
P9-B34-26396-10641,P9-B34-26396-10641,P9 B34-26396-10641,http://pathdb.cancerimagingarchive.net/system/files/wsi/ross/Osteosarcoma-UT/converted/Osteosarcoma-UT/Training-Set-1/set11/P9-B34-26396-10641.tiff,P9,Non-Tumor,NON_TUMOR,TRUE,False,RETRIEVED,200,C:\Users\enkso\.kiro\crew\scratch\runtime-0a306834\osteopatch_full_ingestion\tiffs\P9-B34-26396-10641.tiff,148798,8289a195531ec2baa58fbaab34d19f099af9b24f468f5d16d51ac9037bf86c63,3ca17f9a2487b66c093b990f36ff639dd362a71350644366b37f3c2a4cfef4dd,9c1ef9f8c04462e7,323868e0d91bb28a,TIFF,TIFF-LE,1024,1024,RGB,3,8,True,211.4122142791748,50.07520287639181,0.6458244323730469,0.0,4.864661621111514,,False,False,False,False,False,False,PASS,True,
P9-B34-29602-19976,P9-B34-29602-19976,P9 B34-29602-19976,http://pathdb.cancerimagingarchive.net/system/files/wsi/ross/Osteosarcoma-UT/converted/Osteosarcoma-UT/Training-Set-1/set11/P9-B34-29602-19976.tiff,P9,Non-Tumor,NON_TUMOR,TRUE,False,RETRIEVED,200,C:\Users\enkso\.kiro\crew\scratch\runtime-0a306834\osteopatch_full_ingestion\tiffs\P9-B34-29602-19976.tiff,139046,ff6f1e77f6f7c31843fd3ad82afceb0b0e16c214b734a6ce04a4c381ef5bcba9,ba965e0fb62f84aab3fcaf1f04f7a325cd9e66a75888992a9d396c0c396c6eec,eb2adbe5d4451289,831bbfc6b28b5200,TIFF,TIFF-LE,1024,1024,RGB,3,8,True,192.92528438568115,60.65339382237409,0.5552968978881836,1.049041748046875e-05,5.259545405028695,,False,False,False,False,False,False,PASS,True,
P9-B34-29961-25751,P9-B34-29961-25751,P9 B34-29961-25751,http://pathdb.cancerimagingarchive.net/system/files/wsi/ross/Osteosarcoma-UT/converted/Osteosarcoma-UT/Training-Set-1/set11/P9-B34-29961-25751.tiff,P9,Non-Tumor,NON_TUMOR,TRUE,False,RETRIEVED,200,C:\Users\enkso\.kiro\crew\scratch\runtime-0a306834\osteopatch_full_ingestion\tiffs\P9-B34-29961-25751.tiff,199660,5f1d26e19cd3efbcfcc00b0fd8656aeb8eb994cc3f8e0a79112112fda56e4fad,d44f2caa0f2c6ce5f878fbb68bbf6e1bf270ad62edb631f7537c85c25b1e004f,93ca1ab5a57b409d,b979e14bfc9c38ec,TIFF,TIFF-LE,1024,1024,RGB,3,8,True,153.59832191467285,13.24005830760723,0.003040313720703125,0.0,5.610836961345274,,False,False,False,False,False,False,PASS,True,
P9-B34-31502-20976,P9-B34-31502-20976,P9 B34-31502-20976,http://pathdb.cancerimagingarchive.net/system/files/wsi/ross/Osteosarcoma-UT/converted/Osteosarcoma-UT/Training-Set-1/set11/P9-B34-31502-20976.tiff,P9,Non-Tumor,NON_TUMOR,TRUE,False,RETRIEVED,200,C:\Users\enkso\.kiro\crew\scratch\runtime-0a306834\osteopatch_full_ingestion\tiffs\P9-B34-31502-20976.tiff,172156,8264c36c9999f9ed8575557c524df2203bdaf45c15972658dd1d996a6b17f0e9,89f2d10d6cb9ebf582129833fc2b6f56419f51b44b135af60e17ebbe912fc68c,9e2163cacad05bf2,0b0f1cf064712c4d,TIFF,TIFF-LE,1024,1024,RGB,3,8,True,188.2933521270752,60.558945135568024,0.5183992385864258,0.0,5.4706959283190315,,False,False,False,False,False,False,PASS,True,
P9-B34-32214-14627,P9-B34-32214-14627,P9 B34-32214-14627,http://pathdb.cancerimagingarchive.net/system/files/wsi/ross/Osteosarcoma-UT/converted/Osteosarcoma-UT/Training-Set-1/set11/P9-B34-32214-14627.tiff,P9,Non-Tumor,NON_TUMOR,TRUE,False,RETRIEVED,200,C:\Users\enkso\.kiro\crew\scratch\runtime-0a306834\osteopatch_full_ingestion\tiffs\P9-B34-32214-14627.tiff,268824,de22c408840a8283a4b81812d1ee5729893da02356397239300d6a1e08d34864,800c1c9ee25a62e089f616fd429d1c2cb31d7da3772589929c5e51d19db071bb,ce37cf0ea4644479,6669b2cdb7e191e1,TIFF,TIFF-LE,1024,1024,RGB,3,8,True,192.9312448501587,58.23480964744063,0.4770469665527344,1.621246337890625e-05,6.237904502164396,,False,False,False,False,False,False,PASS,True,
P9-B34-34830-24344,P9-B34-34830-24344,P9 B34-34830-24344,http://pathdb.cancerimagingarchive.net/system/files/wsi/ross/Osteosarcoma-UT/converted/Osteosarcoma-UT/Training-Set-1/set11/P9-B34-34830-24344.tiff,P9,Non-Tumor,NON_TUMOR,TRUE,False,RETRIEVED,200,C:\Users\enkso\.kiro\crew\scratch\runtime-0a306834\osteopatch_full_ingestion\tiffs\P9-B34-34830-24344.tiff,217450,3a614bbfe371ae343474b4605159b38aefd01c94bac2fc132ef8cf00506dffc8,6dc61b056b06ad857bb74d1135f6af6fccfc4ddf95a872a2c99fb6288b26ae61,f807035ff807035f,0d1e5ebd367e3e9d,TIFF,TIFF-LE,1024,1024,RGB,3,8,True,151.59475803375244,25.804923633591205,0.047820091247558594,0.0,6.0927595462615844,,False,False,False,False,False,False,PASS,True,
P9-B34-3963-13771,P9-B34-3963-13771,P9 B34-3963-13771,http://pathdb.cancerimagingarchive.net/system/files/wsi/ross/Osteosarcoma-UT/converted/Osteosarcoma-UT/Training-Set-2/set12/P9-B34-3963-13771.tiff,P9,Non-Tumor,NON_TUMOR,TRUE,False,RETRIEVED,200,C:\Users\enkso\.kiro\crew\scratch\runtime-0a306834\osteopatch_full_ingestion\tiffs\P9-B34-3963-13771.tiff,64684,d5df85433e74528754d4abbb61b97bfb1caec297e22e9b39dade8de4d6d10adc,87364b0347906e9e49a7768df89b993f0fbbfa06d9dceb623779d9ee7470d3ab,830b55be9787a169,dcd3d3c46087080c,TIFF,TIFF-LE,1024,1024,RGB,3,8,True,230.2078685760498,38.00036347012048,0.8613052368164062,9.5367431640625e-07,2.410377385300683,LOW_INFORMATION,False,False,False,False,False,True,REVIEW,False,image QC status REVIEW
P9-B34-4804-20458,P9-B34-4804-20458,P9 B34-4804-20458,http://pathdb.cancerimagingarchive.net/system/files/wsi/ross/Osteosarcoma-UT/converted/Osteosarcoma-UT/Training-Set-2/set12/P9-B34-4804-20458.tiff,P9,Non-Tumor,NON_TUMOR,TRUE,False,RETRIEVED,200,C:\Users\enkso\.kiro\crew\scratch\runtime-0a306834\osteopatch_full_ingestion\tiffs\P9-B34-4804-20458.tiff,164804,236211ff315e79868934bd92a1cb56fce93176661c81b092d611eb04310220a3,fed9c76c9d4e5cde6461b39add0c33c774711a62c773f0e163dbb2fcc05a069d,8699852f1e923f6c,ffd4ecf5676fc7e4,TIFF,TIFF-LE,1024,1024,RGB,3,8,True,218.7602882385254,47.97649154581292,0.7196826934814453,2.86102294921875e-06,4.50594261692027,,False,False,False,False,False,False,PASS,True,
P9-B34-5389-15014,P9-B34-5389-15014,P9 B34-5389-15014,http://pathdb.cancerimagingarchive.net/system/files/wsi/ross/Osteosarcoma-UT/converted/Osteosarcoma-UT/Training-Set-2/set12/P9-B34-5389-15014.tiff,P9,Non-Tumor,NON_TUMOR,TRUE,False,RETRIEVED,200,C:\Users\enkso\.kiro\crew\scratch\runtime-0a306834\osteopatch_full_ingestion\tiffs\P9-B34-5389-15014.tiff,128618,e29e1e94c3f016bb9dcc87fe1236c5c9c879b7010a02842f0b51d6b63bf3b579,c7fcb9f7d3ccf3636df8ce689ec3d200a2baaeec9422f69bff25858d5f9d3cd6,b17421c709f3b6b4,9c171e19330e1d93,TIFF,TIFF-LE,1024,1024,RGB,3,8,True,211.44907665252686,48.33578454040835,0.6397781372070312,1.33514404296875e-05,4.408582659323091,,False,False,False,False,False,False,PASS,True,
P9-B34-8114-26748,P9-B34-8114-26748,P9 B34-8114-26748,http://pathdb.cancerimagingarchive.net/system/files/wsi/ross/Osteosarcoma-UT/converted/Osteosarcoma-UT/Training-Set-2/set12/P9-B34-8114-26748.tiff,P9,Non-Tumor,NON_TUMOR,TRUE,False,RETRIEVED,200,C:\Users\enkso\.kiro\crew\scratch\runtime-0a306834\osteopatch_full_ingestion\tiffs\P9-B34-8114-26748.tiff,175990,7267e9301954e70ba2f61ccd64ee76452c42dc492a5c9f688a16a51622eabc11,f90c9e948ccde2eb9c5f2e69405cab39045f9ec4aa444b998298a594418cc6dd,f4acc4910f63fcc8,8686154d3c1c8ca5,TIFF,TIFF-LE,1024,1024,RGB,3,8,True,201.2519769668579,52.3514441129925,0.5429143905639648,0.00011920928955078125,5.341933794033998,,False,False,False,False,False,False,PASS,True,
P9-B34-8406-7688,P9-B34-8406-7688,P9 B34-8406-7688,http://pathdb.cancerimagingarchive.net/system/files/wsi/ross/Osteosarcoma-UT/converted/Osteosarcoma-UT/Training-Set-2/set12/P9-B34-8406-7688.tiff,P9,Non-Tumor,NON_TUMOR,TRUE,False,RETRIEVED,200,C:\Users\enkso\.kiro\crew\scratch\runtime-0a306834\osteopatch_full_ingestion\tiffs\P9-B34-8406-7688.tiff,51054,2531653ed322c3e4cf91c590f909c922f81c37bdb992f6cd2a0815d5c7be8acf,d9fb8de6becbafea8f883627b3da72157866095b29be5601469d0379180d07d8,c94949a2b6b6b393,1313131419000000,TIFF,TIFF-LE,1024,1024,RGB,3,8,True,235.92362880706787,32.57876264455463,0.9270973205566406,0.0,1.88410486534113,NEAR_BLANK;LOW_INFORMATION,False,False,False,False,False,True,REVIEW,False,image QC status REVIEW
P9-B34-8718-30889,P9-B34-8718-30889,P9 B34-8718-30889,http://pathdb.cancerimagingarchive.net/system/files/wsi/ross/Osteosarcoma-UT/converted/Osteosarcoma-UT/Training-Set-2/set12/P9-B34-8718-30889.tiff,P9,Non-Tumor,NON_TUMOR,TRUE,False,RETRIEVED,200,C:\Users\enkso\.kiro\crew\scratch\runtime-0a306834\osteopatch_full_ingestion\tiffs\P9-B34-8718-30889.tiff,160532,afa54784aa5113c9f85b543961db39892d4b453a0ee00627f58b4be82f259d03,6c0a11b729b446385411fe3ed365a6456e8d7a433fe93c1a0dc0f008aa6a6bc5,d714e285ab9b52aa,dec4297456c84a49,TIFF,TIFF-LE,1024,1024,RGB,3,8,True,215.40339469909668,51.08061713100019,0.7253246307373047,0.0,4.0470737150096205,,False,False,False,False,False,False,PASS,True,
P9-B35-12438-25674,P9-B35-12438-25674,P9 B35-12438-25674,http://pathdb.cancerimagingarchive.net/system/files/wsi/ross/Osteosarcoma-UT/converted/Osteosarcoma-UT/Training-Set-2/set12/P9-B35-12438-25674.tiff,P9,Non-Tumor,NON_TUMOR,TRUE,False,RETRIEVED,200,C:\Users\enkso\.kiro\crew\scratch\runtime-0a306834\osteopatch_full_ingestion\tiffs\P9-B35-12438-25674.tiff,178900,5fcf98070144fd1d50a7fc8c810327da1c810022e598566d4a1a12d1de096e9b,e95555f3f4a124cbd34a58702cde3ff8ff2912bcaba207e459fc4a351afadc3b,ca9e8a17b7e50d88,65a9b10632ea929b,TIFF,TIFF-LE,1024,1024,RGB,3,8,True,187.9375982284546,53.39633100764556,0.42983341217041016,2.002716064453125e-05,5.705523435396742,,False,False,False,False,False,False,PASS,True,
P9-B35-12815-12096,P9-B35-12815-12096,P9 B35-12815-12096,http://pathdb.cancerimagingarchive.net/system/files/wsi/ross/Osteosarcoma-UT/converted/Osteosarcoma-UT/Training-Set-2/set12/P9-B35-12815-12096.tiff,P9,Non-Tumor,NON_TUMOR,TRUE,False,RETRIEVED,200,C:\Users\enkso\.kiro\crew\scratch\runtime-0a306834\osteopatch_full_ingestion\tiffs\P9-B35-12815-12096.tiff,164930,d3d56a0b0f914ecfab1f3c18e4a8dc9f839f922ec7a39d876dd45761fc421460,72f7354e752d7bf91d8704af5045eeaab700fc769a146cfa0abe13dae6f35be6,9e7080dc033f275f,36b6387874256168,TIFF,TIFF-LE,1024,1024,RGB,3,8,True,217.0373888015747,45.08579441640287,0.6705436706542969,3.814697265625e-06,4.793325105407478,,False,False,False,False,False,False,PASS,True,
P9-B35-14505-12348,P9-B35-14505-12348,P9 B35-14505-12348,http://pathdb.cancerimagingarchive.net/system/files/wsi/ross/Osteosarcoma-UT/converted/Osteosarcoma-UT/Training-Set-2/set12/P9-B35-14505-12348.tiff,P9,Non-Tumor,NON_TUMOR,TRUE,False,RETRIEVED,200,C:\Users\enkso\.kiro\crew\scratch\runtime-0a306834\osteopatch_full_ingestion\tiffs\P9-B35-14505-12348.tiff,137510,ef70463d8cfeba47f4a4464f6fb6131093aa4f7b9627dd2be214df7494379d2a,16c1465b844249a1bbd06d590f6bb1cd84995a5cb008cdf1d274a519d2969961,f88e8c684ef199ac,33773a1c059b9b33,TIFF,TIFF-LE,1024,1024,RGB,3,8,True,156.31334590911865,63.57958670599927,0.29984188079833984,0.0,6.360560941619987,,False,False,False,False,False,False,PASS,True,
P9-B35-15021-9557,P9-B35-15021-9557,P9 B35-15021-9557,http://pathdb.cancerimagingarchive.net/system/files/wsi/ross/Osteosarcoma-UT/converted/Osteosarcoma-UT/Training-Set-2/set12/P9-B35-15021-9557.tiff,P9,Non-Tumor,NON_TUMOR,TRUE,False,RETRIEVED,200,C:\Users\enkso\.kiro\crew\scratch\runtime-0a306834\osteopatch_full_ingestion\tiffs\P9-B35-15021-9557.tiff,138330,fda2db2623e1ca1c63d04d0c20e04e620d44b2de2eb7871314e930fd6bfa68c4,bea9c0a72bb6d6be913992231618ec55728563a766282f735edfd435fe4d1c0b,f2b61a8b255452d7,6c2d2c068fcb4181,TIFF,TIFF-LE,1024,1024,RGB,3,8,True,196.69483089447021,46.94687160821182,0.4653491973876953,0.0,4.942653927857697,,False,False,False,False,False,False,PASS,True,
P9-B35-15208-10297,P9-B35-15208-10297,P9 B35-15208-10297,http://pathdb.cancerimagingarchive.net/system/files/wsi/ross/Osteosarcoma-UT/converted/Osteosarcoma-UT/Training-Set-2/set12/P9-B35-15208-10297.tiff,P9,Non-Tumor,NON_TUMOR,TRUE,False,RETRIEVED,200,C:\Users\enkso\.kiro\crew\scratch\runtime-0a306834\osteopatch_full_ingestion\tiffs\P9-B35-15208-10297.tiff,168956,c81b51274a9384ced38a4e7d0bf2948b10ee2831ac79a0adee60b29821914899,4fe124ce6013cbde02a585188962e0da91dcd07ca7e89cd1eb386a48ab5f4bf0,b5ece9504396295b,8203270c58b46c49,TIFF,TIFF-LE,1024,1024,RGB,3,8,True,185.5137710571289,47.21492829268929,0.34325599670410156,9.5367431640625e-07,5.806763834304591,,False,False,False,False,False,False,PASS,True,
P9-B35-16551-24506,P9-B35-16551-24506,P9 B35-16551-24506,http://pathdb.cancerimagingarchive.net/system/files/wsi/ross/Osteosarcoma-UT/converted/Osteosarcoma-UT/Training-Set-2/set12/P9-B35-16551-24506.tiff,P9,Non-Tumor,NON_TUMOR,TRUE,False,RETRIEVED,200,C:\Users\enkso\.kiro\crew\scratch\runtime-0a306834\osteopatch_full_ingestion\tiffs\P9-B35-16551-24506.tiff,219522,364b4c07089c4bd3e3c1f42e1cd0c08997b44f0b24ac6869e263d2a0a81cc8de,00124900265b4c26dbc57c6bfad7d08264ff18f5adf368f2497ff2d6c1569a7c,e96a8234c11ff64d,47852d0b122e7bdb,TIFF,TIFF-LE,1024,1024,RGB,3,8,True,175.490008354187,61.24373088063253,0.38477516174316406,7.62939453125e-05,6.189535493613622,,False,False,False,False,False,False,PASS,True,
P9-B35-16877-31247,P9-B35-16877-31247,P9 B35-16877-31247,http://pathdb.cancerimagingarchive.net/system/files/wsi/ross/Osteosarcoma-UT/converted/Osteosarcoma-UT/Training-Set-2/set12/P9-B35-16877-31247.tiff,P9,Non-Tumor,NON_TUMOR,TRUE,False,RETRIEVED,200,C:\Users\enkso\.kiro\crew\scratch\runtime-0a306834\osteopatch_full_ingestion\tiffs\P9-B35-16877-31247.tiff,211528,3a603875e6fd007067d91e305dc7963bd158e3f13b171c3164f48db673c2b9f1,3fd14f31c9b42f6a2b1f265958d023b7f5a266c1d8285a13fcaef0b715e13d8c,8f807db14aad54ab,f3eef1e1e3143320,TIFF,TIFF-LE,1024,1024,RGB,3,8,True,150.04851055145264,14.69510370746123,0.0015163421630859375,0.0,5.835228496227153,,False,False,False,False,False,False,PASS,True,
P9-B35-17883-27584,P9-B35-17883-27584,P9 B35-17883-27584,http://pathdb.cancerimagingarchive.net/system/files/wsi/ross/Osteosarcoma-UT/converted/Osteosarcoma-UT/Training-Set-2/set12/P9-B35-17883-27584.tiff,P9,Non-Tumor,NON_TUMOR,TRUE,False,RETRIEVED,200,C:\Users\enkso\.kiro\crew\scratch\runtime-0a306834\osteopatch_full_ingestion\tiffs\P9-B35-17883-27584.tiff,69644,02ef8893a3172523374ec66a811b07f85f8a04c609f63af2398687f5cdf3594f,34ba13d9ae66130dc571c89c33687f01d836eb171e4e43cbec249b291fb1c9e1,b5133033323373f3,1dfecaf124228c26,TIFF,TIFF-LE,1024,1024,RGB,3,8,True,229.30763053894043,37.030008678462714,0.8543119430541992,0.0,4.0082676319128865,,False,False,False,False,False,False,PASS,True,
P9-B35-19533-30395,P9-B35-19533-30395,P9 B35-19533-30395,http://pathdb.cancerimagingarchive.net/system/files/wsi/ross/Osteosarcoma-UT/converted/Osteosarcoma-UT/Training-Set-1/set11/P9-B35-19533-30395.tiff,P9,Non-Tumor,NON_TUMOR,TRUE,False,RETRIEVED,200,C:\Users\enkso\.kiro\crew\scratch\runtime-0a306834\osteopatch_full_ingestion\tiffs\P9-B35-19533-30395.tiff,171574,30f5b2130afaac8f331f34484929eac496b179548d21a7a0b1b05b9b8e608bd3,cbcf3a81545e4276ccd68f234dead9eda0b7d25430e9cc194c82275b04e87edf,c2953f7c3a72e206,9c72ec99230f9f6b,TIFF,TIFF-LE,1024,1024,RGB,3,8,True,181.04511547088623,49.64620991867159,0.35855579376220703,9.5367431640625e-07,5.899494488620668,,False,False,False,False,False,False,PASS,True,
P9-B35-21019-2866,P9-B35-21019-2866,P9 B35-21019-2866,http://pathdb.cancerimagingarchive.net/system/files/wsi/ross/Osteosarcoma-UT/converted/Osteosarcoma-UT/Training-Set-1/set11/P9-B35-21019-2866.tiff,P9,Non-Tumor,NON_TUMOR,TRUE,False,RETRIEVED,200,C:\Users\enkso\.kiro\crew\scratch\runtime-0a306834\osteopatch_full_ingestion\tiffs\P9-B35-21019-2866.tiff,68352,6da06b91c6f618d2e2f430c2a6b09a383808216489d5b00c5c7c0363f02be413,91355212d32904dc6e53e48ead6e9c79078000a6329082fc5b09262f23586572,bfc03e71cc33c80e,0000000863180c24,TIFF,TIFF-LE,1024,1024,RGB,3,8,True,238.68222045898438,24.724660150420974,0.9301815032958984,1.9073486328125e-06,2.0738914368669845,NEAR_BLANK;LOW_INFORMATION,False,False,False,False,False,True,REVIEW,False,image QC status REVIEW
P9-B35-22735-12061,P9-B35-22735-12061,P9 B35-22735-12061,http://pathdb.cancerimagingarchive.net/system/files/wsi/ross/Osteosarcoma-UT/converted/Osteosarcoma-UT/Training-Set-1/set11/P9-B35-22735-12061.tiff,P9,Non-Tumor,NON_TUMOR,TRUE,False,RETRIEVED,200,C:\Users\enkso\.kiro\crew\scratch\runtime-0a306834\osteopatch_full_ingestion\tiffs\P9-B35-22735-12061.tiff,204592,3afdeb80ba92c79e881549c7a961c0c989acbfc1c4a432e111dd58fda3cb21fc,e63c2fbfd8925d8d95dc9f152972d1322fb80c45894ac4a271f3d6559f0d6d16,9983b86bd2cea42b,9918bcdc58323332,TIFF,TIFF-LE,1024,1024,RGB,3,8,True,215.3701572418213,48.84565814027996,0.6684541702270508,8.58306884765625e-06,4.92104281118308,,False,False,False,False,False,False,PASS,True,
P9-B35-24085-20586,P9-B35-24085-20586,P9 B35-24085-20586,http://pathdb.cancerimagingarchive.net/system/files/wsi/ross/Osteosarcoma-UT/converted/Osteosarcoma-UT/Training-Set-1/set11/P9-B35-24085-20586.tiff,P9,Non-Tumor,NON_TUMOR,TRUE,False,RETRIEVED,200,C:\Users\enkso\.kiro\crew\scratch\runtime-0a306834\osteopatch_full_ingestion\tiffs\P9-B35-24085-20586.tiff,134160,b15f39425a11585ce3051173943ac6bab9fb956dd64430c4be2261578e98c73b,6ca2208cdf2accc539a69def5560088af266e7e285568379e2bba96a6d4d617c,eddb92644b5a464c,901213132686b70e,TIFF,TIFF-LE,1024,1024,RGB,3,8,True,229.22994232177734,37.490535433674545,0.8273515701293945,5.7220458984375e-06,4.047594402093249,,False,False,False,False,False,False,PASS,True,
P9-B35-24179-20080,P9-B35-24179-20080,P9 B35-24179-20080,http://pathdb.cancerimagingarchive.net/system/files/wsi/ross/Osteosarcoma-UT/converted/Osteosarcoma-UT/Training-Set-1/set11/P9-B35-24179-20080.tiff,P9,Non-Tumor,NON_TUMOR,TRUE,False,RETRIEVED,200,C:\Users\enkso\.kiro\crew\scratch\runtime-0a306834\osteopatch_full_ingestion\tiffs\P9-B35-24179-20080.tiff,184464,a46089c8a9d07c386f9c0c32eee4feca169c0a9587d4d28ea74f06ccb4731d63,e54c52622e0ff44e994dd22b69fb38a1828ed48708daa54a1133982bd96bea41,ae122fdb593970e0,39edac1de1851326,TIFF,TIFF-LE,1024,1024,RGB,3,8,True,215.78511810302734,52.417251649652705,0.7147026062011719,2.86102294921875e-05,4.981052144669317,,False,False,False,False,False,False,PASS,True,
P9-B35-24524-30984,P9-B35-24524-30984,P9 B35-24524-30984,http://pathdb.cancerimagingarchive.net/system/files/wsi/ross/Osteosarcoma-UT/converted/Osteosarcoma-UT/Training-Set-1/set11/P9-B35-24524-30984.tiff,P9,Non-Tumor,NON_TUMOR,TRUE,False,RETRIEVED,200,C:\Users\enkso\.kiro\crew\scratch\runtime-0a306834\osteopatch_full_ingestion\tiffs\P9-B35-24524-30984.tiff,118518,dfb35336768087d2fc593977aa2a662111d88987563e72edf562e5ae5020a2af,68af4da00a4128724f3adc624e219baefb41dddd32efb4385b7554c5519c40a6,b2121f3d63671c95,4c7cf88b0e38c410,TIFF,TIFF-LE,1024,1024,RGB,3,8,True,209.8887062072754,53.846754454230584,0.7007761001586914,9.5367431640625e-06,4.159635729726588,,False,False,False,False,False,False,PASS,True,
P9-B35-24706-27321,P9-B35-24706-27321,P9 B35-24706-27321,http://pathdb.cancerimagingarchive.net/system/files/wsi/ross/Osteosarcoma-UT/converted/Osteosarcoma-UT/Training-Set-1/set11/P9-B35-24706-27321.tiff,P9,Non-Tumor,NON_TUMOR,TRUE,False,RETRIEVED,200,C:\Users\enkso\.kiro\crew\scratch\runtime-0a306834\osteopatch_full_ingestion\tiffs\P9-B35-24706-27321.tiff,220866,de2fe9fd8061014599636a6bc2f6fbccede79f0c4bab532e70e7b028ff5b6f12,8b55690659e4a8119985f82094799506d04f9e69cccecc41562933121cf3595d,9892b3266cccdd95,7d9d38f11e78c78c,TIFF,TIFF-LE,1024,1024,RGB,3,8,True,162.14908409118652,37.30663914592217,0.12362384796142578,3.814697265625e-06,6.455006667120357,,False,False,False,False,False,False,PASS,True,
P9-B35-25420-14360,P9-B35-25420-14360,P9 B35-25420-14360,http://pathdb.cancerimagingarchive.net/system/files/wsi/ross/Osteosarcoma-UT/converted/Osteosarcoma-UT/Training-Set-1/set11/P9-B35-25420-14360.tiff,P9,Non-Tumor,NON_TUMOR,TRUE,False,RETRIEVED,200,C:\Users\enkso\.kiro\crew\scratch\runtime-0a306834\osteopatch_full_ingestion\tiffs\P9-B35-25420-14360.tiff,170470,3ac86cc82d3fc374bd75b6d82c6d1bef99a159f6aaab12d19036c833fae63891,ddbf31f9560ee083424a1f767ff0de00e6dd9c436fd1dda8ad66e59fb317c09f,d515f1e2a65c2c5c,8e5a366cc5b65490,TIFF,TIFF-LE,1024,1024,RGB,3,8,True,220.41421699523926,50.50593969916289,0.7624616622924805,6.389617919921875e-05,4.264859501962226,,False,False,False,False,False,False,PASS,True,
P9-B35-26037-23313,P9-B35-26037-23313,P9 B35-26037-23313,http://pathdb.cancerimagingarchive.net/system/files/wsi/ross/Osteosarcoma-UT/converted/Osteosarcoma-UT/Training-Set-1/set11/P9-B35-26037-23313.tiff,P9,Non-Tumor,NON_TUMOR,TRUE,False,RETRIEVED,200,C:\Users\enkso\.kiro\crew\scratch\runtime-0a306834\osteopatch_full_ingestion\tiffs\P9-B35-26037-23313.tiff,64406,de23cb6f12905371ba132df5ff569ead049e5f75505e6bca935997013a20070b,fd399d52516a4094eb9016653061f5bf6c0b9ae39201e91ccd02673d2687e893,e09c61ccb166d9a7,34b1c02218204708,TIFF,TIFF-LE,1024,1024,RGB,3,8,True,219.4996795654297,43.94306832260587,0.7328624725341797,0.0,4.116451531326492,,False,False,False,False,False,False,PASS,True,
P9-B35-26526-8068,P9-B35-26526-8068,P9 B35-26526-8068,http://pathdb.cancerimagingarchive.net/system/files/wsi/ross/Osteosarcoma-UT/converted/Osteosarcoma-UT/Training-Set-1/set11/P9-B35-26526-8068.tiff,P9,Non-Tumor,NON_TUMOR,TRUE,False,RETRIEVED,200,C:\Users\enkso\.kiro\crew\scratch\runtime-0a306834\osteopatch_full_ingestion\tiffs\P9-B35-26526-8068.tiff,183056,1905abe7f7fcfee126a69cb1541703db8a7c809061e1e72be23172932429d1c1,e745cab85e8a59298fe51c1fbfeba1734ca12cd9eda426375e6ed312deb79ca6,e393bccc7ae21891,9dccdc8d0267871f,TIFF,TIFF-LE,1024,1024,RGB,3,8,True,195.00810050964355,57.81561811291962,0.5222616195678711,9.5367431640625e-06,5.721978182151855,,False,False,False,False,False,False,PASS,True,
P9-B35-32599-17175,P9-B35-32599-17175,P9 B35-32599-17175,http://pathdb.cancerimagingarchive.net/system/files/wsi/ross/Osteosarcoma-UT/converted/Osteosarcoma-UT/Training-Set-1/set11/P9-B35-32599-17175.tiff,P9,Non-Tumor,NON_TUMOR,TRUE,False,RETRIEVED,200,C:\Users\enkso\.kiro\crew\scratch\runtime-0a306834\osteopatch_full_ingestion\tiffs\P9-B35-32599-17175.tiff,138362,0cbec92b8da6f3b7c16a0bd92993ea1ded4af2d3dcbd140a8e2f8360ea06673a,b5c8aa24541498c525fec0f40ecfdcb14c05734074dc018488454d5d0dd9c16a,cb972c5966542d65,21d9584881314387,TIFF,TIFF-LE,1024,1024,RGB,3,8,True,204.8076572418213,55.123641580452194,0.6226825714111328,9.5367431640625e-06,4.930111359637167,,False,False,False,False,False,False,PASS,True,
P9-B35-37035-24678,P9-B35-37035-24678,P9 B35-37035-24678,http://pathdb.cancerimagingarchive.net/system/files/wsi/ross/Osteosarcoma-UT/converted/Osteosarcoma-UT/Training-Set-1/set11/P9-B35-37035-24678.tiff,P9,Non-Tumor,NON_TUMOR,TRUE,False,RETRIEVED,200,C:\Users\enkso\.kiro\crew\scratch\runtime-0a306834\osteopatch_full_ingestion\tiffs\P9-B35-37035-24678.tiff,158802,bcc7a896cbc1de3d0e6fc134eeaaf81ebcda53a7b68ab2592af7f39543d0b874,9e09e4578aa99b99ee6016f56adf6d760d15a04e5f49bdc66bd0cc56db0a9130,ba1494b1796b52f4,1c74e8138f482208,TIFF,TIFF-LE,1024,1024,RGB,3,8,True,207.16721153259277,50.84165199169767,0.6171417236328125,4.9591064453125e-05,5.010449839778642,,False,False,False,False,False,False,PASS,True,
P9-B35-4389-24585,P9-B35-4389-24585,P9 B35-4389-24585,http://pathdb.cancerimagingarchive.net/system/files/wsi/ross/Osteosarcoma-UT/converted/Osteosarcoma-UT/Training-Set-2/set12/P9-B35-4389-24585.tiff,P9,Non-Tumor,NON_TUMOR,TRUE,False,RETRIEVED,200,C:\Users\enkso\.kiro\crew\scratch\runtime-0a306834\osteopatch_full_ingestion\tiffs\P9-B35-4389-24585.tiff,129668,4c2d82c92214c973aa3119e321f078730878c27ae747c7f8cdc2613e58dcd6d5,21f52184142d5087604c432c9084d8197c8895b830ca9e8514670d7296ad8fd7,856be64ebec8c10b,e747d3b374cada6a,TIFF,TIFF-LE,1024,1024,RGB,3,8,True,222.91503715515137,48.472058896245,0.8022050857543945,1.621246337890625e-05,3.623487929013333,,False,False,False,False,False,False,PASS,True,
P9-B35-6618-26202,P9-B35-6618-26202,P9 B35-6618-26202,http://pathdb.cancerimagingarchive.net/system/files/wsi/ross/Osteosarcoma-UT/converted/Osteosarcoma-UT/Training-Set-2/set12/P9-B35-6618-26202.tiff,P9,Non-Tumor,NON_TUMOR,TRUE,False,RETRIEVED,200,C:\Users\enkso\.kiro\crew\scratch\runtime-0a306834\osteopatch_full_ingestion\tiffs\P9-B35-6618-26202.tiff,152374,3d03d2bf42d5464cf63b116ffbaf1021e33e92cf9b491a8e602c36f094780006,298878509344e554c0fee9c7183f9bddaacfba3ff79965e3f1675c38fc5e6227,e1d9b1a76dca4684,5adcb8e3e7cecc8e,TIFF,TIFF-LE,1024,1024,RGB,3,8,True,207.39400100708008,52.232519724914646,0.6255893707275391,3.814697265625e-06,4.607498024558348,,False,False,False,False,False,False,PASS,True,
P9-B35-8320-3884,P9-B35-8320-3884,P9 B35-8320-3884,http://pathdb.cancerimagingarchive.net/system/files/wsi/ross/Osteosarcoma-UT/converted/Osteosarcoma-UT/Training-Set-2/set12/P9-B35-8320-3884.tiff,P9,Non-Tumor,NON_TUMOR,TRUE,False,RETRIEVED,200,C:\Users\enkso\.kiro\crew\scratch\runtime-0a306834\osteopatch_full_ingestion\tiffs\P9-B35-8320-3884.tiff,59718,641aa9e35940f87d1ff01067b950cca52b6e0200a05e85f24ab544fd71730094,b79fda1628d517655085f3e25abf237bc8a7148aa904208a57182d732cdd0d08,8307fcf83e1f1f00,68d0e0d0d0008000,TIFF,TIFF-LE,1024,1024,RGB,3,8,True,238.45890140533447,27.523090116398972,0.940220832824707,1.9073486328125e-06,1.663503652263421,NEAR_BLANK;LOW_INFORMATION,False,False,False,False,False,True,REVIEW,False,image QC status REVIEW
P9-B35-8377-19050,P9-B35-8377-19050,P9 B35-8377-19050,http://pathdb.cancerimagingarchive.net/system/files/wsi/ross/Osteosarcoma-UT/converted/Osteosarcoma-UT/Training-Set-2/set12/P9-B35-8377-19050.tiff,P9,Non-Tumor,NON_TUMOR,TRUE,False,RETRIEVED,200,C:\Users\enkso\.kiro\crew\scratch\runtime-0a306834\osteopatch_full_ingestion\tiffs\P9-B35-8377-19050.tiff,180374,67ca9e559509a3965744c918ccb162a02d7a1e464140a1e6f52b2d49754dcc17,577618ad32064c9d52b33de781ce774888585ba885b1d70ae0dda7a888cc30a7,f1ceb1b32c492ad4,9cd8b1a246499a1c,TIFF,TIFF-LE,1024,1024,RGB,3,8,True,205.92091369628906,56.63605446547075,0.6242380142211914,8.58306884765625e-06,5.203664606731954,,False,False,False,False,False,False,PASS,True,
P9-B6-10488-27683,P9-B6-10488-27683,P9 B6-10488-27683,http://pathdb.cancerimagingarchive.net/system/files/wsi/ross/Osteosarcoma-UT/converted/Osteosarcoma-UT/Training-Set-2/set12/P9-B6-10488-27683.tiff,P9,Non-Tumor,NON_TUMOR,TRUE,False,RETRIEVED,200,C:\Users\enkso\.kiro\crew\scratch\runtime-0a306834\osteopatch_full_ingestion\tiffs\P9-B6-10488-27683.tiff,146790,3a17d5c9a5bc528cec596322129f15dba317d2883d97cdbc732d207d482bfcd8,aa0c893b0f2b398db9df1d4af5677c53d05d54951c715503d3bac5fbb9246bab,fbe04c98c3ad6827,91990f4e989d7278,TIFF,TIFF-LE,1024,1024,RGB,3,8,True,220.12889003753662,45.69275599963757,0.7424335479736328,9.5367431640625e-07,3.8089181698196852,,False,False,False,False,False,False,PASS,True,
P9-B6-11153-24729,P9-B6-11153-24729,P9 B6-11153-24729,http://pathdb.cancerimagingarchive.net/system/files/wsi/ross/Osteosarcoma-UT/converted/Osteosarcoma-UT/Training-Set-2/set12/P9-B6-11153-24729.tiff,P9,Non-Tumor,NON_TUMOR,TRUE,False,RETRIEVED,200,C:\Users\enkso\.kiro\crew\scratch\runtime-0a306834\osteopatch_full_ingestion\tiffs\P9-B6-11153-24729.tiff,125838,8d22f9e0b1473889b87b18ca52df7399a7ffb9d5dbeb76c718615bfd8e43ede9,5665c949be399146b37207d0fb4fc0e9530666187ad5e4f1c1c1d87eeb3c2457,8e64c6f4252f6276,a620017ffe8168d8,TIFF,TIFF-LE,1024,1024,RGB,3,8,True,210.00752925872803,52.01554857817584,0.6723613739013672,0.0,4.012008601703404,,False,False,False,False,False,False,PASS,True,
P9-B6-12212-7812,P9-B6-12212-7812,P9 B6-12212-7812,http://pathdb.cancerimagingarchive.net/system/files/wsi/ross/Osteosarcoma-UT/converted/Osteosarcoma-UT/Training-Set-2/set12/P9-B6-12212-7812.tiff,P9,Non-Tumor,NON_TUMOR,TRUE,False,RETRIEVED,200,C:\Users\enkso\.kiro\crew\scratch\runtime-0a306834\osteopatch_full_ingestion\tiffs\P9-B6-12212-7812.tiff,104190,2ca27264869206ea3bd37e550b53e8404dc5cb44c2e02f3c02c7b0e18317e779,e127a28bee9ef87236e7aa55355136bcc1877eb4141124defb95efc5f5e70128,c1ef6f01694a6971,c3e29ac1d2d8d0a2,TIFF,TIFF-LE,1024,1024,RGB,3,8,True,229.07067966461182,39.52506152440803,0.8441848754882812,9.5367431640625e-07,2.7891276309542876,LOW_INFORMATION,False,False,False,False,False,True,REVIEW,False,image QC status REVIEW
P9-B6-15408-27469,P9-B6-15408-27469,P9 B6-15408-27469,http://pathdb.cancerimagingarchive.net/system/files/wsi/ross/Osteosarcoma-UT/converted/Osteosarcoma-UT/Training-Set-2/set12/P9-B6-15408-27469.tiff,P9,Non-Tumor,NON_TUMOR,TRUE,False,RETRIEVED,200,C:\Users\enkso\.kiro\crew\scratch\runtime-0a306834\osteopatch_full_ingestion\tiffs\P9-B6-15408-27469.tiff,113640,1d1dab6eb5056bed40439ac964a05e4b94be7667084a49da1abde53f1c5a1262,9c3b7688a1eda4aced4fe3c8becd34c7474f46fd668975ad3df75f7c9921a2b7,f947d1863de2620d,2610c30f76e3931c,TIFF,TIFF-LE,1024,1024,RGB,3,8,True,213.44888591766357,54.61818892170591,0.7318334579467773,0.00042629241943359375,4.046722910063034,,False,False,False,False,False,False,PASS,True,
P9-B6-17146-14469,P9-B6-17146-14469,P9 B6-17146-14469,http://pathdb.cancerimagingarchive.net/system/files/wsi/ross/Osteosarcoma-UT/converted/Osteosarcoma-UT/Training-Set-2/set12/P9-B6-17146-14469.tiff,P9,Non-Tumor,NON_TUMOR,TRUE,False,RETRIEVED,200,C:\Users\enkso\.kiro\crew\scratch\runtime-0a306834\osteopatch_full_ingestion\tiffs\P9-B6-17146-14469.tiff,56608,590f817ace15daf64a58b98c88209ea887d30b087e0e4bb5c03618b05dd13372,8a0cb7cbb920c45c81b93add3ce877b40923a9aad523cb3b7b7819f8ca6f41b0,d6ea52a1aaa5aa55,850404030042c465,TIFF,TIFF-LE,1024,1024,RGB,3,8,True,237.691162109375,26.326884054262052,0.9334554672241211,0.0,1.80099243464914,NEAR_BLANK;LOW_INFORMATION,False,False,False,False,False,True,REVIEW,False,image QC status REVIEW
P9-B6-17176-31590,P9-B6-17176-31590,P9 B6-17176-31590,http://pathdb.cancerimagingarchive.net/system/files/wsi/ross/Osteosarcoma-UT/converted/Osteosarcoma-UT/Training-Set-2/set12/P9-B6-17176-31590.tiff,P9,Non-Tumor,NON_TUMOR,TRUE,False,RETRIEVED,200,C:\Users\enkso\.kiro\crew\scratch\runtime-0a306834\osteopatch_full_ingestion\tiffs\P9-B6-17176-31590.tiff,192440,c864aa9fae350e15c516aedd2c681f4c4b999c75f57f97df0a647315bfdafc95,67bbe6556f9a75cfdd0cf4cd65263f129a42d5cf339421440a6ed9ab993911f9,956ad62b54a979c1,920c7290c41ffee0,TIFF,TIFF-LE,1024,1024,RGB,3,8,True,168.24996757507324,41.5299417994236,0.19879913330078125,0.0,6.2874646310946005,,False,False,False,False,False,False,PASS,True,
P9-B6-17918-19733,P9-B6-17918-19733,P9 B6-17918-19733,http://pathdb.cancerimagingarchive.net/system/files/wsi/ross/Osteosarcoma-UT/converted/Osteosarcoma-UT/Training-Set-2/set12/P9-B6-17918-19733.tiff,P9,Non-Tumor,NON_TUMOR,TRUE,False,RETRIEVED,200,C:\Users\enkso\.kiro\crew\scratch\runtime-0a306834\osteopatch_full_ingestion\tiffs\P9-B6-17918-19733.tiff,215528,bb2948d645764e0eeff18dd2a4e00508839be7a09b4292c8d3b3cb911c061bff,dbf1cc40ba70660f1c3639e3b258af8ad50bbf07eb60c2bc9a341e527c04b02d,9a7f78606143c70f,9b397ce966acddb1,TIFF,TIFF-LE,1024,1024,RGB,3,8,True,199.92359828948975,63.785042456876916,0.6129903793334961,7.343292236328125e-05,5.306214437607152,,False,False,False,False,False,False,PASS,True,
P9-B6-18080-13972,P9-B6-18080-13972,P9 B6-18080-13972,http://pathdb.cancerimagingarchive.net/system/files/wsi/ross/Osteosarcoma-UT/converted/Osteosarcoma-UT/Training-Set-2/set12/P9-B6-18080-13972.tiff,P9,Non-Tumor,NON_TUMOR,TRUE,False,RETRIEVED,200,C:\Users\enkso\.kiro\crew\scratch\runtime-0a306834\osteopatch_full_ingestion\tiffs\P9-B6-18080-13972.tiff,110552,6281a3a9c47c4dc6742444c4c5dc3ae8380680c4691576f9d3a41a4c4759e4ad,f7ba57442d0eaf2c9a19f110d46712920bbbafa32ca2e8b4f985b809b83694ab,d4ba4ec5ca9c4cd4,369e3c39b2809450,TIFF,TIFF-LE,1024,1024,RGB,3,8,True,225.35807704925537,43.24117117774533,0.8192691802978516,9.5367431640625e-07,3.416055421467031,,False,False,False,False,False,False,PASS,True,
P9-B6-18107-15557,P9-B6-18107-15557,P9 B6-18107-15557,http://pathdb.cancerimagingarchive.net/system/files/wsi/ross/Osteosarcoma-UT/converted/Osteosarcoma-UT/Training-Set-2/set12/P9-B6-18107-15557.tiff,P9,Non-Tumor,NON_TUMOR,TRUE,False,RETRIEVED,200,C:\Users\enkso\.kiro\crew\scratch\runtime-0a306834\osteopatch_full_ingestion\tiffs\P9-B6-18107-15557.tiff,121106,822a3c28fb2427160ff6cd8e2927e343ae8c23aad0cfdf5dc26c99bcafab153a,568de7d80d80b6d61d6c2ce3459a138adb8c7506bfb0647875acd833abc1ce52,8380a15f9ce738dd,c0d8dbe47089cae6,TIFF,TIFF-LE,1024,1024,RGB,3,8,True,208.694016456604,53.04414286569043,0.6630420684814453,9.5367431640625e-07,4.496963125167404,,False,False,False,False,False,False,PASS,True,
P9-B6-18722-31321,P9-B6-18722-31321,P9 B6-18722-31321,http://pathdb.cancerimagingarchive.net/system/files/wsi/ross/Osteosarcoma-UT/converted/Osteosarcoma-UT/Training-Set-2/set12/P9-B6-18722-31321.tiff,P9,Non-Tumor,NON_TUMOR,TRUE,False,RETRIEVED,200,C:\Users\enkso\.kiro\crew\scratch\runtime-0a306834\osteopatch_full_ingestion\tiffs\P9-B6-18722-31321.tiff,204414,9d14dc28f9319e2b7fe36fbcaa19fe3f03e891c1420432fee6e04a63b652f7fa,7f5d27d34da54f343ef5275ba437bc0f040b30f6c6fe491bd4c2ebe4f3dc7fa7,fc3a56d4a18b5686,262f35139604c084,TIFF,TIFF-LE,1024,1024,RGB,3,8,True,141.09191417694092,17.271002503305848,0.0032968521118164062,1.9073486328125e-06,6.022566255989863,,False,False,False,False,False,False,PASS,True,
P9-B6-19328-19600,P9-B6-19328-19600,P9 B6-19328-19600,http://pathdb.cancerimagingarchive.net/system/files/wsi/ross/Osteosarcoma-UT/converted/Osteosarcoma-UT/Training-Set-1/set11/P9-B6-19328-19600.tiff,P9,Non-Tumor,NON_TUMOR,TRUE,False,RETRIEVED,200,C:\Users\enkso\.kiro\crew\scratch\runtime-0a306834\osteopatch_full_ingestion\tiffs\P9-B6-19328-19600.tiff,227126,2467aeb26dff0da8a626c667cb5b6806b7e60db4808634c16250af0ee30ad151,43d3ef5eefe98ac92f9aad12facc6b286d846704cfc9d467933b829678802d73,e34833e49d6c9a17,0bdbdb8346464e5a,TIFF,TIFF-LE,1024,1024,RGB,3,8,True,212.85696125030518,55.13736493660827,0.6764459609985352,6.29425048828125e-05,5.060472218705861,,False,False,False,False,False,False,PASS,True,
P9-B6-19704-3257,P9-B6-19704-3257,P9 B6-19704-3257,http://pathdb.cancerimagingarchive.net/system/files/wsi/ross/Osteosarcoma-UT/converted/Osteosarcoma-UT/Training-Set-1/set11/P9-B6-19704-3257.tiff,P9,Non-Tumor,NON_TUMOR,TRUE,False,RETRIEVED,200,C:\Users\enkso\.kiro\crew\scratch\runtime-0a306834\osteopatch_full_ingestion\tiffs\P9-B6-19704-3257.tiff,114600,1286b9b6a95a49ec87ada83dc1e0e756bbbc0705f46a582b0a8df454799b046b,ff604084d4a9d4223adbdc131c302345d034268266e231f52bf86f33d2e8a153,ccb5c27f27817d10,002cb0d22422d1c1,TIFF,TIFF-LE,1024,1024,RGB,3,8,True,238.05533981323242,21.162413218981456,0.8699731826782227,2.86102294921875e-06,3.0499758657720104,,False,False,False,False,False,False,PASS,True,
P9-B6-19992-23631,P9-B6-19992-23631,P9 B6-19992-23631,http://pathdb.cancerimagingarchive.net/system/files/wsi/ross/Osteosarcoma-UT/converted/Osteosarcoma-UT/Training-Set-1/set11/P9-B6-19992-23631.tiff,P9,Non-Tumor,NON_TUMOR,TRUE,False,RETRIEVED,200,C:\Users\enkso\.kiro\crew\scratch\runtime-0a306834\osteopatch_full_ingestion\tiffs\P9-B6-19992-23631.tiff,129540,acbc275d7ee588e5f20be346582a928618f77e1e1cb89c9701d577d71101d34e,4393beafd5d847676456a024f71eb83a6adc15c5ab99a2e0565446b59932a8d5,ad1280c9e6e4f379,e4791c066373a6c6,TIFF,TIFF-LE,1024,1024,RGB,3,8,True,206.61627864837646,58.854019156247304,0.6711292266845703,5.626678466796875e-05,4.528972270748253,,False,False,False,False,False,False,PASS,True,
P9-B6-20458-6118,P9-B6-20458-6118,P9 B6-20458-6118,http://pathdb.cancerimagingarchive.net/system/files/wsi/ross/Osteosarcoma-UT/converted/Osteosarcoma-UT/Training-Set-1/set11/P9-B6-20458-6118.tiff,P9,Non-Tumor,NON_TUMOR,TRUE,False,RETRIEVED,200,C:\Users\enkso\.kiro\crew\scratch\runtime-0a306834\osteopatch_full_ingestion\tiffs\P9-B6-20458-6118.tiff,161254,8bb57370b9d60f13c1461c08bdd86557d4657fd78d3aa31f989f92d504e64639,6c82073ff24e0411b8f0dbf96718af6d76238f07b97f82b4a5f07678e1eee4ec,ec44bd9a4b551b89,24262624413dbe33,TIFF,TIFF-LE,1024,1024,RGB,3,8,True,219.30184745788574,47.3770237821157,0.7295999526977539,0.0,4.114072202812907,,False,False,False,False,False,False,PASS,True,
P9-B6-22762-13561,P9-B6-22762-13561,P9 B6-22762-13561,http://pathdb.cancerimagingarchive.net/system/files/wsi/ross/Osteosarcoma-UT/converted/Osteosarcoma-UT/Training-Set-1/set11/P9-B6-22762-13561.tiff,P9,Non-Tumor,NON_TUMOR,TRUE,False,RETRIEVED,200,C:\Users\enkso\.kiro\crew\scratch\runtime-0a306834\osteopatch_full_ingestion\tiffs\P9-B6-22762-13561.tiff,140518,f8e02b8d02c87d7acfb6d7f9f3a5c41e21df2c067f30fba60401a877215a4002,c93e880c63587f6b41ab3803b1997817f07b105f5200d989bf042ab430526025,8706f0e133fc709e,c4e670696cf262db,TIFF,TIFF-LE,1024,1024,RGB,3,8,True,213.05650424957275,54.62321510436372,0.710052490234375,4.863739013671875e-05,4.468511280090874,,False,False,False,False,False,False,PASS,True,
P9-B6-23023-20652,P9-B6-23023-20652,P9 B6-23023-20652,http://pathdb.cancerimagingarchive.net/system/files/wsi/ross/Osteosarcoma-UT/converted/Osteosarcoma-UT/Training-Set-1/set11/P9-B6-23023-20652.tiff,P9,Non-Tumor,NON_TUMOR,TRUE,False,RETRIEVED,200,C:\Users\enkso\.kiro\crew\scratch\runtime-0a306834\osteopatch_full_ingestion\tiffs\P9-B6-23023-20652.tiff,153688,08a85fd901a6c392ac75ae04d9b0d215b3ce7d5d53557aafbffd084dc469b37b,2b166a81c7fcc862d43d0b4671094c2ecf80cc944d5d59129d73df1933a0028b,8c67e70fcf0f18c0,67ce9872f6b6f282,TIFF,TIFF-LE,1024,1024,RGB,3,8,True,213.63204956054688,53.16230239714522,0.7244758605957031,3.814697265625e-06,4.3298857099812444,,False,False,False,False,False,False,PASS,True,
P9-B6-23209-22319,P9-B6-23209-22319,P9 B6-23209-22319,http://pathdb.cancerimagingarchive.net/system/files/wsi/ross/Osteosarcoma-UT/converted/Osteosarcoma-UT/Training-Set-1/set11/P9-B6-23209-22319.tiff,P9,Non-Tumor,NON_TUMOR,TRUE,False,RETRIEVED,200,C:\Users\enkso\.kiro\crew\scratch\runtime-0a306834\osteopatch_full_ingestion\tiffs\P9-B6-23209-22319.tiff,184416,4d686604096850957cca4ffcdba4bd5a7c48cdc834611b5ca29c90385bc69d57,15eac8d397294413a9bceb9c9135b08322df20ef45503a76ef763330d8af9dc2,db36ac4016bd7c70,2d031f7cd0831335,TIFF,TIFF-LE,1024,1024,RGB,3,8,True,192.78674697875977,56.27414864926407,0.46939754486083984,1.9073486328125e-06,6.232006392636747,,False,False,False,False,False,False,PASS,True,
P9-B6-23429-20864,P9-B6-23429-20864,P9 B6-23429-20864,http://pathdb.cancerimagingarchive.net/system/files/wsi/ross/Osteosarcoma-UT/converted/Osteosarcoma-UT/Training-Set-1/set11/P9-B6-23429-20864.tiff,P9,Non-Tumor,NON_TUMOR,TRUE,False,RETRIEVED,200,C:\Users\enkso\.kiro\crew\scratch\runtime-0a306834\osteopatch_full_ingestion\tiffs\P9-B6-23429-20864.tiff,68522,bb281a30f1c7daad3fbfc246bd886d0ddb4a3015dc56ac98f60b52ee100fb446,5a8fb3083fe4df84cd3dbb3b7661c06f6a2b6ad7c8661df2da65ace5f78679ea,d5aa0205075faf57,e0902122c622b004,TIFF,TIFF-LE,1024,1024,RGB,3,8,True,237.0425329208374,27.14474503600062,0.9373693466186523,9.5367431640625e-07,2.6420341684085167,NEAR_BLANK;LOW_INFORMATION,False,False,False,False,False,True,REVIEW,False,image QC status REVIEW
P9-B6-2451-23298,P9-B6-2451-23298,P9 B6-2451-23298,http://pathdb.cancerimagingarchive.net/system/files/wsi/ross/Osteosarcoma-UT/converted/Osteosarcoma-UT/Training-Set-2/set12/P9-B6-2451-23298.tiff,P9,Non-Tumor,NON_TUMOR,TRUE,False,RETRIEVED,200,C:\Users\enkso\.kiro\crew\scratch\runtime-0a306834\osteopatch_full_ingestion\tiffs\P9-B6-2451-23298.tiff,61674,ddb0cd9efd25b9d45d9506c2f8cc2e7a8b13fbce435ffde8499ff575b01a9eb5,cc087b022ebd8066ddc92f7f4cb5ce66d39735e71958bcc9393e805262dc7c1b,da5395a42595a96b,04080910070f1004,TIFF,TIFF-LE,1024,1024,RGB,3,8,True,230.45792293548584,36.382750737635966,0.8595190048217773,0.0,2.4065067516428194,LOW_INFORMATION,False,False,False,False,False,True,REVIEW,False,image QC status REVIEW
P9-B6-24779-30011,P9-B6-24779-30011,P9 B6-24779-30011,http://pathdb.cancerimagingarchive.net/system/files/wsi/ross/Osteosarcoma-UT/converted/Osteosarcoma-UT/Training-Set-1/set11/P9-B6-24779-30011.tiff,P9,Non-Tumor,NON_TUMOR,TRUE,False,RETRIEVED,200,C:\Users\enkso\.kiro\crew\scratch\runtime-0a306834\osteopatch_full_ingestion\tiffs\P9-B6-24779-30011.tiff,229434,7900968a8809877584067b7154e23f5aa47c60b8429a49d1be7f0799e0725080,1e45e743e65cbdeb04c92b10d6a890a39f9756beec35ee5c930f137d70fffd50,ba4d924d966993ac,3cf1a31f34f0077d,TIFF,TIFF-LE,1024,1024,RGB,3,8,True,152.88665294647217,26.536848924040395,0.04944038391113281,9.5367431640625e-07,6.1879386110570245,,False,False,False,False,False,False,PASS,True,
P9-B6-25039-13328,P9-B6-25039-13328,P9 B6-25039-13328,http://pathdb.cancerimagingarchive.net/system/files/wsi/ross/Osteosarcoma-UT/converted/Osteosarcoma-UT/Training-Set-1/set11/P9-B6-25039-13328.tiff,P9,Non-Tumor,NON_TUMOR,TRUE,False,RETRIEVED,200,C:\Users\enkso\.kiro\crew\scratch\runtime-0a306834\osteopatch_full_ingestion\tiffs\P9-B6-25039-13328.tiff,171012,e8b3371e74d291f13cf0fa695e65ad8e53f21e36f0191b1c44db5df57e59ce51,6309e2e96fd87946487aae5c70425bcf0b2a6077b4a5de6c379cbc0709c9dd34,e0c7b5a59af324a1,0456ccc993c68e98,TIFF,TIFF-LE,1024,1024,RGB,3,8,True,210.71929836273193,54.36904229266062,0.6757869720458984,0.00010204315185546875,4.576069615632982,,False,False,False,False,False,False,PASS,True,
P9-B6-27036-22226,P9-B6-27036-22226,P9 B6-27036-22226,http://pathdb.cancerimagingarchive.net/system/files/wsi/ross/Osteosarcoma-UT/converted/Osteosarcoma-UT/Training-Set-1/set11/P9-B6-27036-22226.tiff,P9,Non-Tumor,NON_TUMOR,TRUE,False,RETRIEVED,200,C:\Users\enkso\.kiro\crew\scratch\runtime-0a306834\osteopatch_full_ingestion\tiffs\P9-B6-27036-22226.tiff,183630,f2954a5dc26476cff7470687ffb6465684bc28f12937feb13d577be5e0a14a04,64d7f28a15fec50869a472ea8a491b48d330c32a5cffc03f608dff0b94544e1a,d6588c62d6c98bab,30b0b394cc4d2334,TIFF,TIFF-LE,1024,1024,RGB,3,8,True,217.2098274230957,52.50864952924667,0.7374172210693359,6.29425048828125e-05,4.346216315091635,,False,False,False,False,False,False,PASS,True,
P9-B6-29196-14072,P9-B6-29196-14072,P9 B6-29196-14072,http://pathdb.cancerimagingarchive.net/system/files/wsi/ross/Osteosarcoma-UT/converted/Osteosarcoma-UT/Training-Set-1/set11/P9-B6-29196-14072.tiff,P9,Non-Tumor,NON_TUMOR,TRUE,False,RETRIEVED,200,C:\Users\enkso\.kiro\crew\scratch\runtime-0a306834\osteopatch_full_ingestion\tiffs\P9-B6-29196-14072.tiff,134044,8638cde54a056ce478c156d33a827f3187b0403198820bd9eafd7301065b9f9e,69b4d4c62b04616dcc30111bbc55cb5471d73cf7f469c81196ab4b10768a5707,c79c91234a9566dd,40ea6470438f9cd1,TIFF,TIFF-LE,1024,1024,RGB,3,8,True,221.03936767578125,44.12963083084643,0.7489213943481445,1.9073486328125e-06,4.355857617231687,,False,False,False,False,False,False,PASS,True,
P9-B6-5195-29864,P9-B6-5195-29864,P9 B6-5195-29864,http://pathdb.cancerimagingarchive.net/system/files/wsi/ross/Osteosarcoma-UT/converted/Osteosarcoma-UT/Training-Set-2/set12/P9-B6-5195-29864.tiff,P9,Non-Tumor,NON_TUMOR,TRUE,False,RETRIEVED,200,C:\Users\enkso\.kiro\crew\scratch\runtime-0a306834\osteopatch_full_ingestion\tiffs\P9-B6-5195-29864.tiff,76552,6510f566ae54df2092d842dd6a9170b7ed1627a2768c464702e132c536361f4a,bab4609e8d0b26ca79728ebacb6a058d16bbd4bbe75210a30b0a15025904f684,e96948c8d91333f6,11278e9b66182400,TIFF,TIFF-LE,1024,1024,RGB,3,8,True,225.0016326904297,46.37900765682052,0.833277702331543,8.58306884765625e-06,2.5371363728315823,LOW_INFORMATION,False,False,False,False,False,True,REVIEW,False,image QC status REVIEW
P9-B6-6130-23430,P9-B6-6130-23430,P9 B6-6130-23430,http://pathdb.cancerimagingarchive.net/system/files/wsi/ross/Osteosarcoma-UT/converted/Osteosarcoma-UT/Training-Set-2/set12/P9-B6-6130-23430.tiff,P9,Non-Tumor,NON_TUMOR,TRUE,False,RETRIEVED,200,C:\Users\enkso\.kiro\crew\scratch\runtime-0a306834\osteopatch_full_ingestion\tiffs\P9-B6-6130-23430.tiff,120740,694233b9b7f870a947ea11ad444f74ada136533e362e3c1a4a3ebed8fe052b15,45fcdf7ab16845b6fd57e9f707a4c989e080b0bd2737e68fd1d03464bf8a615f,d130cfcea37113a9,cb26189aaa505652,TIFF,TIFF-LE,1024,1024,RGB,3,8,True,224.2805528640747,45.51104073847964,0.8122110366821289,0.0,3.4940823527532516,,False,False,False,False,False,False,PASS,True,
P9-B6-7024-29103,P9-B6-7024-29103,P9 B6-7024-29103,http://pathdb.cancerimagingarchive.net/system/files/wsi/ross/Osteosarcoma-UT/converted/Osteosarcoma-UT/Training-Set-2/set12/P9-B6-7024-29103.tiff,P9,Non-Tumor,NON_TUMOR,TRUE,False,RETRIEVED,200,C:\Users\enkso\.kiro\crew\scratch\runtime-0a306834\osteopatch_full_ingestion\tiffs\P9-B6-7024-29103.tiff,112052,1e2870c033e0ee96f75c7491aad0204e257d7d3e257ac9c6d71b440bb4ad6104,5f851461bf9169ab21a53524265198e06165bde9b7e4fb5ba64977b3d6a0eb54,ed96120d2c93be65,fab368d3d333ca43,TIFF,TIFF-LE,1024,1024,RGB,3,8,True,220.9647731781006,45.48346660069004,0.7684097290039062,8.58306884765625e-06,3.350207983493186,,False,False,False,False,False,False,PASS,True,
P9-B6-9887-18682,P9-B6-9887-18682,P9 B6-9887-18682,http://pathdb.cancerimagingarchive.net/system/files/wsi/ross/Osteosarcoma-UT/converted/Osteosarcoma-UT/Training-Set-2/set12/P9-B6-9887-18682.tiff,P9,Non-Tumor,NON_TUMOR,TRUE,False,RETRIEVED,200,C:\Users\enkso\.kiro\crew\scratch\runtime-0a306834\osteopatch_full_ingestion\tiffs\P9-B6-9887-18682.tiff,144050,ea2a2ee3000679942bd54b84f323a5a332789d4fc443c6870918a22c5e8c5e0e,507ce45f3f4adda901cfa2b5635b2625bce629f4815c7bd50d13c4fbdd056c83,98430e212f2e7f3e,e3c339e59691b532,TIFF,TIFF-LE,1024,1024,RGB,3,8,True,221.35503005981445,46.51245525483491,0.7460441589355469,1.33514404296875e-05,4.236104718807013,,False,False,False,False,False,False,PASS,True,
P9-B7-10723-33887,P9-B7-10723-33887,P9 B7-10723-33887,http://pathdb.cancerimagingarchive.net/system/files/wsi/ross/Osteosarcoma-UT/converted/Osteosarcoma-UT/Training-Set-2/set12/P9-B7-10723-33887.tiff,P9,Non-Tumor,NON_TUMOR,TRUE,False,RETRIEVED,200,C:\Users\enkso\.kiro\crew\scratch\runtime-0a306834\osteopatch_full_ingestion\tiffs\P9-B7-10723-33887.tiff,220456,fef8971062442e48873c3b917aa3f62d20b3307364522f228ca15853319a0e2f,e5906b2b52080429ae1df4ada3519d1c31920cc0ad37c4d66147e33c5c50201b,b9c7857c63ce4807,071e78313b3b3998,TIFF,TIFF-LE,1024,1024,RGB,3,8,True,153.0038366317749,19.28937164257246,0.008237838745117188,0.0,6.131124242824394,,False,False,False,False,False,False,PASS,True,
P9-B7-13277-26914,P9-B7-13277-26914,P9 B7-13277-26914,http://pathdb.cancerimagingarchive.net/system/files/wsi/ross/Osteosarcoma-UT/converted/Osteosarcoma-UT/Training-Set-2/set12/P9-B7-13277-26914.tiff,P9,Non-Tumor,NON_TUMOR,TRUE,False,RETRIEVED,200,C:\Users\enkso\.kiro\crew\scratch\runtime-0a306834\osteopatch_full_ingestion\tiffs\P9-B7-13277-26914.tiff,117162,b1ae02ae88fdb11f8e2997ab9a938e904888c92531588daef4ce719e63b51124,deb399c2b386d228534d702565f8dd60c4ef01715826bc609fd88808908374b3,c54a9eb3a60cf8c6,68b1a3478f1a74e8,TIFF,TIFF-LE,1024,1024,RGB,3,8,True,208.05896282196045,52.79258272555011,0.6623201370239258,3.814697265625e-06,4.0232749393776395,,False,False,False,False,False,False,PASS,True,
P9-B7-13453-27559,P9-B7-13453-27559,P9 B7-13453-27559,http://pathdb.cancerimagingarchive.net/system/files/wsi/ross/Osteosarcoma-UT/converted/Osteosarcoma-UT/Training-Set-2/set12/P9-B7-13453-27559.tiff,P9,Non-Tumor,NON_TUMOR,TRUE,False,RETRIEVED,200,C:\Users\enkso\.kiro\crew\scratch\runtime-0a306834\osteopatch_full_ingestion\tiffs\P9-B7-13453-27559.tiff,105338,85fb2ee7036bcbfdb94283185696ad9d76adad0cec2b064309c2bc4f741425b3,74fb03e2244a2c3bfcbeba128d73ac9f016b431c175de7ed10ce45aa1cca26e9,ca060f1a7fb6b429,79c9b3c80191e913,TIFF,TIFF-LE,1024,1024,RGB,3,8,True,222.4972047805786,46.945909681958,0.807093620300293,9.5367431640625e-06,3.332361769410241,,False,False,False,False,False,False,PASS,True,
P9-B7-14699-28544,P9-B7-14699-28544,P9 B7-14699-28544,http://pathdb.cancerimagingarchive.net/system/files/wsi/ross/Osteosarcoma-UT/converted/Osteosarcoma-UT/Training-Set-2/set12/P9-B7-14699-28544.tiff,P9,Non-Tumor,NON_TUMOR,TRUE,False,RETRIEVED,200,C:\Users\enkso\.kiro\crew\scratch\runtime-0a306834\osteopatch_full_ingestion\tiffs\P9-B7-14699-28544.tiff,162658,40bde6847d71af73a69f2e393520447066c5241486a7da237c6d65c525f80b0f,bd15787b384bcd9c61c0adec003355b6c9dca8f074dd1dfc64ae040b1a29921b,988d72b345ad8b5a,1a3c3b32b4591d82,TIFF,TIFF-LE,1024,1024,RGB,3,8,True,187.21572399139404,52.50868717786722,0.43825435638427734,3.814697265625e-06,5.549334084343828,,False,False,False,False,False,False,PASS,True,
P9-B7-17432-9890,P9-B7-17432-9890,P9 B7-17432-9890,http://pathdb.cancerimagingarchive.net/system/files/wsi/ross/Osteosarcoma-UT/converted/Osteosarcoma-UT/Training-Set-2/set12/P9-B7-17432-9890.tiff,P9,Non-Tumor,NON_TUMOR,TRUE,False,RETRIEVED,200,C:\Users\enkso\.kiro\crew\scratch\runtime-0a306834\osteopatch_full_ingestion\tiffs\P9-B7-17432-9890.tiff,209460,bc92f233c496936c462e6e7d9d138d42a22f3b024cf860b6634c3a032b164187,4f9c368a9cffa167049376f51e66bb07be398003086b44e7740e902b0ecfdffb,ddb569cae4121786,2716783cb4713113,TIFF,TIFF-LE,1024,1024,RGB,3,8,True,203.92664909362793,50.54286723962995,0.5048799514770508,1.9073486328125e-06,5.818749678000284,,False,False,False,False,False,False,PASS,True,
P9-B7-17824-13368,P9-B7-17824-13368,P9 B7-17824-13368,http://pathdb.cancerimagingarchive.net/system/files/wsi/ross/Osteosarcoma-UT/converted/Osteosarcoma-UT/Training-Set-2/set12/P9-B7-17824-13368.tiff,P9,Non-Tumor,NON_TUMOR,TRUE,False,RETRIEVED,200,C:\Users\enkso\.kiro\crew\scratch\runtime-0a306834\osteopatch_full_ingestion\tiffs\P9-B7-17824-13368.tiff,163024,c0af96283792aeb90d5166d762d2fd2f978b375066c0857b6cfc60887cb99903,16b9ed2e8d0a0d11c5f306a2f65e464ad08f493bd63a6a14ed63cb9740080ba3,e61320e0b54f97ce,d4bd6454a62563af,TIFF,TIFF-LE,1024,1024,RGB,3,8,True,218.71002388000488,47.820834255314345,0.7260570526123047,1.33514404296875e-05,4.373371439904734,,False,False,False,False,False,False,PASS,True,
P9-B7-21432-27614,P9-B7-21432-27614,P9 B7-21432-27614,http://pathdb.cancerimagingarchive.net/system/files/wsi/ross/Osteosarcoma-UT/converted/Osteosarcoma-UT/Training-Set-2/set12/P9-B7-21432-27614.tiff,P9,Non-Tumor,NON_TUMOR,TRUE,False,RETRIEVED,200,C:\Users\enkso\.kiro\crew\scratch\runtime-0a306834\osteopatch_full_ingestion\tiffs\P9-B7-21432-27614.tiff,168944,d614f7b63972725bf00486161ed50947e7f636d925656449d4b84601031db5dd,5164c138857fe499251ad4721867d82b38db023ac7eef321146a976b4a854053,80983fe7e40f392e,cc1831e2c7ce6c3d,TIFF,TIFF-LE,1024,1024,RGB,3,8,True,154.77562808990479,49.59886037144448,0.2005758285522461,0.0,6.457735522601769,,False,False,False,False,False,False,PASS,True,
P9-B7-21767-26717,P9-B7-21767-26717,P9 B7-21767-26717,http://pathdb.cancerimagingarchive.net/system/files/wsi/ross/Osteosarcoma-UT/converted/Osteosarcoma-UT/Training-Set-2/set12/P9-B7-21767-26717.tiff,P9,Non-Tumor,NON_TUMOR,TRUE,False,RETRIEVED,200,C:\Users\enkso\.kiro\crew\scratch\runtime-0a306834\osteopatch_full_ingestion\tiffs\P9-B7-21767-26717.tiff,159596,c5ee6adf29189b06128d5a55647da187321df5a03f5a444b2ac1c126c1650e2f,cc559595486b0e3f38c560eb900c4e8be79c312bcfb8ee38cffb7953587d6e44,edd2853ab5a1863c,0c10030831e99b76,TIFF,TIFF-LE,1024,1024,RGB,3,8,True,183.5757179260254,52.51698395713411,0.4065580368041992,0.0,5.88191631147534,,False,False,False,False,False,False,PASS,True,
P9-B7-22066-28200,P9-B7-22066-28200,P9 B7-22066-28200,http://pathdb.cancerimagingarchive.net/system/files/wsi/ross/Osteosarcoma-UT/converted/Osteosarcoma-UT/Training-Set-2/set12/P9-B7-22066-28200.tiff,P9,Non-Tumor,NON_TUMOR,TRUE,False,RETRIEVED,200,C:\Users\enkso\.kiro\crew\scratch\runtime-0a306834\osteopatch_full_ingestion\tiffs\P9-B7-22066-28200.tiff,202278,e2b0d26732bee0f8a9625dc2cf34526ad083af2471a2f189727c1c72e434d3ef,4f3f3beec7fc27b833b6d2c66e767b96cf46bf827598fb6908fa9d91a6ff5dbf,a9501327166dd9f3,dea9b333ef33033b,TIFF,TIFF-LE,1024,1024,RGB,3,8,True,146.84962368011475,15.918722288274715,0.0036163330078125,0.0,5.864354317291868,,False,False,False,False,False,False,PASS,True,
P9-B7-23277-6246,P9-B7-23277-6246,P9 B7-23277-6246,http://pathdb.cancerimagingarchive.net/system/files/wsi/ross/Osteosarcoma-UT/converted/Osteosarcoma-UT/Training-Set-1/set11/P9-B7-23277-6246.tiff,P9,Non-Tumor,NON_TUMOR,TRUE,False,RETRIEVED,200,C:\Users\enkso\.kiro\crew\scratch\runtime-0a306834\osteopatch_full_ingestion\tiffs\P9-B7-23277-6246.tiff,145144,b1607490f3dd2190c42130f8eee313a3fdaf8ba1fb1d7927d4a2ea34c9f37ae6,c2f0bc17b8d53a69b7188267c19c44023facaf0fead3b1843f3e9bbc099200b0,9ce22d90e303dee9,43327dcdb0b5f272,TIFF,TIFF-LE,1024,1024,RGB,3,8,True,223.61694526672363,44.30474748542851,0.7673959732055664,3.62396240234375e-05,4.067938900144341,,False,False,False,False,False,False,PASS,True,
P9-B7-23373-11741,P9-B7-23373-11741,P9 B7-23373-11741,http://pathdb.cancerimagingarchive.net/system/files/wsi/ross/Osteosarcoma-UT/converted/Osteosarcoma-UT/Training-Set-1/set11/P9-B7-23373-11741.tiff,P9,Non-Tumor,NON_TUMOR,TRUE,False,RETRIEVED,200,C:\Users\enkso\.kiro\crew\scratch\runtime-0a306834\osteopatch_full_ingestion\tiffs\P9-B7-23373-11741.tiff,193360,c365f7b3af7c7b88f795fa614c29780bb9b827c56fa29cc53087546a5201efaf,3f7e01516dbec0d28120660fd37f9d7ac1ffeb62868c813a3a26b6fc1c6997ab,bbf719b083ae80c6,1a1aa74f0d1b33db,TIFF,TIFF-LE,1024,1024,RGB,3,8,True,211.62889957427979,55.55150975120546,0.6871461868286133,2.86102294921875e-06,4.788333446444282,,False,False,False,False,False,False,PASS,True,
P9-B7-24872-12722,P9-B7-24872-12722,P9 B7-24872-12722,http://pathdb.cancerimagingarchive.net/system/files/wsi/ross/Osteosarcoma-UT/converted/Osteosarcoma-UT/Training-Set-1/set11/P9-B7-24872-12722.tiff,P9,Non-Tumor,NON_TUMOR,TRUE,False,RETRIEVED,200,C:\Users\enkso\.kiro\crew\scratch\runtime-0a306834\osteopatch_full_ingestion\tiffs\P9-B7-24872-12722.tiff,159102,1e421540e9684dfd4d9a1bb2afaf5af8ff53e89c5692e0d97ea14308bc11934d,fb415b8409bbfd8bea605d8b25933a5a886bb08509a6ac815444e8754fb7eb79,80b7cdfb1118ed62,da4cc6fc8f63a1c2,TIFF,TIFF-LE,1024,1024,RGB,3,8,True,219.31993961334229,47.85060168577177,0.7221212387084961,7.724761962890625e-05,4.2831420797400455,,False,False,False,False,False,False,PASS,True,
P9-B7-26719-8006,P9-B7-26719-8006,P9 B7-26719-8006,http://pathdb.cancerimagingarchive.net/system/files/wsi/ross/Osteosarcoma-UT/converted/Osteosarcoma-UT/Training-Set-1/set11/P9-B7-26719-8006.tiff,P9,Non-Tumor,NON_TUMOR,TRUE,False,RETRIEVED,200,C:\Users\enkso\.kiro\crew\scratch\runtime-0a306834\osteopatch_full_ingestion\tiffs\P9-B7-26719-8006.tiff,191306,6a3ac0e7008736f14f4d932cde67dba5c72a2408c1e0328d044aeca15ec51359,6a383e7074c654e963d6fcc31a719cfe188e06530b8904996f6e37ebe17e4b6e,fcdc97e01c610fe0,64183132354f1e3d,TIFF,TIFF-LE,1024,1024,RGB,3,8,True,193.29664134979248,55.64306258560564,0.4864006042480469,8.58306884765625e-06,5.84358622016433,,False,False,False,False,False,False,PASS,True,
P9-B7-27737-7637,P9-B7-27737-7637,P9 B7-27737-7637,http://pathdb.cancerimagingarchive.net/system/files/wsi/ross/Osteosarcoma-UT/converted/Osteosarcoma-UT/Training-Set-1/set11/P9-B7-27737-7637.tiff,P9,Non-Tumor,NON_TUMOR,TRUE,False,RETRIEVED,200,C:\Users\enkso\.kiro\crew\scratch\runtime-0a306834\osteopatch_full_ingestion\tiffs\P9-B7-27737-7637.tiff,143580,aaffc6dcd0809fd190434e2f8919248fd5f07a306d1ea433123d57330f3427f2,4a93ac8a53a7a5f4533bc06a2ade784e84747886955853151b598ce66909b71c,869ff0c1250e1c7f,866e6c66e6c5cc0c,TIFF,TIFF-LE,1024,1024,RGB,3,8,True,224.26744174957275,37.92333120885081,0.7424020767211914,0.0,4.246966414137605,,False,False,False,False,False,False,PASS,True,
P9-B7-27830-11834,P9-B7-27830-11834,P9 B7-27830-11834,http://pathdb.cancerimagingarchive.net/system/files/wsi/ross/Osteosarcoma-UT/converted/Osteosarcoma-UT/Training-Set-1/set11/P9-B7-27830-11834.tiff,P9,Non-Tumor,NON_TUMOR,TRUE,False,RETRIEVED,200,C:\Users\enkso\.kiro\crew\scratch\runtime-0a306834\osteopatch_full_ingestion\tiffs\P9-B7-27830-11834.tiff,187310,8b50485e0e4afecdb6bd635d6cf82cc8ee52b6645b7bc0784daee5627fe401fb,b816ebe312df9ca3b3bf60b5b7b303120606b9c97e89a5be10cb3f2573274d69,ac56c3cd969b342c,68030d7df6e353cf,TIFF,TIFF-LE,1024,1024,RGB,3,8,True,204.78747177124023,56.70518175545849,0.6292171478271484,3.337860107421875e-05,5.331299554672038,,False,False,False,False,False,False,PASS,True,
P9-B7-31436-18746,P9-B7-31436-18746,P9 B7-31436-18746,http://pathdb.cancerimagingarchive.net/system/files/wsi/ross/Osteosarcoma-UT/converted/Osteosarcoma-UT/Training-Set-1/set11/P9-B7-31436-18746.tiff,P9,Non-Tumor,NON_TUMOR,TRUE,False,RETRIEVED,200,C:\Users\enkso\.kiro\crew\scratch\runtime-0a306834\osteopatch_full_ingestion\tiffs\P9-B7-31436-18746.tiff,174932,73aae64747a1a0d4d91871663908625c2b69d40ad468ae44d01ca733a36a469a,082a38ad7d5f025c0bc173be1c2ddff736108ad2cd561dfd77e427e89805bb32,cd3f321a3526362b,3d73466253506396,TIFF,TIFF-LE,1024,1024,RGB,3,8,True,213.36917209625244,50.944487041127175,0.6827507019042969,9.5367431640625e-06,4.865171338029451,,False,False,False,False,False,False,PASS,True,
P9-B7-32198-19590,P9-B7-32198-19590,P9 B7-32198-19590,http://pathdb.cancerimagingarchive.net/system/files/wsi/ross/Osteosarcoma-UT/converted/Osteosarcoma-UT/Training-Set-1/set11/P9-B7-32198-19590.tiff,P9,Non-Tumor,NON_TUMOR,TRUE,False,RETRIEVED,200,C:\Users\enkso\.kiro\crew\scratch\runtime-0a306834\osteopatch_full_ingestion\tiffs\P9-B7-32198-19590.tiff,179860,54cab67497584d503ee2b7f4f862fad780cb9c9dfa4f5c0ecc6cc51c7084a099,0019a54f1aaa1f149c89f7dcc9e4b61621707bf1a29e57356598d3a60a23cb55,c13176f4614b56dc,8f1e78c3b62860c7,TIFF,TIFF-LE,1024,1024,RGB,3,8,True,200.6603193283081,51.53049432073132,0.5506296157836914,0.0,5.36670828705515,,False,False,False,False,False,False,PASS,True,
P9-B7-35456-21995,P9-B7-35456-21995,P9 B7-35456-21995,http://pathdb.cancerimagingarchive.net/system/files/wsi/ross/Osteosarcoma-UT/converted/Osteosarcoma-UT/Training-Set-1/set11/P9-B7-35456-21995.tiff,P9,Non-Tumor,NON_TUMOR,TRUE,False,RETRIEVED,200,C:\Users\enkso\.kiro\crew\scratch\runtime-0a306834\osteopatch_full_ingestion\tiffs\P9-B7-35456-21995.tiff,212150,8ae98fb2a7cb60db27be38040667e69708e31616f2a6902a9914597129d1ff57,189ca0588c545cee3e29f79e19ea2c2f17d466c06ea1319530e2693ad1f5fde9,955ab56a943952ad,8e58d430e08d3356,TIFF,TIFF-LE,1024,1024,RGB,3,8,True,158.07498741149902,14.552782729240613,0.003894805908203125,0.0,5.76719318623088,,False,False,False,False,False,False,PASS,True,
P9-B7-3806-21832,P9-B7-3806-21832,P9 B7-3806-21832,http://pathdb.cancerimagingarchive.net/system/files/wsi/ross/Osteosarcoma-UT/converted/Osteosarcoma-UT/Training-Set-2/set12/P9-B7-3806-21832.tiff,P9,Non-Tumor,NON_TUMOR,TRUE,False,RETRIEVED,200,C:\Users\enkso\.kiro\crew\scratch\runtime-0a306834\osteopatch_full_ingestion\tiffs\P9-B7-3806-21832.tiff,108836,2f8db4b972cc0dafa78e39093c92cbdf7664a9587cf33de2b2c28a65b316ff60,8c703b3980c6d17314dba780ed46f2ee9daa3e9a80b5bd80f7833a61d931ba81,cebc6894bf991258,26c7d17c64c83107,TIFF,TIFF-LE,1024,1024,RGB,3,8,True,218.93151760101318,46.4778971629082,0.7430038452148438,0.0,3.759161780654267,,False,False,False,False,False,False,PASS,True,
P9-B7-4168-28271,P9-B7-4168-28271,P9 B7-4168-28271,http://pathdb.cancerimagingarchive.net/system/files/wsi/ross/Osteosarcoma-UT/converted/Osteosarcoma-UT/Training-Set-2/set12/P9-B7-4168-28271.tiff,P9,Non-Tumor,NON_TUMOR,TRUE,False,RETRIEVED,200,C:\Users\enkso\.kiro\crew\scratch\runtime-0a306834\osteopatch_full_ingestion\tiffs\P9-B7-4168-28271.tiff,69238,e3d030698b2a728ef55574e9ba730f61c09b134bf9b72edad6fac6f5477a9cf5,607176c529c499b0e02c468028dfbbcb94d9229868fae8b90d523f283ecbad3f,d57a6a74753c2a48,2cd9210a02000100,TIFF,TIFF-LE,1024,1024,RGB,3,8,True,233.26617813110352,34.62114831253821,0.8913211822509766,0.0,2.3427873365737146,LOW_INFORMATION,False,False,False,False,False,True,REVIEW,False,image QC status REVIEW
P9-B7-5454-29446,P9-B7-5454-29446,P9 B7-5454-29446,http://pathdb.cancerimagingarchive.net/system/files/wsi/ross/Osteosarcoma-UT/converted/Osteosarcoma-UT/Training-Set-2/set12/P9-B7-5454-29446.tiff,P9,Non-Tumor,NON_TUMOR,TRUE,False,RETRIEVED,200,C:\Users\enkso\.kiro\crew\scratch\runtime-0a306834\osteopatch_full_ingestion\tiffs\P9-B7-5454-29446.tiff,135820,4569c93ec18015b3b704ce1a2204c0249e5ba387687da8dfc879499eb654ca28,3a5688050c7be107bff623227efd082abe70f6b9d8d267d4145ef90174f17a6c,b362d236e60fe8e0,ccd8d3469c3b6a18,TIFF,TIFF-LE,1024,1024,RGB,3,8,True,206.7018404006958,57.23085997596072,0.6675472259521484,7.62939453125e-06,4.349314407217806,,False,False,False,False,False,False,PASS,True,
P9-B7-6105-28215,P9-B7-6105-28215,P9 B7-6105-28215,http://pathdb.cancerimagingarchive.net/system/files/wsi/ross/Osteosarcoma-UT/converted/Osteosarcoma-UT/Training-Set-2/set12/P9-B7-6105-28215.tiff,P9,Non-Tumor,NON_TUMOR,TRUE,False,RETRIEVED,200,C:\Users\enkso\.kiro\crew\scratch\runtime-0a306834\osteopatch_full_ingestion\tiffs\P9-B7-6105-28215.tiff,148630,7e3fd0a295bdd2e60aa304efb61e5095ff2e5c02aa1c17a9235970c3de819d6b,47fb1a7ff219ee45aaa7a4b07f8e4bb4ecc42e600278357caedca3d0c1729730,dd0d52e8c787d8b0,e272b24292350aac,TIFF,TIFF-LE,1024,1024,RGB,3,8,True,211.93843269348145,51.05414119122015,0.6863222122192383,4.76837158203125e-06,4.0658099661564275,,False,False,False,False,False,False,PASS,True,
P9-B7-7568-14821,P9-B7-7568-14821,P9 B7-7568-14821,http://pathdb.cancerimagingarchive.net/system/files/wsi/ross/Osteosarcoma-UT/converted/Osteosarcoma-UT/Training-Set-2/set12/P9-B7-7568-14821.tiff,P9,Non-Tumor,NON_TUMOR,TRUE,False,RETRIEVED,200,C:\Users\enkso\.kiro\crew\scratch\runtime-0a306834\osteopatch_full_ingestion\tiffs\P9-B7-7568-14821.tiff,170914,066ab047c3c8b159209012742a36878ae01ececf0823666e056252cf7578cce0,0171f1433be0afd8f7137b071c92bbff73e93b70664d5e1e97ca1462df121b88,a74b723695278c8e,4c89c3d2f26c5c2e,TIFF,TIFF-LE,1024,1024,RGB,3,8,True,212.6902961730957,50.52274647104961,0.656254768371582,9.5367431640625e-07,4.8048400323381655,,False,False,False,False,False,False,PASS,True,
P9-B7-8325-33733,P9-B7-8325-33733,P9 B7-8325-33733,http://pathdb.cancerimagingarchive.net/system/files/wsi/ross/Osteosarcoma-UT/converted/Osteosarcoma-UT/Training-Set-2/set12/P9-B7-8325-33733.tiff,P9,Non-Tumor,NON_TUMOR,TRUE,False,RETRIEVED,200,C:\Users\enkso\.kiro\crew\scratch\runtime-0a306834\osteopatch_full_ingestion\tiffs\P9-B7-8325-33733.tiff,194534,2264fa98135f22b797719699080503328a7f6aaf36cc307247bb2383c1393a1b,83b4d7f3baaae94a7f69d6063c3461858d698b9e1668e73aad5bda6a9663f21c,dcccc0c20f1f3af8,6080203024442066,TIFF,TIFF-LE,1024,1024,RGB,3,8,True,176.84149551391602,30.91840138205698,0.14163875579833984,0.0,5.941763003686079,,False,False,False,False,False,False,PASS,True,
