image_id,source_group,true_label,pred_label,score_NON_TUMOR,score_VIABLE_TUMOR,score_NECROSIS,outer_fold,model_id
Case-3-A10-10547-25283,Case-3,NON_TUMOR,NECROSIS,0.185574,0.257933,0.556493,Case-3,g5-logo-laststage-finetune-seed42::fold_Case-3
Case-3-A10-10566-40206,Case-3,NON_TUMOR,NON_TUMOR,0.952691,0.045633,0.001677,Case-3,g5-logo-laststage-finetune-seed42::fold_Case-3
Case-3-A10-13444-20223,Case-3,NON_TUMOR,VIABLE_TUMOR,0.417655,0.559031,0.023314,Case-3,g5-logo-laststage-finetune-seed42::fold_Case-3
Case-3-A10-14507-37285,Case-3,NON_TUMOR,NON_TUMOR,0.827213,0.16339,0.009397,Case-3,g5-logo-laststage-finetune-seed42::fold_Case-3
Case-3-A10-14726-26052,Case-3,NON_TUMOR,NON_TUMOR,0.553749,0.178266,0.267986,Case-3,g5-logo-laststage-finetune-seed42::fold_Case-3
Case-3-A10-3671-14840,Case-3,NON_TUMOR,NON_TUMOR,0.652536,0.325384,0.02208,Case-3,g5-logo-laststage-finetune-seed42::fold_Case-3
Case-3-A10-43563-32168,Case-3,NON_TUMOR,NON_TUMOR,0.879715,0.057082,0.063202,Case-3,g5-logo-laststage-finetune-seed42::fold_Case-3
Case-3-A10-6162-33852,Case-3,NON_TUMOR,NON_TUMOR,0.983792,0.013242,0.002966,Case-3,g5-logo-laststage-finetune-seed42::fold_Case-3
Case-3-A10-6747-12959,Case-3,NON_TUMOR,VIABLE_TUMOR,0.043599,0.755757,0.200644,Case-3,g5-logo-laststage-finetune-seed42::fold_Case-3
Case-3-A10-6935-14250,Case-3,NON_TUMOR,VIABLE_TUMOR,0.07588,0.885235,0.038885,Case-3,g5-logo-laststage-finetune-seed42::fold_Case-3
Case-3-A10-9695-39638,Case-3,NON_TUMOR,NON_TUMOR,0.89463,0.098972,0.006398,Case-3,g5-logo-laststage-finetune-seed42::fold_Case-3
Case-3-A12-14795-35402,Case-3,NON_TUMOR,NON_TUMOR,0.624253,0.259011,0.116736,Case-3,g5-logo-laststage-finetune-seed42::fold_Case-3
Case-3-A12-17700-32032,Case-3,NON_TUMOR,NON_TUMOR,0.95685,0.033554,0.009596,Case-3,g5-logo-laststage-finetune-seed42::fold_Case-3
Case-3-A12-3094-27426,Case-3,NON_TUMOR,VIABLE_TUMOR,0.314881,0.532331,0.152788,Case-3,g5-logo-laststage-finetune-seed42::fold_Case-3
Case-3-A12-3218-15469,Case-3,NON_TUMOR,NON_TUMOR,0.55118,0.189679,0.259141,Case-3,g5-logo-laststage-finetune-seed42::fold_Case-3
Case-3-A12-34294-35557,Case-3,NON_TUMOR,VIABLE_TUMOR,0.349799,0.522377,0.127824,Case-3,g5-logo-laststage-finetune-seed42::fold_Case-3
Case-3-A12-38883-35759,Case-3,NON_TUMOR,NON_TUMOR,0.838299,0.027489,0.134211,Case-3,g5-logo-laststage-finetune-seed42::fold_Case-3
Case-3-A12-4590-32528,Case-3,NON_TUMOR,NON_TUMOR,0.991361,0.007289,0.00135,Case-3,g5-logo-laststage-finetune-seed42::fold_Case-3
Case-3-A13-18067-22685,Case-3,NON_TUMOR,NECROSIS,0.350757,0.28393,0.365312,Case-3,g5-logo-laststage-finetune-seed42::fold_Case-3
Case-3-A13-18373-28000,Case-3,NON_TUMOR,NECROSIS,0.059434,0.063874,0.876692,Case-3,g5-logo-laststage-finetune-seed42::fold_Case-3
Case-3-A13-25714-32133,Case-3,NON_TUMOR,NON_TUMOR,0.942391,0.047119,0.01049,Case-3,g5-logo-laststage-finetune-seed42::fold_Case-3
Case-3-A13-3967-28506,Case-3,NON_TUMOR,VIABLE_TUMOR,0.378982,0.608954,0.012064,Case-3,g5-logo-laststage-finetune-seed42::fold_Case-3
Case-3-A13-5020-19174,Case-3,NON_TUMOR,NON_TUMOR,0.798085,0.19641,0.005505,Case-3,g5-logo-laststage-finetune-seed42::fold_Case-3
Case-3-A13-6266-11957,Case-3,NON_TUMOR,NECROSIS,0.135401,0.270921,0.593678,Case-3,g5-logo-laststage-finetune-seed42::fold_Case-3
Case-3-A13-6749-8498,Case-3,NON_TUMOR,NECROSIS,0.065076,0.466716,0.468208,Case-3,g5-logo-laststage-finetune-seed42::fold_Case-3
Case-3-A13-8917-22529,Case-3,NON_TUMOR,VIABLE_TUMOR,0.383025,0.509777,0.107198,Case-3,g5-logo-laststage-finetune-seed42::fold_Case-3
Case-3-A13-9953-21807,Case-3,NON_TUMOR,NON_TUMOR,0.831666,0.055385,0.112949,Case-3,g5-logo-laststage-finetune-seed42::fold_Case-3
Case-3-A14-10618-25632,Case-3,NON_TUMOR,VIABLE_TUMOR,0.1041,0.72613,0.16977,Case-3,g5-logo-laststage-finetune-seed42::fold_Case-3
Case-3-A14-16152-29957,Case-3,NON_TUMOR,NON_TUMOR,0.898299,0.067964,0.033736,Case-3,g5-logo-laststage-finetune-seed42::fold_Case-3
Case-3-A14-31044-35995,Case-3,NON_TUMOR,NON_TUMOR,0.562324,0.090681,0.346996,Case-3,g5-logo-laststage-finetune-seed42::fold_Case-3
Case-3-A14-34677-35228,Case-3,NON_TUMOR,NECROSIS,0.296651,0.291625,0.411723,Case-3,g5-logo-laststage-finetune-seed42::fold_Case-3
Case-3-A14-35691-34445,Case-3,NON_TUMOR,NON_TUMOR,0.760579,0.079841,0.15958,Case-3,g5-logo-laststage-finetune-seed42::fold_Case-3
Case-3-A14-39989-31599,Case-3,NON_TUMOR,NON_TUMOR,0.978386,0.014321,0.007294,Case-3,g5-logo-laststage-finetune-seed42::fold_Case-3
Case-3-A14-44682-31013,Case-3,NON_TUMOR,NON_TUMOR,0.873818,0.114131,0.012051,Case-3,g5-logo-laststage-finetune-seed42::fold_Case-3
Case-3-A14-7460-21553,Case-3,NON_TUMOR,NON_TUMOR,0.783197,0.200509,0.016294,Case-3,g5-logo-laststage-finetune-seed42::fold_Case-3
Case-3-A15-10555-31474,Case-3,NON_TUMOR,NON_TUMOR,0.96209,0.019419,0.018491,Case-3,g5-logo-laststage-finetune-seed42::fold_Case-3
Case-3-A15-11584-17031,Case-3,NON_TUMOR,NON_TUMOR,0.48133,0.175225,0.343445,Case-3,g5-logo-laststage-finetune-seed42::fold_Case-3
Case-3-A15-13769-20416,Case-3,NON_TUMOR,NON_TUMOR,0.617752,0.368322,0.013926,Case-3,g5-logo-laststage-finetune-seed42::fold_Case-3
Case-3-A15-17017-30243,Case-3,NON_TUMOR,NON_TUMOR,0.979959,0.017253,0.002788,Case-3,g5-logo-laststage-finetune-seed42::fold_Case-3
Case-3-A15-18345-32676,Case-3,NON_TUMOR,NON_TUMOR,0.975186,0.00898,0.015834,Case-3,g5-logo-laststage-finetune-seed42::fold_Case-3
Case-3-A15-19473-25342,Case-3,NON_TUMOR,VIABLE_TUMOR,0.108977,0.540584,0.350439,Case-3,g5-logo-laststage-finetune-seed42::fold_Case-3
Case-3-A15-27719-34322,Case-3,NON_TUMOR,NON_TUMOR,0.918367,0.040659,0.040974,Case-3,g5-logo-laststage-finetune-seed42::fold_Case-3
Case-3-A15-28616-30170,Case-3,NON_TUMOR,NON_TUMOR,0.984277,0.008529,0.007194,Case-3,g5-logo-laststage-finetune-seed42::fold_Case-3
Case-3-A15-2939-11262,Case-3,NON_TUMOR,NECROSIS,0.064019,0.305616,0.630365,Case-3,g5-logo-laststage-finetune-seed42::fold_Case-3
Case-3-A15-37036-30140,Case-3,NON_TUMOR,NON_TUMOR,0.959456,0.025971,0.014573,Case-3,g5-logo-laststage-finetune-seed42::fold_Case-3
Case-3-A15-3785-32371,Case-3,NON_TUMOR,NON_TUMOR,0.88797,0.107028,0.005002,Case-3,g5-logo-laststage-finetune-seed42::fold_Case-3
Case-3-A15-6063-36714,Case-3,NON_TUMOR,VIABLE_TUMOR,0.201406,0.456888,0.341706,Case-3,g5-logo-laststage-finetune-seed42::fold_Case-3
Case-3-A15-6568-18811,Case-3,NON_TUMOR,NON_TUMOR,0.515,0.422703,0.062297,Case-3,g5-logo-laststage-finetune-seed42::fold_Case-3
Case-3-A16-12207-22669,Case-3,NON_TUMOR,NON_TUMOR,0.94229,0.048636,0.009074,Case-3,g5-logo-laststage-finetune-seed42::fold_Case-3
Case-3-A16-12872-19040,Case-3,NON_TUMOR,NECROSIS,0.318476,0.117556,0.563967,Case-3,g5-logo-laststage-finetune-seed42::fold_Case-3
Case-3-A16-6841-16910,Case-3,NON_TUMOR,NECROSIS,0.311083,0.288921,0.399996,Case-3,g5-logo-laststage-finetune-seed42::fold_Case-3
Case-3-A16-7295-31391,Case-3,NON_TUMOR,NON_TUMOR,0.915765,0.046086,0.038149,Case-3,g5-logo-laststage-finetune-seed42::fold_Case-3
Case-3-A16-9134-12603,Case-3,NON_TUMOR,NECROSIS,0.11094,0.357926,0.531134,Case-3,g5-logo-laststage-finetune-seed42::fold_Case-3
Case-3-A17-12247-30984,Case-3,NON_TUMOR,NON_TUMOR,0.942612,0.033521,0.023867,Case-3,g5-logo-laststage-finetune-seed42::fold_Case-3
Case-3-A17-13333-19421,Case-3,NON_TUMOR,NECROSIS,0.232095,0.302745,0.46516,Case-3,g5-logo-laststage-finetune-seed42::fold_Case-3
Case-3-A17-14482-34987,Case-3,NON_TUMOR,NON_TUMOR,0.935539,0.027055,0.037406,Case-3,g5-logo-laststage-finetune-seed42::fold_Case-3
Case-3-A17-15765-20926,Case-3,NON_TUMOR,NECROSIS,0.113148,0.105706,0.781146,Case-3,g5-logo-laststage-finetune-seed42::fold_Case-3
Case-3-A17-18662-24877,Case-3,NON_TUMOR,NON_TUMOR,0.64768,0.211902,0.140418,Case-3,g5-logo-laststage-finetune-seed42::fold_Case-3
Case-3-A17-27836-33168,Case-3,NON_TUMOR,NON_TUMOR,0.958487,0.024744,0.016769,Case-3,g5-logo-laststage-finetune-seed42::fold_Case-3
Case-3-A17-44121-29500,Case-3,NON_TUMOR,NON_TUMOR,0.905007,0.080004,0.014989,Case-3,g5-logo-laststage-finetune-seed42::fold_Case-3
Case-3-A17-5652-20182,Case-3,NON_TUMOR,NON_TUMOR,0.947555,0.030238,0.022207,Case-3,g5-logo-laststage-finetune-seed42::fold_Case-3
Case-3-A17-7799-34542,Case-3,NON_TUMOR,NON_TUMOR,0.974301,0.019801,0.005898,Case-3,g5-logo-laststage-finetune-seed42::fold_Case-3
Case-3-A17-8146-19462,Case-3,NON_TUMOR,VIABLE_TUMOR,0.391022,0.515164,0.093814,Case-3,g5-logo-laststage-finetune-seed42::fold_Case-3
Case-3-A18-11012-16647,Case-3,NON_TUMOR,VIABLE_TUMOR,0.276293,0.435417,0.28829,Case-3,g5-logo-laststage-finetune-seed42::fold_Case-3
Case-3-A18-13866-37377,Case-3,NON_TUMOR,NON_TUMOR,0.883875,0.082235,0.03389,Case-3,g5-logo-laststage-finetune-seed42::fold_Case-3
Case-3-A18-19765-24396,Case-3,NON_TUMOR,NON_TUMOR,0.735005,0.198434,0.066562,Case-3,g5-logo-laststage-finetune-seed42::fold_Case-3
Case-3-A18-19927-30678,Case-3,NON_TUMOR,NON_TUMOR,0.912013,0.038407,0.04958,Case-3,g5-logo-laststage-finetune-seed42::fold_Case-3
Case-3-A18-3816-24060,Case-3,NON_TUMOR,NON_TUMOR,0.916117,0.079405,0.004478,Case-3,g5-logo-laststage-finetune-seed42::fold_Case-3
Case-3-A18-41302-32324,Case-3,NON_TUMOR,NON_TUMOR,0.839659,0.046647,0.113694,Case-3,g5-logo-laststage-finetune-seed42::fold_Case-3
Case-3-A18-6551-37204,Case-3,NON_TUMOR,NECROSIS,0.241708,0.190915,0.567378,Case-3,g5-logo-laststage-finetune-seed42::fold_Case-3
Case-3-A18-9303-23566,Case-3,NON_TUMOR,NON_TUMOR,0.452563,0.144574,0.402863,Case-3,g5-logo-laststage-finetune-seed42::fold_Case-3
Case-3-A18-9709-20966,Case-3,NON_TUMOR,NON_TUMOR,0.693366,0.120174,0.18646,Case-3,g5-logo-laststage-finetune-seed42::fold_Case-3
Case-3-A18-9712-32113,Case-3,NON_TUMOR,NON_TUMOR,0.987382,0.00931,0.003309,Case-3,g5-logo-laststage-finetune-seed42::fold_Case-3
Case-3-A7-10464-40567,Case-3,NON_TUMOR,NON_TUMOR,0.957199,0.040265,0.002536,Case-3,g5-logo-laststage-finetune-seed42::fold_Case-3
Case-3-A7-12689-31503,Case-3,NON_TUMOR,NON_TUMOR,0.977677,0.014687,0.007636,Case-3,g5-logo-laststage-finetune-seed42::fold_Case-3
Case-3-A7-12921-34202,Case-3,NON_TUMOR,NON_TUMOR,0.972351,0.015466,0.012183,Case-3,g5-logo-laststage-finetune-seed42::fold_Case-3
Case-3-A7-13460-33035,Case-3,NON_TUMOR,NON_TUMOR,0.979869,0.010937,0.009195,Case-3,g5-logo-laststage-finetune-seed42::fold_Case-3
Case-3-A7-14113-31320,Case-3,NON_TUMOR,NON_TUMOR,0.957328,0.026443,0.016228,Case-3,g5-logo-laststage-finetune-seed42::fold_Case-3
Case-3-A7-16948-19208,Case-3,NON_TUMOR,VIABLE_TUMOR,0.108351,0.496861,0.394788,Case-3,g5-logo-laststage-finetune-seed42::fold_Case-3
Case-3-A7-29290-29183,Case-3,NON_TUMOR,NON_TUMOR,0.964521,0.028666,0.006813,Case-3,g5-logo-laststage-finetune-seed42::fold_Case-3
Case-3-A7-34476-34669,Case-3,NON_TUMOR,NECROSIS,0.236114,0.065549,0.698337,Case-3,g5-logo-laststage-finetune-seed42::fold_Case-3
Case-3-A7-36958-32140,Case-3,NON_TUMOR,NON_TUMOR,0.948319,0.043198,0.008483,Case-3,g5-logo-laststage-finetune-seed42::fold_Case-3
Case-3-A7-3774-28397,Case-3,NON_TUMOR,VIABLE_TUMOR,0.439056,0.547332,0.013613,Case-3,g5-logo-laststage-finetune-seed42::fold_Case-3
Case-3-A7-40281-28771,Case-3,NON_TUMOR,NON_TUMOR,0.910529,0.074656,0.014815,Case-3,g5-logo-laststage-finetune-seed42::fold_Case-3
Case-3-A7-5014-31757,Case-3,NON_TUMOR,NON_TUMOR,0.971005,0.02653,0.002465,Case-3,g5-logo-laststage-finetune-seed42::fold_Case-3
Case-3-A7-8126-12734,Case-3,NON_TUMOR,VIABLE_TUMOR,0.047649,0.810126,0.142224,Case-3,g5-logo-laststage-finetune-seed42::fold_Case-3
Case-3-A8-10396-34864,Case-3,NON_TUMOR,NON_TUMOR,0.96757,0.014332,0.018098,Case-3,g5-logo-laststage-finetune-seed42::fold_Case-3
Case-3-A8-11491-21160,Case-3,NON_TUMOR,NON_TUMOR,0.66524,0.136878,0.197882,Case-3,g5-logo-laststage-finetune-seed42::fold_Case-3
Case-3-A8-14916-20753,Case-3,NON_TUMOR,NECROSIS,0.410662,0.137379,0.451959,Case-3,g5-logo-laststage-finetune-seed42::fold_Case-3
Case-3-A8-17308-25507,Case-3,NON_TUMOR,NECROSIS,0.253905,0.153841,0.592255,Case-3,g5-logo-laststage-finetune-seed42::fold_Case-3
Case-3-A8-17525-23399,Case-3,NON_TUMOR,NON_TUMOR,0.735744,0.105764,0.158493,Case-3,g5-logo-laststage-finetune-seed42::fold_Case-3
Case-3-A8-17777-30759,Case-3,NON_TUMOR,NON_TUMOR,0.972131,0.025679,0.00219,Case-3,g5-logo-laststage-finetune-seed42::fold_Case-3
Case-3-A8-21347-28454,Case-3,NON_TUMOR,NECROSIS,0.072345,0.39378,0.533875,Case-3,g5-logo-laststage-finetune-seed42::fold_Case-3
Case-3-A8-28656-29882,Case-3,NON_TUMOR,NON_TUMOR,0.987384,0.005339,0.007277,Case-3,g5-logo-laststage-finetune-seed42::fold_Case-3
Case-3-A8-8347-14021,Case-3,NON_TUMOR,VIABLE_TUMOR,0.055208,0.890605,0.054187,Case-3,g5-logo-laststage-finetune-seed42::fold_Case-3
Case-3-A12-37374-17669,Case-3,VIABLE_TUMOR,NECROSIS,0.029304,0.073802,0.896894,Case-3,g5-logo-laststage-finetune-seed42::fold_Case-3
Case-3-A12-37793-17155,Case-3,VIABLE_TUMOR,VIABLE_TUMOR,0.022982,0.612429,0.364589,Case-3,g5-logo-laststage-finetune-seed42::fold_Case-3
Case-3-A14-37149-17859,Case-3,VIABLE_TUMOR,NECROSIS,0.030003,0.084983,0.885014,Case-3,g5-logo-laststage-finetune-seed42::fold_Case-3
Case-3-A10-14813-24100,Case-3,NECROSIS,NECROSIS,0.224703,0.102078,0.673219,Case-3,g5-logo-laststage-finetune-seed42::fold_Case-3
Case-3-A10-17206-19249,Case-3,NECROSIS,VIABLE_TUMOR,0.086231,0.533093,0.380676,Case-3,g5-logo-laststage-finetune-seed42::fold_Case-3
Case-3-A10-19799-5772,Case-3,NECROSIS,NECROSIS,0.040067,0.201781,0.758152,Case-3,g5-logo-laststage-finetune-seed42::fold_Case-3
Case-3-A10-25071-24159,Case-3,NECROSIS,NECROSIS,0.037028,0.286458,0.676514,Case-3,g5-logo-laststage-finetune-seed42::fold_Case-3
Case-3-A10-26546-21577,Case-3,NECROSIS,VIABLE_TUMOR,0.109286,0.4635,0.427215,Case-3,g5-logo-laststage-finetune-seed42::fold_Case-3
Case-3-A10-26935-6593,Case-3,NECROSIS,NECROSIS,0.037733,0.238486,0.723781,Case-3,g5-logo-laststage-finetune-seed42::fold_Case-3
Case-3-A10-28110-17616,Case-3,NECROSIS,NECROSIS,0.023159,0.049212,0.927629,Case-3,g5-logo-laststage-finetune-seed42::fold_Case-3
Case-3-A10-28463-9497,Case-3,NECROSIS,NECROSIS,0.114749,0.120854,0.764397,Case-3,g5-logo-laststage-finetune-seed42::fold_Case-3
Case-3-A10-32184-17317,Case-3,NECROSIS,NECROSIS,0.029718,0.157261,0.813022,Case-3,g5-logo-laststage-finetune-seed42::fold_Case-3
Case-3-A10-33239-2811,Case-3,NECROSIS,VIABLE_TUMOR,0.095149,0.577566,0.327285,Case-3,g5-logo-laststage-finetune-seed42::fold_Case-3
Case-3-A10-37695-6276,Case-3,NECROSIS,NECROSIS,0.157725,0.272777,0.569498,Case-3,g5-logo-laststage-finetune-seed42::fold_Case-3
Case-3-A10-42682-16878,Case-3,NECROSIS,NECROSIS,0.023748,0.042512,0.93374,Case-3,g5-logo-laststage-finetune-seed42::fold_Case-3
Case-3-A10-43205-4260,Case-3,NECROSIS,NECROSIS,0.196983,0.076515,0.726502,Case-3,g5-logo-laststage-finetune-seed42::fold_Case-3
Case-3-A10-43279-17240,Case-3,NECROSIS,NECROSIS,0.079335,0.223681,0.696984,Case-3,g5-logo-laststage-finetune-seed42::fold_Case-3
Case-3-A10-7101-7481,Case-3,NECROSIS,NECROSIS,0.014656,0.153156,0.832188,Case-3,g5-logo-laststage-finetune-seed42::fold_Case-3
Case-3-A12-16067-9053,Case-3,NECROSIS,NECROSIS,0.034181,0.10345,0.862368,Case-3,g5-logo-laststage-finetune-seed42::fold_Case-3
Case-3-A12-18156-14343,Case-3,NECROSIS,NECROSIS,0.01804,0.074605,0.907355,Case-3,g5-logo-laststage-finetune-seed42::fold_Case-3
Case-3-A12-19907-12559,Case-3,NECROSIS,NECROSIS,0.085756,0.075879,0.838365,Case-3,g5-logo-laststage-finetune-seed42::fold_Case-3
Case-3-A12-20939-18996,Case-3,NECROSIS,NECROSIS,0.142569,0.11991,0.737521,Case-3,g5-logo-laststage-finetune-seed42::fold_Case-3
Case-3-A12-24008-4724,Case-3,NECROSIS,NECROSIS,0.04868,0.232309,0.719012,Case-3,g5-logo-laststage-finetune-seed42::fold_Case-3
Case-3-A12-24626-4413,Case-3,NECROSIS,NECROSIS,0.080286,0.42752,0.492195,Case-3,g5-logo-laststage-finetune-seed42::fold_Case-3
Case-3-A12-26266-6931,Case-3,NECROSIS,NECROSIS,0.043566,0.453935,0.502499,Case-3,g5-logo-laststage-finetune-seed42::fold_Case-3
Case-3-A12-27307-29117,Case-3,NECROSIS,NON_TUMOR,0.863416,0.065946,0.070639,Case-3,g5-logo-laststage-finetune-seed42::fold_Case-3
Case-3-A12-28029-11197,Case-3,NECROSIS,NECROSIS,0.059759,0.132115,0.808126,Case-3,g5-logo-laststage-finetune-seed42::fold_Case-3
Case-3-A12-29223-26617,Case-3,NECROSIS,NECROSIS,0.12589,0.36709,0.50702,Case-3,g5-logo-laststage-finetune-seed42::fold_Case-3
Case-3-A12-29860-25889,Case-3,NECROSIS,NECROSIS,0.09182,0.294536,0.613644,Case-3,g5-logo-laststage-finetune-seed42::fold_Case-3
Case-3-A12-30696-5036,Case-3,NECROSIS,NECROSIS,0.159353,0.135339,0.705308,Case-3,g5-logo-laststage-finetune-seed42::fold_Case-3
Case-3-A12-32422-16245,Case-3,NECROSIS,NECROSIS,0.074064,0.137566,0.788369,Case-3,g5-logo-laststage-finetune-seed42::fold_Case-3
Case-3-A12-33164-13699,Case-3,NECROSIS,NECROSIS,0.123786,0.064731,0.811483,Case-3,g5-logo-laststage-finetune-seed42::fold_Case-3
Case-3-A12-39264-6515,Case-3,NECROSIS,NECROSIS,0.069263,0.120464,0.810273,Case-3,g5-logo-laststage-finetune-seed42::fold_Case-3
Case-3-A12-42160-4982,Case-3,NECROSIS,NECROSIS,0.030227,0.054491,0.915282,Case-3,g5-logo-laststage-finetune-seed42::fold_Case-3
Case-3-A12-43202-17223,Case-3,NECROSIS,NECROSIS,0.080851,0.286096,0.633053,Case-3,g5-logo-laststage-finetune-seed42::fold_Case-3
Case-3-A12-8900-9585,Case-3,NECROSIS,NECROSIS,0.051447,0.246083,0.70247,Case-3,g5-logo-laststage-finetune-seed42::fold_Case-3
Case-3-A13-11064-6880,Case-3,NECROSIS,NECROSIS,0.031595,0.054766,0.91364,Case-3,g5-logo-laststage-finetune-seed42::fold_Case-3
Case-3-A13-12886-26466,Case-3,NECROSIS,NECROSIS,0.082992,0.383124,0.533884,Case-3,g5-logo-laststage-finetune-seed42::fold_Case-3
Case-3-A13-14922-4693,Case-3,NECROSIS,NECROSIS,0.060654,0.045599,0.893747,Case-3,g5-logo-laststage-finetune-seed42::fold_Case-3
Case-3-A13-20812-5829,Case-3,NECROSIS,NECROSIS,0.041952,0.377531,0.580517,Case-3,g5-logo-laststage-finetune-seed42::fold_Case-3
Case-3-A13-23909-10851,Case-3,NECROSIS,NECROSIS,0.080792,0.078493,0.840716,Case-3,g5-logo-laststage-finetune-seed42::fold_Case-3
Case-3-A13-25994-9457,Case-3,NECROSIS,NECROSIS,0.100515,0.137138,0.762346,Case-3,g5-logo-laststage-finetune-seed42::fold_Case-3
Case-3-A13-26025-19725,Case-3,NECROSIS,NECROSIS,0.070553,0.19561,0.733837,Case-3,g5-logo-laststage-finetune-seed42::fold_Case-3
Case-3-A13-26388-12521,Case-3,NECROSIS,NECROSIS,0.093026,0.237153,0.669821,Case-3,g5-logo-laststage-finetune-seed42::fold_Case-3
Case-3-A13-29731-5963,Case-3,NECROSIS,NECROSIS,0.085482,0.152751,0.761766,Case-3,g5-logo-laststage-finetune-seed42::fold_Case-3
Case-3-A13-30465-16520,Case-3,NECROSIS,VIABLE_TUMOR,0.099164,0.585308,0.315528,Case-3,g5-logo-laststage-finetune-seed42::fold_Case-3
Case-3-A13-30624-3328,Case-3,NECROSIS,NECROSIS,0.041052,0.176571,0.782377,Case-3,g5-logo-laststage-finetune-seed42::fold_Case-3
Case-3-A13-32860-19573,Case-3,NECROSIS,NECROSIS,0.025598,0.023991,0.950411,Case-3,g5-logo-laststage-finetune-seed42::fold_Case-3
Case-3-A13-33512-19541,Case-3,NECROSIS,NECROSIS,0.034036,0.055088,0.910876,Case-3,g5-logo-laststage-finetune-seed42::fold_Case-3
Case-3-A13-35123-3915,Case-3,NECROSIS,VIABLE_TUMOR,0.033095,0.749191,0.217714,Case-3,g5-logo-laststage-finetune-seed42::fold_Case-3
Case-3-A13-40883-4236,Case-3,NECROSIS,NECROSIS,0.030011,0.073423,0.896566,Case-3,g5-logo-laststage-finetune-seed42::fold_Case-3
Case-3-A13-41207-24818,Case-3,NECROSIS,NECROSIS,0.054965,0.173482,0.771553,Case-3,g5-logo-laststage-finetune-seed42::fold_Case-3
Case-3-A14-12561-9880,Case-3,NECROSIS,NECROSIS,0.016854,0.097902,0.885244,Case-3,g5-logo-laststage-finetune-seed42::fold_Case-3
Case-3-A14-16417-3901,Case-3,NECROSIS,NECROSIS,0.04574,0.360166,0.594095,Case-3,g5-logo-laststage-finetune-seed42::fold_Case-3
Case-3-A14-17915-18084,Case-3,NECROSIS,NECROSIS,0.041108,0.106419,0.852473,Case-3,g5-logo-laststage-finetune-seed42::fold_Case-3
Case-3-A14-18021-13552,Case-3,NECROSIS,NECROSIS,0.039209,0.07842,0.882371,Case-3,g5-logo-laststage-finetune-seed42::fold_Case-3
Case-3-A14-18644-6337,Case-3,NECROSIS,NECROSIS,0.054862,0.072094,0.873045,Case-3,g5-logo-laststage-finetune-seed42::fold_Case-3
Case-3-A14-20876-5533,Case-3,NECROSIS,NECROSIS,0.071912,0.429329,0.498759,Case-3,g5-logo-laststage-finetune-seed42::fold_Case-3
Case-3-A14-25077-2887,Case-3,NECROSIS,NECROSIS,0.11815,0.237577,0.644272,Case-3,g5-logo-laststage-finetune-seed42::fold_Case-3
Case-3-A14-25376-17951,Case-3,NECROSIS,NECROSIS,0.010057,0.085389,0.904554,Case-3,g5-logo-laststage-finetune-seed42::fold_Case-3
Case-3-A14-26126-3286,Case-3,NECROSIS,NECROSIS,0.09111,0.090219,0.818672,Case-3,g5-logo-laststage-finetune-seed42::fold_Case-3
Case-3-A14-27770-6278,Case-3,NECROSIS,NECROSIS,0.06297,0.244457,0.692573,Case-3,g5-logo-laststage-finetune-seed42::fold_Case-3
Case-3-A14-32589-6663,Case-3,NECROSIS,NECROSIS,0.047699,0.102347,0.849954,Case-3,g5-logo-laststage-finetune-seed42::fold_Case-3
Case-3-A14-34515-24089,Case-3,NECROSIS,NECROSIS,0.020432,0.10819,0.871378,Case-3,g5-logo-laststage-finetune-seed42::fold_Case-3
Case-3-A14-39214-1868,Case-3,NECROSIS,NECROSIS,0.05825,0.107166,0.834584,Case-3,g5-logo-laststage-finetune-seed42::fold_Case-3
Case-3-A14-40672-19680,Case-3,NECROSIS,VIABLE_TUMOR,0.023561,0.735161,0.241278,Case-3,g5-logo-laststage-finetune-seed42::fold_Case-3
Case-3-A14-4535-11753,Case-3,NECROSIS,NECROSIS,0.039239,0.423716,0.537045,Case-3,g5-logo-laststage-finetune-seed42::fold_Case-3
Case-3-A15-12529-2824,Case-3,NECROSIS,NECROSIS,0.103119,0.205284,0.691597,Case-3,g5-logo-laststage-finetune-seed42::fold_Case-3
Case-3-A15-16783-7651,Case-3,NECROSIS,NECROSIS,0.017329,0.26616,0.71651,Case-3,g5-logo-laststage-finetune-seed42::fold_Case-3
Case-3-A15-19602-20751,Case-3,NECROSIS,NECROSIS,0.095026,0.449857,0.455116,Case-3,g5-logo-laststage-finetune-seed42::fold_Case-3
Case-3-A15-25441-4885,Case-3,NECROSIS,VIABLE_TUMOR,0.082441,0.474258,0.443301,Case-3,g5-logo-laststage-finetune-seed42::fold_Case-3
Case-3-A15-29596-14862,Case-3,NECROSIS,NECROSIS,0.022046,0.09644,0.881514,Case-3,g5-logo-laststage-finetune-seed42::fold_Case-3
Case-3-A15-31956-20390,Case-3,NECROSIS,NECROSIS,0.041167,0.105508,0.853325,Case-3,g5-logo-laststage-finetune-seed42::fold_Case-3
Case-3-A15-32427-21534,Case-3,NECROSIS,NECROSIS,0.030991,0.128207,0.840802,Case-3,g5-logo-laststage-finetune-seed42::fold_Case-3
Case-3-A15-32664-16876,Case-3,NECROSIS,NECROSIS,0.032272,0.047851,0.919877,Case-3,g5-logo-laststage-finetune-seed42::fold_Case-3
Case-3-A15-34291-15707,Case-3,NECROSIS,NECROSIS,0.053509,0.111109,0.835382,Case-3,g5-logo-laststage-finetune-seed42::fold_Case-3
Case-3-A15-34793-16511,Case-3,NECROSIS,NECROSIS,0.02536,0.0183,0.95634,Case-3,g5-logo-laststage-finetune-seed42::fold_Case-3
Case-3-A15-38347-25444,Case-3,NECROSIS,NECROSIS,0.143248,0.07162,0.785132,Case-3,g5-logo-laststage-finetune-seed42::fold_Case-3
Case-3-A15-41229-4171,Case-3,NECROSIS,NECROSIS,0.018427,0.214387,0.767186,Case-3,g5-logo-laststage-finetune-seed42::fold_Case-3
Case-3-A15-4922-2530,Case-3,NECROSIS,NECROSIS,0.135674,0.272467,0.591859,Case-3,g5-logo-laststage-finetune-seed42::fold_Case-3
Case-3-A16-15703-4602,Case-3,NECROSIS,VIABLE_TUMOR,0.031424,0.520438,0.448138,Case-3,g5-logo-laststage-finetune-seed42::fold_Case-3
Case-3-A16-16526-13063,Case-3,NECROSIS,NECROSIS,0.015697,0.054063,0.930239,Case-3,g5-logo-laststage-finetune-seed42::fold_Case-3
Case-3-A16-17478-7786,Case-3,NECROSIS,VIABLE_TUMOR,0.040912,0.578853,0.380235,Case-3,g5-logo-laststage-finetune-seed42::fold_Case-3
Case-3-A16-18494-17234,Case-3,NECROSIS,NECROSIS,0.067107,0.270167,0.662726,Case-3,g5-logo-laststage-finetune-seed42::fold_Case-3
Case-3-A16-18579-5543,Case-3,NECROSIS,VIABLE_TUMOR,0.095342,0.465905,0.438753,Case-3,g5-logo-laststage-finetune-seed42::fold_Case-3
Case-3-A16-20932-16777,Case-3,NECROSIS,NECROSIS,0.032519,0.147046,0.820435,Case-3,g5-logo-laststage-finetune-seed42::fold_Case-3
Case-3-A16-21084-22389,Case-3,NECROSIS,NECROSIS,0.168051,0.234219,0.59773,Case-3,g5-logo-laststage-finetune-seed42::fold_Case-3
Case-3-A16-21555-14170,Case-3,NECROSIS,NECROSIS,0.020319,0.090533,0.889148,Case-3,g5-logo-laststage-finetune-seed42::fold_Case-3
Case-3-A16-22513-3757,Case-3,NECROSIS,NECROSIS,0.035685,0.211431,0.752884,Case-3,g5-logo-laststage-finetune-seed42::fold_Case-3
Case-3-A16-23455-14529,Case-3,NECROSIS,NECROSIS,0.019114,0.023885,0.957,Case-3,g5-logo-laststage-finetune-seed42::fold_Case-3
Case-3-A16-23679-14549,Case-3,NECROSIS,NECROSIS,0.017986,0.022178,0.959837,Case-3,g5-logo-laststage-finetune-seed42::fold_Case-3
Case-3-A16-24669-5556,Case-3,NECROSIS,NECROSIS,0.096608,0.141415,0.761977,Case-3,g5-logo-laststage-finetune-seed42::fold_Case-3
Case-3-A16-25344-6555,Case-3,NECROSIS,NECROSIS,0.175758,0.356896,0.467346,Case-3,g5-logo-laststage-finetune-seed42::fold_Case-3
Case-3-A16-29058-10941,Case-3,NECROSIS,NECROSIS,0.078257,0.186044,0.735699,Case-3,g5-logo-laststage-finetune-seed42::fold_Case-3
Case-3-A16-30229-10876,Case-3,NECROSIS,NECROSIS,0.030383,0.072699,0.896918,Case-3,g5-logo-laststage-finetune-seed42::fold_Case-3
Case-3-A16-31398-22850,Case-3,NECROSIS,VIABLE_TUMOR,0.036384,0.838439,0.125177,Case-3,g5-logo-laststage-finetune-seed42::fold_Case-3
Case-3-A16-32696-21122,Case-3,NECROSIS,NECROSIS,0.073571,0.158594,0.767835,Case-3,g5-logo-laststage-finetune-seed42::fold_Case-3
Case-3-A16-35442-28193,Case-3,NECROSIS,NON_TUMOR,0.932312,0.038206,0.029482,Case-3,g5-logo-laststage-finetune-seed42::fold_Case-3
Case-3-A16-35584-14421,Case-3,NECROSIS,NECROSIS,0.101031,0.092366,0.806603,Case-3,g5-logo-laststage-finetune-seed42::fold_Case-3
Case-3-A16-35991-7626,Case-3,NECROSIS,NECROSIS,0.077281,0.39655,0.526169,Case-3,g5-logo-laststage-finetune-seed42::fold_Case-3
Case-3-A16-36233-10925,Case-3,NECROSIS,NECROSIS,0.093846,0.127106,0.779049,Case-3,g5-logo-laststage-finetune-seed42::fold_Case-3
Case-3-A16-3833-2415,Case-3,NECROSIS,NECROSIS,0.161429,0.259429,0.579142,Case-3,g5-logo-laststage-finetune-seed42::fold_Case-3
Case-3-A16-40231-27051,Case-3,NECROSIS,VIABLE_TUMOR,0.042221,0.68618,0.271599,Case-3,g5-logo-laststage-finetune-seed42::fold_Case-3
Case-3-A16-6244-27384,Case-3,NECROSIS,VIABLE_TUMOR,0.2547,0.570393,0.174907,Case-3,g5-logo-laststage-finetune-seed42::fold_Case-3
Case-3-A17-12112-17050,Case-3,NECROSIS,NECROSIS,0.266469,0.234917,0.498613,Case-3,g5-logo-laststage-finetune-seed42::fold_Case-3
Case-3-A17-16570-4475,Case-3,NECROSIS,NECROSIS,0.05271,0.38918,0.55811,Case-3,g5-logo-laststage-finetune-seed42::fold_Case-3
Case-3-A17-18676-13247,Case-3,NECROSIS,NECROSIS,0.033228,0.087935,0.878837,Case-3,g5-logo-laststage-finetune-seed42::fold_Case-3
Case-3-A17-25048-1930,Case-3,NECROSIS,NECROSIS,0.185613,0.162419,0.651968,Case-3,g5-logo-laststage-finetune-seed42::fold_Case-3
Case-3-A17-26576-11618,Case-3,NECROSIS,NECROSIS,0.04037,0.084445,0.875185,Case-3,g5-logo-laststage-finetune-seed42::fold_Case-3
Case-3-A17-27172-22922,Case-3,NECROSIS,NECROSIS,0.079714,0.282977,0.637309,Case-3,g5-logo-laststage-finetune-seed42::fold_Case-3
Case-3-A17-29372-19206,Case-3,NECROSIS,NECROSIS,0.018929,0.071367,0.909704,Case-3,g5-logo-laststage-finetune-seed42::fold_Case-3
Case-3-A17-32230-20244,Case-3,NECROSIS,NECROSIS,0.043103,0.063696,0.893201,Case-3,g5-logo-laststage-finetune-seed42::fold_Case-3
Case-3-A17-38169-7823,Case-3,NECROSIS,NECROSIS,0.221011,0.114969,0.66402,Case-3,g5-logo-laststage-finetune-seed42::fold_Case-3
Case-3-A17-38558-18797,Case-3,NECROSIS,NECROSIS,0.061738,0.072185,0.866077,Case-3,g5-logo-laststage-finetune-seed42::fold_Case-3
Case-3-A17-39258-10719,Case-3,NECROSIS,NECROSIS,0.081769,0.095966,0.822265,Case-3,g5-logo-laststage-finetune-seed42::fold_Case-3
Case-3-A17-39482-17002,Case-3,NECROSIS,NECROSIS,0.08596,0.07522,0.83882,Case-3,g5-logo-laststage-finetune-seed42::fold_Case-3
Case-3-A17-4064-3304,Case-3,NECROSIS,VIABLE_TUMOR,0.012699,0.882636,0.104665,Case-3,g5-logo-laststage-finetune-seed42::fold_Case-3
Case-3-A17-42739-1928,Case-3,NECROSIS,NECROSIS,0.091902,0.041615,0.866483,Case-3,g5-logo-laststage-finetune-seed42::fold_Case-3
Case-3-A17-6827-25257,Case-3,NECROSIS,NON_TUMOR,0.63343,0.22803,0.138541,Case-3,g5-logo-laststage-finetune-seed42::fold_Case-3
Case-3-A18-11113-4790,Case-3,NECROSIS,NECROSIS,0.034623,0.111226,0.854151,Case-3,g5-logo-laststage-finetune-seed42::fold_Case-3
Case-3-A18-14183-14592,Case-3,NECROSIS,NECROSIS,0.045956,0.180755,0.773289,Case-3,g5-logo-laststage-finetune-seed42::fold_Case-3
Case-3-A18-16291-27049,Case-3,NECROSIS,NECROSIS,0.118476,0.157485,0.724038,Case-3,g5-logo-laststage-finetune-seed42::fold_Case-3
Case-3-A18-21774-29686,Case-3,NECROSIS,VIABLE_TUMOR,0.306096,0.687809,0.006094,Case-3,g5-logo-laststage-finetune-seed42::fold_Case-3
Case-3-A18-22725-7679,Case-3,NECROSIS,NECROSIS,0.050842,0.436018,0.51314,Case-3,g5-logo-laststage-finetune-seed42::fold_Case-3
Case-3-A18-26671-8353,Case-3,NECROSIS,NECROSIS,0.068442,0.105767,0.82579,Case-3,g5-logo-laststage-finetune-seed42::fold_Case-3
Case-3-A18-28050-10869,Case-3,NECROSIS,NECROSIS,0.042972,0.087711,0.869316,Case-3,g5-logo-laststage-finetune-seed42::fold_Case-3
Case-3-A18-29907-24273,Case-3,NECROSIS,NECROSIS,0.210132,0.296109,0.493759,Case-3,g5-logo-laststage-finetune-seed42::fold_Case-3
Case-3-A18-30239-1991,Case-3,NECROSIS,NECROSIS,0.096688,0.222091,0.681221,Case-3,g5-logo-laststage-finetune-seed42::fold_Case-3
Case-3-A18-37523-16456,Case-3,NECROSIS,VIABLE_TUMOR,0.012493,0.842552,0.144955,Case-3,g5-logo-laststage-finetune-seed42::fold_Case-3
Case-3-A18-37940-12063,Case-3,NECROSIS,NECROSIS,0.058913,0.100107,0.840981,Case-3,g5-logo-laststage-finetune-seed42::fold_Case-3
Case-3-A18-39897-25655,Case-3,NECROSIS,NECROSIS,0.100511,0.326342,0.573147,Case-3,g5-logo-laststage-finetune-seed42::fold_Case-3
Case-3-A18-41611-21066,Case-3,NECROSIS,VIABLE_TUMOR,0.023753,0.707689,0.268558,Case-3,g5-logo-laststage-finetune-seed42::fold_Case-3
Case-3-A18-41817-26873,Case-3,NECROSIS,VIABLE_TUMOR,0.188856,0.775638,0.035507,Case-3,g5-logo-laststage-finetune-seed42::fold_Case-3
Case-3-A18-42378-16271,Case-3,NECROSIS,NECROSIS,0.042214,0.050613,0.907173,Case-3,g5-logo-laststage-finetune-seed42::fold_Case-3
Case-3-A18-6464-3819,Case-3,NECROSIS,VIABLE_TUMOR,0.066352,0.490374,0.443274,Case-3,g5-logo-laststage-finetune-seed42::fold_Case-3
Case-3-A7-11686-7821,Case-3,NECROSIS,NECROSIS,0.044477,0.167865,0.787657,Case-3,g5-logo-laststage-finetune-seed42::fold_Case-3
Case-3-A7-13231-25695,Case-3,NECROSIS,NECROSIS,0.128755,0.076296,0.794949,Case-3,g5-logo-laststage-finetune-seed42::fold_Case-3
Case-3-A7-13363-2996,Case-3,NECROSIS,NECROSIS,0.069567,0.091985,0.838448,Case-3,g5-logo-laststage-finetune-seed42::fold_Case-3
Case-3-A7-14703-16558,Case-3,NECROSIS,NECROSIS,0.035996,0.109976,0.854028,Case-3,g5-logo-laststage-finetune-seed42::fold_Case-3
Case-3-A7-18669-5101,Case-3,NECROSIS,VIABLE_TUMOR,0.038664,0.526179,0.435158,Case-3,g5-logo-laststage-finetune-seed42::fold_Case-3
Case-3-A7-19592-19096,Case-3,NECROSIS,NECROSIS,0.081764,0.240983,0.677252,Case-3,g5-logo-laststage-finetune-seed42::fold_Case-3
Case-3-A7-22533-27072,Case-3,NECROSIS,VIABLE_TUMOR,0.075968,0.547257,0.376776,Case-3,g5-logo-laststage-finetune-seed42::fold_Case-3
Case-3-A7-25131-12730,Case-3,NECROSIS,NECROSIS,0.086948,0.128152,0.784899,Case-3,g5-logo-laststage-finetune-seed42::fold_Case-3
Case-3-A7-25309-2061,Case-3,NECROSIS,NECROSIS,0.144495,0.161544,0.693961,Case-3,g5-logo-laststage-finetune-seed42::fold_Case-3
Case-3-A7-27102-7995,Case-3,NECROSIS,NECROSIS,0.077742,0.107639,0.814619,Case-3,g5-logo-laststage-finetune-seed42::fold_Case-3
Case-3-A7-29420-19979,Case-3,NECROSIS,NECROSIS,0.043336,0.072507,0.884157,Case-3,g5-logo-laststage-finetune-seed42::fold_Case-3
Case-3-A7-31694-7282,Case-3,NECROSIS,NECROSIS,0.084492,0.089685,0.825822,Case-3,g5-logo-laststage-finetune-seed42::fold_Case-3
Case-3-A7-31801-6579,Case-3,NECROSIS,NECROSIS,0.090281,0.094832,0.814887,Case-3,g5-logo-laststage-finetune-seed42::fold_Case-3
Case-3-A7-32878-13552,Case-3,NECROSIS,NECROSIS,0.113888,0.064098,0.822015,Case-3,g5-logo-laststage-finetune-seed42::fold_Case-3
Case-3-A7-35188-7457,Case-3,NECROSIS,NECROSIS,0.039306,0.372733,0.587961,Case-3,g5-logo-laststage-finetune-seed42::fold_Case-3
Case-3-A7-36617-26705,Case-3,NECROSIS,NECROSIS,0.061872,0.195432,0.742696,Case-3,g5-logo-laststage-finetune-seed42::fold_Case-3
Case-3-A7-39090-2995,Case-3,NECROSIS,NECROSIS,0.013566,0.318066,0.668368,Case-3,g5-logo-laststage-finetune-seed42::fold_Case-3
Case-3-A8-19213-13280,Case-3,NECROSIS,NECROSIS,0.044756,0.107157,0.848087,Case-3,g5-logo-laststage-finetune-seed42::fold_Case-3
Case-3-A8-20541-20421,Case-3,NECROSIS,VIABLE_TUMOR,0.102363,0.678438,0.219198,Case-3,g5-logo-laststage-finetune-seed42::fold_Case-3
Case-3-A8-20812-18023,Case-3,NECROSIS,NECROSIS,0.045015,0.229182,0.725803,Case-3,g5-logo-laststage-finetune-seed42::fold_Case-3
Case-3-A8-23069-11985,Case-3,NECROSIS,NECROSIS,0.035517,0.078521,0.885962,Case-3,g5-logo-laststage-finetune-seed42::fold_Case-3
Case-3-A8-25825-20639,Case-3,NECROSIS,NECROSIS,0.109376,0.227398,0.663226,Case-3,g5-logo-laststage-finetune-seed42::fold_Case-3
Case-3-A8-27422-14386,Case-3,NECROSIS,NECROSIS,0.024173,0.02847,0.947356,Case-3,g5-logo-laststage-finetune-seed42::fold_Case-3
Case-3-A8-34597-15691,Case-3,NECROSIS,NECROSIS,0.047328,0.084467,0.868205,Case-3,g5-logo-laststage-finetune-seed42::fold_Case-3
Case-3-A8-35052-27260,Case-3,NECROSIS,NECROSIS,0.128922,0.050256,0.820822,Case-3,g5-logo-laststage-finetune-seed42::fold_Case-3
Case-3-A8-3678-6946,Case-3,NECROSIS,NECROSIS,0.097106,0.397256,0.505638,Case-3,g5-logo-laststage-finetune-seed42::fold_Case-3
Case-3-A8-38100-23063,Case-3,NECROSIS,NECROSIS,0.010945,0.02437,0.964685,Case-3,g5-logo-laststage-finetune-seed42::fold_Case-3
Case-3-A8-38575-19060,Case-3,NECROSIS,NECROSIS,0.050893,0.072661,0.876446,Case-3,g5-logo-laststage-finetune-seed42::fold_Case-3
Case-3-A8-38576-12372,Case-3,NECROSIS,NECROSIS,0.111193,0.063719,0.825088,Case-3,g5-logo-laststage-finetune-seed42::fold_Case-3
Case-3-A8-40327-2954,Case-3,NECROSIS,VIABLE_TUMOR,0.052273,0.855429,0.092298,Case-3,g5-logo-laststage-finetune-seed42::fold_Case-3
Case-3-A8-42144-11358,Case-3,NECROSIS,NECROSIS,0.049784,0.070193,0.880024,Case-3,g5-logo-laststage-finetune-seed42::fold_Case-3
Case-3-A8-42275-18820,Case-3,NECROSIS,VIABLE_TUMOR,0.052171,0.72371,0.224119,Case-3,g5-logo-laststage-finetune-seed42::fold_Case-3
Case-3-A8-8708-9689,Case-3,NECROSIS,NECROSIS,0.053297,0.33788,0.608823,Case-3,g5-logo-laststage-finetune-seed42::fold_Case-3
Case-3-A8-9677-9114,Case-3,NECROSIS,NECROSIS,0.030964,0.103542,0.865494,Case-3,g5-logo-laststage-finetune-seed42::fold_Case-3
Case-4-C21-43834-23094,Case-4,NON_TUMOR,NECROSIS,0.294091,0.146825,0.559084,Case-4,g5-logo-laststage-finetune-seed42::fold_Case-4
Case-4-C21-44291-25760,Case-4,NON_TUMOR,NECROSIS,0.098938,0.095246,0.805816,Case-4,g5-logo-laststage-finetune-seed42::fold_Case-4
Case-4-C22-26476-28003,Case-4,NON_TUMOR,NECROSIS,0.284886,0.048346,0.666769,Case-4,g5-logo-laststage-finetune-seed42::fold_Case-4
Case-4-C22-29668-36352,Case-4,NON_TUMOR,NECROSIS,0.110676,0.094781,0.794543,Case-4,g5-logo-laststage-finetune-seed42::fold_Case-4
Case-4-C22-29696-31650,Case-4,NON_TUMOR,NECROSIS,0.020654,0.036393,0.942952,Case-4,g5-logo-laststage-finetune-seed42::fold_Case-4
Case-4-C22-42649-20389,Case-4,NON_TUMOR,NECROSIS,0.120905,0.056231,0.822865,Case-4,g5-logo-laststage-finetune-seed42::fold_Case-4
Case-4-C22-43370-22832,Case-4,NON_TUMOR,NECROSIS,0.167985,0.124433,0.707582,Case-4,g5-logo-laststage-finetune-seed42::fold_Case-4
Case-4-C22-44617-22886,Case-4,NON_TUMOR,NON_TUMOR,0.429278,0.217369,0.353354,Case-4,g5-logo-laststage-finetune-seed42::fold_Case-4
Case-4-C22-45017-21723,Case-4,NON_TUMOR,NECROSIS,0.334682,0.316347,0.34897,Case-4,g5-logo-laststage-finetune-seed42::fold_Case-4
Case-4-C24-22210-6774,Case-4,NON_TUMOR,NECROSIS,0.090009,0.341871,0.56812,Case-4,g5-logo-laststage-finetune-seed42::fold_Case-4
Case-4-C24-41653-14996,Case-4,NON_TUMOR,NON_TUMOR,0.921739,0.011626,0.066634,Case-4,g5-logo-laststage-finetune-seed42::fold_Case-4
Case-4-C27-29294-5191,Case-4,NON_TUMOR,NECROSIS,0.266833,0.270726,0.46244,Case-4,g5-logo-laststage-finetune-seed42::fold_Case-4
Case-4-C27-45200-21938,Case-4,NON_TUMOR,VIABLE_TUMOR,0.368034,0.394934,0.237032,Case-4,g5-logo-laststage-finetune-seed42::fold_Case-4
Case-4-C27-45262-20988,Case-4,NON_TUMOR,NON_TUMOR,0.719141,0.089088,0.191771,Case-4,g5-logo-laststage-finetune-seed42::fold_Case-4
Case-4-C28-31042-23166,Case-4,NON_TUMOR,NON_TUMOR,0.589573,0.136862,0.273566,Case-4,g5-logo-laststage-finetune-seed42::fold_Case-4
Case-4-C28-33944-22211,Case-4,NON_TUMOR,NECROSIS,0.162183,0.137754,0.700063,Case-4,g5-logo-laststage-finetune-seed42::fold_Case-4
Case-4-C28-42724-16956,Case-4,NON_TUMOR,NON_TUMOR,0.766901,0.019623,0.213476,Case-4,g5-logo-laststage-finetune-seed42::fold_Case-4
Case-4-C29-40078-13241,Case-4,NON_TUMOR,NON_TUMOR,0.851032,0.023138,0.12583,Case-4,g5-logo-laststage-finetune-seed42::fold_Case-4
Case-4-C31-17846-20505,Case-4,NON_TUMOR,NECROSIS,0.13577,0.011483,0.852746,Case-4,g5-logo-laststage-finetune-seed42::fold_Case-4
Case-4-C34-42840-21049,Case-4,NON_TUMOR,NECROSIS,0.212457,0.090049,0.697494,Case-4,g5-logo-laststage-finetune-seed42::fold_Case-4
Case-4-C34-43977-24577,Case-4,NON_TUMOR,NECROSIS,0.145447,0.132146,0.722407,Case-4,g5-logo-laststage-finetune-seed42::fold_Case-4
Case-4-C34-44491-21355,Case-4,NON_TUMOR,NON_TUMOR,0.485878,0.101745,0.412377,Case-4,g5-logo-laststage-finetune-seed42::fold_Case-4
Case-4-C48-10054-9391,Case-4,NON_TUMOR,NON_TUMOR,0.938193,0.039184,0.022623,Case-4,g5-logo-laststage-finetune-seed42::fold_Case-4
Case-4-C48-11401-19048,Case-4,NON_TUMOR,NON_TUMOR,0.950843,0.007765,0.041392,Case-4,g5-logo-laststage-finetune-seed42::fold_Case-4
Case-4-C48-11503-15470,Case-4,NON_TUMOR,NON_TUMOR,0.990192,0.005891,0.003918,Case-4,g5-logo-laststage-finetune-seed42::fold_Case-4
Case-4-C48-12897-21186,Case-4,NON_TUMOR,NON_TUMOR,0.956107,0.021776,0.022117,Case-4,g5-logo-laststage-finetune-seed42::fold_Case-4
Case-4-C48-13345-34577,Case-4,NON_TUMOR,NON_TUMOR,0.983148,0.011806,0.005046,Case-4,g5-logo-laststage-finetune-seed42::fold_Case-4
Case-4-C48-13927-22247,Case-4,NON_TUMOR,NON_TUMOR,0.540883,0.439746,0.01937,Case-4,g5-logo-laststage-finetune-seed42::fold_Case-4
Case-4-C48-15768-33767,Case-4,NON_TUMOR,NON_TUMOR,0.95681,0.005686,0.037504,Case-4,g5-logo-laststage-finetune-seed42::fold_Case-4
Case-4-C48-16689-23057,Case-4,NON_TUMOR,NON_TUMOR,0.941698,0.04252,0.015781,Case-4,g5-logo-laststage-finetune-seed42::fold_Case-4
Case-4-C48-16969-13515,Case-4,NON_TUMOR,NON_TUMOR,0.916289,0.062428,0.021283,Case-4,g5-logo-laststage-finetune-seed42::fold_Case-4
Case-4-C48-18049-17102,Case-4,NON_TUMOR,NON_TUMOR,0.997697,0.001778,0.000525,Case-4,g5-logo-laststage-finetune-seed42::fold_Case-4
Case-4-C48-18251-9611,Case-4,NON_TUMOR,NON_TUMOR,0.992293,0.004725,0.002982,Case-4,g5-logo-laststage-finetune-seed42::fold_Case-4
Case-4-C48-20603-33127,Case-4,NON_TUMOR,NON_TUMOR,0.927262,0.040919,0.031819,Case-4,g5-logo-laststage-finetune-seed42::fold_Case-4
Case-4-C48-22668-21127,Case-4,NON_TUMOR,NON_TUMOR,0.909672,0.076296,0.014032,Case-4,g5-logo-laststage-finetune-seed42::fold_Case-4
Case-4-C48-24306-19063,Case-4,NON_TUMOR,NON_TUMOR,0.992994,0.00528,0.001726,Case-4,g5-logo-laststage-finetune-seed42::fold_Case-4
Case-4-C48-25702-19790,Case-4,NON_TUMOR,NON_TUMOR,0.993693,0.001333,0.004974,Case-4,g5-logo-laststage-finetune-seed42::fold_Case-4
Case-4-C48-25796-23436,Case-4,NON_TUMOR,NON_TUMOR,0.916575,0.049838,0.033587,Case-4,g5-logo-laststage-finetune-seed42::fold_Case-4
Case-4-C48-30653-11701,Case-4,NON_TUMOR,NON_TUMOR,0.940707,0.043185,0.016109,Case-4,g5-logo-laststage-finetune-seed42::fold_Case-4
Case-4-C48-31199-23583,Case-4,NON_TUMOR,NON_TUMOR,0.982455,0.006001,0.011544,Case-4,g5-logo-laststage-finetune-seed42::fold_Case-4
Case-4-C48-33197-21550,Case-4,NON_TUMOR,NON_TUMOR,0.906663,0.022251,0.071087,Case-4,g5-logo-laststage-finetune-seed42::fold_Case-4
Case-4-C48-5806-29232,Case-4,NON_TUMOR,NON_TUMOR,0.996263,0.002522,0.001215,Case-4,g5-logo-laststage-finetune-seed42::fold_Case-4
Case-4-C48-6884-30966,Case-4,NON_TUMOR,NON_TUMOR,0.986945,0.010996,0.002059,Case-4,g5-logo-laststage-finetune-seed42::fold_Case-4
Case-4-C48-7455-17146,Case-4,NON_TUMOR,NON_TUMOR,0.994139,0.004357,0.001504,Case-4,g5-logo-laststage-finetune-seed42::fold_Case-4
Case-4-C48-9825-35299,Case-4,NON_TUMOR,NON_TUMOR,0.953264,0.019152,0.027584,Case-4,g5-logo-laststage-finetune-seed42::fold_Case-4
Case-4-C52-11233-29470,Case-4,NON_TUMOR,NON_TUMOR,0.992335,0.005515,0.002149,Case-4,g5-logo-laststage-finetune-seed42::fold_Case-4
Case-4-C52-13339-30012,Case-4,NON_TUMOR,NON_TUMOR,0.959719,0.0327,0.00758,Case-4,g5-logo-laststage-finetune-seed42::fold_Case-4
Case-4-C52-14134-24972,Case-4,NON_TUMOR,NON_TUMOR,0.899807,0.090165,0.010028,Case-4,g5-logo-laststage-finetune-seed42::fold_Case-4
Case-4-C52-15553-8379,Case-4,NON_TUMOR,NON_TUMOR,0.958762,0.022974,0.018264,Case-4,g5-logo-laststage-finetune-seed42::fold_Case-4
Case-4-C52-15705-16485,Case-4,NON_TUMOR,NON_TUMOR,0.985428,0.012783,0.00179,Case-4,g5-logo-laststage-finetune-seed42::fold_Case-4
Case-4-C52-18944-30575,Case-4,NON_TUMOR,NON_TUMOR,0.804636,0.174829,0.020535,Case-4,g5-logo-laststage-finetune-seed42::fold_Case-4
Case-4-C52-19923-24025,Case-4,NON_TUMOR,NON_TUMOR,0.990505,0.007934,0.001561,Case-4,g5-logo-laststage-finetune-seed42::fold_Case-4
Case-4-C52-20522-23796,Case-4,NON_TUMOR,NON_TUMOR,0.891777,0.076067,0.032155,Case-4,g5-logo-laststage-finetune-seed42::fold_Case-4
Case-4-C52-20801-18450,Case-4,NON_TUMOR,NON_TUMOR,0.950176,0.033152,0.016672,Case-4,g5-logo-laststage-finetune-seed42::fold_Case-4
Case-4-C52-21343-29072,Case-4,NON_TUMOR,NON_TUMOR,0.919192,0.031789,0.04902,Case-4,g5-logo-laststage-finetune-seed42::fold_Case-4
Case-4-C52-21604-27567,Case-4,NON_TUMOR,NON_TUMOR,0.852669,0.133948,0.013384,Case-4,g5-logo-laststage-finetune-seed42::fold_Case-4
Case-4-C52-25156-26369,Case-4,NON_TUMOR,NON_TUMOR,0.929251,0.047282,0.023467,Case-4,g5-logo-laststage-finetune-seed42::fold_Case-4
Case-4-C52-25833-10809,Case-4,NON_TUMOR,NON_TUMOR,0.984315,0.013639,0.002046,Case-4,g5-logo-laststage-finetune-seed42::fold_Case-4
Case-4-C52-26347-9834,Case-4,NON_TUMOR,NON_TUMOR,0.989183,0.007971,0.002847,Case-4,g5-logo-laststage-finetune-seed42::fold_Case-4
Case-4-C52-26738-16962,Case-4,NON_TUMOR,NON_TUMOR,0.976928,0.017271,0.005801,Case-4,g5-logo-laststage-finetune-seed42::fold_Case-4
Case-4-C52-29179-7955,Case-4,NON_TUMOR,NON_TUMOR,0.993055,0.004665,0.00228,Case-4,g5-logo-laststage-finetune-seed42::fold_Case-4
Case-4-C52-29621-7946,Case-4,NON_TUMOR,NON_TUMOR,0.993844,0.004405,0.001751,Case-4,g5-logo-laststage-finetune-seed42::fold_Case-4
Case-4-C52-29962-9726,Case-4,NON_TUMOR,NON_TUMOR,0.964264,0.024547,0.01119,Case-4,g5-logo-laststage-finetune-seed42::fold_Case-4
Case-4-C52-3074-22909,Case-4,NON_TUMOR,NON_TUMOR,0.98775,0.011109,0.001141,Case-4,g5-logo-laststage-finetune-seed42::fold_Case-4
Case-4-C52-31860-26250,Case-4,NON_TUMOR,NON_TUMOR,0.977642,0.007204,0.015154,Case-4,g5-logo-laststage-finetune-seed42::fold_Case-4
Case-4-C52-32157-20231,Case-4,NON_TUMOR,NON_TUMOR,0.991733,0.004402,0.003865,Case-4,g5-logo-laststage-finetune-seed42::fold_Case-4
Case-4-C52-35139-22514,Case-4,NON_TUMOR,NON_TUMOR,0.869566,0.010908,0.119526,Case-4,g5-logo-laststage-finetune-seed42::fold_Case-4
Case-4-C52-5072-27768,Case-4,NON_TUMOR,NON_TUMOR,0.912446,0.078182,0.009371,Case-4,g5-logo-laststage-finetune-seed42::fold_Case-4
Case-4-C52-6011-11096,Case-4,NON_TUMOR,NON_TUMOR,0.887498,0.065467,0.047036,Case-4,g5-logo-laststage-finetune-seed42::fold_Case-4
Case-4-C52-7119-24770,Case-4,NON_TUMOR,NON_TUMOR,0.955008,0.036969,0.008023,Case-4,g5-logo-laststage-finetune-seed42::fold_Case-4
Case-4-C52-8069-17662,Case-4,NON_TUMOR,NON_TUMOR,0.997351,0.0017,0.000949,Case-4,g5-logo-laststage-finetune-seed42::fold_Case-4
Case-4-C52-9452-34640,Case-4,NON_TUMOR,NON_TUMOR,0.929542,0.04581,0.024648,Case-4,g5-logo-laststage-finetune-seed42::fold_Case-4
Case-4-C21-20675-9095,Case-4,VIABLE_TUMOR,NECROSIS,0.117096,0.060185,0.822719,Case-4,g5-logo-laststage-finetune-seed42::fold_Case-4
Case-4-C21-22607-7946,Case-4,VIABLE_TUMOR,NECROSIS,0.256738,0.109362,0.6339,Case-4,g5-logo-laststage-finetune-seed42::fold_Case-4
Case-4-C21-25306-21689,Case-4,VIABLE_TUMOR,VIABLE_TUMOR,0.025417,0.730051,0.244532,Case-4,g5-logo-laststage-finetune-seed42::fold_Case-4
Case-4-C21-26326-8633,Case-4,VIABLE_TUMOR,NECROSIS,0.120252,0.11475,0.764998,Case-4,g5-logo-laststage-finetune-seed42::fold_Case-4
Case-4-C21-28314-22979,Case-4,VIABLE_TUMOR,NECROSIS,0.018689,0.081032,0.900279,Case-4,g5-logo-laststage-finetune-seed42::fold_Case-4
Case-4-C21-29101-18901,Case-4,VIABLE_TUMOR,NECROSIS,0.118271,0.066662,0.815067,Case-4,g5-logo-laststage-finetune-seed42::fold_Case-4
Case-4-C21-34438-19627,Case-4,VIABLE_TUMOR,NECROSIS,0.07946,0.071425,0.849115,Case-4,g5-logo-laststage-finetune-seed42::fold_Case-4
Case-4-C21-35538-25356,Case-4,VIABLE_TUMOR,NECROSIS,0.451524,0.033166,0.515311,Case-4,g5-logo-laststage-finetune-seed42::fold_Case-4
Case-4-C21-37411-12734,Case-4,VIABLE_TUMOR,NECROSIS,0.446219,0.020917,0.532864,Case-4,g5-logo-laststage-finetune-seed42::fold_Case-4
Case-4-C21-38458-18002,Case-4,VIABLE_TUMOR,VIABLE_TUMOR,0.330319,0.357625,0.312056,Case-4,g5-logo-laststage-finetune-seed42::fold_Case-4
Case-4-C21-39931-19569,Case-4,VIABLE_TUMOR,NECROSIS,0.201669,0.158332,0.639999,Case-4,g5-logo-laststage-finetune-seed42::fold_Case-4
Case-4-C21-40652-23162,Case-4,VIABLE_TUMOR,VIABLE_TUMOR,0.10823,0.468652,0.423118,Case-4,g5-logo-laststage-finetune-seed42::fold_Case-4
Case-4-C21-42043-16377,Case-4,VIABLE_TUMOR,NON_TUMOR,0.847369,0.014707,0.137924,Case-4,g5-logo-laststage-finetune-seed42::fold_Case-4
Case-4-C22-20420-19004,Case-4,VIABLE_TUMOR,NECROSIS,0.051248,0.156819,0.791932,Case-4,g5-logo-laststage-finetune-seed42::fold_Case-4
Case-4-C22-21902-8062,Case-4,VIABLE_TUMOR,NECROSIS,0.093173,0.087678,0.819149,Case-4,g5-logo-laststage-finetune-seed42::fold_Case-4
Case-4-C22-22350-18241,Case-4,VIABLE_TUMOR,NECROSIS,0.056638,0.116022,0.827341,Case-4,g5-logo-laststage-finetune-seed42::fold_Case-4
Case-4-C22-25017-13207,Case-4,VIABLE_TUMOR,NECROSIS,0.025938,0.282798,0.691264,Case-4,g5-logo-laststage-finetune-seed42::fold_Case-4
Case-4-C22-25541-21407,Case-4,VIABLE_TUMOR,NECROSIS,0.068203,0.446956,0.484841,Case-4,g5-logo-laststage-finetune-seed42::fold_Case-4
Case-4-C22-25642-6919,Case-4,VIABLE_TUMOR,NECROSIS,0.078097,0.042413,0.87949,Case-4,g5-logo-laststage-finetune-seed42::fold_Case-4
Case-4-C22-30748-20982,Case-4,VIABLE_TUMOR,VIABLE_TUMOR,0.112873,0.527082,0.360045,Case-4,g5-logo-laststage-finetune-seed42::fold_Case-4
Case-4-C22-36438-11846,Case-4,VIABLE_TUMOR,NON_TUMOR,0.710325,0.076953,0.212722,Case-4,g5-logo-laststage-finetune-seed42::fold_Case-4
Case-4-C22-38307-25291,Case-4,VIABLE_TUMOR,NECROSIS,0.318132,0.07812,0.603748,Case-4,g5-logo-laststage-finetune-seed42::fold_Case-4
Case-4-C22-39386-26786,Case-4,VIABLE_TUMOR,NON_TUMOR,0.465286,0.120647,0.414068,Case-4,g5-logo-laststage-finetune-seed42::fold_Case-4
Case-4-C22-39913-22780,Case-4,VIABLE_TUMOR,NECROSIS,0.188566,0.367296,0.444138,Case-4,g5-logo-laststage-finetune-seed42::fold_Case-4
Case-4-C24-21495-20987,Case-4,VIABLE_TUMOR,NECROSIS,0.132161,0.042107,0.825732,Case-4,g5-logo-laststage-finetune-seed42::fold_Case-4
Case-4-C24-23753-20581,Case-4,VIABLE_TUMOR,NECROSIS,0.006707,0.192732,0.80056,Case-4,g5-logo-laststage-finetune-seed42::fold_Case-4
Case-4-C24-26502-13028,Case-4,VIABLE_TUMOR,NECROSIS,0.11867,0.089606,0.791724,Case-4,g5-logo-laststage-finetune-seed42::fold_Case-4
Case-4-C24-27750-16066,Case-4,VIABLE_TUMOR,NECROSIS,0.125299,0.0747,0.800001,Case-4,g5-logo-laststage-finetune-seed42::fold_Case-4
Case-4-C24-30007-11532,Case-4,VIABLE_TUMOR,NECROSIS,0.015774,0.022789,0.961436,Case-4,g5-logo-laststage-finetune-seed42::fold_Case-4
Case-4-C24-30709-15038,Case-4,VIABLE_TUMOR,NECROSIS,0.07904,0.02303,0.89793,Case-4,g5-logo-laststage-finetune-seed42::fold_Case-4
Case-4-C24-31951-18510,Case-4,VIABLE_TUMOR,NECROSIS,0.079235,0.109721,0.811043,Case-4,g5-logo-laststage-finetune-seed42::fold_Case-4
Case-4-C24-32113-11600,Case-4,VIABLE_TUMOR,NECROSIS,0.091877,0.023403,0.88472,Case-4,g5-logo-laststage-finetune-seed42::fold_Case-4
Case-4-C24-37205-16940,Case-4,VIABLE_TUMOR,NECROSIS,0.199752,0.310346,0.489902,Case-4,g5-logo-laststage-finetune-seed42::fold_Case-4
Case-4-C24-37783-13734,Case-4,VIABLE_TUMOR,NECROSIS,0.162276,0.023311,0.814413,Case-4,g5-logo-laststage-finetune-seed42::fold_Case-4
Case-4-C24-38186-21797,Case-4,VIABLE_TUMOR,NECROSIS,0.082004,0.063026,0.85497,Case-4,g5-logo-laststage-finetune-seed42::fold_Case-4
Case-4-C27-16512-14137,Case-4,VIABLE_TUMOR,NECROSIS,0.010527,0.057453,0.93202,Case-4,g5-logo-laststage-finetune-seed42::fold_Case-4
Case-4-C27-23395-17702,Case-4,VIABLE_TUMOR,NECROSIS,0.026325,0.070352,0.903323,Case-4,g5-logo-laststage-finetune-seed42::fold_Case-4
Case-4-C27-25232-22735,Case-4,VIABLE_TUMOR,NECROSIS,0.033488,0.443309,0.523204,Case-4,g5-logo-laststage-finetune-seed42::fold_Case-4
Case-4-C27-27433-14234,Case-4,VIABLE_TUMOR,NECROSIS,0.040054,0.160914,0.799032,Case-4,g5-logo-laststage-finetune-seed42::fold_Case-4
Case-4-C27-28136-19724,Case-4,VIABLE_TUMOR,VIABLE_TUMOR,0.060146,0.570453,0.369401,Case-4,g5-logo-laststage-finetune-seed42::fold_Case-4
Case-4-C27-29439-7838,Case-4,VIABLE_TUMOR,NECROSIS,0.081823,0.024581,0.893596,Case-4,g5-logo-laststage-finetune-seed42::fold_Case-4
Case-4-C27-32061-22260,Case-4,VIABLE_TUMOR,NON_TUMOR,0.508094,0.218445,0.273461,Case-4,g5-logo-laststage-finetune-seed42::fold_Case-4
Case-4-C27-32431-19828,Case-4,VIABLE_TUMOR,NECROSIS,0.043979,0.07643,0.879591,Case-4,g5-logo-laststage-finetune-seed42::fold_Case-4
Case-4-C27-34169-23534,Case-4,VIABLE_TUMOR,NECROSIS,0.230664,0.038729,0.730607,Case-4,g5-logo-laststage-finetune-seed42::fold_Case-4
Case-4-C27-37395-26388,Case-4,VIABLE_TUMOR,NECROSIS,0.029235,0.100863,0.869902,Case-4,g5-logo-laststage-finetune-seed42::fold_Case-4
Case-4-C27-37440-28310,Case-4,VIABLE_TUMOR,NON_TUMOR,0.598462,0.058142,0.343397,Case-4,g5-logo-laststage-finetune-seed42::fold_Case-4
Case-4-C27-42354-19379,Case-4,VIABLE_TUMOR,NECROSIS,0.442816,0.075231,0.481952,Case-4,g5-logo-laststage-finetune-seed42::fold_Case-4
Case-4-C28-17394-10525,Case-4,VIABLE_TUMOR,NECROSIS,0.063475,0.20878,0.727745,Case-4,g5-logo-laststage-finetune-seed42::fold_Case-4
Case-4-C28-17483-12238,Case-4,VIABLE_TUMOR,NECROSIS,0.126552,0.121184,0.752264,Case-4,g5-logo-laststage-finetune-seed42::fold_Case-4
Case-4-C28-25473-14283,Case-4,VIABLE_TUMOR,NECROSIS,0.031193,0.097898,0.870908,Case-4,g5-logo-laststage-finetune-seed42::fold_Case-4
Case-4-C28-26851-15411,Case-4,VIABLE_TUMOR,NECROSIS,0.290936,0.13661,0.572454,Case-4,g5-logo-laststage-finetune-seed42::fold_Case-4
Case-4-C28-27016-13463,Case-4,VIABLE_TUMOR,NECROSIS,0.07745,0.092257,0.830293,Case-4,g5-logo-laststage-finetune-seed42::fold_Case-4
Case-4-C28-28569-15469,Case-4,VIABLE_TUMOR,NECROSIS,0.356454,0.039722,0.603824,Case-4,g5-logo-laststage-finetune-seed42::fold_Case-4
Case-4-C28-30588-18732,Case-4,VIABLE_TUMOR,NECROSIS,0.100108,0.086921,0.812972,Case-4,g5-logo-laststage-finetune-seed42::fold_Case-4
Case-4-C28-30914-19280,Case-4,VIABLE_TUMOR,NECROSIS,0.06359,0.042888,0.893523,Case-4,g5-logo-laststage-finetune-seed42::fold_Case-4
Case-4-C28-36370-18227,Case-4,VIABLE_TUMOR,NECROSIS,0.23254,0.055192,0.712268,Case-4,g5-logo-laststage-finetune-seed42::fold_Case-4
Case-4-C28-39674-17239,Case-4,VIABLE_TUMOR,NECROSIS,0.061298,0.304987,0.633714,Case-4,g5-logo-laststage-finetune-seed42::fold_Case-4
Case-4-C28-39877-24842,Case-4,VIABLE_TUMOR,NECROSIS,0.146059,0.283611,0.57033,Case-4,g5-logo-laststage-finetune-seed42::fold_Case-4
Case-4-C28-41935-19673,Case-4,VIABLE_TUMOR,NECROSIS,0.145307,0.041048,0.813644,Case-4,g5-logo-laststage-finetune-seed42::fold_Case-4
Case-4-C29-14846-11791,Case-4,VIABLE_TUMOR,NECROSIS,0.044865,0.304052,0.651083,Case-4,g5-logo-laststage-finetune-seed42::fold_Case-4
Case-4-C29-15569-11401,Case-4,VIABLE_TUMOR,NECROSIS,0.076657,0.228429,0.694914,Case-4,g5-logo-laststage-finetune-seed42::fold_Case-4
Case-4-C29-22107-10482,Case-4,VIABLE_TUMOR,NECROSIS,0.024844,0.026912,0.948244,Case-4,g5-logo-laststage-finetune-seed42::fold_Case-4
Case-4-C29-23938-15097,Case-4,VIABLE_TUMOR,NECROSIS,0.117296,0.073602,0.809102,Case-4,g5-logo-laststage-finetune-seed42::fold_Case-4
Case-4-C29-24903-19562,Case-4,VIABLE_TUMOR,NECROSIS,0.012299,0.404463,0.583238,Case-4,g5-logo-laststage-finetune-seed42::fold_Case-4
Case-4-C29-29639-16570,Case-4,VIABLE_TUMOR,NECROSIS,0.037557,0.178985,0.783459,Case-4,g5-logo-laststage-finetune-seed42::fold_Case-4
Case-4-C29-30319-13766,Case-4,VIABLE_TUMOR,NECROSIS,0.11327,0.03995,0.84678,Case-4,g5-logo-laststage-finetune-seed42::fold_Case-4
Case-4-C29-31670-19505,Case-4,VIABLE_TUMOR,NECROSIS,0.046346,0.124218,0.829437,Case-4,g5-logo-laststage-finetune-seed42::fold_Case-4
Case-4-C31-16379-15830,Case-4,VIABLE_TUMOR,NECROSIS,0.013776,0.055778,0.930446,Case-4,g5-logo-laststage-finetune-seed42::fold_Case-4
Case-4-C31-23051-12507,Case-4,VIABLE_TUMOR,NECROSIS,0.030895,0.044862,0.924243,Case-4,g5-logo-laststage-finetune-seed42::fold_Case-4
Case-4-C31-24654-15629,Case-4,VIABLE_TUMOR,NECROSIS,0.081562,0.140398,0.77804,Case-4,g5-logo-laststage-finetune-seed42::fold_Case-4
Case-4-C31-24669-10300,Case-4,VIABLE_TUMOR,NECROSIS,0.061251,0.17986,0.758889,Case-4,g5-logo-laststage-finetune-seed42::fold_Case-4
Case-4-C31-25176-8074,Case-4,VIABLE_TUMOR,NECROSIS,0.025659,0.024386,0.949955,Case-4,g5-logo-laststage-finetune-seed42::fold_Case-4
Case-4-C31-27678-14221,Case-4,VIABLE_TUMOR,NECROSIS,0.032872,0.147508,0.81962,Case-4,g5-logo-laststage-finetune-seed42::fold_Case-4
Case-4-C31-30577-21392,Case-4,VIABLE_TUMOR,VIABLE_TUMOR,0.044669,0.733271,0.222059,Case-4,g5-logo-laststage-finetune-seed42::fold_Case-4
Case-4-C31-32902-21086,Case-4,VIABLE_TUMOR,NECROSIS,0.267373,0.051475,0.681152,Case-4,g5-logo-laststage-finetune-seed42::fold_Case-4
Case-4-C31-35324-16735,Case-4,VIABLE_TUMOR,NECROSIS,0.275472,0.203287,0.521241,Case-4,g5-logo-laststage-finetune-seed42::fold_Case-4
Case-4-C31-35929-17743,Case-4,VIABLE_TUMOR,NECROSIS,0.167086,0.079158,0.753756,Case-4,g5-logo-laststage-finetune-seed42::fold_Case-4
Case-4-C31-41557-17880,Case-4,VIABLE_TUMOR,NECROSIS,0.354219,0.075466,0.570315,Case-4,g5-logo-laststage-finetune-seed42::fold_Case-4
Case-4-C34-23917-10671,Case-4,VIABLE_TUMOR,NECROSIS,0.029486,0.040927,0.929587,Case-4,g5-logo-laststage-finetune-seed42::fold_Case-4
Case-4-C34-24821-20023,Case-4,VIABLE_TUMOR,VIABLE_TUMOR,0.006674,0.567041,0.426286,Case-4,g5-logo-laststage-finetune-seed42::fold_Case-4
Case-4-C34-25269-6322,Case-4,VIABLE_TUMOR,NECROSIS,0.023834,0.040664,0.935502,Case-4,g5-logo-laststage-finetune-seed42::fold_Case-4
Case-4-C34-28567-20375,Case-4,VIABLE_TUMOR,NECROSIS,0.103224,0.240233,0.656543,Case-4,g5-logo-laststage-finetune-seed42::fold_Case-4
Case-4-C34-30175-9259,Case-4,VIABLE_TUMOR,NECROSIS,0.122695,0.044462,0.832843,Case-4,g5-logo-laststage-finetune-seed42::fold_Case-4
Case-4-C34-33534-16910,Case-4,VIABLE_TUMOR,NECROSIS,0.122544,0.046106,0.83135,Case-4,g5-logo-laststage-finetune-seed42::fold_Case-4
Case-4-C34-38608-21388,Case-4,VIABLE_TUMOR,NECROSIS,0.077999,0.073539,0.848463,Case-4,g5-logo-laststage-finetune-seed42::fold_Case-4
Case-4-C21-11229-17093,Case-4,NECROSIS,NECROSIS,0.01804,0.011106,0.970855,Case-4,g5-logo-laststage-finetune-seed42::fold_Case-4
Case-4-C21-13339-24727,Case-4,NECROSIS,NECROSIS,0.354692,0.084389,0.560919,Case-4,g5-logo-laststage-finetune-seed42::fold_Case-4
Case-4-C21-14246-18799,Case-4,NECROSIS,NECROSIS,0.034126,0.030392,0.935481,Case-4,g5-logo-laststage-finetune-seed42::fold_Case-4
Case-4-C21-17996-22366,Case-4,NECROSIS,NECROSIS,0.141039,0.054873,0.804087,Case-4,g5-logo-laststage-finetune-seed42::fold_Case-4
Case-4-C21-22035-24818,Case-4,NECROSIS,NECROSIS,0.144695,0.07807,0.777235,Case-4,g5-logo-laststage-finetune-seed42::fold_Case-4
Case-4-C21-23743-36254,Case-4,NECROSIS,NECROSIS,0.059552,0.030164,0.910284,Case-4,g5-logo-laststage-finetune-seed42::fold_Case-4
Case-4-C21-25396-25798,Case-4,NECROSIS,NECROSIS,0.060328,0.095741,0.843931,Case-4,g5-logo-laststage-finetune-seed42::fold_Case-4
Case-4-C21-27726-37043,Case-4,NECROSIS,NECROSIS,0.091365,0.048011,0.860624,Case-4,g5-logo-laststage-finetune-seed42::fold_Case-4
Case-4-C21-29849-33988,Case-4,NECROSIS,NECROSIS,0.043742,0.016991,0.939268,Case-4,g5-logo-laststage-finetune-seed42::fold_Case-4
Case-4-C21-30599-31986,Case-4,NECROSIS,NECROSIS,0.01768,0.029996,0.952324,Case-4,g5-logo-laststage-finetune-seed42::fold_Case-4
Case-4-C21-34899-31136,Case-4,NECROSIS,NECROSIS,0.300022,0.022541,0.677437,Case-4,g5-logo-laststage-finetune-seed42::fold_Case-4
Case-4-C22-13293-17406,Case-4,NECROSIS,NECROSIS,0.017167,0.011351,0.971483,Case-4,g5-logo-laststage-finetune-seed42::fold_Case-4
Case-4-C22-14193-24204,Case-4,NECROSIS,NECROSIS,0.043116,0.130774,0.82611,Case-4,g5-logo-laststage-finetune-seed42::fold_Case-4
Case-4-C22-14852-25038,Case-4,NECROSIS,NECROSIS,0.063308,0.229954,0.706739,Case-4,g5-logo-laststage-finetune-seed42::fold_Case-4
Case-4-C22-19399-25392,Case-4,NECROSIS,NECROSIS,0.239868,0.059591,0.700541,Case-4,g5-logo-laststage-finetune-seed42::fold_Case-4
Case-4-C22-43141-24748,Case-4,NECROSIS,NON_TUMOR,0.499294,0.083958,0.416747,Case-4,g5-logo-laststage-finetune-seed42::fold_Case-4
Case-4-C24-13844-15938,Case-4,NECROSIS,NECROSIS,0.01287,0.01677,0.97036,Case-4,g5-logo-laststage-finetune-seed42::fold_Case-4
Case-4-C24-16355-22492,Case-4,NECROSIS,NECROSIS,0.019917,0.012432,0.96765,Case-4,g5-logo-laststage-finetune-seed42::fold_Case-4
Case-4-C24-20641-21743,Case-4,NECROSIS,NECROSIS,0.073757,0.011436,0.914808,Case-4,g5-logo-laststage-finetune-seed42::fold_Case-4
Case-4-C24-21905-23241,Case-4,NECROSIS,NECROSIS,0.381001,0.041034,0.577966,Case-4,g5-logo-laststage-finetune-seed42::fold_Case-4
Case-4-C24-25985-25656,Case-4,NECROSIS,NECROSIS,0.098967,0.07008,0.830953,Case-4,g5-logo-laststage-finetune-seed42::fold_Case-4
Case-4-C24-26202-34731,Case-4,NECROSIS,NECROSIS,0.039892,0.025815,0.934294,Case-4,g5-logo-laststage-finetune-seed42::fold_Case-4
Case-4-C24-28082-3132,Case-4,NECROSIS,NECROSIS,0.237411,0.201626,0.560963,Case-4,g5-logo-laststage-finetune-seed42::fold_Case-4
Case-4-C24-30822-32457,Case-4,NECROSIS,NECROSIS,0.020154,0.018611,0.961235,Case-4,g5-logo-laststage-finetune-seed42::fold_Case-4
Case-4-C24-31203-32244,Case-4,NECROSIS,NECROSIS,0.022168,0.031813,0.946019,Case-4,g5-logo-laststage-finetune-seed42::fold_Case-4
Case-4-C24-32721-26127,Case-4,NECROSIS,NECROSIS,0.366067,0.031922,0.602011,Case-4,g5-logo-laststage-finetune-seed42::fold_Case-4
Case-4-C24-37864-31739,Case-4,NECROSIS,VIABLE_TUMOR,0.101106,0.45424,0.444653,Case-4,g5-logo-laststage-finetune-seed42::fold_Case-4
Case-4-C27-11262-18851,Case-4,NECROSIS,NECROSIS,0.026307,0.014419,0.959275,Case-4,g5-logo-laststage-finetune-seed42::fold_Case-4
Case-4-C27-12292-22142,Case-4,NECROSIS,NECROSIS,0.037907,0.285386,0.676708,Case-4,g5-logo-laststage-finetune-seed42::fold_Case-4
Case-4-C27-12979-14786,Case-4,NECROSIS,NECROSIS,0.03501,0.006109,0.958881,Case-4,g5-logo-laststage-finetune-seed42::fold_Case-4
Case-4-C27-16245-18671,Case-4,NECROSIS,NECROSIS,0.013033,0.008337,0.97863,Case-4,g5-logo-laststage-finetune-seed42::fold_Case-4
Case-4-C27-18794-30075,Case-4,NECROSIS,NECROSIS,0.231263,0.02375,0.744987,Case-4,g5-logo-laststage-finetune-seed42::fold_Case-4
Case-4-C27-30307-29497,Case-4,NECROSIS,NECROSIS,0.022903,0.01283,0.964268,Case-4,g5-logo-laststage-finetune-seed42::fold_Case-4
Case-4-C27-37658-29791,Case-4,NECROSIS,NECROSIS,0.271159,0.022886,0.705954,Case-4,g5-logo-laststage-finetune-seed42::fold_Case-4
Case-4-C27-40436-21740,Case-4,NECROSIS,NECROSIS,0.190817,0.095988,0.713195,Case-4,g5-logo-laststage-finetune-seed42::fold_Case-4
Case-4-C28-10217-20283,Case-4,NECROSIS,NECROSIS,0.047512,0.192325,0.760163,Case-4,g5-logo-laststage-finetune-seed42::fold_Case-4
Case-4-C28-13005-20274,Case-4,NECROSIS,NECROSIS,0.012997,0.018745,0.968258,Case-4,g5-logo-laststage-finetune-seed42::fold_Case-4
Case-4-C28-22588-34168,Case-4,NECROSIS,NECROSIS,0.012716,0.03269,0.954594,Case-4,g5-logo-laststage-finetune-seed42::fold_Case-4
Case-4-C28-27602-26398,Case-4,NECROSIS,NECROSIS,0.422719,0.031307,0.545975,Case-4,g5-logo-laststage-finetune-seed42::fold_Case-4
Case-4-C28-34272-29721,Case-4,NECROSIS,NECROSIS,0.190072,0.011154,0.798774,Case-4,g5-logo-laststage-finetune-seed42::fold_Case-4
Case-4-C28-35755-28991,Case-4,NECROSIS,NECROSIS,0.06935,0.014901,0.915748,Case-4,g5-logo-laststage-finetune-seed42::fold_Case-4
Case-4-C28-42525-25070,Case-4,NECROSIS,NECROSIS,0.30589,0.130129,0.563981,Case-4,g5-logo-laststage-finetune-seed42::fold_Case-4
Case-4-C29-13332-20182,Case-4,NECROSIS,NECROSIS,0.011321,0.014061,0.974618,Case-4,g5-logo-laststage-finetune-seed42::fold_Case-4
Case-4-C29-15182-28434,Case-4,NECROSIS,NECROSIS,0.316425,0.306999,0.376576,Case-4,g5-logo-laststage-finetune-seed42::fold_Case-4
Case-4-C29-15887-24394,Case-4,NECROSIS,NECROSIS,0.009151,0.012771,0.978078,Case-4,g5-logo-laststage-finetune-seed42::fold_Case-4
Case-4-C29-16874-21863,Case-4,NECROSIS,NECROSIS,0.029086,0.011963,0.958951,Case-4,g5-logo-laststage-finetune-seed42::fold_Case-4
Case-4-C29-17972-31834,Case-4,NECROSIS,NECROSIS,0.179396,0.123507,0.697097,Case-4,g5-logo-laststage-finetune-seed42::fold_Case-4
Case-4-C29-18029-22098,Case-4,NECROSIS,NECROSIS,0.12887,0.062225,0.808904,Case-4,g5-logo-laststage-finetune-seed42::fold_Case-4
Case-4-C29-22504-33746,Case-4,NECROSIS,NECROSIS,0.014587,0.01844,0.966973,Case-4,g5-logo-laststage-finetune-seed42::fold_Case-4
Case-4-C29-26385-28225,Case-4,NECROSIS,NECROSIS,0.229033,0.087745,0.683221,Case-4,g5-logo-laststage-finetune-seed42::fold_Case-4
Case-4-C29-26451-27935,Case-4,NECROSIS,NECROSIS,0.409398,0.05525,0.535352,Case-4,g5-logo-laststage-finetune-seed42::fold_Case-4
Case-4-C29-26629-4434,Case-4,NECROSIS,NECROSIS,0.071846,0.361847,0.566306,Case-4,g5-logo-laststage-finetune-seed42::fold_Case-4
Case-4-C29-27987-31224,Case-4,NECROSIS,NECROSIS,0.029237,0.015337,0.955426,Case-4,g5-logo-laststage-finetune-seed42::fold_Case-4
Case-4-C29-30502-34418,Case-4,NECROSIS,NECROSIS,0.0278,0.009765,0.962435,Case-4,g5-logo-laststage-finetune-seed42::fold_Case-4
Case-4-C29-31054-35813,Case-4,NECROSIS,NECROSIS,0.054689,0.14549,0.799821,Case-4,g5-logo-laststage-finetune-seed42::fold_Case-4
Case-4-C29-31369-33022,Case-4,NECROSIS,NECROSIS,0.028605,0.018907,0.952488,Case-4,g5-logo-laststage-finetune-seed42::fold_Case-4
Case-4-C29-33826-27241,Case-4,NECROSIS,NECROSIS,0.025022,0.009922,0.965056,Case-4,g5-logo-laststage-finetune-seed42::fold_Case-4
Case-4-C31-10015-17952,Case-4,NECROSIS,NECROSIS,0.023986,0.018656,0.957358,Case-4,g5-logo-laststage-finetune-seed42::fold_Case-4
Case-4-C31-11369-15049,Case-4,NECROSIS,NECROSIS,0.023789,0.013187,0.963024,Case-4,g5-logo-laststage-finetune-seed42::fold_Case-4
Case-4-C31-12983-18446,Case-4,NECROSIS,NECROSIS,0.02251,0.010605,0.966885,Case-4,g5-logo-laststage-finetune-seed42::fold_Case-4
Case-4-C31-13026-17709,Case-4,NECROSIS,NECROSIS,0.024746,0.015886,0.959367,Case-4,g5-logo-laststage-finetune-seed42::fold_Case-4
Case-4-C31-17180-22686,Case-4,NECROSIS,NECROSIS,0.226557,0.040121,0.733322,Case-4,g5-logo-laststage-finetune-seed42::fold_Case-4
Case-4-C31-19720-30902,Case-4,NECROSIS,NECROSIS,0.033848,0.041751,0.924401,Case-4,g5-logo-laststage-finetune-seed42::fold_Case-4
Case-4-C31-19780-23823,Case-4,NECROSIS,NECROSIS,0.150204,0.12549,0.724307,Case-4,g5-logo-laststage-finetune-seed42::fold_Case-4
Case-4-C31-20022-32809,Case-4,NECROSIS,NECROSIS,0.22024,0.115188,0.664572,Case-4,g5-logo-laststage-finetune-seed42::fold_Case-4
Case-4-C31-22851-36922,Case-4,NECROSIS,NECROSIS,0.022799,0.020823,0.956378,Case-4,g5-logo-laststage-finetune-seed42::fold_Case-4
Case-4-C31-25781-32079,Case-4,NECROSIS,NECROSIS,0.071949,0.088867,0.839183,Case-4,g5-logo-laststage-finetune-seed42::fold_Case-4
Case-4-C31-28807-3942,Case-4,NECROSIS,NECROSIS,0.242236,0.177177,0.580587,Case-4,g5-logo-laststage-finetune-seed42::fold_Case-4
Case-4-C31-36283-29598,Case-4,NECROSIS,NECROSIS,0.081474,0.014395,0.904131,Case-4,g5-logo-laststage-finetune-seed42::fold_Case-4
Case-4-C31-37390-31078,Case-4,NECROSIS,NECROSIS,0.022312,0.030155,0.947533,Case-4,g5-logo-laststage-finetune-seed42::fold_Case-4
Case-4-C34-17385-28312,Case-4,NECROSIS,NECROSIS,0.080728,0.022598,0.896674,Case-4,g5-logo-laststage-finetune-seed42::fold_Case-4
Case-4-C34-17486-25030,Case-4,NECROSIS,NECROSIS,0.099293,0.019385,0.881321,Case-4,g5-logo-laststage-finetune-seed42::fold_Case-4
Case-4-C34-21897-31957,Case-4,NECROSIS,NECROSIS,0.091976,0.017062,0.890962,Case-4,g5-logo-laststage-finetune-seed42::fold_Case-4
Case-4-C34-22699-32728,Case-4,NECROSIS,NECROSIS,0.062066,0.017904,0.92003,Case-4,g5-logo-laststage-finetune-seed42::fold_Case-4
Case-4-C34-23929-34222,Case-4,NECROSIS,NECROSIS,0.019174,0.027275,0.953551,Case-4,g5-logo-laststage-finetune-seed42::fold_Case-4
Case-4-C34-25397-27112,Case-4,NECROSIS,NECROSIS,0.315148,0.09504,0.589812,Case-4,g5-logo-laststage-finetune-seed42::fold_Case-4
Case-4-C34-26259-33892,Case-4,NECROSIS,NECROSIS,0.06055,0.051226,0.888225,Case-4,g5-logo-laststage-finetune-seed42::fold_Case-4
Case-4-C34-27849-28579,Case-4,NECROSIS,NECROSIS,0.256569,0.035463,0.707968,Case-4,g5-logo-laststage-finetune-seed42::fold_Case-4
Case-4-C34-28490-3882,Case-4,NECROSIS,NECROSIS,0.249481,0.24356,0.506959,Case-4,g5-logo-laststage-finetune-seed42::fold_Case-4
Case-4-C34-29374-30806,Case-4,NECROSIS,NECROSIS,0.021475,0.035949,0.942576,Case-4,g5-logo-laststage-finetune-seed42::fold_Case-4
Case-4-C34-31245-35957,Case-4,NECROSIS,NECROSIS,0.077563,0.2022,0.720237,Case-4,g5-logo-laststage-finetune-seed42::fold_Case-4
Case-4-C34-31582-34370,Case-4,NECROSIS,NECROSIS,0.022116,0.011639,0.966245,Case-4,g5-logo-laststage-finetune-seed42::fold_Case-4
Case-4-C34-34486-29517,Case-4,NECROSIS,NECROSIS,0.109264,0.011364,0.879372,Case-4,g5-logo-laststage-finetune-seed42::fold_Case-4
Case-4-C34-37729-30592,Case-4,NECROSIS,NECROSIS,0.046583,0.039539,0.913878,Case-4,g5-logo-laststage-finetune-seed42::fold_Case-4
Case-4-C34-40371-21884,Case-4,NECROSIS,NECROSIS,0.290869,0.10436,0.60477,Case-4,g5-logo-laststage-finetune-seed42::fold_Case-4
Case-4-C34-41931-27880,Case-4,NECROSIS,VIABLE_TUMOR,0.078752,0.621181,0.300067,Case-4,g5-logo-laststage-finetune-seed42::fold_Case-4
Case-48-P5-C13-30344-16782,Case-48,NON_TUMOR,NON_TUMOR,0.966284,0.002365,0.031351,Case-48,g5-logo-laststage-finetune-seed42::fold_Case-48
Case-48-P5-C13-31558-32206,Case-48,NON_TUMOR,NON_TUMOR,0.51697,0.035961,0.447069,Case-48,g5-logo-laststage-finetune-seed42::fold_Case-48
Case-48-P5-C13-34777-26855,Case-48,NON_TUMOR,NECROSIS,0.414159,0.053669,0.532172,Case-48,g5-logo-laststage-finetune-seed42::fold_Case-48
Case-48-P5-C13-41185-25631,Case-48,NON_TUMOR,NON_TUMOR,0.63643,0.094044,0.269526,Case-48,g5-logo-laststage-finetune-seed42::fold_Case-48
Case-48-P5-C13-42156-28960,Case-48,NON_TUMOR,NON_TUMOR,0.530096,0.095768,0.374136,Case-48,g5-logo-laststage-finetune-seed42::fold_Case-48
Case-48-P5-C13-42974-19458,Case-48,NON_TUMOR,NECROSIS,0.136049,0.143831,0.72012,Case-48,g5-logo-laststage-finetune-seed42::fold_Case-48
Case-48-P5-C13-43922-21112,Case-48,NON_TUMOR,NECROSIS,0.397365,0.124067,0.478568,Case-48,g5-logo-laststage-finetune-seed42::fold_Case-48
Case-48-P5-C13-56220-35584,Case-48,NON_TUMOR,NECROSIS,0.166686,0.315445,0.517869,Case-48,g5-logo-laststage-finetune-seed42::fold_Case-48
Case-48-P5-C14-24924-23750,Case-48,NON_TUMOR,NON_TUMOR,0.841661,0.017676,0.140663,Case-48,g5-logo-laststage-finetune-seed42::fold_Case-48
Case-48-P5-C14-30314-23881,Case-48,NON_TUMOR,NECROSIS,0.422535,0.050491,0.526974,Case-48,g5-logo-laststage-finetune-seed42::fold_Case-48
Case-48-P5-C14-34550-19673,Case-48,NON_TUMOR,NECROSIS,0.225306,0.009682,0.765012,Case-48,g5-logo-laststage-finetune-seed42::fold_Case-48
Case-48-P5-C14-34559-25361,Case-48,NON_TUMOR,NECROSIS,0.132367,0.069248,0.798385,Case-48,g5-logo-laststage-finetune-seed42::fold_Case-48
Case-48-P5-C14-34681-15663,Case-48,NON_TUMOR,NON_TUMOR,0.893503,0.003156,0.103341,Case-48,g5-logo-laststage-finetune-seed42::fold_Case-48
Case-48-P5-C14-37397-27331,Case-48,NON_TUMOR,NON_TUMOR,0.851888,0.01368,0.134432,Case-48,g5-logo-laststage-finetune-seed42::fold_Case-48
Case-48-P5-C14-39001-28941,Case-48,NON_TUMOR,NON_TUMOR,0.660786,0.060173,0.27904,Case-48,g5-logo-laststage-finetune-seed42::fold_Case-48
Case-48-P5-C14-41747-26404,Case-48,NON_TUMOR,NECROSIS,0.383825,0.123736,0.49244,Case-48,g5-logo-laststage-finetune-seed42::fold_Case-48
Case-48-P5-C14-42219-24715,Case-48,NON_TUMOR,NECROSIS,0.313348,0.137665,0.548988,Case-48,g5-logo-laststage-finetune-seed42::fold_Case-48
Case-48-P5-C14-44612-17510,Case-48,NON_TUMOR,NECROSIS,0.332524,0.048957,0.618519,Case-48,g5-logo-laststage-finetune-seed42::fold_Case-48
Case-48-P5-C14-54203-39127,Case-48,NON_TUMOR,NON_TUMOR,0.687407,0.036288,0.276305,Case-48,g5-logo-laststage-finetune-seed42::fold_Case-48
Case-48-P5-C14-55921-40389,Case-48,NON_TUMOR,NON_TUMOR,0.767581,0.022665,0.209755,Case-48,g5-logo-laststage-finetune-seed42::fold_Case-48
Case-48-P5-C15-14907-22432,Case-48,NON_TUMOR,NON_TUMOR,0.763854,0.045075,0.191071,Case-48,g5-logo-laststage-finetune-seed42::fold_Case-48
Case-48-P5-C15-16934-23981,Case-48,NON_TUMOR,NON_TUMOR,0.588427,0.085686,0.325887,Case-48,g5-logo-laststage-finetune-seed42::fold_Case-48
Case-48-P5-C15-17885-28625,Case-48,NON_TUMOR,NON_TUMOR,0.982281,0.004271,0.013448,Case-48,g5-logo-laststage-finetune-seed42::fold_Case-48
Case-48-P5-C15-38668-29527,Case-48,NON_TUMOR,NON_TUMOR,0.670309,0.26982,0.05987,Case-48,g5-logo-laststage-finetune-seed42::fold_Case-48
Case-48-P5-C15-42605-29137,Case-48,NON_TUMOR,NON_TUMOR,0.972186,0.019552,0.008263,Case-48,g5-logo-laststage-finetune-seed42::fold_Case-48
Case-48-P5-C15-7821-18054,Case-48,NON_TUMOR,NON_TUMOR,0.839188,0.044833,0.115979,Case-48,g5-logo-laststage-finetune-seed42::fold_Case-48
Case-48-P5-C16-16775-22744,Case-48,NON_TUMOR,NON_TUMOR,0.91066,0.029634,0.059705,Case-48,g5-logo-laststage-finetune-seed42::fold_Case-48
Case-48-P5-C16-31710-28486,Case-48,NON_TUMOR,NON_TUMOR,0.900624,0.051028,0.048348,Case-48,g5-logo-laststage-finetune-seed42::fold_Case-48
Case-48-P5-C16-44299-6790,Case-48,NON_TUMOR,NON_TUMOR,0.966057,0.002906,0.031038,Case-48,g5-logo-laststage-finetune-seed42::fold_Case-48
Case-48-P5-C16-5406-13863,Case-48,NON_TUMOR,NON_TUMOR,0.972766,0.019881,0.007353,Case-48,g5-logo-laststage-finetune-seed42::fold_Case-48
Case-48-P5-C17-30525-29681,Case-48,NON_TUMOR,NON_TUMOR,0.721805,0.167595,0.1106,Case-48,g5-logo-laststage-finetune-seed42::fold_Case-48
Case-48-P5-C17-37699-30210,Case-48,NON_TUMOR,NON_TUMOR,0.731462,0.217971,0.050567,Case-48,g5-logo-laststage-finetune-seed42::fold_Case-48
Case-48-P5-C17-40131-29101,Case-48,NON_TUMOR,NON_TUMOR,0.800227,0.132131,0.067643,Case-48,g5-logo-laststage-finetune-seed42::fold_Case-48
Case-48-P5-C17-47640-27910,Case-48,NON_TUMOR,NON_TUMOR,0.880127,0.020027,0.099846,Case-48,g5-logo-laststage-finetune-seed42::fold_Case-48
Case-48-P5-C17-7752-15521,Case-48,NON_TUMOR,NON_TUMOR,0.976425,0.01582,0.007755,Case-48,g5-logo-laststage-finetune-seed42::fold_Case-48
Case-48-P5-C18-15219-24510,Case-48,NON_TUMOR,NON_TUMOR,0.707962,0.04084,0.251198,Case-48,g5-logo-laststage-finetune-seed42::fold_Case-48
Case-48-P5-C18-17610-25605,Case-48,NON_TUMOR,NECROSIS,0.426965,0.12026,0.452776,Case-48,g5-logo-laststage-finetune-seed42::fold_Case-48
Case-48-P5-C18-22374-30391,Case-48,NON_TUMOR,NON_TUMOR,0.966529,0.00617,0.027301,Case-48,g5-logo-laststage-finetune-seed42::fold_Case-48
Case-48-P5-C18-30468-34044,Case-48,NON_TUMOR,NON_TUMOR,0.782203,0.046899,0.170899,Case-48,g5-logo-laststage-finetune-seed42::fold_Case-48
Case-48-P5-C18-33916-33907,Case-48,NON_TUMOR,NON_TUMOR,0.976692,0.00448,0.018828,Case-48,g5-logo-laststage-finetune-seed42::fold_Case-48
Case-48-P5-C18-9652-19230,Case-48,NON_TUMOR,NON_TUMOR,0.787727,0.063915,0.148358,Case-48,g5-logo-laststage-finetune-seed42::fold_Case-48
Case-48-P5-C19-11220-21709,Case-48,NON_TUMOR,NON_TUMOR,0.859033,0.040258,0.100709,Case-48,g5-logo-laststage-finetune-seed42::fold_Case-48
Case-48-P5-C19-13067-24621,Case-48,NON_TUMOR,NON_TUMOR,0.589359,0.041487,0.369154,Case-48,g5-logo-laststage-finetune-seed42::fold_Case-48
Case-48-P5-C19-14308-25500,Case-48,NON_TUMOR,NON_TUMOR,0.843972,0.038758,0.11727,Case-48,g5-logo-laststage-finetune-seed42::fold_Case-48
Case-48-P5-C19-19015-27466,Case-48,NON_TUMOR,NON_TUMOR,0.76976,0.056044,0.174196,Case-48,g5-logo-laststage-finetune-seed42::fold_Case-48
Case-48-P5-C19-26094-27297,Case-48,NON_TUMOR,NON_TUMOR,0.914911,0.033696,0.051394,Case-48,g5-logo-laststage-finetune-seed42::fold_Case-48
Case-48-P5-C19-26657-32338,Case-48,NON_TUMOR,NON_TUMOR,0.962701,0.008982,0.028316,Case-48,g5-logo-laststage-finetune-seed42::fold_Case-48
Case-48-P5-C19-27826-27316,Case-48,NON_TUMOR,NON_TUMOR,0.888809,0.03774,0.073452,Case-48,g5-logo-laststage-finetune-seed42::fold_Case-48
Case-48-P5-C19-28560-27834,Case-48,NON_TUMOR,NON_TUMOR,0.854723,0.043598,0.101679,Case-48,g5-logo-laststage-finetune-seed42::fold_Case-48
Case-48-P5-C19-30501-31832,Case-48,NON_TUMOR,NON_TUMOR,0.810306,0.088412,0.101282,Case-48,g5-logo-laststage-finetune-seed42::fold_Case-48
Case-48-P5-C19-47082-29959,Case-48,NON_TUMOR,NON_TUMOR,0.920804,0.00655,0.072646,Case-48,g5-logo-laststage-finetune-seed42::fold_Case-48
Case-48-P5-C20-11443-19302,Case-48,NON_TUMOR,NON_TUMOR,0.814972,0.061831,0.123197,Case-48,g5-logo-laststage-finetune-seed42::fold_Case-48
Case-48-P5-C20-12605-20018,Case-48,NON_TUMOR,NON_TUMOR,0.926341,0.0397,0.033959,Case-48,g5-logo-laststage-finetune-seed42::fold_Case-48
Case-48-P5-C20-28430-29841,Case-48,NON_TUMOR,NON_TUMOR,0.783151,0.07634,0.140509,Case-48,g5-logo-laststage-finetune-seed42::fold_Case-48
Case-48-P5-C20-44108-28521,Case-48,NON_TUMOR,NON_TUMOR,0.957653,0.015123,0.027224,Case-48,g5-logo-laststage-finetune-seed42::fold_Case-48
Case-48-P5-C20-7234-13196,Case-48,NON_TUMOR,NON_TUMOR,0.97591,0.006963,0.017127,Case-48,g5-logo-laststage-finetune-seed42::fold_Case-48
Case-48-P5-C20-7949-14990,Case-48,NON_TUMOR,NON_TUMOR,0.986534,0.007751,0.005715,Case-48,g5-logo-laststage-finetune-seed42::fold_Case-48
Case-48-P5-C20-8427-20401,Case-48,NON_TUMOR,NON_TUMOR,0.742871,0.045113,0.212017,Case-48,g5-logo-laststage-finetune-seed42::fold_Case-48
Case-48-P5-C20-9712-22991,Case-48,NON_TUMOR,NON_TUMOR,0.958183,0.005538,0.036279,Case-48,g5-logo-laststage-finetune-seed42::fold_Case-48
Case-48-P5-C21-19402-23915,Case-48,NON_TUMOR,NON_TUMOR,0.92105,0.023232,0.055718,Case-48,g5-logo-laststage-finetune-seed42::fold_Case-48
Case-48-P5-C21-19527-27711,Case-48,NON_TUMOR,NON_TUMOR,0.74858,0.068837,0.182583,Case-48,g5-logo-laststage-finetune-seed42::fold_Case-48
Case-48-P5-C21-28107-32141,Case-48,NON_TUMOR,NON_TUMOR,0.825606,0.063777,0.110617,Case-48,g5-logo-laststage-finetune-seed42::fold_Case-48
Case-48-P5-C21-40591-33043,Case-48,NON_TUMOR,NON_TUMOR,0.606449,0.032854,0.360698,Case-48,g5-logo-laststage-finetune-seed42::fold_Case-48
Case-48-P5-C21-45322-31087,Case-48,NON_TUMOR,NECROSIS,0.362148,0.073865,0.563986,Case-48,g5-logo-laststage-finetune-seed42::fold_Case-48
Case-48-P5-C21-46100-29884,Case-48,NON_TUMOR,NON_TUMOR,0.861394,0.018075,0.120531,Case-48,g5-logo-laststage-finetune-seed42::fold_Case-48
Case-48-P5-C21-51030-28827,Case-48,NON_TUMOR,NON_TUMOR,0.894943,0.016625,0.088432,Case-48,g5-logo-laststage-finetune-seed42::fold_Case-48
Case-48-P5-C21-8898-15670,Case-48,NON_TUMOR,NON_TUMOR,0.972432,0.006313,0.021255,Case-48,g5-logo-laststage-finetune-seed42::fold_Case-48
Case-48-P5-C22-10542-19412,Case-48,NON_TUMOR,NON_TUMOR,0.713244,0.063606,0.22315,Case-48,g5-logo-laststage-finetune-seed42::fold_Case-48
Case-48-P5-C22-13977-20055,Case-48,NON_TUMOR,NON_TUMOR,0.929914,0.008613,0.061472,Case-48,g5-logo-laststage-finetune-seed42::fold_Case-48
Case-48-P5-C22-14392-22302,Case-48,NON_TUMOR,NON_TUMOR,0.807394,0.058612,0.133994,Case-48,g5-logo-laststage-finetune-seed42::fold_Case-48
Case-48-P5-C22-29810-28152,Case-48,NON_TUMOR,NON_TUMOR,0.872665,0.025143,0.102192,Case-48,g5-logo-laststage-finetune-seed42::fold_Case-48
Case-48-P5-C22-50594-23644,Case-48,NON_TUMOR,NON_TUMOR,0.976243,0.002938,0.020819,Case-48,g5-logo-laststage-finetune-seed42::fold_Case-48
Case-48-P5-C23-10747-20258,Case-48,NON_TUMOR,NON_TUMOR,0.778266,0.066308,0.155426,Case-48,g5-logo-laststage-finetune-seed42::fold_Case-48
Case-48-P5-C23-13674-18318,Case-48,NON_TUMOR,NON_TUMOR,0.870561,0.008439,0.121,Case-48,g5-logo-laststage-finetune-seed42::fold_Case-48
Case-48-P5-C23-32821-29229,Case-48,NON_TUMOR,NON_TUMOR,0.75679,0.101509,0.141701,Case-48,g5-logo-laststage-finetune-seed42::fold_Case-48
Case-48-P5-C23-40661-11039,Case-48,NON_TUMOR,NON_TUMOR,0.952716,0.006194,0.04109,Case-48,g5-logo-laststage-finetune-seed42::fold_Case-48
Case-48-P5-C23-46530-30085,Case-48,NON_TUMOR,NON_TUMOR,0.941414,0.004342,0.054244,Case-48,g5-logo-laststage-finetune-seed42::fold_Case-48
Case-48-P5-C23-46857-10945,Case-48,NON_TUMOR,NON_TUMOR,0.967621,0.006476,0.025903,Case-48,g5-logo-laststage-finetune-seed42::fold_Case-48
Case-48-P5-C23-47339-30578,Case-48,NON_TUMOR,NON_TUMOR,0.806036,0.033448,0.160516,Case-48,g5-logo-laststage-finetune-seed42::fold_Case-48
Case-48-P5-C24-12193-15641,Case-48,NON_TUMOR,NON_TUMOR,0.997492,0.000688,0.001821,Case-48,g5-logo-laststage-finetune-seed42::fold_Case-48
Case-48-P5-C24-15473-17927,Case-48,NON_TUMOR,NON_TUMOR,0.957828,0.016422,0.02575,Case-48,g5-logo-laststage-finetune-seed42::fold_Case-48
Case-48-P5-C24-17000-3955,Case-48,NON_TUMOR,NON_TUMOR,0.791297,0.042641,0.166062,Case-48,g5-logo-laststage-finetune-seed42::fold_Case-48
Case-48-P5-C24-21560-34143,Case-48,NON_TUMOR,NON_TUMOR,0.944443,0.003722,0.051835,Case-48,g5-logo-laststage-finetune-seed42::fold_Case-48
Case-48-P5-C24-21763-16611,Case-48,NON_TUMOR,NON_TUMOR,0.957809,0.00738,0.034811,Case-48,g5-logo-laststage-finetune-seed42::fold_Case-48
Case-48-P5-C24-21815-17299,Case-48,NON_TUMOR,NON_TUMOR,0.898344,0.027422,0.074234,Case-48,g5-logo-laststage-finetune-seed42::fold_Case-48
Case-48-P5-C24-24437-18106,Case-48,NON_TUMOR,NON_TUMOR,0.781568,0.050816,0.167616,Case-48,g5-logo-laststage-finetune-seed42::fold_Case-48
Case-48-P5-C24-26818-12582,Case-48,NON_TUMOR,NON_TUMOR,0.89182,0.011601,0.096579,Case-48,g5-logo-laststage-finetune-seed42::fold_Case-48
Case-48-P5-C24-27048-31771,Case-48,NON_TUMOR,NON_TUMOR,0.975926,0.006548,0.017527,Case-48,g5-logo-laststage-finetune-seed42::fold_Case-48
Case-48-P5-C24-27657-16224,Case-48,NON_TUMOR,NON_TUMOR,0.986737,0.003911,0.009352,Case-48,g5-logo-laststage-finetune-seed42::fold_Case-48
Case-48-P5-C24-29276-10680,Case-48,NON_TUMOR,NON_TUMOR,0.963609,0.007946,0.028445,Case-48,g5-logo-laststage-finetune-seed42::fold_Case-48
Case-48-P5-C24-30259-11826,Case-48,NON_TUMOR,NON_TUMOR,0.980659,0.00385,0.015491,Case-48,g5-logo-laststage-finetune-seed42::fold_Case-48
Case-48-P5-C24-37333-35425,Case-48,NON_TUMOR,NON_TUMOR,0.945803,0.023454,0.030743,Case-48,g5-logo-laststage-finetune-seed42::fold_Case-48
Case-48-P5-C24-38091-32786,Case-48,NON_TUMOR,NON_TUMOR,0.960134,0.018025,0.021841,Case-48,g5-logo-laststage-finetune-seed42::fold_Case-48
Case-48-P5-C24-39421-35791,Case-48,NON_TUMOR,NON_TUMOR,0.970869,0.00636,0.022771,Case-48,g5-logo-laststage-finetune-seed42::fold_Case-48
Case-48-P5-C24-39614-21477,Case-48,NON_TUMOR,NON_TUMOR,0.995783,0.000434,0.003783,Case-48,g5-logo-laststage-finetune-seed42::fold_Case-48
Case-48-P5-C24-44425-22814,Case-48,NON_TUMOR,NON_TUMOR,0.988083,0.005511,0.006407,Case-48,g5-logo-laststage-finetune-seed42::fold_Case-48
Case-48-P5-C24-45358-16505,Case-48,NON_TUMOR,NON_TUMOR,0.989576,0.00171,0.008714,Case-48,g5-logo-laststage-finetune-seed42::fold_Case-48
Case-48-P5-C24-5972-23007,Case-48,NON_TUMOR,NON_TUMOR,0.840554,0.023764,0.135682,Case-48,g5-logo-laststage-finetune-seed42::fold_Case-48
Case-48-P5-C24-8126-17022,Case-48,NON_TUMOR,NON_TUMOR,0.963245,0.00508,0.031675,Case-48,g5-logo-laststage-finetune-seed42::fold_Case-48
Case-48-P5-C24-9713-21393,Case-48,NON_TUMOR,NON_TUMOR,0.98017,0.005421,0.014409,Case-48,g5-logo-laststage-finetune-seed42::fold_Case-48
Case-48-P5-C25-12809-12456,Case-48,NON_TUMOR,NON_TUMOR,0.994154,0.001373,0.004473,Case-48,g5-logo-laststage-finetune-seed42::fold_Case-48
Case-48-P5-C25-12843-22806,Case-48,NON_TUMOR,NON_TUMOR,0.986548,0.003363,0.010089,Case-48,g5-logo-laststage-finetune-seed42::fold_Case-48
Case-48-P5-C25-14114-21655,Case-48,NON_TUMOR,NON_TUMOR,0.934005,0.011152,0.054843,Case-48,g5-logo-laststage-finetune-seed42::fold_Case-48
Case-48-P5-C25-17864-19558,Case-48,NON_TUMOR,NON_TUMOR,0.531847,0.097072,0.371082,Case-48,g5-logo-laststage-finetune-seed42::fold_Case-48
Case-48-P5-C25-18486-7532,Case-48,NON_TUMOR,NON_TUMOR,0.983089,0.004834,0.012077,Case-48,g5-logo-laststage-finetune-seed42::fold_Case-48
Case-48-P5-C25-20304-11543,Case-48,NON_TUMOR,NON_TUMOR,0.990525,0.003961,0.005513,Case-48,g5-logo-laststage-finetune-seed42::fold_Case-48
Case-48-P5-C25-20418-21432,Case-48,NON_TUMOR,NON_TUMOR,0.98666,0.005368,0.007972,Case-48,g5-logo-laststage-finetune-seed42::fold_Case-48
Case-48-P5-C25-20536-9499,Case-48,NON_TUMOR,NON_TUMOR,0.994313,0.001383,0.004304,Case-48,g5-logo-laststage-finetune-seed42::fold_Case-48
Case-48-P5-C25-26246-2368,Case-48,NON_TUMOR,NON_TUMOR,0.966367,0.012137,0.021496,Case-48,g5-logo-laststage-finetune-seed42::fold_Case-48
Case-48-P5-C25-26937-1708,Case-48,NON_TUMOR,NON_TUMOR,0.909547,0.022206,0.068247,Case-48,g5-logo-laststage-finetune-seed42::fold_Case-48
Case-48-P5-C25-29486-14939,Case-48,NON_TUMOR,NON_TUMOR,0.98604,0.00354,0.01042,Case-48,g5-logo-laststage-finetune-seed42::fold_Case-48
Case-48-P5-C25-29797-38536,Case-48,NON_TUMOR,NON_TUMOR,0.870885,0.053353,0.075762,Case-48,g5-logo-laststage-finetune-seed42::fold_Case-48
Case-48-P5-C25-31139-13405,Case-48,NON_TUMOR,NON_TUMOR,0.960675,0.014845,0.02448,Case-48,g5-logo-laststage-finetune-seed42::fold_Case-48
Case-48-P5-C25-31766-30946,Case-48,NON_TUMOR,NON_TUMOR,0.993006,0.002147,0.004847,Case-48,g5-logo-laststage-finetune-seed42::fold_Case-48
Case-48-P5-C25-32201-30326,Case-48,NON_TUMOR,NON_TUMOR,0.99804,0.000766,0.001194,Case-48,g5-logo-laststage-finetune-seed42::fold_Case-48
Case-48-P5-C25-32661-30441,Case-48,NON_TUMOR,NON_TUMOR,0.998553,0.000527,0.000921,Case-48,g5-logo-laststage-finetune-seed42::fold_Case-48
Case-48-P5-C25-35044-30800,Case-48,NON_TUMOR,NON_TUMOR,0.991816,0.00353,0.004654,Case-48,g5-logo-laststage-finetune-seed42::fold_Case-48
Case-48-P5-C25-35701-21325,Case-48,NON_TUMOR,NON_TUMOR,0.935741,0.011738,0.052521,Case-48,g5-logo-laststage-finetune-seed42::fold_Case-48
Case-48-P5-C25-37421-34911,Case-48,NON_TUMOR,NON_TUMOR,0.913629,0.035343,0.051028,Case-48,g5-logo-laststage-finetune-seed42::fold_Case-48
Case-48-P5-C25-37498-35824,Case-48,NON_TUMOR,NON_TUMOR,0.976088,0.013157,0.010755,Case-48,g5-logo-laststage-finetune-seed42::fold_Case-48
Case-48-P5-C25-39181-21965,Case-48,NON_TUMOR,NON_TUMOR,0.997195,0.000685,0.00212,Case-48,g5-logo-laststage-finetune-seed42::fold_Case-48
Case-48-P5-C25-41901-28675,Case-48,NON_TUMOR,NON_TUMOR,0.818202,0.036196,0.145602,Case-48,g5-logo-laststage-finetune-seed42::fold_Case-48
Case-48-P5-C25-51442-22185,Case-48,NON_TUMOR,NON_TUMOR,0.978782,0.004169,0.01705,Case-48,g5-logo-laststage-finetune-seed42::fold_Case-48
Case-48-P5-C25-5819-20106,Case-48,NON_TUMOR,NON_TUMOR,0.997767,0.000578,0.001655,Case-48,g5-logo-laststage-finetune-seed42::fold_Case-48
Case-48-P5-C25-7779-23788,Case-48,NON_TUMOR,NON_TUMOR,0.988467,0.002432,0.009102,Case-48,g5-logo-laststage-finetune-seed42::fold_Case-48
Case-48-P5-C25-8387-24405,Case-48,NON_TUMOR,NON_TUMOR,0.978058,0.005276,0.016666,Case-48,g5-logo-laststage-finetune-seed42::fold_Case-48
Case-48-P5-C13-28480-4550,Case-48,VIABLE_TUMOR,NECROSIS,0.059353,0.072501,0.868146,Case-48,g5-logo-laststage-finetune-seed42::fold_Case-48
Case-48-P5-C13-33156-9373,Case-48,VIABLE_TUMOR,NON_TUMOR,0.926245,0.008133,0.065622,Case-48,g5-logo-laststage-finetune-seed42::fold_Case-48
Case-48-P5-C13-35186-4450,Case-48,VIABLE_TUMOR,NON_TUMOR,0.970159,0.004942,0.0249,Case-48,g5-logo-laststage-finetune-seed42::fold_Case-48
Case-48-P5-C13-35786-2519,Case-48,VIABLE_TUMOR,NON_TUMOR,0.81866,0.043205,0.138135,Case-48,g5-logo-laststage-finetune-seed42::fold_Case-48
Case-48-P5-C13-36274-5595,Case-48,VIABLE_TUMOR,NON_TUMOR,0.983214,0.002179,0.014608,Case-48,g5-logo-laststage-finetune-seed42::fold_Case-48
Case-48-P5-C13-36431-2977,Case-48,VIABLE_TUMOR,NON_TUMOR,0.757455,0.044133,0.198412,Case-48,g5-logo-laststage-finetune-seed42::fold_Case-48
Case-48-P5-C13-40217-4387,Case-48,VIABLE_TUMOR,NON_TUMOR,0.516211,0.213199,0.27059,Case-48,g5-logo-laststage-finetune-seed42::fold_Case-48
Case-48-P5-C13-45972-4022,Case-48,VIABLE_TUMOR,NON_TUMOR,0.607941,0.24499,0.14707,Case-48,g5-logo-laststage-finetune-seed42::fold_Case-48
Case-48-P5-C13-47517-9280,Case-48,VIABLE_TUMOR,NECROSIS,0.102867,0.383118,0.514015,Case-48,g5-logo-laststage-finetune-seed42::fold_Case-48
Case-48-P5-C13-47829-6226,Case-48,VIABLE_TUMOR,NON_TUMOR,0.637257,0.171833,0.19091,Case-48,g5-logo-laststage-finetune-seed42::fold_Case-48
Case-48-P5-C13-64007-12122,Case-48,VIABLE_TUMOR,NON_TUMOR,0.433184,0.222529,0.344287,Case-48,g5-logo-laststage-finetune-seed42::fold_Case-48
Case-48-P5-C14-29041-7944,Case-48,VIABLE_TUMOR,NECROSIS,0.148197,0.131557,0.720245,Case-48,g5-logo-laststage-finetune-seed42::fold_Case-48
Case-48-P5-C14-32278-10661,Case-48,VIABLE_TUMOR,NON_TUMOR,0.865815,0.043537,0.090648,Case-48,g5-logo-laststage-finetune-seed42::fold_Case-48
Case-48-P5-C14-39467-6941,Case-48,VIABLE_TUMOR,NON_TUMOR,0.662972,0.142752,0.194276,Case-48,g5-logo-laststage-finetune-seed42::fold_Case-48
Case-48-P5-C14-41089-9651,Case-48,VIABLE_TUMOR,NON_TUMOR,0.860715,0.041645,0.09764,Case-48,g5-logo-laststage-finetune-seed42::fold_Case-48
Case-48-P5-C14-44941-18452,Case-48,VIABLE_TUMOR,NECROSIS,0.227573,0.312768,0.459659,Case-48,g5-logo-laststage-finetune-seed42::fold_Case-48
Case-48-P5-C14-50416-27346,Case-48,VIABLE_TUMOR,NECROSIS,0.299407,0.140408,0.560185,Case-48,g5-logo-laststage-finetune-seed42::fold_Case-48
Case-48-P5-C14-50604-21283,Case-48,VIABLE_TUMOR,NON_TUMOR,0.465594,0.167801,0.366605,Case-48,g5-logo-laststage-finetune-seed42::fold_Case-48
Case-48-P5-C14-52144-3660,Case-48,VIABLE_TUMOR,NON_TUMOR,0.436912,0.270501,0.292588,Case-48,g5-logo-laststage-finetune-seed42::fold_Case-48
Case-48-P5-C14-54171-23668,Case-48,VIABLE_TUMOR,VIABLE_TUMOR,0.009388,0.587534,0.403078,Case-48,g5-logo-laststage-finetune-seed42::fold_Case-48
Case-48-P5-C14-56563-30345,Case-48,VIABLE_TUMOR,VIABLE_TUMOR,0.033785,0.730325,0.23589,Case-48,g5-logo-laststage-finetune-seed42::fold_Case-48
Case-48-P5-C14-59148-13815,Case-48,VIABLE_TUMOR,NON_TUMOR,0.836651,0.049193,0.114156,Case-48,g5-logo-laststage-finetune-seed42::fold_Case-48
Case-48-P5-C14-59834-18325,Case-48,VIABLE_TUMOR,VIABLE_TUMOR,0.005227,0.897816,0.096957,Case-48,g5-logo-laststage-finetune-seed42::fold_Case-48
Case-48-P5-C14-65736-13805,Case-48,VIABLE_TUMOR,NON_TUMOR,0.936153,0.050063,0.013785,Case-48,g5-logo-laststage-finetune-seed42::fold_Case-48
Case-48-P5-C14-67137-24045,Case-48,VIABLE_TUMOR,NON_TUMOR,0.920269,0.007316,0.072415,Case-48,g5-logo-laststage-finetune-seed42::fold_Case-48
Case-48-P5-C15-13694-12591,Case-48,VIABLE_TUMOR,NON_TUMOR,0.728532,0.116796,0.154672,Case-48,g5-logo-laststage-finetune-seed42::fold_Case-48
Case-48-P5-C15-15457-16306,Case-48,VIABLE_TUMOR,NON_TUMOR,0.639429,0.036586,0.323985,Case-48,g5-logo-laststage-finetune-seed42::fold_Case-48
Case-48-P5-C15-18011-21615,Case-48,VIABLE_TUMOR,NON_TUMOR,0.760044,0.051342,0.188615,Case-48,g5-logo-laststage-finetune-seed42::fold_Case-48
Case-48-P5-C15-23409-12305,Case-48,VIABLE_TUMOR,NON_TUMOR,0.719898,0.012549,0.267553,Case-48,g5-logo-laststage-finetune-seed42::fold_Case-48
Case-48-P5-C15-25805-11251,Case-48,VIABLE_TUMOR,NON_TUMOR,0.663198,0.079929,0.256873,Case-48,g5-logo-laststage-finetune-seed42::fold_Case-48
Case-48-P5-C15-36624-27407,Case-48,VIABLE_TUMOR,NECROSIS,0.410837,0.043699,0.545464,Case-48,g5-logo-laststage-finetune-seed42::fold_Case-48
Case-48-P5-C15-37073-10134,Case-48,VIABLE_TUMOR,NON_TUMOR,0.483694,0.13083,0.385476,Case-48,g5-logo-laststage-finetune-seed42::fold_Case-48
Case-48-P5-C15-37609-3244,Case-48,VIABLE_TUMOR,NON_TUMOR,0.606549,0.049894,0.343557,Case-48,g5-logo-laststage-finetune-seed42::fold_Case-48
Case-48-P5-C15-38051-19362,Case-48,VIABLE_TUMOR,NON_TUMOR,0.552939,0.036693,0.410368,Case-48,g5-logo-laststage-finetune-seed42::fold_Case-48
Case-48-P5-C15-38858-22308,Case-48,VIABLE_TUMOR,NON_TUMOR,0.747433,0.027387,0.225181,Case-48,g5-logo-laststage-finetune-seed42::fold_Case-48
Case-48-P5-C15-40502-3547,Case-48,VIABLE_TUMOR,NECROSIS,0.02432,0.062864,0.912816,Case-48,g5-logo-laststage-finetune-seed42::fold_Case-48
Case-48-P5-C15-41629-16134,Case-48,VIABLE_TUMOR,NON_TUMOR,0.82389,0.014123,0.161987,Case-48,g5-logo-laststage-finetune-seed42::fold_Case-48
Case-48-P5-C15-42793-18458,Case-48,VIABLE_TUMOR,NON_TUMOR,0.979248,0.002527,0.018226,Case-48,g5-logo-laststage-finetune-seed42::fold_Case-48
Case-48-P5-C15-45773-17581,Case-48,VIABLE_TUMOR,NON_TUMOR,0.975569,0.003402,0.021029,Case-48,g5-logo-laststage-finetune-seed42::fold_Case-48
Case-48-P5-C15-48711-15150,Case-48,VIABLE_TUMOR,NON_TUMOR,0.868918,0.009518,0.121564,Case-48,g5-logo-laststage-finetune-seed42::fold_Case-48
Case-48-P5-C15-48775-26545,Case-48,VIABLE_TUMOR,NON_TUMOR,0.912916,0.009061,0.078023,Case-48,g5-logo-laststage-finetune-seed42::fold_Case-48
Case-48-P5-C15-48808-15798,Case-48,VIABLE_TUMOR,NON_TUMOR,0.851168,0.009538,0.139294,Case-48,g5-logo-laststage-finetune-seed42::fold_Case-48
Case-48-P5-C15-49012-23798,Case-48,VIABLE_TUMOR,NECROSIS,0.473914,0.037097,0.488989,Case-48,g5-logo-laststage-finetune-seed42::fold_Case-48
Case-48-P5-C15-9871-11637,Case-48,VIABLE_TUMOR,NON_TUMOR,0.66398,0.075654,0.260366,Case-48,g5-logo-laststage-finetune-seed42::fold_Case-48
Case-48-P5-C16-12239-11981,Case-48,VIABLE_TUMOR,NON_TUMOR,0.991232,0.002937,0.005831,Case-48,g5-logo-laststage-finetune-seed42::fold_Case-48
Case-48-P5-C16-14238-13009,Case-48,VIABLE_TUMOR,NON_TUMOR,0.498132,0.102381,0.399487,Case-48,g5-logo-laststage-finetune-seed42::fold_Case-48
Case-48-P5-C16-14955-12886,Case-48,VIABLE_TUMOR,NON_TUMOR,0.805021,0.027422,0.167557,Case-48,g5-logo-laststage-finetune-seed42::fold_Case-48
Case-48-P5-C16-15926-10929,Case-48,VIABLE_TUMOR,NON_TUMOR,0.996802,0.000737,0.00246,Case-48,g5-logo-laststage-finetune-seed42::fold_Case-48
Case-48-P5-C16-20627-20759,Case-48,VIABLE_TUMOR,NON_TUMOR,0.58901,0.167095,0.243895,Case-48,g5-logo-laststage-finetune-seed42::fold_Case-48
Case-48-P5-C16-22496-8538,Case-48,VIABLE_TUMOR,NON_TUMOR,0.94853,0.017976,0.033494,Case-48,g5-logo-laststage-finetune-seed42::fold_Case-48
Case-48-P5-C16-25369-21517,Case-48,VIABLE_TUMOR,NON_TUMOR,0.955244,0.014401,0.030355,Case-48,g5-logo-laststage-finetune-seed42::fold_Case-48
Case-48-P5-C16-26938-16149,Case-48,VIABLE_TUMOR,NON_TUMOR,0.985162,0.003039,0.011799,Case-48,g5-logo-laststage-finetune-seed42::fold_Case-48
Case-48-P5-C16-29805-9678,Case-48,VIABLE_TUMOR,NECROSIS,0.298681,0.014645,0.686675,Case-48,g5-logo-laststage-finetune-seed42::fold_Case-48
Case-48-P5-C16-39161-16929,Case-48,VIABLE_TUMOR,NON_TUMOR,0.930753,0.006419,0.062828,Case-48,g5-logo-laststage-finetune-seed42::fold_Case-48
Case-48-P5-C16-39748-2743,Case-48,VIABLE_TUMOR,NECROSIS,0.272508,0.085423,0.64207,Case-48,g5-logo-laststage-finetune-seed42::fold_Case-48
Case-48-P5-C16-42343-20669,Case-48,VIABLE_TUMOR,NON_TUMOR,0.768439,0.016766,0.214795,Case-48,g5-logo-laststage-finetune-seed42::fold_Case-48
Case-48-P5-C16-43159-11972,Case-48,VIABLE_TUMOR,NON_TUMOR,0.975024,0.002555,0.022421,Case-48,g5-logo-laststage-finetune-seed42::fold_Case-48
Case-48-P5-C16-44867-23581,Case-48,VIABLE_TUMOR,NON_TUMOR,0.897678,0.013424,0.088898,Case-48,g5-logo-laststage-finetune-seed42::fold_Case-48
Case-48-P5-C16-46142-13796,Case-48,VIABLE_TUMOR,NECROSIS,0.266725,0.076905,0.65637,Case-48,g5-logo-laststage-finetune-seed42::fold_Case-48
Case-48-P5-C16-47760-19513,Case-48,VIABLE_TUMOR,NON_TUMOR,0.940376,0.004625,0.054999,Case-48,g5-logo-laststage-finetune-seed42::fold_Case-48
Case-48-P5-C16-50052-16053,Case-48,VIABLE_TUMOR,NON_TUMOR,0.97652,0.002778,0.020702,Case-48,g5-logo-laststage-finetune-seed42::fold_Case-48
Case-48-P5-C16-50396-24840,Case-48,VIABLE_TUMOR,VIABLE_TUMOR,0.391001,0.407187,0.201813,Case-48,g5-logo-laststage-finetune-seed42::fold_Case-48
Case-48-P5-C16-50924-16162,Case-48,VIABLE_TUMOR,NON_TUMOR,0.783862,0.014634,0.201504,Case-48,g5-logo-laststage-finetune-seed42::fold_Case-48
Case-48-P5-C16-52243-22493,Case-48,VIABLE_TUMOR,NON_TUMOR,0.885126,0.01613,0.098744,Case-48,g5-logo-laststage-finetune-seed42::fold_Case-48
Case-48-P5-C16-53844-23083,Case-48,VIABLE_TUMOR,NON_TUMOR,0.476504,0.243397,0.2801,Case-48,g5-logo-laststage-finetune-seed42::fold_Case-48
Case-48-P5-C16-54563-21138,Case-48,VIABLE_TUMOR,NON_TUMOR,0.908957,0.007092,0.083951,Case-48,g5-logo-laststage-finetune-seed42::fold_Case-48
Case-48-P5-C17-19137-20611,Case-48,VIABLE_TUMOR,NECROSIS,0.051269,0.308904,0.639827,Case-48,g5-logo-laststage-finetune-seed42::fold_Case-48
Case-48-P5-C17-26817-18603,Case-48,VIABLE_TUMOR,NON_TUMOR,0.986696,0.001164,0.01214,Case-48,g5-logo-laststage-finetune-seed42::fold_Case-48
Case-48-P5-C17-27681-16299,Case-48,VIABLE_TUMOR,NON_TUMOR,0.862941,0.026343,0.110716,Case-48,g5-logo-laststage-finetune-seed42::fold_Case-48
Case-48-P5-C17-29452-16131,Case-48,VIABLE_TUMOR,NON_TUMOR,0.959,0.010843,0.030157,Case-48,g5-logo-laststage-finetune-seed42::fold_Case-48
Case-48-P5-C17-34283-5396,Case-48,VIABLE_TUMOR,NECROSIS,0.027929,0.03827,0.933801,Case-48,g5-logo-laststage-finetune-seed42::fold_Case-48
Case-48-P5-C17-36719-14729,Case-48,VIABLE_TUMOR,NECROSIS,0.315641,0.032056,0.652303,Case-48,g5-logo-laststage-finetune-seed42::fold_Case-48
Case-48-P5-C17-36804-20443,Case-48,VIABLE_TUMOR,NON_TUMOR,0.930248,0.023013,0.046738,Case-48,g5-logo-laststage-finetune-seed42::fold_Case-48
Case-48-P5-C17-37516-18051,Case-48,VIABLE_TUMOR,NON_TUMOR,0.792981,0.016914,0.190105,Case-48,g5-logo-laststage-finetune-seed42::fold_Case-48
Case-48-P5-C17-37994-3037,Case-48,VIABLE_TUMOR,NECROSIS,0.21093,0.136507,0.652563,Case-48,g5-logo-laststage-finetune-seed42::fold_Case-48
Case-48-P5-C17-40867-15033,Case-48,VIABLE_TUMOR,NON_TUMOR,0.976127,0.002515,0.021358,Case-48,g5-logo-laststage-finetune-seed42::fold_Case-48
Case-48-P5-C17-41411-21807,Case-48,VIABLE_TUMOR,NON_TUMOR,0.982443,0.002323,0.015235,Case-48,g5-logo-laststage-finetune-seed42::fold_Case-48
Case-48-P5-C17-41961-10093,Case-48,VIABLE_TUMOR,NON_TUMOR,0.771224,0.008804,0.219972,Case-48,g5-logo-laststage-finetune-seed42::fold_Case-48
Case-48-P5-C17-42670-17152,Case-48,VIABLE_TUMOR,NON_TUMOR,0.905106,0.010142,0.084752,Case-48,g5-logo-laststage-finetune-seed42::fold_Case-48
Case-48-P5-C17-43432-26216,Case-48,VIABLE_TUMOR,NON_TUMOR,0.742563,0.045996,0.211441,Case-48,g5-logo-laststage-finetune-seed42::fold_Case-48
Case-48-P5-C17-44027-22381,Case-48,VIABLE_TUMOR,NON_TUMOR,0.888762,0.013857,0.097381,Case-48,g5-logo-laststage-finetune-seed42::fold_Case-48
Case-48-P5-C17-45932-5812,Case-48,VIABLE_TUMOR,NECROSIS,0.260141,0.047644,0.692215,Case-48,g5-logo-laststage-finetune-seed42::fold_Case-48
Case-48-P5-C17-46317-15755,Case-48,VIABLE_TUMOR,NON_TUMOR,0.712095,0.012455,0.27545,Case-48,g5-logo-laststage-finetune-seed42::fold_Case-48
Case-48-P5-C17-47230-17655,Case-48,VIABLE_TUMOR,NON_TUMOR,0.978885,0.002416,0.018699,Case-48,g5-logo-laststage-finetune-seed42::fold_Case-48
Case-48-P5-C17-50335-6425,Case-48,VIABLE_TUMOR,NECROSIS,0.133682,0.079407,0.786912,Case-48,g5-logo-laststage-finetune-seed42::fold_Case-48
Case-48-P5-C17-50358-11013,Case-48,VIABLE_TUMOR,NON_TUMOR,0.74576,0.00768,0.24656,Case-48,g5-logo-laststage-finetune-seed42::fold_Case-48
Case-48-P5-C17-51854-21097,Case-48,VIABLE_TUMOR,NON_TUMOR,0.931442,0.003791,0.064768,Case-48,g5-logo-laststage-finetune-seed42::fold_Case-48
Case-48-P5-C18-15651-15050,Case-48,VIABLE_TUMOR,NON_TUMOR,0.973503,0.0052,0.021297,Case-48,g5-logo-laststage-finetune-seed42::fold_Case-48
Case-48-P5-C18-19933-18958,Case-48,VIABLE_TUMOR,VIABLE_TUMOR,0.030692,0.492489,0.476819,Case-48,g5-logo-laststage-finetune-seed42::fold_Case-48
Case-48-P5-C18-20516-10701,Case-48,VIABLE_TUMOR,NON_TUMOR,0.960252,0.003309,0.036439,Case-48,g5-logo-laststage-finetune-seed42::fold_Case-48
Case-48-P5-C18-24383-21699,Case-48,VIABLE_TUMOR,NON_TUMOR,0.758879,0.027082,0.214039,Case-48,g5-logo-laststage-finetune-seed42::fold_Case-48
Case-48-P5-C18-29043-24256,Case-48,VIABLE_TUMOR,NON_TUMOR,0.777201,0.025804,0.196996,Case-48,g5-logo-laststage-finetune-seed42::fold_Case-48
Case-48-P5-C18-29063-22986,Case-48,VIABLE_TUMOR,NON_TUMOR,0.950373,0.00287,0.046757,Case-48,g5-logo-laststage-finetune-seed42::fold_Case-48
Case-48-P5-C18-32596-23573,Case-48,VIABLE_TUMOR,NON_TUMOR,0.982185,0.001172,0.016643,Case-48,g5-logo-laststage-finetune-seed42::fold_Case-48
Case-48-P5-C18-32717-16452,Case-48,VIABLE_TUMOR,NECROSIS,0.348061,0.014944,0.636995,Case-48,g5-logo-laststage-finetune-seed42::fold_Case-48
Case-48-P5-C18-33022-7038,Case-48,VIABLE_TUMOR,NECROSIS,0.408507,0.115243,0.47625,Case-48,g5-logo-laststage-finetune-seed42::fold_Case-48
Case-48-P5-C18-36407-15875,Case-48,VIABLE_TUMOR,NON_TUMOR,0.82231,0.009682,0.168008,Case-48,g5-logo-laststage-finetune-seed42::fold_Case-48
Case-48-P5-C18-37200-16213,Case-48,VIABLE_TUMOR,NON_TUMOR,0.753183,0.006904,0.239913,Case-48,g5-logo-laststage-finetune-seed42::fold_Case-48
Case-48-P5-C18-37612-15623,Case-48,VIABLE_TUMOR,NON_TUMOR,0.843502,0.014379,0.142119,Case-48,g5-logo-laststage-finetune-seed42::fold_Case-48
Case-48-P5-C18-40902-9870,Case-48,VIABLE_TUMOR,NON_TUMOR,0.953293,0.012032,0.034675,Case-48,g5-logo-laststage-finetune-seed42::fold_Case-48
Case-48-P5-C18-42373-6994,Case-48,VIABLE_TUMOR,NECROSIS,0.370122,0.132767,0.497112,Case-48,g5-logo-laststage-finetune-seed42::fold_Case-48
Case-48-P5-C18-43324-24367,Case-48,VIABLE_TUMOR,NON_TUMOR,0.781089,0.058178,0.160734,Case-48,g5-logo-laststage-finetune-seed42::fold_Case-48
Case-48-P5-C18-46136-24608,Case-48,VIABLE_TUMOR,NON_TUMOR,0.950514,0.008198,0.041288,Case-48,g5-logo-laststage-finetune-seed42::fold_Case-48
Case-48-P5-C18-47653-31606,Case-48,VIABLE_TUMOR,NON_TUMOR,0.952016,0.010171,0.037813,Case-48,g5-logo-laststage-finetune-seed42::fold_Case-48
Case-48-P5-C18-51237-22363,Case-48,VIABLE_TUMOR,NON_TUMOR,0.908036,0.016558,0.075406,Case-48,g5-logo-laststage-finetune-seed42::fold_Case-48
Case-48-P5-C18-51418-18002,Case-48,VIABLE_TUMOR,NON_TUMOR,0.921497,0.009835,0.068668,Case-48,g5-logo-laststage-finetune-seed42::fold_Case-48
Case-48-P5-C19-14441-14866,Case-48,VIABLE_TUMOR,NON_TUMOR,0.986895,0.003286,0.00982,Case-48,g5-logo-laststage-finetune-seed42::fold_Case-48
Case-48-P5-C19-15367-19854,Case-48,VIABLE_TUMOR,NECROSIS,0.328524,0.153967,0.51751,Case-48,g5-logo-laststage-finetune-seed42::fold_Case-48
Case-48-P5-C19-26506-10723,Case-48,VIABLE_TUMOR,NON_TUMOR,0.970431,0.007974,0.021595,Case-48,g5-logo-laststage-finetune-seed42::fold_Case-48
Case-48-P5-C19-26719-18659,Case-48,VIABLE_TUMOR,NON_TUMOR,0.983505,0.001058,0.015437,Case-48,g5-logo-laststage-finetune-seed42::fold_Case-48
Case-48-P5-C19-27056-17848,Case-48,VIABLE_TUMOR,NON_TUMOR,0.858313,0.018302,0.123384,Case-48,g5-logo-laststage-finetune-seed42::fold_Case-48
Case-48-P5-C19-28887-22427,Case-48,VIABLE_TUMOR,NON_TUMOR,0.991114,0.001605,0.007281,Case-48,g5-logo-laststage-finetune-seed42::fold_Case-48
Case-48-P5-C19-30892-14643,Case-48,VIABLE_TUMOR,NON_TUMOR,0.899942,0.004651,0.095407,Case-48,g5-logo-laststage-finetune-seed42::fold_Case-48
Case-48-P5-C19-31003-6587,Case-48,VIABLE_TUMOR,NON_TUMOR,0.596442,0.028278,0.37528,Case-48,g5-logo-laststage-finetune-seed42::fold_Case-48
Case-48-P5-C19-31868-8754,Case-48,VIABLE_TUMOR,NON_TUMOR,0.817171,0.016349,0.16648,Case-48,g5-logo-laststage-finetune-seed42::fold_Case-48
Case-48-P5-C19-36599-9672,Case-48,VIABLE_TUMOR,NECROSIS,0.232544,0.085645,0.681811,Case-48,g5-logo-laststage-finetune-seed42::fold_Case-48
Case-48-P5-C19-36772-18960,Case-48,VIABLE_TUMOR,NON_TUMOR,0.912325,0.009087,0.078588,Case-48,g5-logo-laststage-finetune-seed42::fold_Case-48
Case-48-P5-C19-37421-11802,Case-48,VIABLE_TUMOR,NON_TUMOR,0.535603,0.068081,0.396316,Case-48,g5-logo-laststage-finetune-seed42::fold_Case-48
Case-48-P5-C19-40049-22382,Case-48,VIABLE_TUMOR,NON_TUMOR,0.713562,0.038498,0.24794,Case-48,g5-logo-laststage-finetune-seed42::fold_Case-48
Case-48-P5-C19-40702-20386,Case-48,VIABLE_TUMOR,NON_TUMOR,0.934567,0.010851,0.054582,Case-48,g5-logo-laststage-finetune-seed42::fold_Case-48
Case-48-P5-C19-41884-18067,Case-48,VIABLE_TUMOR,NON_TUMOR,0.930579,0.007652,0.061769,Case-48,g5-logo-laststage-finetune-seed42::fold_Case-48
Case-48-P5-C19-43378-18456,Case-48,VIABLE_TUMOR,NON_TUMOR,0.856041,0.011612,0.132348,Case-48,g5-logo-laststage-finetune-seed42::fold_Case-48
Case-48-P5-C19-43954-23941,Case-48,VIABLE_TUMOR,NON_TUMOR,0.964809,0.007648,0.027543,Case-48,g5-logo-laststage-finetune-seed42::fold_Case-48
Case-48-P5-C19-48632-11190,Case-48,VIABLE_TUMOR,NECROSIS,0.303928,0.018323,0.677748,Case-48,g5-logo-laststage-finetune-seed42::fold_Case-48
Case-48-P5-C19-51505-17925,Case-48,VIABLE_TUMOR,NON_TUMOR,0.886972,0.011821,0.101207,Case-48,g5-logo-laststage-finetune-seed42::fold_Case-48
Case-48-P5-C19-51520-22044,Case-48,VIABLE_TUMOR,NON_TUMOR,0.81732,0.014017,0.168663,Case-48,g5-logo-laststage-finetune-seed42::fold_Case-48
Case-48-P5-C20-15162-19423,Case-48,VIABLE_TUMOR,NON_TUMOR,0.469481,0.088681,0.441838,Case-48,g5-logo-laststage-finetune-seed42::fold_Case-48
Case-48-P5-C20-20964-23796,Case-48,VIABLE_TUMOR,NON_TUMOR,0.968415,0.005454,0.026131,Case-48,g5-logo-laststage-finetune-seed42::fold_Case-48
Case-48-P5-C20-23452-15492,Case-48,VIABLE_TUMOR,NECROSIS,0.313204,0.088858,0.597938,Case-48,g5-logo-laststage-finetune-seed42::fold_Case-48
Case-48-P5-C20-23915-20256,Case-48,VIABLE_TUMOR,NON_TUMOR,0.629295,0.140158,0.230546,Case-48,g5-logo-laststage-finetune-seed42::fold_Case-48
Case-48-P5-C20-33672-6381,Case-48,VIABLE_TUMOR,NECROSIS,0.115376,0.205217,0.679407,Case-48,g5-logo-laststage-finetune-seed42::fold_Case-48
Case-48-P5-C20-34597-27525,Case-48,VIABLE_TUMOR,NON_TUMOR,0.567109,0.065117,0.367774,Case-48,g5-logo-laststage-finetune-seed42::fold_Case-48
Case-48-P5-C20-36537-9437,Case-48,VIABLE_TUMOR,NECROSIS,0.107797,0.176695,0.715508,Case-48,g5-logo-laststage-finetune-seed42::fold_Case-48
Case-48-P5-C20-37287-24574,Case-48,VIABLE_TUMOR,NON_TUMOR,0.955742,0.006785,0.037473,Case-48,g5-logo-laststage-finetune-seed42::fold_Case-48
Case-48-P5-C20-39704-11268,Case-48,VIABLE_TUMOR,NECROSIS,0.294461,0.088605,0.616935,Case-48,g5-logo-laststage-finetune-seed42::fold_Case-48
Case-48-P5-C20-45622-14695,Case-48,VIABLE_TUMOR,NON_TUMOR,0.695384,0.023789,0.280827,Case-48,g5-logo-laststage-finetune-seed42::fold_Case-48
Case-48-P5-C20-46837-16405,Case-48,VIABLE_TUMOR,NON_TUMOR,0.948461,0.012337,0.039202,Case-48,g5-logo-laststage-finetune-seed42::fold_Case-48
Case-48-P5-C20-47763-12780,Case-48,VIABLE_TUMOR,NON_TUMOR,0.831743,0.032264,0.135993,Case-48,g5-logo-laststage-finetune-seed42::fold_Case-48
Case-48-P5-C20-51201-13842,Case-48,VIABLE_TUMOR,NON_TUMOR,0.958493,0.006146,0.035361,Case-48,g5-logo-laststage-finetune-seed42::fold_Case-48
Case-48-P5-C20-51615-14123,Case-48,VIABLE_TUMOR,NON_TUMOR,0.971802,0.00477,0.023428,Case-48,g5-logo-laststage-finetune-seed42::fold_Case-48
Case-48-P5-C20-52344-15596,Case-48,VIABLE_TUMOR,NON_TUMOR,0.674937,0.02615,0.298912,Case-48,g5-logo-laststage-finetune-seed42::fold_Case-48
Case-48-P5-C20-52983-12499,Case-48,VIABLE_TUMOR,NON_TUMOR,0.645139,0.033993,0.320868,Case-48,g5-logo-laststage-finetune-seed42::fold_Case-48
Case-48-P5-C20-53379-18032,Case-48,VIABLE_TUMOR,NON_TUMOR,0.943989,0.005627,0.050384,Case-48,g5-logo-laststage-finetune-seed42::fold_Case-48
Case-48-P5-C20-54244-17885,Case-48,VIABLE_TUMOR,NON_TUMOR,0.867425,0.009491,0.123085,Case-48,g5-logo-laststage-finetune-seed42::fold_Case-48
Case-48-P5-C20-8674-13881,Case-48,VIABLE_TUMOR,NON_TUMOR,0.957934,0.003861,0.038205,Case-48,g5-logo-laststage-finetune-seed42::fold_Case-48
Case-48-P5-C21-10548-16103,Case-48,VIABLE_TUMOR,NON_TUMOR,0.856649,0.018725,0.124627,Case-48,g5-logo-laststage-finetune-seed42::fold_Case-48
Case-48-P5-C21-12077-14707,Case-48,VIABLE_TUMOR,NON_TUMOR,0.995261,0.001352,0.003387,Case-48,g5-logo-laststage-finetune-seed42::fold_Case-48
Case-48-P5-C21-16402-14274,Case-48,VIABLE_TUMOR,NON_TUMOR,0.991843,0.000991,0.007166,Case-48,g5-logo-laststage-finetune-seed42::fold_Case-48
Case-48-P5-C21-17366-10237,Case-48,VIABLE_TUMOR,NON_TUMOR,0.962054,0.005209,0.032737,Case-48,g5-logo-laststage-finetune-seed42::fold_Case-48
Case-48-P5-C21-22691-12407,Case-48,VIABLE_TUMOR,NON_TUMOR,0.983836,0.00127,0.014894,Case-48,g5-logo-laststage-finetune-seed42::fold_Case-48
Case-48-P5-C21-23229-19992,Case-48,VIABLE_TUMOR,NON_TUMOR,0.95151,0.012307,0.036183,Case-48,g5-logo-laststage-finetune-seed42::fold_Case-48
Case-48-P5-C21-25947-25506,Case-48,VIABLE_TUMOR,NON_TUMOR,0.773246,0.015172,0.211582,Case-48,g5-logo-laststage-finetune-seed42::fold_Case-48
Case-48-P5-C21-35299-19753,Case-48,VIABLE_TUMOR,NECROSIS,0.446315,0.030471,0.523213,Case-48,g5-logo-laststage-finetune-seed42::fold_Case-48
Case-48-P5-C21-35903-16346,Case-48,VIABLE_TUMOR,NECROSIS,0.136858,0.012724,0.850417,Case-48,g5-logo-laststage-finetune-seed42::fold_Case-48
Case-48-P5-C21-36006-23109,Case-48,VIABLE_TUMOR,NECROSIS,0.362224,0.069212,0.568564,Case-48,g5-logo-laststage-finetune-seed42::fold_Case-48
Case-48-P5-C21-38065-16064,Case-48,VIABLE_TUMOR,NON_TUMOR,0.604531,0.014641,0.380828,Case-48,g5-logo-laststage-finetune-seed42::fold_Case-48
Case-48-P5-C21-40791-19023,Case-48,VIABLE_TUMOR,NECROSIS,0.150866,0.034479,0.814655,Case-48,g5-logo-laststage-finetune-seed42::fold_Case-48
Case-48-P5-C21-41788-27797,Case-48,VIABLE_TUMOR,NON_TUMOR,0.599207,0.030578,0.370215,Case-48,g5-logo-laststage-finetune-seed42::fold_Case-48
Case-48-P5-C21-43325-2248,Case-48,VIABLE_TUMOR,NON_TUMOR,0.878388,0.026819,0.094794,Case-48,g5-logo-laststage-finetune-seed42::fold_Case-48
Case-48-P5-C21-45348-15985,Case-48,VIABLE_TUMOR,NON_TUMOR,0.714592,0.026981,0.258426,Case-48,g5-logo-laststage-finetune-seed42::fold_Case-48
Case-48-P5-C21-45909-8019,Case-48,VIABLE_TUMOR,NON_TUMOR,0.7225,0.064779,0.212722,Case-48,g5-logo-laststage-finetune-seed42::fold_Case-48
Case-48-P5-C21-46692-23838,Case-48,VIABLE_TUMOR,NON_TUMOR,0.96866,0.003803,0.027537,Case-48,g5-logo-laststage-finetune-seed42::fold_Case-48
Case-48-P5-C21-48446-3802,Case-48,VIABLE_TUMOR,NECROSIS,0.186742,0.033524,0.779734,Case-48,g5-logo-laststage-finetune-seed42::fold_Case-48
Case-48-P5-C21-50643-22090,Case-48,VIABLE_TUMOR,NON_TUMOR,0.93186,0.007185,0.060956,Case-48,g5-logo-laststage-finetune-seed42::fold_Case-48
Case-48-P5-C21-52961-18393,Case-48,VIABLE_TUMOR,NON_TUMOR,0.942415,0.004885,0.0527,Case-48,g5-logo-laststage-finetune-seed42::fold_Case-48
Case-48-P5-C22-14726-13837,Case-48,VIABLE_TUMOR,NON_TUMOR,0.762043,0.015319,0.222638,Case-48,g5-logo-laststage-finetune-seed42::fold_Case-48
Case-48-P5-C22-17464-9867,Case-48,VIABLE_TUMOR,NON_TUMOR,0.887125,0.018814,0.094061,Case-48,g5-logo-laststage-finetune-seed42::fold_Case-48
Case-48-P5-C22-25507-14943,Case-48,VIABLE_TUMOR,NON_TUMOR,0.78576,0.010604,0.203635,Case-48,g5-logo-laststage-finetune-seed42::fold_Case-48
Case-48-P5-C22-26068-19668,Case-48,VIABLE_TUMOR,NON_TUMOR,0.800794,0.026631,0.172575,Case-48,g5-logo-laststage-finetune-seed42::fold_Case-48
Case-48-P5-C22-33153-19473,Case-48,VIABLE_TUMOR,NON_TUMOR,0.607873,0.046895,0.345232,Case-48,g5-logo-laststage-finetune-seed42::fold_Case-48
Case-48-P5-C22-33543-8004,Case-48,VIABLE_TUMOR,NON_TUMOR,0.724699,0.043736,0.231565,Case-48,g5-logo-laststage-finetune-seed42::fold_Case-48
Case-48-P5-C22-33640-5373,Case-48,VIABLE_TUMOR,NECROSIS,0.140089,0.021526,0.838385,Case-48,g5-logo-laststage-finetune-seed42::fold_Case-48
Case-48-P5-C22-34058-4542,Case-48,VIABLE_TUMOR,NECROSIS,0.465206,0.049729,0.485065,Case-48,g5-logo-laststage-finetune-seed42::fold_Case-48
Case-48-P5-C22-41496-16304,Case-48,VIABLE_TUMOR,NON_TUMOR,0.917417,0.011644,0.070939,Case-48,g5-logo-laststage-finetune-seed42::fold_Case-48
Case-48-P5-C22-45202-17053,Case-48,VIABLE_TUMOR,NON_TUMOR,0.96696,0.006486,0.026554,Case-48,g5-logo-laststage-finetune-seed42::fold_Case-48
Case-48-P5-C22-45260-4742,Case-48,VIABLE_TUMOR,NECROSIS,0.217152,0.065115,0.717733,Case-48,g5-logo-laststage-finetune-seed42::fold_Case-48
Case-48-P5-C22-45517-9307,Case-48,VIABLE_TUMOR,NON_TUMOR,0.770512,0.022122,0.207366,Case-48,g5-logo-laststage-finetune-seed42::fold_Case-48
Case-48-P5-C22-45776-7378,Case-48,VIABLE_TUMOR,NON_TUMOR,0.504383,0.021076,0.47454,Case-48,g5-logo-laststage-finetune-seed42::fold_Case-48
Case-48-P5-C22-45824-16584,Case-48,VIABLE_TUMOR,NECROSIS,0.252351,0.030589,0.71706,Case-48,g5-logo-laststage-finetune-seed42::fold_Case-48
Case-48-P5-C22-46134-22320,Case-48,VIABLE_TUMOR,NON_TUMOR,0.886147,0.04294,0.070913,Case-48,g5-logo-laststage-finetune-seed42::fold_Case-48
Case-48-P5-C22-46689-25261,Case-48,VIABLE_TUMOR,NON_TUMOR,0.982996,0.0015,0.015504,Case-48,g5-logo-laststage-finetune-seed42::fold_Case-48
Case-48-P5-C22-47843-3919,Case-48,VIABLE_TUMOR,NECROSIS,0.023592,0.033222,0.943187,Case-48,g5-logo-laststage-finetune-seed42::fold_Case-48
Case-48-P5-C22-48383-3948,Case-48,VIABLE_TUMOR,NECROSIS,0.102362,0.044601,0.853036,Case-48,g5-logo-laststage-finetune-seed42::fold_Case-48
Case-48-P5-C22-51881-12030,Case-48,VIABLE_TUMOR,NON_TUMOR,0.824727,0.009761,0.165512,Case-48,g5-logo-laststage-finetune-seed42::fold_Case-48
Case-48-P5-C23-15409-20333,Case-48,VIABLE_TUMOR,NON_TUMOR,0.825252,0.037859,0.136888,Case-48,g5-logo-laststage-finetune-seed42::fold_Case-48
Case-48-P5-C23-18472-17481,Case-48,VIABLE_TUMOR,NON_TUMOR,0.86764,0.02855,0.10381,Case-48,g5-logo-laststage-finetune-seed42::fold_Case-48
Case-48-P5-C23-19579-22034,Case-48,VIABLE_TUMOR,NON_TUMOR,0.62058,0.080026,0.299394,Case-48,g5-logo-laststage-finetune-seed42::fold_Case-48
Case-48-P5-C23-23240-21386,Case-48,VIABLE_TUMOR,NON_TUMOR,0.943719,0.00864,0.047641,Case-48,g5-logo-laststage-finetune-seed42::fold_Case-48
Case-48-P5-C23-27501-16553,Case-48,VIABLE_TUMOR,NON_TUMOR,0.908849,0.018311,0.07284,Case-48,g5-logo-laststage-finetune-seed42::fold_Case-48
Case-48-P5-C23-28780-10637,Case-48,VIABLE_TUMOR,NON_TUMOR,0.649143,0.019108,0.331749,Case-48,g5-logo-laststage-finetune-seed42::fold_Case-48
Case-48-P5-C23-29641-13214,Case-48,VIABLE_TUMOR,NECROSIS,0.408443,0.044951,0.546606,Case-48,g5-logo-laststage-finetune-seed42::fold_Case-48
Case-48-P5-C23-29743-6511,Case-48,VIABLE_TUMOR,NON_TUMOR,0.925815,0.01438,0.059805,Case-48,g5-logo-laststage-finetune-seed42::fold_Case-48
Case-48-P5-C23-33786-5204,Case-48,VIABLE_TUMOR,NECROSIS,0.126851,0.026789,0.84636,Case-48,g5-logo-laststage-finetune-seed42::fold_Case-48
Case-48-P5-C23-34741-19829,Case-48,VIABLE_TUMOR,NON_TUMOR,0.891059,0.01095,0.097991,Case-48,g5-logo-laststage-finetune-seed42::fold_Case-48
Case-48-P5-C23-36139-19852,Case-48,VIABLE_TUMOR,NON_TUMOR,0.849307,0.0508,0.099893,Case-48,g5-logo-laststage-finetune-seed42::fold_Case-48
Case-48-P5-C23-36214-9904,Case-48,VIABLE_TUMOR,NECROSIS,0.373457,0.13196,0.494583,Case-48,g5-logo-laststage-finetune-seed42::fold_Case-48
Case-48-P5-C23-37489-18137,Case-48,VIABLE_TUMOR,NON_TUMOR,0.733677,0.017472,0.248851,Case-48,g5-logo-laststage-finetune-seed42::fold_Case-48
Case-48-P5-C23-37654-23879,Case-48,VIABLE_TUMOR,NON_TUMOR,0.909181,0.011098,0.079721,Case-48,g5-logo-laststage-finetune-seed42::fold_Case-48
Case-48-P5-C23-45260-15418,Case-48,VIABLE_TUMOR,NON_TUMOR,0.845917,0.008367,0.145716,Case-48,g5-logo-laststage-finetune-seed42::fold_Case-48
Case-48-P5-C23-47543-18036,Case-48,VIABLE_TUMOR,NON_TUMOR,0.948311,0.012066,0.039623,Case-48,g5-logo-laststage-finetune-seed42::fold_Case-48
Case-48-P5-C23-49586-9920,Case-48,VIABLE_TUMOR,NON_TUMOR,0.945087,0.0031,0.051813,Case-48,g5-logo-laststage-finetune-seed42::fold_Case-48
Case-48-P5-C23-54011-19464,Case-48,VIABLE_TUMOR,NON_TUMOR,0.676907,0.013769,0.309325,Case-48,g5-logo-laststage-finetune-seed42::fold_Case-48
Case-48-P5-C13-24121-14200,Case-48,NECROSIS,NECROSIS,0.106028,0.088189,0.805784,Case-48,g5-logo-laststage-finetune-seed42::fold_Case-48
Case-48-P5-C13-46592-17295,Case-48,NECROSIS,NECROSIS,0.245303,0.175526,0.579171,Case-48,g5-logo-laststage-finetune-seed42::fold_Case-48
P9-B11-10159-22267,P9,NON_TUMOR,NON_TUMOR,0.982335,0.014934,0.002731,P9,g5-logo-laststage-finetune-seed42::fold_P9
P9-B11-10954-27548,P9,NON_TUMOR,NON_TUMOR,0.943322,0.035815,0.020863,P9,g5-logo-laststage-finetune-seed42::fold_P9
P9-B11-11002-19483,P9,NON_TUMOR,NON_TUMOR,0.96112,0.01153,0.027349,P9,g5-logo-laststage-finetune-seed42::fold_P9
P9-B11-14643-10873,P9,NON_TUMOR,NON_TUMOR,0.971848,0.018825,0.009327,P9,g5-logo-laststage-finetune-seed42::fold_P9
P9-B11-16073-4565,P9,NON_TUMOR,NON_TUMOR,0.576469,0.381888,0.041642,P9,g5-logo-laststage-finetune-seed42::fold_P9
P9-B11-16083-27658,P9,NON_TUMOR,NON_TUMOR,0.954235,0.014751,0.031014,P9,g5-logo-laststage-finetune-seed42::fold_P9
P9-B11-16430-12424,P9,NON_TUMOR,NON_TUMOR,0.981092,0.014937,0.003971,P9,g5-logo-laststage-finetune-seed42::fold_P9
P9-B11-16749-7610,P9,NON_TUMOR,NON_TUMOR,0.969244,0.01869,0.012066,P9,g5-logo-laststage-finetune-seed42::fold_P9
P9-B11-16810-24014,P9,NON_TUMOR,NON_TUMOR,0.815062,0.178923,0.006015,P9,g5-logo-laststage-finetune-seed42::fold_P9
P9-B11-18148-24277,P9,NON_TUMOR,NON_TUMOR,0.932096,0.015699,0.052206,P9,g5-logo-laststage-finetune-seed42::fold_P9
P9-B11-19719-21996,P9,NON_TUMOR,NON_TUMOR,0.9592,0.014839,0.025962,P9,g5-logo-laststage-finetune-seed42::fold_P9
P9-B11-20225-12843,P9,NON_TUMOR,NON_TUMOR,0.974417,0.01756,0.008023,P9,g5-logo-laststage-finetune-seed42::fold_P9
P9-B11-21394-5645,P9,NON_TUMOR,NON_TUMOR,0.941718,0.019989,0.038293,P9,g5-logo-laststage-finetune-seed42::fold_P9
P9-B11-26303-28482,P9,NON_TUMOR,NON_TUMOR,0.972814,0.009942,0.017243,P9,g5-logo-laststage-finetune-seed42::fold_P9
P9-B11-26308-7596,P9,NON_TUMOR,NON_TUMOR,0.940517,0.020254,0.039229,P9,g5-logo-laststage-finetune-seed42::fold_P9
P9-B11-26343-18701,P9,NON_TUMOR,NON_TUMOR,0.981306,0.006135,0.012559,P9,g5-logo-laststage-finetune-seed42::fold_P9
P9-B11-26402-13634,P9,NON_TUMOR,NON_TUMOR,0.955054,0.032631,0.012315,P9,g5-logo-laststage-finetune-seed42::fold_P9
P9-B11-29902-13822,P9,NON_TUMOR,NON_TUMOR,0.990162,0.009109,0.000729,P9,g5-logo-laststage-finetune-seed42::fold_P9
P9-B11-30287-7531,P9,NON_TUMOR,NON_TUMOR,0.991677,0.005411,0.002912,P9,g5-logo-laststage-finetune-seed42::fold_P9
P9-B11-34379-16878,P9,NON_TUMOR,NON_TUMOR,0.983247,0.012099,0.004654,P9,g5-logo-laststage-finetune-seed42::fold_P9
P9-B11-35942-19663,P9,NON_TUMOR,NON_TUMOR,0.952469,0.01914,0.028391,P9,g5-logo-laststage-finetune-seed42::fold_P9
P9-B11-5522-26247,P9,NON_TUMOR,NON_TUMOR,0.95369,0.025949,0.020361,P9,g5-logo-laststage-finetune-seed42::fold_P9
P9-B11-6871-31252,P9,NON_TUMOR,NON_TUMOR,0.982185,0.013695,0.004119,P9,g5-logo-laststage-finetune-seed42::fold_P9
P9-B12-10654-27260,P9,NON_TUMOR,NON_TUMOR,0.873148,0.040843,0.086009,P9,g5-logo-laststage-finetune-seed42::fold_P9
P9-B12-10806-33872,P9,NON_TUMOR,NON_TUMOR,0.985837,0.004567,0.009596,P9,g5-logo-laststage-finetune-seed42::fold_P9
P9-B12-13935-21508,P9,NON_TUMOR,NON_TUMOR,0.931344,0.056764,0.011892,P9,g5-logo-laststage-finetune-seed42::fold_P9
P9-B12-14125-15905,P9,NON_TUMOR,NON_TUMOR,0.952588,0.042876,0.004536,P9,g5-logo-laststage-finetune-seed42::fold_P9
P9-B12-1528-19097,P9,NON_TUMOR,NON_TUMOR,0.923447,0.03409,0.042462,P9,g5-logo-laststage-finetune-seed42::fold_P9
P9-B12-15791-34183,P9,NON_TUMOR,NON_TUMOR,0.956479,0.01157,0.031951,P9,g5-logo-laststage-finetune-seed42::fold_P9
P9-B12-16016-24828,P9,NON_TUMOR,NON_TUMOR,0.967372,0.025615,0.007013,P9,g5-logo-laststage-finetune-seed42::fold_P9
P9-B12-16205-18441,P9,NON_TUMOR,NON_TUMOR,0.565955,0.362988,0.071057,P9,g5-logo-laststage-finetune-seed42::fold_P9
P9-B12-16776-15675,P9,NON_TUMOR,NON_TUMOR,0.973936,0.019023,0.007041,P9,g5-logo-laststage-finetune-seed42::fold_P9
P9-B12-16864-22190,P9,NON_TUMOR,NON_TUMOR,0.945103,0.019343,0.035554,P9,g5-logo-laststage-finetune-seed42::fold_P9
P9-B12-17951-15665,P9,NON_TUMOR,NON_TUMOR,0.920079,0.060779,0.019142,P9,g5-logo-laststage-finetune-seed42::fold_P9
P9-B12-18729-28478,P9,NON_TUMOR,NON_TUMOR,0.940745,0.042597,0.016658,P9,g5-logo-laststage-finetune-seed42::fold_P9
P9-B12-21385-26109,P9,NON_TUMOR,NON_TUMOR,0.990818,0.006476,0.002706,P9,g5-logo-laststage-finetune-seed42::fold_P9
P9-B12-22760-3440,P9,NON_TUMOR,NON_TUMOR,0.674952,0.275232,0.049815,P9,g5-logo-laststage-finetune-seed42::fold_P9
P9-B12-22944-25112,P9,NON_TUMOR,NON_TUMOR,0.95492,0.025193,0.019888,P9,g5-logo-laststage-finetune-seed42::fold_P9
P9-B12-23055-29024,P9,NON_TUMOR,NON_TUMOR,0.937561,0.016611,0.045828,P9,g5-logo-laststage-finetune-seed42::fold_P9
P9-B12-23537-5923,P9,NON_TUMOR,NON_TUMOR,0.996552,0.002542,0.000906,P9,g5-logo-laststage-finetune-seed42::fold_P9
P9-B12-25916-5462,P9,NON_TUMOR,NON_TUMOR,0.88864,0.08322,0.02814,P9,g5-logo-laststage-finetune-seed42::fold_P9
P9-B12-27373-27674,P9,NON_TUMOR,NON_TUMOR,0.921063,0.027613,0.051325,P9,g5-logo-laststage-finetune-seed42::fold_P9
P9-B12-29086-24068,P9,NON_TUMOR,NON_TUMOR,0.979333,0.00874,0.011927,P9,g5-logo-laststage-finetune-seed42::fold_P9
P9-B12-29972-10692,P9,NON_TUMOR,NON_TUMOR,0.996011,0.003379,0.00061,P9,g5-logo-laststage-finetune-seed42::fold_P9
P9-B12-30756-25977,P9,NON_TUMOR,NON_TUMOR,0.957699,0.017055,0.025247,P9,g5-logo-laststage-finetune-seed42::fold_P9
P9-B12-30770-23009,P9,NON_TUMOR,NON_TUMOR,0.908584,0.040011,0.051405,P9,g5-logo-laststage-finetune-seed42::fold_P9
P9-B12-31177-18166,P9,NON_TUMOR,NON_TUMOR,0.995415,0.002556,0.002029,P9,g5-logo-laststage-finetune-seed42::fold_P9
P9-B12-33745-16087,P9,NON_TUMOR,NON_TUMOR,0.793615,0.070469,0.135916,P9,g5-logo-laststage-finetune-seed42::fold_P9
P9-B12-7286-14751,P9,NON_TUMOR,NON_TUMOR,0.901839,0.06455,0.033611,P9,g5-logo-laststage-finetune-seed42::fold_P9
P9-B12-7917-18432,P9,NON_TUMOR,NON_TUMOR,0.986011,0.004664,0.009325,P9,g5-logo-laststage-finetune-seed42::fold_P9
P9-B27-12460-16377,P9,NON_TUMOR,NON_TUMOR,0.996832,0.001986,0.001183,P9,g5-logo-laststage-finetune-seed42::fold_P9
P9-B27-14462-34695,P9,NON_TUMOR,NON_TUMOR,0.959759,0.007194,0.033047,P9,g5-logo-laststage-finetune-seed42::fold_P9
P9-B27-16009-8612,P9,NON_TUMOR,NON_TUMOR,0.989729,0.007476,0.002795,P9,g5-logo-laststage-finetune-seed42::fold_P9
P9-B27-17480-8356,P9,NON_TUMOR,NON_TUMOR,0.847338,0.022653,0.130009,P9,g5-logo-laststage-finetune-seed42::fold_P9
P9-B27-20395-30971,P9,NON_TUMOR,NON_TUMOR,0.972338,0.010121,0.017542,P9,g5-logo-laststage-finetune-seed42::fold_P9
P9-B27-20913-9107,P9,NON_TUMOR,NON_TUMOR,0.991385,0.007474,0.001141,P9,g5-logo-laststage-finetune-seed42::fold_P9
P9-B27-22893-27985,P9,NON_TUMOR,NON_TUMOR,0.95019,0.01423,0.035581,P9,g5-logo-laststage-finetune-seed42::fold_P9
P9-B27-23402-16368,P9,NON_TUMOR,NON_TUMOR,0.961515,0.026151,0.012334,P9,g5-logo-laststage-finetune-seed42::fold_P9
P9-B27-24181-31257,P9,NON_TUMOR,NON_TUMOR,0.974498,0.011778,0.013723,P9,g5-logo-laststage-finetune-seed42::fold_P9
P9-B27-24733-4169,P9,NON_TUMOR,NON_TUMOR,0.960778,0.027061,0.012161,P9,g5-logo-laststage-finetune-seed42::fold_P9
P9-B27-25164-29040,P9,NON_TUMOR,NON_TUMOR,0.922483,0.024921,0.052596,P9,g5-logo-laststage-finetune-seed42::fold_P9
P9-B27-25739-23378,P9,NON_TUMOR,NON_TUMOR,0.820053,0.077702,0.102245,P9,g5-logo-laststage-finetune-seed42::fold_P9
P9-B27-26731-20410,P9,NON_TUMOR,NON_TUMOR,0.977522,0.012491,0.009987,P9,g5-logo-laststage-finetune-seed42::fold_P9
P9-B27-26824-12635,P9,NON_TUMOR,NON_TUMOR,0.979274,0.018185,0.002541,P9,g5-logo-laststage-finetune-seed42::fold_P9
P9-B27-29220-27404,P9,NON_TUMOR,NON_TUMOR,0.979106,0.006207,0.014687,P9,g5-logo-laststage-finetune-seed42::fold_P9
P9-B27-3237-19787,P9,NON_TUMOR,NON_TUMOR,0.928265,0.012075,0.05966,P9,g5-logo-laststage-finetune-seed42::fold_P9
P9-B27-32593-22757,P9,NON_TUMOR,NON_TUMOR,0.940609,0.021077,0.038314,P9,g5-logo-laststage-finetune-seed42::fold_P9
P9-B27-32861-24034,P9,NON_TUMOR,NON_TUMOR,0.971088,0.010193,0.018719,P9,g5-logo-laststage-finetune-seed42::fold_P9
P9-B27-33859-19909,P9,NON_TUMOR,NON_TUMOR,0.953926,0.039089,0.006985,P9,g5-logo-laststage-finetune-seed42::fold_P9
P9-B27-4044-15408,P9,NON_TUMOR,NON_TUMOR,0.941258,0.032074,0.026667,P9,g5-logo-laststage-finetune-seed42::fold_P9
P9-B27-7490-21036,P9,NON_TUMOR,NON_TUMOR,0.978315,0.011758,0.009927,P9,g5-logo-laststage-finetune-seed42::fold_P9
P9-B27-7514-15190,P9,NON_TUMOR,NON_TUMOR,0.880933,0.045606,0.073461,P9,g5-logo-laststage-finetune-seed42::fold_P9
P9-B27-8203-28059,P9,NON_TUMOR,NON_TUMOR,0.983063,0.009735,0.007202,P9,g5-logo-laststage-finetune-seed42::fold_P9
P9-B27-9346-28187,P9,NON_TUMOR,NON_TUMOR,0.910315,0.028149,0.061536,P9,g5-logo-laststage-finetune-seed42::fold_P9
P9-B28-11013-9554,P9,NON_TUMOR,NON_TUMOR,0.956756,0.012221,0.031024,P9,g5-logo-laststage-finetune-seed42::fold_P9
P9-B28-11927-9548,P9,NON_TUMOR,NON_TUMOR,0.920433,0.019292,0.060275,P9,g5-logo-laststage-finetune-seed42::fold_P9
P9-B28-12901-5993,P9,NON_TUMOR,NON_TUMOR,0.988679,0.005554,0.005767,P9,g5-logo-laststage-finetune-seed42::fold_P9
P9-B28-14182-7718,P9,NON_TUMOR,NON_TUMOR,0.897594,0.064865,0.037541,P9,g5-logo-laststage-finetune-seed42::fold_P9
P9-B28-14508-11698,P9,NON_TUMOR,NON_TUMOR,0.975411,0.009875,0.014714,P9,g5-logo-laststage-finetune-seed42::fold_P9
P9-B28-14987-29631,P9,NON_TUMOR,NON_TUMOR,0.976413,0.019503,0.004084,P9,g5-logo-laststage-finetune-seed42::fold_P9
P9-B28-15374-32337,P9,NON_TUMOR,NON_TUMOR,0.979735,0.012761,0.007504,P9,g5-logo-laststage-finetune-seed42::fold_P9
P9-B28-15856-19913,P9,NON_TUMOR,NON_TUMOR,0.976095,0.007104,0.016801,P9,g5-logo-laststage-finetune-seed42::fold_P9
P9-B28-17157-16037,P9,NON_TUMOR,NON_TUMOR,0.907196,0.086306,0.006497,P9,g5-logo-laststage-finetune-seed42::fold_P9
P9-B28-18049-26737,P9,NON_TUMOR,NON_TUMOR,0.961908,0.014652,0.023439,P9,g5-logo-laststage-finetune-seed42::fold_P9
P9-B28-19864-33157,P9,NON_TUMOR,NON_TUMOR,0.97785,0.01107,0.011079,P9,g5-logo-laststage-finetune-seed42::fold_P9
P9-B28-22141-15533,P9,NON_TUMOR,NON_TUMOR,0.99009,0.007233,0.002677,P9,g5-logo-laststage-finetune-seed42::fold_P9
P9-B28-22294-32166,P9,NON_TUMOR,NON_TUMOR,0.962237,0.014452,0.023311,P9,g5-logo-laststage-finetune-seed42::fold_P9
P9-B28-23153-16435,P9,NON_TUMOR,NON_TUMOR,0.937287,0.041927,0.020786,P9,g5-logo-laststage-finetune-seed42::fold_P9
P9-B28-23691-19742,P9,NON_TUMOR,NON_TUMOR,0.713786,0.269886,0.016327,P9,g5-logo-laststage-finetune-seed42::fold_P9
P9-B28-25314-10006,P9,NON_TUMOR,NON_TUMOR,0.97507,0.005075,0.019856,P9,g5-logo-laststage-finetune-seed42::fold_P9
P9-B28-26096-29717,P9,NON_TUMOR,NON_TUMOR,0.980738,0.009429,0.009833,P9,g5-logo-laststage-finetune-seed42::fold_P9
P9-B28-26855-15884,P9,NON_TUMOR,NON_TUMOR,0.961314,0.009168,0.029518,P9,g5-logo-laststage-finetune-seed42::fold_P9
P9-B28-27408-11967,P9,NON_TUMOR,NON_TUMOR,0.975317,0.016722,0.007961,P9,g5-logo-laststage-finetune-seed42::fold_P9
P9-B28-30940-15637,P9,NON_TUMOR,NON_TUMOR,0.960669,0.034981,0.004349,P9,g5-logo-laststage-finetune-seed42::fold_P9
P9-B28-31159-9949,P9,NON_TUMOR,NON_TUMOR,0.990655,0.006747,0.002598,P9,g5-logo-laststage-finetune-seed42::fold_P9
P9-B28-34690-20420,P9,NON_TUMOR,NON_TUMOR,0.965032,0.019869,0.015098,P9,g5-logo-laststage-finetune-seed42::fold_P9
P9-B28-4455-17128,P9,NON_TUMOR,NON_TUMOR,0.806388,0.095323,0.098289,P9,g5-logo-laststage-finetune-seed42::fold_P9
P9-B28-4816-22317,P9,NON_TUMOR,NON_TUMOR,0.924444,0.068939,0.006616,P9,g5-logo-laststage-finetune-seed42::fold_P9
P9-B28-6717-20778,P9,NON_TUMOR,NON_TUMOR,0.921834,0.068993,0.009173,P9,g5-logo-laststage-finetune-seed42::fold_P9
P9-B28-8403-19923,P9,NON_TUMOR,NON_TUMOR,0.878948,0.106116,0.014936,P9,g5-logo-laststage-finetune-seed42::fold_P9
P9-B34-10616-22327,P9,NON_TUMOR,NON_TUMOR,0.960394,0.034194,0.005412,P9,g5-logo-laststage-finetune-seed42::fold_P9
P9-B34-11480-15755,P9,NON_TUMOR,NON_TUMOR,0.973801,0.017222,0.008977,P9,g5-logo-laststage-finetune-seed42::fold_P9
P9-B34-12550-21771,P9,NON_TUMOR,NON_TUMOR,0.950919,0.007338,0.041743,P9,g5-logo-laststage-finetune-seed42::fold_P9
P9-B34-17628-29682,P9,NON_TUMOR,NON_TUMOR,0.985872,0.009847,0.004281,P9,g5-logo-laststage-finetune-seed42::fold_P9
P9-B34-18605-6878,P9,NON_TUMOR,NON_TUMOR,0.749673,0.109572,0.140755,P9,g5-logo-laststage-finetune-seed42::fold_P9
P9-B34-22138-14146,P9,NON_TUMOR,NON_TUMOR,0.96743,0.022829,0.009741,P9,g5-logo-laststage-finetune-seed42::fold_P9
P9-B34-22505-3850,P9,NON_TUMOR,NON_TUMOR,0.927387,0.055227,0.017386,P9,g5-logo-laststage-finetune-seed42::fold_P9
P9-B34-22773-28922,P9,NON_TUMOR,NON_TUMOR,0.977852,0.005723,0.016424,P9,g5-logo-laststage-finetune-seed42::fold_P9
P9-B34-23472-28061,P9,NON_TUMOR,NON_TUMOR,0.956394,0.008104,0.035502,P9,g5-logo-laststage-finetune-seed42::fold_P9
P9-B34-24112-27360,P9,NON_TUMOR,NON_TUMOR,0.94933,0.018095,0.032575,P9,g5-logo-laststage-finetune-seed42::fold_P9
P9-B34-24786-29238,P9,NON_TUMOR,NON_TUMOR,0.913621,0.025607,0.060772,P9,g5-logo-laststage-finetune-seed42::fold_P9
P9-B34-24972-14320,P9,NON_TUMOR,NON_TUMOR,0.944055,0.041055,0.01489,P9,g5-logo-laststage-finetune-seed42::fold_P9
P9-B34-25704-20109,P9,NON_TUMOR,NON_TUMOR,0.997483,0.001412,0.001105,P9,g5-logo-laststage-finetune-seed42::fold_P9
P9-B34-26276-21044,P9,NON_TUMOR,NON_TUMOR,0.984304,0.007779,0.007917,P9,g5-logo-laststage-finetune-seed42::fold_P9
P9-B34-26396-10641,P9,NON_TUMOR,NON_TUMOR,0.956504,0.042217,0.001279,P9,g5-logo-laststage-finetune-seed42::fold_P9
P9-B34-29602-19976,P9,NON_TUMOR,NON_TUMOR,0.966439,0.023447,0.010115,P9,g5-logo-laststage-finetune-seed42::fold_P9
P9-B34-29961-25751,P9,NON_TUMOR,NON_TUMOR,0.842775,0.043509,0.113716,P9,g5-logo-laststage-finetune-seed42::fold_P9
P9-B34-31502-20976,P9,NON_TUMOR,NON_TUMOR,0.981012,0.018207,0.000782,P9,g5-logo-laststage-finetune-seed42::fold_P9
P9-B34-32214-14627,P9,NON_TUMOR,NON_TUMOR,0.975736,0.018095,0.006169,P9,g5-logo-laststage-finetune-seed42::fold_P9
P9-B34-34830-24344,P9,NON_TUMOR,NON_TUMOR,0.979552,0.013102,0.007346,P9,g5-logo-laststage-finetune-seed42::fold_P9
P9-B34-4804-20458,P9,NON_TUMOR,NON_TUMOR,0.976855,0.014502,0.008643,P9,g5-logo-laststage-finetune-seed42::fold_P9
P9-B34-5389-15014,P9,NON_TUMOR,NON_TUMOR,0.947421,0.049568,0.003011,P9,g5-logo-laststage-finetune-seed42::fold_P9
P9-B34-8114-26748,P9,NON_TUMOR,NON_TUMOR,0.838641,0.152513,0.008846,P9,g5-logo-laststage-finetune-seed42::fold_P9
P9-B34-8718-30889,P9,NON_TUMOR,NON_TUMOR,0.953959,0.007459,0.038582,P9,g5-logo-laststage-finetune-seed42::fold_P9
P9-B35-12438-25674,P9,NON_TUMOR,NON_TUMOR,0.956543,0.03505,0.008407,P9,g5-logo-laststage-finetune-seed42::fold_P9
P9-B35-12815-12096,P9,NON_TUMOR,NON_TUMOR,0.985906,0.009564,0.00453,P9,g5-logo-laststage-finetune-seed42::fold_P9
P9-B35-14505-12348,P9,NON_TUMOR,NON_TUMOR,0.793527,0.177661,0.028812,P9,g5-logo-laststage-finetune-seed42::fold_P9
P9-B35-15021-9557,P9,NON_TUMOR,NON_TUMOR,0.890114,0.099155,0.010731,P9,g5-logo-laststage-finetune-seed42::fold_P9
P9-B35-15208-10297,P9,NON_TUMOR,NON_TUMOR,0.946047,0.034418,0.019535,P9,g5-logo-laststage-finetune-seed42::fold_P9
P9-B35-16551-24506,P9,NON_TUMOR,NON_TUMOR,0.528762,0.466468,0.00477,P9,g5-logo-laststage-finetune-seed42::fold_P9
P9-B35-16877-31247,P9,NON_TUMOR,NON_TUMOR,0.917933,0.013571,0.068496,P9,g5-logo-laststage-finetune-seed42::fold_P9
P9-B35-17883-27584,P9,NON_TUMOR,NON_TUMOR,0.767712,0.028974,0.203314,P9,g5-logo-laststage-finetune-seed42::fold_P9
P9-B35-19533-30395,P9,NON_TUMOR,NON_TUMOR,0.960305,0.028562,0.011133,P9,g5-logo-laststage-finetune-seed42::fold_P9
P9-B35-22735-12061,P9,NON_TUMOR,NON_TUMOR,0.83564,0.048284,0.116076,P9,g5-logo-laststage-finetune-seed42::fold_P9
P9-B35-24085-20586,P9,NON_TUMOR,NON_TUMOR,0.894387,0.017501,0.088112,P9,g5-logo-laststage-finetune-seed42::fold_P9
P9-B35-24179-20080,P9,NON_TUMOR,NON_TUMOR,0.95558,0.035242,0.009179,P9,g5-logo-laststage-finetune-seed42::fold_P9
P9-B35-24524-30984,P9,NON_TUMOR,NON_TUMOR,0.975965,0.012878,0.011157,P9,g5-logo-laststage-finetune-seed42::fold_P9
P9-B35-24706-27321,P9,NON_TUMOR,NON_TUMOR,0.941377,0.040242,0.018381,P9,g5-logo-laststage-finetune-seed42::fold_P9
P9-B35-25420-14360,P9,NON_TUMOR,NON_TUMOR,0.932233,0.03742,0.030348,P9,g5-logo-laststage-finetune-seed42::fold_P9
P9-B35-26037-23313,P9,NON_TUMOR,NON_TUMOR,0.861852,0.064471,0.073677,P9,g5-logo-laststage-finetune-seed42::fold_P9
P9-B35-26526-8068,P9,NON_TUMOR,NON_TUMOR,0.971452,0.017857,0.010691,P9,g5-logo-laststage-finetune-seed42::fold_P9
P9-B35-32599-17175,P9,NON_TUMOR,NON_TUMOR,0.989838,0.008033,0.002129,P9,g5-logo-laststage-finetune-seed42::fold_P9
P9-B35-37035-24678,P9,NON_TUMOR,NON_TUMOR,0.926115,0.050433,0.023452,P9,g5-logo-laststage-finetune-seed42::fold_P9
P9-B35-4389-24585,P9,NON_TUMOR,NON_TUMOR,0.838856,0.050085,0.111059,P9,g5-logo-laststage-finetune-seed42::fold_P9
P9-B35-6618-26202,P9,NON_TUMOR,NON_TUMOR,0.894667,0.095904,0.009429,P9,g5-logo-laststage-finetune-seed42::fold_P9
P9-B35-8377-19050,P9,NON_TUMOR,NON_TUMOR,0.856573,0.123435,0.019993,P9,g5-logo-laststage-finetune-seed42::fold_P9
P9-B6-10488-27683,P9,NON_TUMOR,NON_TUMOR,0.838075,0.10153,0.060396,P9,g5-logo-laststage-finetune-seed42::fold_P9
P9-B6-11153-24729,P9,NON_TUMOR,NON_TUMOR,0.985726,0.009084,0.00519,P9,g5-logo-laststage-finetune-seed42::fold_P9
P9-B6-15408-27469,P9,NON_TUMOR,NON_TUMOR,0.995169,0.003393,0.001438,P9,g5-logo-laststage-finetune-seed42::fold_P9
P9-B6-17176-31590,P9,NON_TUMOR,NON_TUMOR,0.933848,0.027029,0.039123,P9,g5-logo-laststage-finetune-seed42::fold_P9
P9-B6-17918-19733,P9,NON_TUMOR,NON_TUMOR,0.722748,0.260321,0.016931,P9,g5-logo-laststage-finetune-seed42::fold_P9
P9-B6-18080-13972,P9,NON_TUMOR,NON_TUMOR,0.896812,0.030352,0.072835,P9,g5-logo-laststage-finetune-seed42::fold_P9
P9-B6-18107-15557,P9,NON_TUMOR,NON_TUMOR,0.862837,0.081125,0.056038,P9,g5-logo-laststage-finetune-seed42::fold_P9
P9-B6-18722-31321,P9,NON_TUMOR,NON_TUMOR,0.966389,0.011243,0.022368,P9,g5-logo-laststage-finetune-seed42::fold_P9
P9-B6-19328-19600,P9,NON_TUMOR,NON_TUMOR,0.940763,0.023017,0.03622,P9,g5-logo-laststage-finetune-seed42::fold_P9
P9-B6-19704-3257,P9,NON_TUMOR,NON_TUMOR,0.917283,0.014681,0.068036,P9,g5-logo-laststage-finetune-seed42::fold_P9
P9-B6-19992-23631,P9,NON_TUMOR,NON_TUMOR,0.990649,0.006561,0.00279,P9,g5-logo-laststage-finetune-seed42::fold_P9
P9-B6-20458-6118,P9,NON_TUMOR,NON_TUMOR,0.808452,0.033878,0.15767,P9,g5-logo-laststage-finetune-seed42::fold_P9
P9-B6-22762-13561,P9,NON_TUMOR,NON_TUMOR,0.970817,0.017738,0.011445,P9,g5-logo-laststage-finetune-seed42::fold_P9
P9-B6-23023-20652,P9,NON_TUMOR,NON_TUMOR,0.953218,0.039798,0.006984,P9,g5-logo-laststage-finetune-seed42::fold_P9
P9-B6-23209-22319,P9,NON_TUMOR,NON_TUMOR,0.843958,0.142152,0.01389,P9,g5-logo-laststage-finetune-seed42::fold_P9
P9-B6-24779-30011,P9,NON_TUMOR,NON_TUMOR,0.93746,0.028127,0.034413,P9,g5-logo-laststage-finetune-seed42::fold_P9
P9-B6-25039-13328,P9,NON_TUMOR,NON_TUMOR,0.967405,0.022785,0.00981,P9,g5-logo-laststage-finetune-seed42::fold_P9
P9-B6-27036-22226,P9,NON_TUMOR,NON_TUMOR,0.984716,0.00873,0.006554,P9,g5-logo-laststage-finetune-seed42::fold_P9
P9-B6-29196-14072,P9,NON_TUMOR,NON_TUMOR,0.974169,0.018616,0.007215,P9,g5-logo-laststage-finetune-seed42::fold_P9
P9-B6-6130-23430,P9,NON_TUMOR,NON_TUMOR,0.965684,0.008845,0.025471,P9,g5-logo-laststage-finetune-seed42::fold_P9
P9-B6-7024-29103,P9,NON_TUMOR,NON_TUMOR,0.978229,0.013079,0.008692,P9,g5-logo-laststage-finetune-seed42::fold_P9
P9-B6-9887-18682,P9,NON_TUMOR,NON_TUMOR,0.988748,0.008751,0.002501,P9,g5-logo-laststage-finetune-seed42::fold_P9
P9-B7-10723-33887,P9,NON_TUMOR,NON_TUMOR,0.989549,0.003883,0.006568,P9,g5-logo-laststage-finetune-seed42::fold_P9
P9-B7-13277-26914,P9,NON_TUMOR,NON_TUMOR,0.991047,0.007642,0.001312,P9,g5-logo-laststage-finetune-seed42::fold_P9
P9-B7-13453-27559,P9,NON_TUMOR,NON_TUMOR,0.956468,0.024353,0.019179,P9,g5-logo-laststage-finetune-seed42::fold_P9
P9-B7-14699-28544,P9,NON_TUMOR,NON_TUMOR,0.953609,0.039026,0.007365,P9,g5-logo-laststage-finetune-seed42::fold_P9
P9-B7-17432-9890,P9,NON_TUMOR,NON_TUMOR,0.948873,0.047777,0.003349,P9,g5-logo-laststage-finetune-seed42::fold_P9
P9-B7-17824-13368,P9,NON_TUMOR,NON_TUMOR,0.964683,0.011729,0.023589,P9,g5-logo-laststage-finetune-seed42::fold_P9
P9-B7-21432-27614,P9,NON_TUMOR,NON_TUMOR,0.935652,0.047089,0.017259,P9,g5-logo-laststage-finetune-seed42::fold_P9
P9-B7-21767-26717,P9,NON_TUMOR,NON_TUMOR,0.971487,0.015501,0.013012,P9,g5-logo-laststage-finetune-seed42::fold_P9
P9-B7-22066-28200,P9,NON_TUMOR,NON_TUMOR,0.987036,0.004772,0.008192,P9,g5-logo-laststage-finetune-seed42::fold_P9
P9-B7-23277-6246,P9,NON_TUMOR,NON_TUMOR,0.992748,0.00341,0.003842,P9,g5-logo-laststage-finetune-seed42::fold_P9
P9-B7-23373-11741,P9,NON_TUMOR,NON_TUMOR,0.862452,0.028677,0.108871,P9,g5-logo-laststage-finetune-seed42::fold_P9
P9-B7-24872-12722,P9,NON_TUMOR,NON_TUMOR,0.941019,0.051597,0.007385,P9,g5-logo-laststage-finetune-seed42::fold_P9
P9-B7-26719-8006,P9,NON_TUMOR,NON_TUMOR,0.987465,0.008545,0.00399,P9,g5-logo-laststage-finetune-seed42::fold_P9
P9-B7-27737-7637,P9,NON_TUMOR,NON_TUMOR,0.98794,0.007289,0.004771,P9,g5-logo-laststage-finetune-seed42::fold_P9
P9-B7-27830-11834,P9,NON_TUMOR,NON_TUMOR,0.985245,0.009879,0.004876,P9,g5-logo-laststage-finetune-seed42::fold_P9
P9-B7-31436-18746,P9,NON_TUMOR,NON_TUMOR,0.976885,0.017362,0.005753,P9,g5-logo-laststage-finetune-seed42::fold_P9
P9-B7-32198-19590,P9,NON_TUMOR,NON_TUMOR,0.989574,0.008975,0.001451,P9,g5-logo-laststage-finetune-seed42::fold_P9
P9-B7-35456-21995,P9,NON_TUMOR,NON_TUMOR,0.861673,0.039912,0.098415,P9,g5-logo-laststage-finetune-seed42::fold_P9
P9-B7-3806-21832,P9,NON_TUMOR,NON_TUMOR,0.978938,0.016808,0.004253,P9,g5-logo-laststage-finetune-seed42::fold_P9
P9-B7-5454-29446,P9,NON_TUMOR,NON_TUMOR,0.993904,0.004478,0.001618,P9,g5-logo-laststage-finetune-seed42::fold_P9
P9-B7-6105-28215,P9,NON_TUMOR,NON_TUMOR,0.97988,0.014382,0.005738,P9,g5-logo-laststage-finetune-seed42::fold_P9
P9-B7-7568-14821,P9,NON_TUMOR,NON_TUMOR,0.785635,0.112591,0.101774,P9,g5-logo-laststage-finetune-seed42::fold_P9
P9-B7-8325-33733,P9,NON_TUMOR,NON_TUMOR,0.984008,0.004526,0.011466,P9,g5-logo-laststage-finetune-seed42::fold_P9
